date,total_headlines,oil_headlines,market_price_headlines,supply_geopolitics_headlines,consumer_fuel_headlines,oil_share,oil_share_per_1000,market_price_share,market_price_share_per_1000,supply_geopolitics_share,supply_geopolitics_share_per_1000,consumer_fuel_share,consumer_fuel_share_per_1000
2003-02-19,198,0,0,0,0,0.0,0.0,0.0,0.0,0.0,0.0,0.0,0.0
2003-02-20,250,2,1,0,1,0.008,8.0,0.004,4.0,0.0,0.0,0.004,4.0
2003-02-21,250,3,0,0,3,0.012,12.0,0.0,0.0,0.0,0.0,0.012,12.0
2003-02-22,126,2,1,0,1,0.015873015873015872,15.873015873015872,0.007936507936507936,7.936507936507936,0.0,0.0,0.007936507936507936,7.936507936507936
2003-02-23,136,1,0,1,0,0.007352941176470588,7.352941176470588,0.0,0.0,0.007352941176470588,7.352941176470588,0.0,0.0
2003-02-24,250,0,0,0,0,0.0,0.0,0.0,0.0,0.0,0.0,0.0,0.0
2003-02-25,250,0,0,0,0,0.0,0.0,0.0,0.0,0.0,0.0,0.0,0.0
2003-02-26,250,4,0,1,3,0.016,16.0,0.0,0.0,0.004,4.0,0.012,12.0
2003-02-27,221,2,2,0,0,0.00904977375565611,9.04977375565611,0.00904977375565611,9.04977375565611,0.0,0.0,0.0,0.0
2003-02-28,249,3,2,0,1,0.012048192771084338,12.048192771084338,0.008032128514056224,8.032128514056224,0.0,0.0,0.004016064257028112,4.016064257028112
2003-03-01,176,0,0,0,0,0.0,0.0,0.0,0.0,0.0,0.0,0.0,0.0
2003-03-02,168,0,0,0,0,0.0,0.0,0.0,0.0,0.0,0.0,0.0,0.0
2003-03-03,232,1,0,0,1,0.004310344827586207,4.310344827586206,0.0,0.0,0.0,0.0,0.004310344827586207,4.310344827586206
2003-03-04,215,1,0,0,1,0.004651162790697674,4.651162790697675,0.0,0.0,0.0,0.0,0.004651162790697674,4.651162790697675
2003-03-05,239,0,0,0,0,0.0,0.0,0.0,0.0,0.0,0.0,0.0,0.0
2003-03-06,214,1,0,1,0,0.004672897196261682,4.672897196261682,0.0,0.0,0.004672897196261682,4.672897196261682,0.0,0.0
2003-03-07,209,0,0,0,0,0.0,0.0,0.0,0.0,0.0,0.0,0.0,0.0
2003-03-08,124,1,0,1,0,0.008064516129032258,8.064516129032258,0.0,0.0,0.008064516129032258,8.064516129032258,0.0,0.0
2003-03-09,164,0,0,0,0,0.0,0.0,0.0,0.0,0.0,0.0,0.0,0.0
2003-03-10,217,0,0,0,0,0.0,0.0,0.0,0.0,0.0,0.0,0.0,0.0
2003-03-11,220,1,0,1,0,0.004545454545454545,4.545454545454545,0.0,0.0,0.004545454545454545,4.545454545454545,0.0,0.0
2003-03-12,226,0,0,0,0,0.0,0.0,0.0,0.0,0.0,0.0,0.0,0.0
2003-03-13,224,0,0,0,0,0.0,0.0,0.0,0.0,0.0,0.0,0.0,0.0
2003-03-14,229,1,0,0,1,0.004366812227074236,4.366812227074235,0.0,0.0,0.0,0.0,0.004366812227074236,4.366812227074235
2003-03-15,134,0,0,0,0,0.0,0.0,0.0,0.0,0.0,0.0,0.0,0.0
2003-03-16,119,0,0,0,0,0.0,0.0,0.0,0.0,0.0,0.0,0.0,0.0
2003-03-17,226,0,0,0,0,0.0,0.0,0.0,0.0,0.0,0.0,0.0,0.0
2003-03-18,226,0,0,0,0,0.0,0.0,0.0,0.0,0.0,0.0,0.0,0.0
2003-03-19,225,2,1,0,1,0.008888888888888889,8.88888888888889,0.0044444444444444444,4.444444444444445,0.0,0.0,0.0044444444444444444,4.444444444444445
2003-03-20,219,4,0,3,1,0.0182648401826484,18.2648401826484,0.0,0.0,0.0136986301369863,13.698630136986301,0.0045662100456621,4.5662100456621
2003-03-21,215,2,1,2,0,0.009302325581395349,9.30232558139535,0.004651162790697674,4.651162790697675,0.009302325581395349,9.30232558139535,0.0,0.0
2003-03-22,196,2,1,1,0,0.01020408163265306,10.204081632653061,0.00510204081632653,5.1020408163265305,0.00510204081632653,5.1020408163265305,0.0,0.0
2003-03-23,202,4,0,3,1,0.019801980198019802,19.801980198019802,0.0,0.0,0.01485148514851485,14.85148514851485,0.0049504950495049506,4.9504950495049505
2003-03-24,233,4,1,4,0,0.017167381974248927,17.167381974248926,0.004291845493562232,4.291845493562231,0.017167381974248927,17.167381974248926,0.0,0.0
2003-03-25,234,2,0,1,1,0.008547008547008548,8.547008547008549,0.0,0.0,0.004273504273504274,4.273504273504274,0.004273504273504274,4.273504273504274
2003-03-26,224,0,0,0,0,0.0,0.0,0.0,0.0,0.0,0.0,0.0,0.0
2003-03-27,228,0,0,0,0,0.0,0.0,0.0,0.0,0.0,0.0,0.0,0.0
2003-03-28,223,4,0,3,1,0.017937219730941704,17.937219730941703,0.0,0.0,0.013452914798206279,13.45291479820628,0.004484304932735426,4.484304932735426
2003-03-29,195,1,0,0,1,0.005128205128205128,5.128205128205129,0.0,0.0,0.0,0.0,0.005128205128205128,5.128205128205129
2003-03-30,220,3,0,3,0,0.013636363636363636,13.636363636363635,0.0,0.0,0.013636363636363636,13.636363636363635,0.0,0.0
2003-03-31,234,3,0,2,1,0.01282051282051282,12.82051282051282,0.0,0.0,0.008547008547008548,8.547008547008549,0.004273504273504274,4.273504273504274
2003-04-01,215,0,0,0,0,0.0,0.0,0.0,0.0,0.0,0.0,0.0,0.0
2003-04-02,226,1,0,0,1,0.004424778761061947,4.424778761061947,0.0,0.0,0.0,0.0,0.004424778761061947,4.424778761061947
2003-04-03,219,0,0,0,0,0.0,0.0,0.0,0.0,0.0,0.0,0.0,0.0
2003-04-04,207,0,0,0,0,0.0,0.0,0.0,0.0,0.0,0.0,0.0,0.0
2003-04-05,177,0,0,0,0,0.0,0.0,0.0,0.0,0.0,0.0,0.0,0.0
2003-04-06,153,0,0,0,0,0.0,0.0,0.0,0.0,0.0,0.0,0.0,0.0
2003-04-07,216,1,0,1,0,0.004629629629629629,4.62962962962963,0.0,0.0,0.004629629629629629,4.62962962962963,0.0,0.0
2003-04-08,212,1,0,1,0,0.0047169811320754715,4.716981132075471,0.0,0.0,0.0047169811320754715,4.716981132075471,0.0,0.0
2003-04-09,219,0,0,0,0,0.0,0.0,0.0,0.0,0.0,0.0,0.0,0.0
2003-04-10,215,0,0,0,0,0.0,0.0,0.0,0.0,0.0,0.0,0.0,0.0
2003-04-11,202,0,0,0,0,0.0,0.0,0.0,0.0,0.0,0.0,0.0,0.0
2003-04-12,155,1,0,1,0,0.0064516129032258064,6.451612903225806,0.0,0.0,0.0064516129032258064,6.451612903225806,0.0,0.0
2003-04-13,171,0,0,0,0,0.0,0.0,0.0,0.0,0.0,0.0,0.0,0.0
2003-04-14,210,0,0,0,0,0.0,0.0,0.0,0.0,0.0,0.0,0.0,0.0
2003-04-15,234,1,0,1,0,0.004273504273504274,4.273504273504274,0.0,0.0,0.004273504273504274,4.273504273504274,0.0,0.0
2003-04-16,221,1,0,1,0,0.004524886877828055,4.524886877828055,0.0,0.0,0.004524886877828055,4.524886877828055,0.0,0.0
2003-04-17,237,0,0,0,0,0.0,0.0,0.0,0.0,0.0,0.0,0.0,0.0
2003-04-18,195,1,0,0,1,0.005128205128205128,5.128205128205129,0.0,0.0,0.0,0.0,0.005128205128205128,5.128205128205129
2003-04-19,195,0,0,0,0,0.0,0.0,0.0,0.0,0.0,0.0,0.0,0.0
2003-04-20,184,0,0,0,0,0.0,0.0,0.0,0.0,0.0,0.0,0.0,0.0
2003-04-21,210,1,0,1,0,0.004761904761904762,4.761904761904763,0.0,0.0,0.004761904761904762,4.761904761904763,0.0,0.0
2003-04-22,220,0,0,0,0,0.0,0.0,0.0,0.0,0.0,0.0,0.0,0.0
2003-04-23,214,0,0,0,0,0.0,0.0,0.0,0.0,0.0,0.0,0.0,0.0
2003-04-24,221,1,1,0,0,0.004524886877828055,4.524886877828055,0.004524886877828055,4.524886877828055,0.0,0.0,0.0,0.0
2003-04-25,226,1,1,1,0,0.004424778761061947,4.424778761061947,0.004424778761061947,4.424778761061947,0.004424778761061947,4.424778761061947,0.0,0.0
2003-04-26,152,0,0,0,0,0.0,0.0,0.0,0.0,0.0,0.0,0.0,0.0
2003-04-27,153,0,0,0,0,0.0,0.0,0.0,0.0,0.0,0.0,0.0,0.0
2003-04-28,218,0,0,0,0,0.0,0.0,0.0,0.0,0.0,0.0,0.0,0.0
2003-04-29,213,0,0,0,0,0.0,0.0,0.0,0.0,0.0,0.0,0.0,0.0
2003-04-30,211,0,0,0,0,0.0,0.0,0.0,0.0,0.0,0.0,0.0,0.0
2003-05-01,221,0,0,0,0,0.0,0.0,0.0,0.0,0.0,0.0,0.0,0.0
2003-05-02,216,0,0,0,0,0.0,0.0,0.0,0.0,0.0,0.0,0.0,0.0
2003-05-03,132,0,0,0,0,0.0,0.0,0.0,0.0,0.0,0.0,0.0,0.0
2003-05-04,146,0,0,0,0,0.0,0.0,0.0,0.0,0.0,0.0,0.0,0.0
2003-05-05,231,0,0,0,0,0.0,0.0,0.0,0.0,0.0,0.0,0.0,0.0
2003-05-06,232,2,0,1,1,0.008620689655172414,8.620689655172413,0.0,0.0,0.004310344827586207,4.310344827586206,0.004310344827586207,4.310344827586206
2003-05-07,222,0,0,0,0,0.0,0.0,0.0,0.0,0.0,0.0,0.0,0.0
2003-05-08,238,1,0,0,1,0.004201680672268907,4.201680672268908,0.0,0.0,0.0,0.0,0.004201680672268907,4.201680672268908
2003-05-09,230,0,0,0,0,0.0,0.0,0.0,0.0,0.0,0.0,0.0,0.0
2003-05-10,115,1,0,1,0,0.008695652173913044,8.695652173913043,0.0,0.0,0.008695652173913044,8.695652173913043,0.0,0.0
2003-05-11,156,0,0,0,0,0.0,0.0,0.0,0.0,0.0,0.0,0.0,0.0
2003-05-12,221,0,0,0,0,0.0,0.0,0.0,0.0,0.0,0.0,0.0,0.0
2003-05-13,212,0,0,0,0,0.0,0.0,0.0,0.0,0.0,0.0,0.0,0.0
2003-05-14,222,0,0,0,0,0.0,0.0,0.0,0.0,0.0,0.0,0.0,0.0
2003-05-15,233,0,0,0,0,0.0,0.0,0.0,0.0,0.0,0.0,0.0,0.0
2003-05-16,220,1,0,0,1,0.004545454545454545,4.545454545454545,0.0,0.0,0.0,0.0,0.004545454545454545,4.545454545454545
2003-05-17,140,0,0,0,0,0.0,0.0,0.0,0.0,0.0,0.0,0.0,0.0
2003-05-18,136,0,0,0,0,0.0,0.0,0.0,0.0,0.0,0.0,0.0,0.0
2003-05-19,238,0,0,0,0,0.0,0.0,0.0,0.0,0.0,0.0,0.0,0.0
2003-05-20,243,0,0,0,0,0.0,0.0,0.0,0.0,0.0,0.0,0.0,0.0
2003-05-21,246,0,0,0,0,0.0,0.0,0.0,0.0,0.0,0.0,0.0,0.0
2003-05-22,245,2,0,1,1,0.00816326530612245,8.16326530612245,0.0,0.0,0.004081632653061225,4.081632653061225,0.004081632653061225,4.081632653061225
2003-05-23,245,1,0,0,1,0.004081632653061225,4.081632653061225,0.0,0.0,0.0,0.0,0.004081632653061225,4.081632653061225
2003-05-24,155,1,0,1,0,0.0064516129032258064,6.451612903225806,0.0,0.0,0.0064516129032258064,6.451612903225806,0.0,0.0
2003-05-25,145,1,0,1,0,0.006896551724137931,6.896551724137931,0.0,0.0,0.006896551724137931,6.896551724137931,0.0,0.0
2003-05-26,244,1,0,1,0,0.004098360655737705,4.0983606557377055,0.0,0.0,0.004098360655737705,4.0983606557377055,0.0,0.0
2003-05-27,238,0,0,0,0,0.0,0.0,0.0,0.0,0.0,0.0,0.0,0.0
2003-05-28,240,1,0,0,1,0.004166666666666667,4.166666666666667,0.0,0.0,0.0,0.0,0.004166666666666667,4.166666666666667
2003-05-29,238,1,0,0,1,0.004201680672268907,4.201680672268908,0.0,0.0,0.0,0.0,0.004201680672268907,4.201680672268908
2003-05-30,241,0,0,0,0,0.0,0.0,0.0,0.0,0.0,0.0,0.0,0.0
2003-05-31,158,0,0,0,0,0.0,0.0,0.0,0.0,0.0,0.0,0.0,0.0
2003-06-01,164,0,0,0,0,0.0,0.0,0.0,0.0,0.0,0.0,0.0,0.0
2003-06-02,240,0,0,0,0,0.0,0.0,0.0,0.0,0.0,0.0,0.0,0.0
2003-06-03,239,0,0,0,0,0.0,0.0,0.0,0.0,0.0,0.0,0.0,0.0
2003-06-04,241,0,0,0,0,0.0,0.0,0.0,0.0,0.0,0.0,0.0,0.0
2003-06-05,241,0,0,0,0,0.0,0.0,0.0,0.0,0.0,0.0,0.0,0.0
2003-06-06,240,1,0,0,1,0.004166666666666667,4.166666666666667,0.0,0.0,0.0,0.0,0.004166666666666667,4.166666666666667
2003-06-07,156,0,0,0,0,0.0,0.0,0.0,0.0,0.0,0.0,0.0,0.0
2003-06-08,166,0,0,0,0,0.0,0.0,0.0,0.0,0.0,0.0,0.0,0.0
2003-06-09,234,0,0,0,0,0.0,0.0,0.0,0.0,0.0,0.0,0.0,0.0
2003-06-10,235,0,0,0,0,0.0,0.0,0.0,0.0,0.0,0.0,0.0,0.0
2003-06-11,241,1,0,1,0,0.004149377593360996,4.149377593360996,0.0,0.0,0.004149377593360996,4.149377593360996,0.0,0.0
2003-06-12,237,1,0,0,1,0.004219409282700422,4.219409282700422,0.0,0.0,0.0,0.0,0.004219409282700422,4.219409282700422
2003-06-13,241,1,0,1,0,0.004149377593360996,4.149377593360996,0.0,0.0,0.004149377593360996,4.149377593360996,0.0,0.0
2003-06-14,131,1,0,1,0,0.007633587786259542,7.633587786259541,0.0,0.0,0.007633587786259542,7.633587786259541,0.0,0.0
2003-06-15,120,0,0,0,0,0.0,0.0,0.0,0.0,0.0,0.0,0.0,0.0
2003-06-16,240,0,0,0,0,0.0,0.0,0.0,0.0,0.0,0.0,0.0,0.0
2003-06-17,243,0,0,0,0,0.0,0.0,0.0,0.0,0.0,0.0,0.0,0.0
2003-06-18,237,1,0,1,0,0.004219409282700422,4.219409282700422,0.0,0.0,0.004219409282700422,4.219409282700422,0.0,0.0
2003-06-19,239,1,0,1,0,0.0041841004184100415,4.184100418410042,0.0,0.0,0.0041841004184100415,4.184100418410042,0.0,0.0
2003-06-20,245,0,0,0,0,0.0,0.0,0.0,0.0,0.0,0.0,0.0,0.0
2003-06-21,167,1,0,1,0,0.005988023952095809,5.9880239520958085,0.0,0.0,0.005988023952095809,5.9880239520958085,0.0,0.0
2003-06-22,158,3,0,3,0,0.0189873417721519,18.9873417721519,0.0,0.0,0.0189873417721519,18.9873417721519,0.0,0.0
2003-06-23,236,0,0,0,0,0.0,0.0,0.0,0.0,0.0,0.0,0.0,0.0
2003-06-24,246,0,0,0,0,0.0,0.0,0.0,0.0,0.0,0.0,0.0,0.0
2003-06-25,243,0,0,0,0,0.0,0.0,0.0,0.0,0.0,0.0,0.0,0.0
2003-06-26,239,1,0,1,0,0.0041841004184100415,4.184100418410042,0.0,0.0,0.0041841004184100415,4.184100418410042,0.0,0.0
2003-06-27,243,0,0,0,0,0.0,0.0,0.0,0.0,0.0,0.0,0.0,0.0
2003-06-28,138,1,0,0,1,0.007246376811594203,7.246376811594203,0.0,0.0,0.0,0.0,0.007246376811594203,7.246376811594203
2003-06-29,136,0,0,0,0,0.0,0.0,0.0,0.0,0.0,0.0,0.0,0.0
2003-06-30,210,0,0,0,0,0.0,0.0,0.0,0.0,0.0,0.0,0.0,0.0
2003-07-01,229,1,0,0,1,0.004366812227074236,4.366812227074235,0.0,0.0,0.0,0.0,0.004366812227074236,4.366812227074235
2003-07-02,215,1,0,0,1,0.004651162790697674,4.651162790697675,0.0,0.0,0.0,0.0,0.004651162790697674,4.651162790697675
2003-07-03,196,0,0,0,0,0.0,0.0,0.0,0.0,0.0,0.0,0.0,0.0
2003-07-04,238,1,0,0,1,0.004201680672268907,4.201680672268908,0.0,0.0,0.0,0.0,0.004201680672268907,4.201680672268908
2003-07-05,127,0,0,0,0,0.0,0.0,0.0,0.0,0.0,0.0,0.0,0.0
2003-07-06,127,0,0,0,0,0.0,0.0,0.0,0.0,0.0,0.0,0.0,0.0
2003-07-07,233,0,0,0,0,0.0,0.0,0.0,0.0,0.0,0.0,0.0,0.0
2003-07-08,238,1,0,1,0,0.004201680672268907,4.201680672268908,0.0,0.0,0.004201680672268907,4.201680672268908,0.0,0.0
2003-07-09,236,0,0,0,0,0.0,0.0,0.0,0.0,0.0,0.0,0.0,0.0
2003-07-10,242,1,0,0,1,0.004132231404958678,4.132231404958678,0.0,0.0,0.0,0.0,0.004132231404958678,4.132231404958678
2003-07-11,233,0,0,0,0,0.0,0.0,0.0,0.0,0.0,0.0,0.0,0.0
2003-07-12,149,0,0,0,0,0.0,0.0,0.0,0.0,0.0,0.0,0.0,0.0
2003-07-13,156,0,0,0,0,0.0,0.0,0.0,0.0,0.0,0.0,0.0,0.0
2003-07-14,231,1,0,1,0,0.004329004329004329,4.329004329004329,0.0,0.0,0.004329004329004329,4.329004329004329,0.0,0.0
2003-07-15,236,0,0,0,0,0.0,0.0,0.0,0.0,0.0,0.0,0.0,0.0
2003-07-16,242,0,0,0,0,0.0,0.0,0.0,0.0,0.0,0.0,0.0,0.0
2003-07-17,240,0,0,0,0,0.0,0.0,0.0,0.0,0.0,0.0,0.0,0.0
2003-07-18,242,1,0,1,0,0.004132231404958678,4.132231404958678,0.0,0.0,0.004132231404958678,4.132231404958678,0.0,0.0
2003-07-19,122,1,0,1,0,0.00819672131147541,8.196721311475411,0.0,0.0,0.00819672131147541,8.196721311475411,0.0,0.0
2003-07-20,118,0,0,0,0,0.0,0.0,0.0,0.0,0.0,0.0,0.0,0.0
2003-07-21,240,1,0,0,1,0.004166666666666667,4.166666666666667,0.0,0.0,0.0,0.0,0.004166666666666667,4.166666666666667
2003-07-22,239,0,0,0,0,0.0,0.0,0.0,0.0,0.0,0.0,0.0,0.0
2003-07-23,242,1,0,1,0,0.004132231404958678,4.132231404958678,0.0,0.0,0.004132231404958678,4.132231404958678,0.0,0.0
2003-07-24,244,0,0,0,0,0.0,0.0,0.0,0.0,0.0,0.0,0.0,0.0
2003-07-25,241,0,0,0,0,0.0,0.0,0.0,0.0,0.0,0.0,0.0,0.0
2003-07-26,159,0,0,0,0,0.0,0.0,0.0,0.0,0.0,0.0,0.0,0.0
2003-07-27,152,0,0,0,0,0.0,0.0,0.0,0.0,0.0,0.0,0.0,0.0
2003-07-28,227,0,0,0,0,0.0,0.0,0.0,0.0,0.0,0.0,0.0,0.0
2003-07-29,239,0,0,0,0,0.0,0.0,0.0,0.0,0.0,0.0,0.0,0.0
2003-07-30,227,0,0,0,0,0.0,0.0,0.0,0.0,0.0,0.0,0.0,0.0
2003-07-31,245,0,0,0,0,0.0,0.0,0.0,0.0,0.0,0.0,0.0,0.0
2003-08-01,241,1,0,1,0,0.004149377593360996,4.149377593360996,0.0,0.0,0.004149377593360996,4.149377593360996,0.0,0.0
2003-08-02,122,0,0,0,0,0.0,0.0,0.0,0.0,0.0,0.0,0.0,0.0
2003-08-03,128,0,0,0,0,0.0,0.0,0.0,0.0,0.0,0.0,0.0,0.0
2003-08-04,244,0,0,0,0,0.0,0.0,0.0,0.0,0.0,0.0,0.0,0.0
2003-08-05,244,0,0,0,0,0.0,0.0,0.0,0.0,0.0,0.0,0.0,0.0
2003-08-06,246,0,0,0,0,0.0,0.0,0.0,0.0,0.0,0.0,0.0,0.0
2003-08-07,239,1,0,0,1,0.0041841004184100415,4.184100418410042,0.0,0.0,0.0,0.0,0.0041841004184100415,4.184100418410042
2003-08-08,231,0,0,0,0,0.0,0.0,0.0,0.0,0.0,0.0,0.0,0.0
2003-08-09,125,1,1,0,0,0.008,8.0,0.008,8.0,0.0,0.0,0.0,0.0
2003-08-10,124,1,0,1,0,0.008064516129032258,8.064516129032258,0.0,0.0,0.008064516129032258,8.064516129032258,0.0,0.0
2003-08-11,236,0,0,0,0,0.0,0.0,0.0,0.0,0.0,0.0,0.0,0.0
2003-08-12,245,0,0,0,0,0.0,0.0,0.0,0.0,0.0,0.0,0.0,0.0
2003-08-13,242,0,0,0,0,0.0,0.0,0.0,0.0,0.0,0.0,0.0,0.0
2003-08-14,219,0,0,0,0,0.0,0.0,0.0,0.0,0.0,0.0,0.0,0.0
2003-08-15,244,0,0,0,0,0.0,0.0,0.0,0.0,0.0,0.0,0.0,0.0
2003-08-16,132,1,0,1,0,0.007575757575757576,7.575757575757576,0.0,0.0,0.007575757575757576,7.575757575757576,0.0,0.0
2003-08-17,111,2,0,2,0,0.018018018018018018,18.01801801801802,0.0,0.0,0.018018018018018018,18.01801801801802,0.0,0.0
2003-08-18,240,0,0,0,0,0.0,0.0,0.0,0.0,0.0,0.0,0.0,0.0
2003-08-19,245,1,0,1,0,0.004081632653061225,4.081632653061225,0.0,0.0,0.004081632653061225,4.081632653061225,0.0,0.0
2003-08-20,233,1,0,0,1,0.004291845493562232,4.291845493562231,0.0,0.0,0.0,0.0,0.004291845493562232,4.291845493562231
2003-08-21,226,1,1,0,0,0.004424778761061947,4.424778761061947,0.004424778761061947,4.424778761061947,0.0,0.0,0.0,0.0
2003-08-22,206,0,0,0,0,0.0,0.0,0.0,0.0,0.0,0.0,0.0,0.0
2003-08-23,133,0,0,0,0,0.0,0.0,0.0,0.0,0.0,0.0,0.0,0.0
2003-08-24,112,0,0,0,0,0.0,0.0,0.0,0.0,0.0,0.0,0.0,0.0
2003-08-25,222,1,0,1,0,0.0045045045045045045,4.504504504504505,0.0,0.0,0.0045045045045045045,4.504504504504505,0.0,0.0
2003-08-26,225,1,0,1,0,0.0044444444444444444,4.444444444444445,0.0,0.0,0.0044444444444444444,4.444444444444445,0.0,0.0
2003-08-27,206,0,0,0,0,0.0,0.0,0.0,0.0,0.0,0.0,0.0,0.0
2003-08-28,215,0,0,0,0,0.0,0.0,0.0,0.0,0.0,0.0,0.0,0.0
2003-08-29,208,0,0,0,0,0.0,0.0,0.0,0.0,0.0,0.0,0.0,0.0
2003-08-30,144,0,0,0,0,0.0,0.0,0.0,0.0,0.0,0.0,0.0,0.0
2003-08-31,140,0,0,0,0,0.0,0.0,0.0,0.0,0.0,0.0,0.0,0.0
2003-09-01,235,0,0,0,0,0.0,0.0,0.0,0.0,0.0,0.0,0.0,0.0
2003-09-02,226,0,0,0,0,0.0,0.0,0.0,0.0,0.0,0.0,0.0,0.0
2003-09-03,216,0,0,0,0,0.0,0.0,0.0,0.0,0.0,0.0,0.0,0.0
2003-09-04,225,0,0,0,0,0.0,0.0,0.0,0.0,0.0,0.0,0.0,0.0
2003-09-05,222,0,0,0,0,0.0,0.0,0.0,0.0,0.0,0.0,0.0,0.0
2003-09-06,106,0,0,0,0,0.0,0.0,0.0,0.0,0.0,0.0,0.0,0.0
2003-09-07,98,0,0,0,0,0.0,0.0,0.0,0.0,0.0,0.0,0.0,0.0
2003-09-08,236,0,0,0,0,0.0,0.0,0.0,0.0,0.0,0.0,0.0,0.0
2003-09-09,244,0,0,0,0,0.0,0.0,0.0,0.0,0.0,0.0,0.0,0.0
2003-09-10,220,0,0,0,0,0.0,0.0,0.0,0.0,0.0,0.0,0.0,0.0
2003-09-11,218,0,0,0,0,0.0,0.0,0.0,0.0,0.0,0.0,0.0,0.0
2003-09-12,229,0,0,0,0,0.0,0.0,0.0,0.0,0.0,0.0,0.0,0.0
2003-09-13,114,0,0,0,0,0.0,0.0,0.0,0.0,0.0,0.0,0.0,0.0
2003-09-14,106,0,0,0,0,0.0,0.0,0.0,0.0,0.0,0.0,0.0,0.0
2003-09-15,216,1,0,1,0,0.004629629629629629,4.62962962962963,0.0,0.0,0.004629629629629629,4.62962962962963,0.0,0.0
2003-09-16,200,1,0,1,0,0.005,5.0,0.0,0.0,0.005,5.0,0.0,0.0
2003-09-17,235,1,0,1,0,0.00425531914893617,4.25531914893617,0.0,0.0,0.00425531914893617,4.25531914893617,0.0,0.0
2003-09-18,232,0,0,0,0,0.0,0.0,0.0,0.0,0.0,0.0,0.0,0.0
2003-09-19,226,1,0,0,1,0.004424778761061947,4.424778761061947,0.0,0.0,0.0,0.0,0.004424778761061947,4.424778761061947
2003-09-20,121,0,0,0,0,0.0,0.0,0.0,0.0,0.0,0.0,0.0,0.0
2003-09-21,123,0,0,0,0,0.0,0.0,0.0,0.0,0.0,0.0,0.0,0.0
2003-09-22,208,0,0,0,0,0.0,0.0,0.0,0.0,0.0,0.0,0.0,0.0
2003-09-23,227,0,0,0,0,0.0,0.0,0.0,0.0,0.0,0.0,0.0,0.0
2003-09-24,223,1,1,1,0,0.004484304932735426,4.484304932735426,0.004484304932735426,4.484304932735426,0.004484304932735426,4.484304932735426,0.0,0.0
2003-09-25,228,3,1,3,0,0.013157894736842105,13.157894736842104,0.0043859649122807015,4.385964912280701,0.013157894736842105,13.157894736842104,0.0,0.0
2003-09-26,201,5,1,5,0,0.024875621890547265,24.875621890547265,0.004975124378109453,4.975124378109452,0.024875621890547265,24.875621890547265,0.0,0.0
2003-09-27,152,0,0,0,0,0.0,0.0,0.0,0.0,0.0,0.0,0.0,0.0
2003-09-28,128,1,0,1,1,0.0078125,7.8125,0.0,0.0,0.0078125,7.8125,0.0078125,7.8125
2003-09-29,199,0,0,0,0,0.0,0.0,0.0,0.0,0.0,0.0,0.0,0.0
2003-09-30,226,2,0,2,0,0.008849557522123894,8.849557522123893,0.0,0.0,0.008849557522123894,8.849557522123893,0.0,0.0
2003-10-01,248,0,0,0,0,0.0,0.0,0.0,0.0,0.0,0.0,0.0,0.0
2003-10-02,230,0,0,0,0,0.0,0.0,0.0,0.0,0.0,0.0,0.0,0.0
2003-10-03,237,0,0,0,0,0.0,0.0,0.0,0.0,0.0,0.0,0.0,0.0
2003-10-04,135,0,0,0,0,0.0,0.0,0.0,0.0,0.0,0.0,0.0,0.0
2003-10-05,121,1,0,1,0,0.008264462809917356,8.264462809917356,0.0,0.0,0.008264462809917356,8.264462809917356,0.0,0.0
2003-10-06,211,1,0,0,1,0.004739336492890996,4.739336492890995,0.0,0.0,0.0,0.0,0.004739336492890996,4.739336492890995
2003-10-07,248,0,0,0,0,0.0,0.0,0.0,0.0,0.0,0.0,0.0,0.0
2003-10-08,241,0,0,0,0,0.0,0.0,0.0,0.0,0.0,0.0,0.0,0.0
2003-10-09,242,0,0,0,0,0.0,0.0,0.0,0.0,0.0,0.0,0.0,0.0
2003-10-10,234,1,0,1,0,0.004273504273504274,4.273504273504274,0.0,0.0,0.004273504273504274,4.273504273504274,0.0,0.0
2003-10-11,149,0,0,0,0,0.0,0.0,0.0,0.0,0.0,0.0,0.0,0.0
2003-10-12,148,0,0,0,0,0.0,0.0,0.0,0.0,0.0,0.0,0.0,0.0
2003-10-13,212,0,0,0,0,0.0,0.0,0.0,0.0,0.0,0.0,0.0,0.0
2003-10-14,238,0,0,0,0,0.0,0.0,0.0,0.0,0.0,0.0,0.0,0.0
2003-10-15,245,0,0,0,0,0.0,0.0,0.0,0.0,0.0,0.0,0.0,0.0
2003-10-16,245,0,0,0,0,0.0,0.0,0.0,0.0,0.0,0.0,0.0,0.0
2003-10-17,247,2,0,2,0,0.008097165991902834,8.097165991902834,0.0,0.0,0.008097165991902834,8.097165991902834,0.0,0.0
2003-10-18,127,0,0,0,0,0.0,0.0,0.0,0.0,0.0,0.0,0.0,0.0
2003-10-19,107,0,0,0,0,0.0,0.0,0.0,0.0,0.0,0.0,0.0,0.0
2003-10-20,245,0,0,0,0,0.0,0.0,0.0,0.0,0.0,0.0,0.0,0.0
2003-10-21,245,0,0,0,0,0.0,0.0,0.0,0.0,0.0,0.0,0.0,0.0
2003-10-22,246,0,0,0,0,0.0,0.0,0.0,0.0,0.0,0.0,0.0,0.0
2003-10-23,241,0,0,0,0,0.0,0.0,0.0,0.0,0.0,0.0,0.0,0.0
2003-10-24,242,0,0,0,0,0.0,0.0,0.0,0.0,0.0,0.0,0.0,0.0
2003-10-25,154,0,0,0,0,0.0,0.0,0.0,0.0,0.0,0.0,0.0,0.0
2003-10-26,146,0,0,0,0,0.0,0.0,0.0,0.0,0.0,0.0,0.0,0.0
2003-10-27,244,0,0,0,0,0.0,0.0,0.0,0.0,0.0,0.0,0.0,0.0
2003-10-28,246,0,0,0,0,0.0,0.0,0.0,0.0,0.0,0.0,0.0,0.0
2003-10-29,246,1,0,1,0,0.0040650406504065045,4.065040650406504,0.0,0.0,0.0040650406504065045,4.065040650406504,0.0,0.0
2003-10-30,245,0,0,0,0,0.0,0.0,0.0,0.0,0.0,0.0,0.0,0.0
2003-10-31,233,0,0,0,0,0.0,0.0,0.0,0.0,0.0,0.0,0.0,0.0
2003-11-01,109,1,1,0,0,0.009174311926605505,9.174311926605505,0.009174311926605505,9.174311926605505,0.0,0.0,0.0,0.0
2003-11-02,122,0,0,0,0,0.0,0.0,0.0,0.0,0.0,0.0,0.0,0.0
2003-11-03,242,1,0,1,0,0.004132231404958678,4.132231404958678,0.0,0.0,0.004132231404958678,4.132231404958678,0.0,0.0
2003-11-04,151,1,0,1,0,0.006622516556291391,6.622516556291391,0.0,0.0,0.006622516556291391,6.622516556291391,0.0,0.0
2003-11-05,160,0,0,0,0,0.0,0.0,0.0,0.0,0.0,0.0,0.0,0.0
2003-11-06,228,0,0,0,0,0.0,0.0,0.0,0.0,0.0,0.0,0.0,0.0
2003-11-07,235,0,0,0,0,0.0,0.0,0.0,0.0,0.0,0.0,0.0,0.0
2003-11-08,140,0,0,0,0,0.0,0.0,0.0,0.0,0.0,0.0,0.0,0.0
2003-11-09,126,0,0,0,0,0.0,0.0,0.0,0.0,0.0,0.0,0.0,0.0
2003-11-10,222,0,0,0,0,0.0,0.0,0.0,0.0,0.0,0.0,0.0,0.0
2003-11-11,196,0,0,0,0,0.0,0.0,0.0,0.0,0.0,0.0,0.0,0.0
2003-11-12,229,0,0,0,0,0.0,0.0,0.0,0.0,0.0,0.0,0.0,0.0
2003-11-13,241,0,0,0,0,0.0,0.0,0.0,0.0,0.0,0.0,0.0,0.0
2003-11-14,240,0,0,0,0,0.0,0.0,0.0,0.0,0.0,0.0,0.0,0.0
2003-11-15,129,0,0,0,0,0.0,0.0,0.0,0.0,0.0,0.0,0.0,0.0
2003-11-16,121,0,0,0,0,0.0,0.0,0.0,0.0,0.0,0.0,0.0,0.0
2003-11-17,231,1,0,0,1,0.004329004329004329,4.329004329004329,0.0,0.0,0.0,0.0,0.004329004329004329,4.329004329004329
2003-11-18,221,1,0,1,0,0.004524886877828055,4.524886877828055,0.0,0.0,0.004524886877828055,4.524886877828055,0.0,0.0
2003-11-19,195,1,1,0,0,0.005128205128205128,5.128205128205129,0.005128205128205128,5.128205128205129,0.0,0.0,0.0,0.0
2003-11-20,247,0,0,0,0,0.0,0.0,0.0,0.0,0.0,0.0,0.0,0.0
2003-11-21,244,1,0,0,1,0.004098360655737705,4.0983606557377055,0.0,0.0,0.0,0.0,0.004098360655737705,4.0983606557377055
2003-11-22,126,0,0,0,0,0.0,0.0,0.0,0.0,0.0,0.0,0.0,0.0
2003-11-23,141,1,0,1,0,0.0070921985815602835,7.092198581560283,0.0,0.0,0.0070921985815602835,7.092198581560283,0.0,0.0
2003-11-24,214,0,0,0,0,0.0,0.0,0.0,0.0,0.0,0.0,0.0,0.0
2003-11-25,240,0,0,0,0,0.0,0.0,0.0,0.0,0.0,0.0,0.0,0.0
2003-11-26,244,0,0,0,0,0.0,0.0,0.0,0.0,0.0,0.0,0.0,0.0
2003-11-27,239,0,0,0,0,0.0,0.0,0.0,0.0,0.0,0.0,0.0,0.0
2003-11-28,227,0,0,0,0,0.0,0.0,0.0,0.0,0.0,0.0,0.0,0.0
2003-11-29,123,0,0,0,0,0.0,0.0,0.0,0.0,0.0,0.0,0.0,0.0
2003-11-30,128,0,0,0,0,0.0,0.0,0.0,0.0,0.0,0.0,0.0,0.0
2003-12-01,246,0,0,0,0,0.0,0.0,0.0,0.0,0.0,0.0,0.0,0.0
2003-12-02,240,1,0,1,0,0.004166666666666667,4.166666666666667,0.0,0.0,0.004166666666666667,4.166666666666667,0.0,0.0
2003-12-03,240,0,0,0,0,0.0,0.0,0.0,0.0,0.0,0.0,0.0,0.0
2003-12-04,248,0,0,0,0,0.0,0.0,0.0,0.0,0.0,0.0,0.0,0.0
2003-12-05,246,1,0,1,0,0.0040650406504065045,4.065040650406504,0.0,0.0,0.0040650406504065045,4.065040650406504,0.0,0.0
2003-12-06,134,1,0,1,0,0.007462686567164179,7.462686567164179,0.0,0.0,0.007462686567164179,7.462686567164179,0.0,0.0
2003-12-07,129,0,0,0,0,0.0,0.0,0.0,0.0,0.0,0.0,0.0,0.0
2003-12-08,242,1,0,1,0,0.004132231404958678,4.132231404958678,0.0,0.0,0.004132231404958678,4.132231404958678,0.0,0.0
2003-12-09,238,1,0,0,1,0.004201680672268907,4.201680672268908,0.0,0.0,0.0,0.0,0.004201680672268907,4.201680672268908
2003-12-10,245,0,0,0,0,0.0,0.0,0.0,0.0,0.0,0.0,0.0,0.0
2003-12-11,244,0,0,0,0,0.0,0.0,0.0,0.0,0.0,0.0,0.0,0.0
2003-12-12,243,1,0,1,0,0.00411522633744856,4.11522633744856,0.0,0.0,0.00411522633744856,4.11522633744856,0.0,0.0
2003-12-13,124,1,0,0,1,0.008064516129032258,8.064516129032258,0.0,0.0,0.0,0.0,0.008064516129032258,8.064516129032258
2003-12-14,112,0,0,0,0,0.0,0.0,0.0,0.0,0.0,0.0,0.0,0.0
2003-12-15,245,0,0,0,0,0.0,0.0,0.0,0.0,0.0,0.0,0.0,0.0
2003-12-16,243,2,0,0,2,0.00823045267489712,8.23045267489712,0.0,0.0,0.0,0.0,0.00823045267489712,8.23045267489712
2003-12-17,218,2,0,1,1,0.009174311926605505,9.174311926605505,0.0,0.0,0.0045871559633027525,4.587155963302752,0.0045871559633027525,4.587155963302752
2003-12-18,206,2,0,2,0,0.009708737864077669,9.70873786407767,0.0,0.0,0.009708737864077669,9.70873786407767,0.0,0.0
2003-12-19,193,0,0,0,0,0.0,0.0,0.0,0.0,0.0,0.0,0.0,0.0
2003-12-20,119,0,0,0,0,0.0,0.0,0.0,0.0,0.0,0.0,0.0,0.0
2003-12-21,118,0,0,0,0,0.0,0.0,0.0,0.0,0.0,0.0,0.0,0.0
2003-12-22,184,0,0,0,0,0.0,0.0,0.0,0.0,0.0,0.0,0.0,0.0
2003-12-23,168,2,0,2,0,0.011904761904761904,11.904761904761903,0.0,0.0,0.011904761904761904,11.904761904761903,0.0,0.0
2003-12-24,176,0,0,0,0,0.0,0.0,0.0,0.0,0.0,0.0,0.0,0.0
2003-12-25,97,0,0,0,0,0.0,0.0,0.0,0.0,0.0,0.0,0.0,0.0
2003-12-26,114,0,0,0,0,0.0,0.0,0.0,0.0,0.0,0.0,0.0,0.0
2003-12-27,137,0,0,0,0,0.0,0.0,0.0,0.0,0.0,0.0,0.0,0.0
2003-12-28,133,0,0,0,0,0.0,0.0,0.0,0.0,0.0,0.0,0.0,0.0
2003-12-29,135,0,0,0,0,0.0,0.0,0.0,0.0,0.0,0.0,0.0,0.0
2003-12-30,179,1,0,1,0,0.00558659217877095,5.58659217877095,0.0,0.0,0.00558659217877095,5.58659217877095,0.0,0.0
2003-12-31,183,0,0,0,0,0.0,0.0,0.0,0.0,0.0,0.0,0.0,0.0
2004-01-01,136,0,0,0,0,0.0,0.0,0.0,0.0,0.0,0.0,0.0,0.0
2004-01-02,165,1,0,1,0,0.006060606060606061,6.0606060606060606,0.0,0.0,0.006060606060606061,6.0606060606060606,0.0,0.0
2004-01-03,126,0,0,0,0,0.0,0.0,0.0,0.0,0.0,0.0,0.0,0.0
2004-01-04,122,0,0,0,0,0.0,0.0,0.0,0.0,0.0,0.0,0.0,0.0
2004-01-05,215,0,0,0,0,0.0,0.0,0.0,0.0,0.0,0.0,0.0,0.0
2004-01-06,220,0,0,0,0,0.0,0.0,0.0,0.0,0.0,0.0,0.0,0.0
2004-01-07,226,0,0,0,0,0.0,0.0,0.0,0.0,0.0,0.0,0.0,0.0
2004-01-08,217,0,0,0,0,0.0,0.0,0.0,0.0,0.0,0.0,0.0,0.0
2004-01-09,191,1,1,1,0,0.005235602094240838,5.235602094240838,0.005235602094240838,5.235602094240838,0.005235602094240838,5.235602094240838,0.0,0.0
2004-01-10,167,0,0,0,0,0.0,0.0,0.0,0.0,0.0,0.0,0.0,0.0
2004-01-11,163,0,0,0,0,0.0,0.0,0.0,0.0,0.0,0.0,0.0,0.0
2004-01-12,177,0,0,0,0,0.0,0.0,0.0,0.0,0.0,0.0,0.0,0.0
2004-01-13,207,1,0,1,0,0.004830917874396135,4.830917874396135,0.0,0.0,0.004830917874396135,4.830917874396135,0.0,0.0
2004-01-14,235,1,0,0,1,0.00425531914893617,4.25531914893617,0.0,0.0,0.0,0.0,0.00425531914893617,4.25531914893617
2004-01-15,206,0,0,0,0,0.0,0.0,0.0,0.0,0.0,0.0,0.0,0.0
2004-01-16,227,0,0,0,0,0.0,0.0,0.0,0.0,0.0,0.0,0.0,0.0
2004-01-17,117,0,0,0,0,0.0,0.0,0.0,0.0,0.0,0.0,0.0,0.0
2004-01-18,97,0,0,0,0,0.0,0.0,0.0,0.0,0.0,0.0,0.0,0.0
2004-01-19,167,0,0,0,0,0.0,0.0,0.0,0.0,0.0,0.0,0.0,0.0
2004-01-20,182,0,0,0,0,0.0,0.0,0.0,0.0,0.0,0.0,0.0,0.0
2004-01-21,219,1,0,1,0,0.0045662100456621,4.5662100456621,0.0,0.0,0.0045662100456621,4.5662100456621,0.0,0.0
2004-01-22,214,1,0,0,1,0.004672897196261682,4.672897196261682,0.0,0.0,0.0,0.0,0.004672897196261682,4.672897196261682
2004-01-23,224,0,0,0,0,0.0,0.0,0.0,0.0,0.0,0.0,0.0,0.0
2004-01-24,148,1,0,1,0,0.006756756756756757,6.756756756756757,0.0,0.0,0.006756756756756757,6.756756756756757,0.0,0.0
2004-01-25,129,0,0,0,0,0.0,0.0,0.0,0.0,0.0,0.0,0.0,0.0
2004-01-26,178,0,0,0,0,0.0,0.0,0.0,0.0,0.0,0.0,0.0,0.0
2004-01-27,230,0,0,0,0,0.0,0.0,0.0,0.0,0.0,0.0,0.0,0.0
2004-01-28,232,0,0,0,0,0.0,0.0,0.0,0.0,0.0,0.0,0.0,0.0
2004-01-29,246,0,0,0,0,0.0,0.0,0.0,0.0,0.0,0.0,0.0,0.0
2004-01-30,238,0,0,0,0,0.0,0.0,0.0,0.0,0.0,0.0,0.0,0.0
2004-01-31,144,1,0,1,0,0.006944444444444444,6.944444444444444,0.0,0.0,0.006944444444444444,6.944444444444444,0.0,0.0
2004-02-01,136,0,0,0,0,0.0,0.0,0.0,0.0,0.0,0.0,0.0,0.0
2004-02-02,209,1,0,0,1,0.004784688995215311,4.784688995215311,0.0,0.0,0.0,0.0,0.004784688995215311,4.784688995215311
2004-02-03,220,1,0,0,1,0.004545454545454545,4.545454545454545,0.0,0.0,0.0,0.0,0.004545454545454545,4.545454545454545
2004-02-04,199,0,0,0,0,0.0,0.0,0.0,0.0,0.0,0.0,0.0,0.0
2004-02-05,229,0,0,0,0,0.0,0.0,0.0,0.0,0.0,0.0,0.0,0.0
2004-02-06,238,0,0,0,0,0.0,0.0,0.0,0.0,0.0,0.0,0.0,0.0
2004-02-07,152,0,0,0,0,0.0,0.0,0.0,0.0,0.0,0.0,0.0,0.0
2004-02-08,120,0,0,0,0,0.0,0.0,0.0,0.0,0.0,0.0,0.0,0.0
2004-02-09,222,0,0,0,0,0.0,0.0,0.0,0.0,0.0,0.0,0.0,0.0
2004-02-10,226,0,0,0,0,0.0,0.0,0.0,0.0,0.0,0.0,0.0,0.0
2004-02-11,233,1,0,1,0,0.004291845493562232,4.291845493562231,0.0,0.0,0.004291845493562232,4.291845493562231,0.0,0.0
2004-02-12,244,0,0,0,0,0.0,0.0,0.0,0.0,0.0,0.0,0.0,0.0
2004-02-13,229,1,0,1,0,0.004366812227074236,4.366812227074235,0.0,0.0,0.004366812227074236,4.366812227074235,0.0,0.0
2004-02-14,126,1,0,1,0,0.007936507936507936,7.936507936507936,0.0,0.0,0.007936507936507936,7.936507936507936,0.0,0.0
2004-02-15,120,0,0,0,0,0.0,0.0,0.0,0.0,0.0,0.0,0.0,0.0
2004-02-16,235,0,0,0,0,0.0,0.0,0.0,0.0,0.0,0.0,0.0,0.0
2004-02-17,234,1,0,1,0,0.004273504273504274,4.273504273504274,0.0,0.0,0.004273504273504274,4.273504273504274,0.0,0.0
2004-02-18,235,0,0,0,0,0.0,0.0,0.0,0.0,0.0,0.0,0.0,0.0
2004-02-19,242,0,0,0,0,0.0,0.0,0.0,0.0,0.0,0.0,0.0,0.0
2004-02-20,236,0,0,0,0,0.0,0.0,0.0,0.0,0.0,0.0,0.0,0.0
2004-02-21,127,0,0,0,0,0.0,0.0,0.0,0.0,0.0,0.0,0.0,0.0
2004-02-22,140,0,0,0,0,0.0,0.0,0.0,0.0,0.0,0.0,0.0,0.0
2004-02-23,238,0,0,0,0,0.0,0.0,0.0,0.0,0.0,0.0,0.0,0.0
2004-02-24,240,0,0,0,0,0.0,0.0,0.0,0.0,0.0,0.0,0.0,0.0
2004-02-25,244,0,0,0,0,0.0,0.0,0.0,0.0,0.0,0.0,0.0,0.0
2004-02-26,241,0,0,0,0,0.0,0.0,0.0,0.0,0.0,0.0,0.0,0.0
2004-02-27,233,0,0,0,0,0.0,0.0,0.0,0.0,0.0,0.0,0.0,0.0
2004-02-28,131,1,1,0,0,0.007633587786259542,7.633587786259541,0.007633587786259542,7.633587786259541,0.0,0.0,0.0,0.0
2004-02-29,142,0,0,0,0,0.0,0.0,0.0,0.0,0.0,0.0,0.0,0.0
2004-03-01,239,0,0,0,0,0.0,0.0,0.0,0.0,0.0,0.0,0.0,0.0
2004-03-02,214,0,0,0,0,0.0,0.0,0.0,0.0,0.0,0.0,0.0,0.0
2004-03-03,240,0,0,0,0,0.0,0.0,0.0,0.0,0.0,0.0,0.0,0.0
2004-03-04,222,0,0,0,0,0.0,0.0,0.0,0.0,0.0,0.0,0.0,0.0
2004-03-05,209,0,0,0,0,0.0,0.0,0.0,0.0,0.0,0.0,0.0,0.0
2004-03-06,150,1,1,1,0,0.006666666666666667,6.666666666666667,0.006666666666666667,6.666666666666667,0.006666666666666667,6.666666666666667,0.0,0.0
2004-03-07,152,0,0,0,0,0.0,0.0,0.0,0.0,0.0,0.0,0.0,0.0
2004-03-08,223,0,0,0,0,0.0,0.0,0.0,0.0,0.0,0.0,0.0,0.0
2004-03-09,240,0,0,0,0,0.0,0.0,0.0,0.0,0.0,0.0,0.0,0.0
2004-03-10,240,0,0,0,0,0.0,0.0,0.0,0.0,0.0,0.0,0.0,0.0
2004-03-11,197,0,0,0,0,0.0,0.0,0.0,0.0,0.0,0.0,0.0,0.0
2004-03-12,237,0,0,0,0,0.0,0.0,0.0,0.0,0.0,0.0,0.0,0.0
2004-03-13,147,0,0,0,0,0.0,0.0,0.0,0.0,0.0,0.0,0.0,0.0
2004-03-14,129,0,0,0,0,0.0,0.0,0.0,0.0,0.0,0.0,0.0,0.0
2004-03-15,220,0,0,0,0,0.0,0.0,0.0,0.0,0.0,0.0,0.0,0.0
2004-03-16,234,0,0,0,0,0.0,0.0,0.0,0.0,0.0,0.0,0.0,0.0
2004-03-17,230,1,1,1,0,0.004347826086956522,4.3478260869565215,0.004347826086956522,4.3478260869565215,0.004347826086956522,4.3478260869565215,0.0,0.0
2004-03-18,239,2,1,0,1,0.008368200836820083,8.368200836820083,0.0041841004184100415,4.184100418410042,0.0,0.0,0.0041841004184100415,4.184100418410042
2004-03-19,241,1,1,0,0,0.004149377593360996,4.149377593360996,0.004149377593360996,4.149377593360996,0.0,0.0,0.0,0.0
2004-03-20,151,0,0,0,0,0.0,0.0,0.0,0.0,0.0,0.0,0.0,0.0
2004-03-21,145,0,0,0,0,0.0,0.0,0.0,0.0,0.0,0.0,0.0,0.0
2004-03-22,236,0,0,0,0,0.0,0.0,0.0,0.0,0.0,0.0,0.0,0.0
2004-03-23,240,0,0,0,0,0.0,0.0,0.0,0.0,0.0,0.0,0.0,0.0
2004-03-24,239,0,0,0,0,0.0,0.0,0.0,0.0,0.0,0.0,0.0,0.0
2004-03-25,232,0,0,0,0,0.0,0.0,0.0,0.0,0.0,0.0,0.0,0.0
2004-03-26,223,0,0,0,0,0.0,0.0,0.0,0.0,0.0,0.0,0.0,0.0
2004-03-27,174,0,0,0,0,0.0,0.0,0.0,0.0,0.0,0.0,0.0,0.0
2004-03-28,164,0,0,0,0,0.0,0.0,0.0,0.0,0.0,0.0,0.0,0.0
2004-03-29,233,1,0,1,0,0.004291845493562232,4.291845493562231,0.0,0.0,0.004291845493562232,4.291845493562231,0.0,0.0
2004-03-30,236,0,0,0,0,0.0,0.0,0.0,0.0,0.0,0.0,0.0,0.0
2004-03-31,230,2,1,1,0,0.008695652173913044,8.695652173913043,0.004347826086956522,4.3478260869565215,0.004347826086956522,4.3478260869565215,0.0,0.0
2004-04-01,228,0,0,0,0,0.0,0.0,0.0,0.0,0.0,0.0,0.0,0.0
2004-04-02,232,0,0,0,0,0.0,0.0,0.0,0.0,0.0,0.0,0.0,0.0
2004-04-03,156,0,0,0,0,0.0,0.0,0.0,0.0,0.0,0.0,0.0,0.0
2004-04-04,138,0,0,0,0,0.0,0.0,0.0,0.0,0.0,0.0,0.0,0.0
2004-04-05,229,0,0,0,0,0.0,0.0,0.0,0.0,0.0,0.0,0.0,0.0
2004-04-06,240,0,0,0,0,0.0,0.0,0.0,0.0,0.0,0.0,0.0,0.0
2004-04-07,239,1,0,0,1,0.0041841004184100415,4.184100418410042,0.0,0.0,0.0,0.0,0.0041841004184100415,4.184100418410042
2004-04-08,224,0,0,0,0,0.0,0.0,0.0,0.0,0.0,0.0,0.0,0.0
2004-04-09,138,0,0,0,0,0.0,0.0,0.0,0.0,0.0,0.0,0.0,0.0
2004-04-10,141,1,0,0,1,0.0070921985815602835,7.092198581560283,0.0,0.0,0.0,0.0,0.0070921985815602835,7.092198581560283
2004-04-11,128,0,0,0,0,0.0,0.0,0.0,0.0,0.0,0.0,0.0,0.0
2004-04-12,179,1,0,0,1,0.00558659217877095,5.58659217877095,0.0,0.0,0.0,0.0,0.00558659217877095,5.58659217877095
2004-04-13,234,0,0,0,0,0.0,0.0,0.0,0.0,0.0,0.0,0.0,0.0
2004-04-14,243,0,0,0,0,0.0,0.0,0.0,0.0,0.0,0.0,0.0,0.0
2004-04-15,234,0,0,0,0,0.0,0.0,0.0,0.0,0.0,0.0,0.0,0.0
2004-04-16,243,0,0,0,0,0.0,0.0,0.0,0.0,0.0,0.0,0.0,0.0
2004-04-17,126,0,0,0,0,0.0,0.0,0.0,0.0,0.0,0.0,0.0,0.0
2004-04-18,117,0,0,0,0,0.0,0.0,0.0,0.0,0.0,0.0,0.0,0.0
2004-04-19,204,0,0,0,0,0.0,0.0,0.0,0.0,0.0,0.0,0.0,0.0
2004-04-20,206,0,0,0,0,0.0,0.0,0.0,0.0,0.0,0.0,0.0,0.0
2004-04-21,210,1,0,1,0,0.004761904761904762,4.761904761904763,0.0,0.0,0.004761904761904762,4.761904761904763,0.0,0.0
2004-04-22,225,0,0,0,0,0.0,0.0,0.0,0.0,0.0,0.0,0.0,0.0
2004-04-23,237,0,0,0,0,0.0,0.0,0.0,0.0,0.0,0.0,0.0,0.0
2004-04-24,121,0,0,0,0,0.0,0.0,0.0,0.0,0.0,0.0,0.0,0.0
2004-04-25,133,0,0,0,0,0.0,0.0,0.0,0.0,0.0,0.0,0.0,0.0
2004-04-26,223,0,0,0,0,0.0,0.0,0.0,0.0,0.0,0.0,0.0,0.0
2004-04-27,234,0,0,0,0,0.0,0.0,0.0,0.0,0.0,0.0,0.0,0.0
2004-04-28,238,2,0,1,1,0.008403361344537815,8.403361344537815,0.0,0.0,0.004201680672268907,4.201680672268908,0.004201680672268907,4.201680672268908
2004-04-29,222,0,0,0,0,0.0,0.0,0.0,0.0,0.0,0.0,0.0,0.0
2004-04-30,225,0,0,0,0,0.0,0.0,0.0,0.0,0.0,0.0,0.0,0.0
2004-05-01,164,1,1,0,0,0.006097560975609756,6.097560975609756,0.006097560975609756,6.097560975609756,0.0,0.0,0.0,0.0
2004-05-02,141,1,0,1,0,0.0070921985815602835,7.092198581560283,0.0,0.0,0.0070921985815602835,7.092198581560283,0.0,0.0
2004-05-03,208,0,0,0,0,0.0,0.0,0.0,0.0,0.0,0.0,0.0,0.0
2004-05-04,237,1,0,1,0,0.004219409282700422,4.219409282700422,0.0,0.0,0.004219409282700422,4.219409282700422,0.0,0.0
2004-05-05,234,1,0,0,1,0.004273504273504274,4.273504273504274,0.0,0.0,0.0,0.0,0.004273504273504274,4.273504273504274
2004-05-06,233,0,0,0,0,0.0,0.0,0.0,0.0,0.0,0.0,0.0,0.0
2004-05-07,233,1,1,1,0,0.004291845493562232,4.291845493562231,0.004291845493562232,4.291845493562231,0.004291845493562232,4.291845493562231,0.0,0.0
2004-05-08,139,1,1,0,0,0.007194244604316547,7.194244604316547,0.007194244604316547,7.194244604316547,0.0,0.0,0.0,0.0
2004-05-09,108,0,0,0,0,0.0,0.0,0.0,0.0,0.0,0.0,0.0,0.0
2004-05-10,203,5,1,1,3,0.024630541871921183,24.630541871921185,0.0049261083743842365,4.926108374384237,0.0049261083743842365,4.926108374384237,0.014778325123152709,14.778325123152708
2004-05-11,239,2,0,1,1,0.008368200836820083,8.368200836820083,0.0,0.0,0.0041841004184100415,4.184100418410042,0.0041841004184100415,4.184100418410042
2004-05-12,202,3,1,0,2,0.01485148514851485,14.85148514851485,0.0049504950495049506,4.9504950495049505,0.0,0.0,0.009900990099009901,9.900990099009901
2004-05-13,231,4,2,0,2,0.017316017316017316,17.316017316017316,0.008658008658008658,8.658008658008658,0.0,0.0,0.008658008658008658,8.658008658008658
2004-05-14,233,6,1,0,5,0.02575107296137339,25.751072961373392,0.004291845493562232,4.291845493562231,0.0,0.0,0.02145922746781116,21.459227467811157
2004-05-15,118,1,1,0,0,0.00847457627118644,8.474576271186441,0.00847457627118644,8.474576271186441,0.0,0.0,0.0,0.0
2004-05-16,116,3,1,1,1,0.02586206896551724,25.862068965517242,0.008620689655172414,8.620689655172413,0.008620689655172414,8.620689655172413,0.008620689655172414,8.620689655172413
2004-05-17,239,2,1,0,1,0.008368200836820083,8.368200836820083,0.0041841004184100415,4.184100418410042,0.0,0.0,0.0041841004184100415,4.184100418410042
2004-05-18,242,5,1,0,4,0.02066115702479339,20.66115702479339,0.004132231404958678,4.132231404958678,0.0,0.0,0.01652892561983471,16.528925619834713
2004-05-19,226,1,0,0,1,0.004424778761061947,4.424778761061947,0.0,0.0,0.0,0.0,0.004424778761061947,4.424778761061947
2004-05-21,236,4,2,1,2,0.01694915254237288,16.949152542372882,0.00847457627118644,8.474576271186441,0.00423728813559322,4.237288135593221,0.00847457627118644,8.474576271186441
2004-05-22,140,1,1,0,0,0.007142857142857143,7.142857142857142,0.007142857142857143,7.142857142857142,0.0,0.0,0.0,0.0
2004-05-23,121,4,0,3,1,0.03305785123966942,33.057851239669425,0.0,0.0,0.024793388429752067,24.793388429752067,0.008264462809917356,8.264462809917356
2004-05-24,224,2,1,1,1,0.008928571428571428,8.928571428571429,0.004464285714285714,4.464285714285714,0.004464285714285714,4.464285714285714,0.004464285714285714,4.464285714285714
2004-05-25,226,3,1,1,1,0.01327433628318584,13.274336283185841,0.004424778761061947,4.424778761061947,0.004424778761061947,4.424778761061947,0.004424778761061947,4.424778761061947
2004-05-26,239,2,1,0,1,0.008368200836820083,8.368200836820083,0.0041841004184100415,4.184100418410042,0.0,0.0,0.0041841004184100415,4.184100418410042
2004-05-27,235,1,1,0,0,0.00425531914893617,4.25531914893617,0.00425531914893617,4.25531914893617,0.0,0.0,0.0,0.0
2004-05-28,236,3,2,1,0,0.012711864406779662,12.711864406779663,0.00847457627118644,8.474576271186441,0.00423728813559322,4.237288135593221,0.0,0.0
2004-05-29,138,1,0,1,0,0.007246376811594203,7.246376811594203,0.0,0.0,0.007246376811594203,7.246376811594203,0.0,0.0
2004-05-30,106,1,1,1,0,0.009433962264150943,9.433962264150942,0.009433962264150943,9.433962264150942,0.009433962264150943,9.433962264150942,0.0,0.0
2004-05-31,230,2,1,1,1,0.008695652173913044,8.695652173913043,0.004347826086956522,4.3478260869565215,0.004347826086956522,4.3478260869565215,0.004347826086956522,4.3478260869565215
2004-06-01,242,7,3,2,3,0.028925619834710745,28.925619834710744,0.012396694214876033,12.396694214876034,0.008264462809917356,8.264462809917356,0.012396694214876033,12.396694214876034
2004-06-02,237,6,3,1,2,0.02531645569620253,25.31645569620253,0.012658227848101266,12.658227848101266,0.004219409282700422,4.219409282700422,0.008438818565400843,8.438818565400844
2004-06-03,242,5,2,2,1,0.02066115702479339,20.66115702479339,0.008264462809917356,8.264462809917356,0.008264462809917356,8.264462809917356,0.004132231404958678,4.132231404958678
2004-06-04,236,2,1,0,1,0.00847457627118644,8.474576271186441,0.00423728813559322,4.237288135593221,0.0,0.0,0.00423728813559322,4.237288135593221
2004-06-05,134,3,2,2,0,0.022388059701492536,22.388059701492537,0.014925373134328358,14.925373134328359,0.014925373134328358,14.925373134328359,0.0,0.0
2004-06-06,121,0,0,0,0,0.0,0.0,0.0,0.0,0.0,0.0,0.0,0.0
2004-06-07,212,1,0,1,0,0.0047169811320754715,4.716981132075471,0.0,0.0,0.0047169811320754715,4.716981132075471,0.0,0.0
2004-06-08,238,1,1,0,0,0.004201680672268907,4.201680672268908,0.004201680672268907,4.201680672268908,0.0,0.0,0.0,0.0
2004-06-09,242,1,0,1,0,0.004132231404958678,4.132231404958678,0.0,0.0,0.004132231404958678,4.132231404958678,0.0,0.0
2004-06-10,243,0,0,0,0,0.0,0.0,0.0,0.0,0.0,0.0,0.0,0.0
2004-06-11,235,2,0,2,0,0.00851063829787234,8.51063829787234,0.0,0.0,0.00851063829787234,8.51063829787234,0.0,0.0
2004-06-12,168,0,0,0,0,0.0,0.0,0.0,0.0,0.0,0.0,0.0,0.0
2004-06-13,158,0,0,0,0,0.0,0.0,0.0,0.0,0.0,0.0,0.0,0.0
2004-06-14,198,0,0,0,0,0.0,0.0,0.0,0.0,0.0,0.0,0.0,0.0
2004-06-15,233,0,0,0,0,0.0,0.0,0.0,0.0,0.0,0.0,0.0,0.0
2004-06-16,234,1,0,1,0,0.004273504273504274,4.273504273504274,0.0,0.0,0.004273504273504274,4.273504273504274,0.0,0.0
2004-06-17,236,0,0,0,0,0.0,0.0,0.0,0.0,0.0,0.0,0.0,0.0
2004-06-18,235,0,0,0,0,0.0,0.0,0.0,0.0,0.0,0.0,0.0,0.0
2004-06-19,163,1,0,1,0,0.006134969325153374,6.134969325153374,0.0,0.0,0.006134969325153374,6.134969325153374,0.0,0.0
2004-06-20,148,0,0,0,0,0.0,0.0,0.0,0.0,0.0,0.0,0.0,0.0
2004-06-21,239,2,0,2,0,0.008368200836820083,8.368200836820083,0.0,0.0,0.008368200836820083,8.368200836820083,0.0,0.0
2004-06-22,238,0,0,0,0,0.0,0.0,0.0,0.0,0.0,0.0,0.0,0.0
2004-06-23,230,0,0,0,0,0.0,0.0,0.0,0.0,0.0,0.0,0.0,0.0
2004-06-24,239,0,0,0,0,0.0,0.0,0.0,0.0,0.0,0.0,0.0,0.0
2004-06-25,240,0,0,0,0,0.0,0.0,0.0,0.0,0.0,0.0,0.0,0.0
2004-06-26,134,0,0,0,0,0.0,0.0,0.0,0.0,0.0,0.0,0.0,0.0
2004-06-27,130,0,0,0,0,0.0,0.0,0.0,0.0,0.0,0.0,0.0,0.0
2004-06-28,205,1,0,0,1,0.004878048780487805,4.878048780487805,0.0,0.0,0.0,0.0,0.004878048780487805,4.878048780487805
2004-06-29,233,0,0,0,0,0.0,0.0,0.0,0.0,0.0,0.0,0.0,0.0
2004-06-30,233,0,0,0,0,0.0,0.0,0.0,0.0,0.0,0.0,0.0,0.0
2004-07-01,230,1,0,1,0,0.004347826086956522,4.3478260869565215,0.0,0.0,0.004347826086956522,4.3478260869565215,0.0,0.0
2004-07-02,225,0,0,0,0,0.0,0.0,0.0,0.0,0.0,0.0,0.0,0.0
2004-07-03,130,1,0,1,0,0.007692307692307693,7.6923076923076925,0.0,0.0,0.007692307692307693,7.6923076923076925,0.0,0.0
2004-07-04,116,0,0,0,0,0.0,0.0,0.0,0.0,0.0,0.0,0.0,0.0
2004-07-05,221,1,0,1,0,0.004524886877828055,4.524886877828055,0.0,0.0,0.004524886877828055,4.524886877828055,0.0,0.0
2004-07-06,229,1,0,0,1,0.004366812227074236,4.366812227074235,0.0,0.0,0.0,0.0,0.004366812227074236,4.366812227074235
2004-07-07,236,2,1,0,1,0.00847457627118644,8.474576271186441,0.00423728813559322,4.237288135593221,0.0,0.0,0.00423728813559322,4.237288135593221
2004-07-08,236,2,0,1,1,0.00847457627118644,8.474576271186441,0.0,0.0,0.00423728813559322,4.237288135593221,0.00423728813559322,4.237288135593221
2004-07-09,229,1,1,0,0,0.004366812227074236,4.366812227074235,0.004366812227074236,4.366812227074235,0.0,0.0,0.0,0.0
2004-07-10,134,1,1,1,0,0.007462686567164179,7.462686567164179,0.007462686567164179,7.462686567164179,0.007462686567164179,7.462686567164179,0.0,0.0
2004-07-11,122,0,0,0,0,0.0,0.0,0.0,0.0,0.0,0.0,0.0,0.0
2004-07-12,238,0,0,0,0,0.0,0.0,0.0,0.0,0.0,0.0,0.0,0.0
2004-07-13,237,1,0,0,1,0.004219409282700422,4.219409282700422,0.0,0.0,0.0,0.0,0.004219409282700422,4.219409282700422
2004-07-14,239,0,0,0,0,0.0,0.0,0.0,0.0,0.0,0.0,0.0,0.0
2004-07-15,239,1,1,0,0,0.0041841004184100415,4.184100418410042,0.0041841004184100415,4.184100418410042,0.0,0.0,0.0,0.0
2004-07-16,217,0,0,0,0,0.0,0.0,0.0,0.0,0.0,0.0,0.0,0.0
2004-07-17,132,0,0,0,0,0.0,0.0,0.0,0.0,0.0,0.0,0.0,0.0
2004-07-18,121,0,0,0,0,0.0,0.0,0.0,0.0,0.0,0.0,0.0,0.0
2004-07-19,232,0,0,0,0,0.0,0.0,0.0,0.0,0.0,0.0,0.0,0.0
2004-07-20,219,1,1,0,0,0.0045662100456621,4.5662100456621,0.0045662100456621,4.5662100456621,0.0,0.0,0.0,0.0
2004-07-21,236,0,0,0,0,0.0,0.0,0.0,0.0,0.0,0.0,0.0,0.0
2004-07-22,237,0,0,0,0,0.0,0.0,0.0,0.0,0.0,0.0,0.0,0.0
2004-07-23,237,1,0,1,0,0.004219409282700422,4.219409282700422,0.0,0.0,0.004219409282700422,4.219409282700422,0.0,0.0
2004-07-24,125,1,0,1,0,0.008,8.0,0.0,0.0,0.008,8.0,0.0,0.0
2004-07-25,121,0,0,0,0,0.0,0.0,0.0,0.0,0.0,0.0,0.0,0.0
2004-07-26,238,0,0,0,0,0.0,0.0,0.0,0.0,0.0,0.0,0.0,0.0
2004-07-27,220,0,0,0,0,0.0,0.0,0.0,0.0,0.0,0.0,0.0,0.0
2004-07-28,212,0,0,0,0,0.0,0.0,0.0,0.0,0.0,0.0,0.0,0.0
2004-07-29,227,3,2,0,1,0.013215859030837005,13.215859030837004,0.00881057268722467,8.81057268722467,0.0,0.0,0.004405286343612335,4.405286343612335
2004-07-30,214,4,2,1,1,0.018691588785046728,18.69158878504673,0.009345794392523364,9.345794392523365,0.004672897196261682,4.672897196261682,0.004672897196261682,4.672897196261682
2004-07-31,98,0,0,0,0,0.0,0.0,0.0,0.0,0.0,0.0,0.0,0.0
2004-08-01,104,0,0,0,0,0.0,0.0,0.0,0.0,0.0,0.0,0.0,0.0
2004-08-02,218,0,0,0,0,0.0,0.0,0.0,0.0,0.0,0.0,0.0,0.0
2004-08-03,233,2,1,1,0,0.008583690987124463,8.583690987124463,0.004291845493562232,4.291845493562231,0.004291845493562232,4.291845493562231,0.0,0.0
2004-08-04,236,2,2,0,0,0.00847457627118644,8.474576271186441,0.00847457627118644,8.474576271186441,0.0,0.0,0.0,0.0
2004-08-05,234,3,2,0,1,0.01282051282051282,12.82051282051282,0.008547008547008548,8.547008547008549,0.0,0.0,0.004273504273504274,4.273504273504274
2004-08-06,237,2,2,0,0,0.008438818565400843,8.438818565400844,0.008438818565400843,8.438818565400844,0.0,0.0,0.0,0.0
2004-08-07,104,1,1,0,0,0.009615384615384616,9.615384615384617,0.009615384615384616,9.615384615384617,0.0,0.0,0.0,0.0
2004-08-08,113,1,0,1,0,0.008849557522123894,8.849557522123893,0.0,0.0,0.008849557522123894,8.849557522123893,0.0,0.0
2004-08-09,245,1,0,1,0,0.004081632653061225,4.081632653061225,0.0,0.0,0.004081632653061225,4.081632653061225,0.0,0.0
2004-08-10,237,2,2,1,0,0.008438818565400843,8.438818565400844,0.008438818565400843,8.438818565400844,0.004219409282700422,4.219409282700422,0.0,0.0
2004-08-11,238,2,1,0,1,0.008403361344537815,8.403361344537815,0.004201680672268907,4.201680672268908,0.0,0.0,0.004201680672268907,4.201680672268908
2004-08-12,235,4,3,3,0,0.01702127659574468,17.02127659574468,0.01276595744680851,12.76595744680851,0.01276595744680851,12.76595744680851,0.0,0.0
2004-08-13,236,5,3,2,1,0.0211864406779661,21.1864406779661,0.012711864406779662,12.711864406779663,0.00847457627118644,8.474576271186441,0.00423728813559322,4.237288135593221
2004-08-14,131,3,2,1,0,0.022900763358778626,22.900763358778626,0.015267175572519083,15.267175572519083,0.007633587786259542,7.633587786259541,0.0,0.0
2004-08-15,147,0,0,0,0,0.0,0.0,0.0,0.0,0.0,0.0,0.0,0.0
2004-08-16,239,3,2,0,1,0.012552301255230125,12.552301255230125,0.008368200836820083,8.368200836820083,0.0,0.0,0.0041841004184100415,4.184100418410042
2004-08-17,241,1,1,0,0,0.004149377593360996,4.149377593360996,0.004149377593360996,4.149377593360996,0.0,0.0,0.0,0.0
2004-08-18,245,2,1,0,1,0.00816326530612245,8.16326530612245,0.004081632653061225,4.081632653061225,0.0,0.0,0.004081632653061225,4.081632653061225
2004-08-19,234,1,0,0,1,0.004273504273504274,4.273504273504274,0.0,0.0,0.0,0.0,0.004273504273504274,4.273504273504274
2004-08-20,239,3,2,1,0,0.012552301255230125,12.552301255230125,0.008368200836820083,8.368200836820083,0.0041841004184100415,4.184100418410042,0.0,0.0
2004-08-21,185,3,2,0,1,0.016216216216216217,16.216216216216218,0.010810810810810811,10.81081081081081,0.0,0.0,0.005405405405405406,5.405405405405405
2004-08-22,175,3,2,1,0,0.017142857142857144,17.142857142857142,0.011428571428571429,11.428571428571429,0.005714285714285714,5.714285714285714,0.0,0.0
2004-08-23,238,4,1,0,3,0.01680672268907563,16.80672268907563,0.004201680672268907,4.201680672268908,0.0,0.0,0.012605042016806723,12.605042016806722
2004-08-24,240,3,1,1,1,0.0125,12.5,0.004166666666666667,4.166666666666667,0.004166666666666667,4.166666666666667,0.004166666666666667,4.166666666666667
2004-08-25,239,2,1,0,1,0.008368200836820083,8.368200836820083,0.0041841004184100415,4.184100418410042,0.0,0.0,0.0041841004184100415,4.184100418410042
2004-08-26,244,4,3,0,1,0.01639344262295082,16.393442622950822,0.012295081967213115,12.295081967213115,0.0,0.0,0.004098360655737705,4.0983606557377055
2004-08-27,237,1,1,1,0,0.004219409282700422,4.219409282700422,0.004219409282700422,4.219409282700422,0.004219409282700422,4.219409282700422,0.0,0.0
2004-08-28,134,2,2,0,0,0.014925373134328358,14.925373134328359,0.014925373134328358,14.925373134328359,0.0,0.0,0.0,0.0
2004-08-29,127,1,1,0,0,0.007874015748031496,7.874015748031496,0.007874015748031496,7.874015748031496,0.0,0.0,0.0,0.0
2004-08-30,241,0,0,0,0,0.0,0.0,0.0,0.0,0.0,0.0,0.0,0.0
2004-08-31,241,1,0,1,0,0.004149377593360996,4.149377593360996,0.0,0.0,0.004149377593360996,4.149377593360996,0.0,0.0
2004-09-02,236,4,2,1,1,0.01694915254237288,16.949152542372882,0.00847457627118644,8.474576271186441,0.00423728813559322,4.237288135593221,0.00423728813559322,4.237288135593221
2004-09-03,235,4,3,0,2,0.01702127659574468,17.02127659574468,0.01276595744680851,12.76595744680851,0.0,0.0,0.00851063829787234,8.51063829787234
2004-09-04,127,1,0,1,0,0.007874015748031496,7.874015748031496,0.0,0.0,0.007874015748031496,7.874015748031496,0.0,0.0
2004-09-05,122,1,1,0,0,0.00819672131147541,8.196721311475411,0.00819672131147541,8.196721311475411,0.0,0.0,0.0,0.0
2004-09-06,242,0,0,0,0,0.0,0.0,0.0,0.0,0.0,0.0,0.0,0.0
2004-09-07,221,1,0,1,0,0.004524886877828055,4.524886877828055,0.0,0.0,0.004524886877828055,4.524886877828055,0.0,0.0
2004-09-08,211,0,0,0,0,0.0,0.0,0.0,0.0,0.0,0.0,0.0,0.0
2004-09-09,240,1,0,1,0,0.004166666666666667,4.166666666666667,0.0,0.0,0.004166666666666667,4.166666666666667,0.0,0.0
2004-09-10,236,1,0,1,0,0.00423728813559322,4.237288135593221,0.0,0.0,0.00423728813559322,4.237288135593221,0.0,0.0
2004-09-11,132,1,1,0,0,0.007575757575757576,7.575757575757576,0.007575757575757576,7.575757575757576,0.0,0.0,0.0,0.0
2004-09-12,110,0,0,0,0,0.0,0.0,0.0,0.0,0.0,0.0,0.0,0.0
2004-09-13,241,0,0,0,0,0.0,0.0,0.0,0.0,0.0,0.0,0.0,0.0
2004-09-14,221,0,0,0,0,0.0,0.0,0.0,0.0,0.0,0.0,0.0,0.0
2004-09-15,245,0,0,0,0,0.0,0.0,0.0,0.0,0.0,0.0,0.0,0.0
2004-09-16,239,2,1,2,0,0.008368200836820083,8.368200836820083,0.0041841004184100415,4.184100418410042,0.008368200836820083,8.368200836820083,0.0,0.0
2004-09-17,208,1,0,0,1,0.004807692307692308,4.807692307692308,0.0,0.0,0.0,0.0,0.004807692307692308,4.807692307692308
2004-09-18,115,0,0,0,0,0.0,0.0,0.0,0.0,0.0,0.0,0.0,0.0
2004-09-19,133,0,0,0,0,0.0,0.0,0.0,0.0,0.0,0.0,0.0,0.0
2004-09-20,240,1,1,0,0,0.004166666666666667,4.166666666666667,0.004166666666666667,4.166666666666667,0.0,0.0,0.0,0.0
2004-09-21,219,1,1,0,0,0.0045662100456621,4.5662100456621,0.0045662100456621,4.5662100456621,0.0,0.0,0.0,0.0
2004-09-22,238,0,0,0,0,0.0,0.0,0.0,0.0,0.0,0.0,0.0,0.0
2004-09-23,239,2,2,0,0,0.008368200836820083,8.368200836820083,0.008368200836820083,8.368200836820083,0.0,0.0,0.0,0.0
2004-09-24,222,3,2,0,1,0.013513513513513514,13.513513513513514,0.009009009009009009,9.00900900900901,0.0,0.0,0.0045045045045045045,4.504504504504505
2004-09-25,119,0,0,0,0,0.0,0.0,0.0,0.0,0.0,0.0,0.0,0.0
2004-09-26,103,0,0,0,0,0.0,0.0,0.0,0.0,0.0,0.0,0.0,0.0
2004-09-27,239,2,2,0,0,0.008368200836820083,8.368200836820083,0.008368200836820083,8.368200836820083,0.0,0.0,0.0,0.0
2004-09-28,238,6,5,1,0,0.025210084033613446,25.210084033613445,0.02100840336134454,21.008403361344538,0.004201680672268907,4.201680672268908,0.0,0.0
2004-09-29,238,2,0,1,1,0.008403361344537815,8.403361344537815,0.0,0.0,0.004201680672268907,4.201680672268908,0.004201680672268907,4.201680672268908
2004-09-30,234,3,1,2,0,0.01282051282051282,12.82051282051282,0.004273504273504274,4.273504273504274,0.008547008547008548,8.547008547008549,0.0,0.0
2004-10-01,214,2,1,1,0,0.009345794392523364,9.345794392523365,0.004672897196261682,4.672897196261682,0.004672897196261682,4.672897196261682,0.0,0.0
2004-10-02,148,2,2,0,0,0.013513513513513514,13.513513513513514,0.013513513513513514,13.513513513513514,0.0,0.0,0.0,0.0
2004-10-03,125,1,1,0,0,0.008,8.0,0.008,8.0,0.0,0.0,0.0,0.0
2004-10-04,202,0,0,0,0,0.0,0.0,0.0,0.0,0.0,0.0,0.0,0.0
2004-10-05,225,2,2,0,0,0.008888888888888889,8.88888888888889,0.008888888888888889,8.88888888888889,0.0,0.0,0.0,0.0
2004-10-06,243,3,3,1,0,0.012345679012345678,12.345679012345679,0.012345679012345678,12.345679012345679,0.00411522633744856,4.11522633744856,0.0,0.0
2004-10-07,214,3,2,0,1,0.014018691588785047,14.018691588785046,0.009345794392523364,9.345794392523365,0.0,0.0,0.004672897196261682,4.672897196261682
2004-10-08,242,4,4,0,0,0.01652892561983471,16.528925619834713,0.01652892561983471,16.528925619834713,0.0,0.0,0.0,0.0
2004-10-09,144,0,0,0,0,0.0,0.0,0.0,0.0,0.0,0.0,0.0,0.0
2004-10-10,125,0,0,0,0,0.0,0.0,0.0,0.0,0.0,0.0,0.0,0.0
2004-10-11,232,3,2,0,1,0.01293103448275862,12.931034482758621,0.008620689655172414,8.620689655172413,0.0,0.0,0.004310344827586207,4.310344827586206
2004-10-12,220,6,4,1,2,0.02727272727272727,27.27272727272727,0.01818181818181818,18.18181818181818,0.004545454545454545,4.545454545454545,0.00909090909090909,9.09090909090909
2004-10-13,231,2,2,0,0,0.008658008658008658,8.658008658008658,0.008658008658008658,8.658008658008658,0.0,0.0,0.0,0.0
2004-10-14,229,3,3,0,0,0.013100436681222707,13.100436681222707,0.013100436681222707,13.100436681222707,0.0,0.0,0.0,0.0
2004-10-15,241,7,3,1,3,0.029045643153526972,29.04564315352697,0.012448132780082987,12.448132780082986,0.004149377593360996,4.149377593360996,0.012448132780082987,12.448132780082986
2004-10-16,121,1,1,0,0,0.008264462809917356,8.264462809917356,0.008264462809917356,8.264462809917356,0.0,0.0,0.0,0.0
2004-10-17,102,0,0,0,0,0.0,0.0,0.0,0.0,0.0,0.0,0.0,0.0
2004-10-18,235,3,1,0,2,0.01276595744680851,12.76595744680851,0.00425531914893617,4.25531914893617,0.0,0.0,0.00851063829787234,8.51063829787234
2004-10-19,241,3,1,0,2,0.012448132780082987,12.448132780082986,0.004149377593360996,4.149377593360996,0.0,0.0,0.008298755186721992,8.298755186721992
2004-10-20,241,7,2,0,5,0.029045643153526972,29.04564315352697,0.008298755186721992,8.298755186721992,0.0,0.0,0.02074688796680498,20.74688796680498
2004-10-21,241,3,2,0,1,0.012448132780082987,12.448132780082986,0.008298755186721992,8.298755186721992,0.0,0.0,0.004149377593360996,4.149377593360996
2004-10-22,237,0,0,0,0,0.0,0.0,0.0,0.0,0.0,0.0,0.0,0.0
2004-10-23,119,1,1,0,0,0.008403361344537815,8.403361344537815,0.008403361344537815,8.403361344537815,0.0,0.0,0.0,0.0
2004-10-24,98,0,0,0,0,0.0,0.0,0.0,0.0,0.0,0.0,0.0,0.0
2004-10-25,240,5,2,1,3,0.020833333333333332,20.833333333333332,0.008333333333333333,8.333333333333334,0.004166666666666667,4.166666666666667,0.0125,12.5
2004-10-26,239,5,1,1,4,0.02092050209205021,20.920502092050206,0.0041841004184100415,4.184100418410042,0.0041841004184100415,4.184100418410042,0.016736401673640166,16.736401673640167
2004-10-27,233,3,1,1,1,0.012875536480686695,12.875536480686696,0.004291845493562232,4.291845493562231,0.004291845493562232,4.291845493562231,0.004291845493562232,4.291845493562231
2004-10-28,238,2,2,0,0,0.008403361344537815,8.403361344537815,0.008403361344537815,8.403361344537815,0.0,0.0,0.0,0.0
2004-10-29,237,1,1,0,0,0.004219409282700422,4.219409282700422,0.004219409282700422,4.219409282700422,0.0,0.0,0.0,0.0
2004-10-30,102,1,0,1,0,0.00980392156862745,9.803921568627452,0.0,0.0,0.00980392156862745,9.803921568627452,0.0,0.0
2004-10-31,93,0,0,0,0,0.0,0.0,0.0,0.0,0.0,0.0,0.0,0.0
2004-11-01,225,1,0,0,1,0.0044444444444444444,4.444444444444445,0.0,0.0,0.0,0.0,0.0044444444444444444,4.444444444444445
2004-11-02,237,0,0,0,0,0.0,0.0,0.0,0.0,0.0,0.0,0.0,0.0
2004-11-03,235,1,1,0,0,0.00425531914893617,4.25531914893617,0.00425531914893617,4.25531914893617,0.0,0.0,0.0,0.0
2004-11-04,238,0,0,0,0,0.0,0.0,0.0,0.0,0.0,0.0,0.0,0.0
2004-11-05,237,2,2,0,0,0.008438818565400843,8.438818565400844,0.008438818565400843,8.438818565400844,0.0,0.0,0.0,0.0
2004-11-06,122,1,0,1,0,0.00819672131147541,8.196721311475411,0.0,0.0,0.00819672131147541,8.196721311475411,0.0,0.0
2004-11-07,123,0,0,0,0,0.0,0.0,0.0,0.0,0.0,0.0,0.0,0.0
2004-11-08,217,0,0,0,0,0.0,0.0,0.0,0.0,0.0,0.0,0.0,0.0
2004-11-09,231,1,1,0,0,0.004329004329004329,4.329004329004329,0.004329004329004329,4.329004329004329,0.0,0.0,0.0,0.0
2004-11-10,235,5,2,0,3,0.02127659574468085,21.27659574468085,0.00851063829787234,8.51063829787234,0.0,0.0,0.01276595744680851,12.76595744680851
2004-11-11,239,0,0,0,0,0.0,0.0,0.0,0.0,0.0,0.0,0.0,0.0
2004-11-12,240,1,1,0,0,0.004166666666666667,4.166666666666667,0.004166666666666667,4.166666666666667,0.0,0.0,0.0,0.0
2004-11-13,139,1,1,0,0,0.007194244604316547,7.194244604316547,0.007194244604316547,7.194244604316547,0.0,0.0,0.0,0.0
2004-11-14,114,0,0,0,0,0.0,0.0,0.0,0.0,0.0,0.0,0.0,0.0
2004-11-15,229,0,0,0,0,0.0,0.0,0.0,0.0,0.0,0.0,0.0,0.0
2004-11-16,238,1,0,1,0,0.004201680672268907,4.201680672268908,0.0,0.0,0.004201680672268907,4.201680672268908,0.0,0.0
2004-11-17,233,3,0,3,0,0.012875536480686695,12.875536480686696,0.0,0.0,0.012875536480686695,12.875536480686696,0.0,0.0
2004-11-18,237,0,0,0,0,0.0,0.0,0.0,0.0,0.0,0.0,0.0,0.0
2004-11-19,238,1,0,0,1,0.004201680672268907,4.201680672268908,0.0,0.0,0.0,0.0,0.004201680672268907,4.201680672268908
2004-11-20,139,2,2,0,0,0.014388489208633094,14.388489208633095,0.014388489208633094,14.388489208633095,0.0,0.0,0.0,0.0
2004-11-21,147,0,0,0,0,0.0,0.0,0.0,0.0,0.0,0.0,0.0,0.0
2004-11-22,238,0,0,0,0,0.0,0.0,0.0,0.0,0.0,0.0,0.0,0.0
2004-11-23,241,0,0,0,0,0.0,0.0,0.0,0.0,0.0,0.0,0.0,0.0
2004-11-24,233,2,1,0,1,0.008583690987124463,8.583690987124463,0.004291845493562232,4.291845493562231,0.0,0.0,0.004291845493562232,4.291845493562231
2004-11-25,235,0,0,0,0,0.0,0.0,0.0,0.0,0.0,0.0,0.0,0.0
2004-11-26,238,1,0,1,0,0.004201680672268907,4.201680672268908,0.0,0.0,0.004201680672268907,4.201680672268908,0.0,0.0
2004-11-27,137,1,1,0,0,0.0072992700729927005,7.299270072992701,0.0072992700729927005,7.299270072992701,0.0,0.0,0.0,0.0
2004-11-28,155,0,0,0,0,0.0,0.0,0.0,0.0,0.0,0.0,0.0,0.0
2004-11-29,209,0,0,0,0,0.0,0.0,0.0,0.0,0.0,0.0,0.0,0.0
2004-11-30,241,1,1,0,0,0.004149377593360996,4.149377593360996,0.004149377593360996,4.149377593360996,0.0,0.0,0.0,0.0
2004-12-01,235,1,1,0,0,0.00425531914893617,4.25531914893617,0.00425531914893617,4.25531914893617,0.0,0.0,0.0,0.0
2004-12-02,233,1,1,0,0,0.004291845493562232,4.291845493562231,0.004291845493562232,4.291845493562231,0.0,0.0,0.0,0.0
2004-12-03,234,2,1,0,1,0.008547008547008548,8.547008547008549,0.004273504273504274,4.273504273504274,0.0,0.0,0.004273504273504274,4.273504273504274
2004-12-04,118,1,0,0,1,0.00847457627118644,8.474576271186441,0.0,0.0,0.0,0.0,0.00847457627118644,8.474576271186441
2004-12-05,122,0,0,0,0,0.0,0.0,0.0,0.0,0.0,0.0,0.0,0.0
2004-12-06,220,0,0,0,0,0.0,0.0,0.0,0.0,0.0,0.0,0.0,0.0
2004-12-07,237,1,1,1,0,0.004219409282700422,4.219409282700422,0.004219409282700422,4.219409282700422,0.004219409282700422,4.219409282700422,0.0,0.0
2004-12-08,224,1,1,0,0,0.004464285714285714,4.464285714285714,0.004464285714285714,4.464285714285714,0.0,0.0,0.0,0.0
2004-12-09,233,2,0,0,2,0.008583690987124463,8.583690987124463,0.0,0.0,0.0,0.0,0.008583690987124463,8.583690987124463
2004-12-10,238,1,0,0,1,0.004201680672268907,4.201680672268908,0.0,0.0,0.0,0.0,0.004201680672268907,4.201680672268908
2004-12-11,134,3,1,3,0,0.022388059701492536,22.388059701492537,0.007462686567164179,7.462686567164179,0.022388059701492536,22.388059701492537,0.0,0.0
2004-12-12,116,0,0,0,0,0.0,0.0,0.0,0.0,0.0,0.0,0.0,0.0
2004-12-13,232,1,0,0,1,0.004310344827586207,4.310344827586206,0.0,0.0,0.0,0.0,0.004310344827586207,4.310344827586206
2004-12-14,241,0,0,0,0,0.0,0.0,0.0,0.0,0.0,0.0,0.0,0.0
2004-12-15,215,2,0,1,1,0.009302325581395349,9.30232558139535,0.0,0.0,0.004651162790697674,4.651162790697675,0.004651162790697674,4.651162790697675
2004-12-16,231,1,1,0,0,0.004329004329004329,4.329004329004329,0.004329004329004329,4.329004329004329,0.0,0.0,0.0,0.0
2004-12-17,223,0,0,0,0,0.0,0.0,0.0,0.0,0.0,0.0,0.0,0.0
2004-12-18,114,2,1,0,1,0.017543859649122806,17.543859649122805,0.008771929824561403,8.771929824561402,0.0,0.0,0.008771929824561403,8.771929824561402
2004-12-19,127,1,0,1,0,0.007874015748031496,7.874015748031496,0.0,0.0,0.007874015748031496,7.874015748031496,0.0,0.0
2004-12-20,216,0,0,0,0,0.0,0.0,0.0,0.0,0.0,0.0,0.0,0.0
2004-12-21,210,1,0,0,1,0.004761904761904762,4.761904761904763,0.0,0.0,0.0,0.0,0.004761904761904762,4.761904761904763
2004-12-22,206,0,0,0,0,0.0,0.0,0.0,0.0,0.0,0.0,0.0,0.0
2004-12-23,214,1,0,1,0,0.004672897196261682,4.672897196261682,0.0,0.0,0.004672897196261682,4.672897196261682,0.0,0.0
2004-12-24,208,1,0,0,1,0.004807692307692308,4.807692307692308,0.0,0.0,0.0,0.0,0.004807692307692308,4.807692307692308
2004-12-25,68,0,0,0,0,0.0,0.0,0.0,0.0,0.0,0.0,0.0,0.0
2004-12-26,100,0,0,0,0,0.0,0.0,0.0,0.0,0.0,0.0,0.0,0.0
2004-12-27,132,0,0,0,0,0.0,0.0,0.0,0.0,0.0,0.0,0.0,0.0
2004-12-28,156,1,1,0,0,0.00641025641025641,6.41025641025641,0.00641025641025641,6.41025641025641,0.0,0.0,0.0,0.0
2004-12-29,152,1,0,0,1,0.006578947368421052,6.578947368421052,0.0,0.0,0.0,0.0,0.006578947368421052,6.578947368421052
2004-12-30,205,1,1,0,0,0.004878048780487805,4.878048780487805,0.004878048780487805,4.878048780487805,0.0,0.0,0.0,0.0
2004-12-31,179,0,0,0,0,0.0,0.0,0.0,0.0,0.0,0.0,0.0,0.0
2005-01-01,130,0,0,0,0,0.0,0.0,0.0,0.0,0.0,0.0,0.0,0.0
2005-01-02,114,1,0,1,0,0.008771929824561403,8.771929824561402,0.0,0.0,0.008771929824561403,8.771929824561402,0.0,0.0
2005-01-03,168,0,0,0,0,0.0,0.0,0.0,0.0,0.0,0.0,0.0,0.0
2005-01-04,226,0,0,0,0,0.0,0.0,0.0,0.0,0.0,0.0,0.0,0.0
2005-01-05,215,0,0,0,0,0.0,0.0,0.0,0.0,0.0,0.0,0.0,0.0
2005-01-06,231,2,2,0,0,0.008658008658008658,8.658008658008658,0.008658008658008658,8.658008658008658,0.0,0.0,0.0,0.0
2005-01-07,236,1,1,0,0,0.00423728813559322,4.237288135593221,0.00423728813559322,4.237288135593221,0.0,0.0,0.0,0.0
2005-01-08,128,1,1,0,0,0.0078125,7.8125,0.0078125,7.8125,0.0,0.0,0.0,0.0
2005-01-09,129,0,0,0,0,0.0,0.0,0.0,0.0,0.0,0.0,0.0,0.0
2005-01-10,214,1,0,1,0,0.004672897196261682,4.672897196261682,0.0,0.0,0.004672897196261682,4.672897196261682,0.0,0.0
2005-01-11,213,1,0,0,1,0.004694835680751174,4.694835680751174,0.0,0.0,0.0,0.0,0.004694835680751174,4.694835680751174
2005-01-12,232,4,1,2,1,0.017241379310344827,17.241379310344826,0.004310344827586207,4.310344827586206,0.008620689655172414,8.620689655172413,0.004310344827586207,4.310344827586206
2005-01-13,237,2,1,0,1,0.008438818565400843,8.438818565400844,0.004219409282700422,4.219409282700422,0.0,0.0,0.004219409282700422,4.219409282700422
2005-01-14,228,1,1,0,0,0.0043859649122807015,4.385964912280701,0.0043859649122807015,4.385964912280701,0.0,0.0,0.0,0.0
2005-01-15,120,1,1,0,0,0.008333333333333333,8.333333333333334,0.008333333333333333,8.333333333333334,0.0,0.0,0.0,0.0
2005-01-16,131,0,0,0,0,0.0,0.0,0.0,0.0,0.0,0.0,0.0,0.0
2005-01-17,238,0,0,0,0,0.0,0.0,0.0,0.0,0.0,0.0,0.0,0.0
2005-01-18,238,1,0,1,0,0.004201680672268907,4.201680672268908,0.0,0.0,0.004201680672268907,4.201680672268908,0.0,0.0
2005-01-19,240,2,2,0,0,0.008333333333333333,8.333333333333334,0.008333333333333333,8.333333333333334,0.0,0.0,0.0,0.0
2005-01-20,235,1,0,0,1,0.00425531914893617,4.25531914893617,0.0,0.0,0.0,0.0,0.00425531914893617,4.25531914893617
2005-01-21,219,1,1,0,0,0.0045662100456621,4.5662100456621,0.0045662100456621,4.5662100456621,0.0,0.0,0.0,0.0
2005-01-22,126,0,0,0,0,0.0,0.0,0.0,0.0,0.0,0.0,0.0,0.0
2005-01-23,145,1,0,1,0,0.006896551724137931,6.896551724137931,0.0,0.0,0.006896551724137931,6.896551724137931,0.0,0.0
2005-01-24,243,0,0,0,0,0.0,0.0,0.0,0.0,0.0,0.0,0.0,0.0
2005-01-25,241,0,0,0,0,0.0,0.0,0.0,0.0,0.0,0.0,0.0,0.0
2005-01-26,238,0,0,0,0,0.0,0.0,0.0,0.0,0.0,0.0,0.0,0.0
2005-01-27,246,0,0,0,0,0.0,0.0,0.0,0.0,0.0,0.0,0.0,0.0
2005-01-28,240,0,0,0,0,0.0,0.0,0.0,0.0,0.0,0.0,0.0,0.0
2005-01-29,125,1,0,1,0,0.008,8.0,0.0,0.0,0.008,8.0,0.0,0.0
2005-01-30,130,3,0,2,1,0.023076923076923078,23.076923076923077,0.0,0.0,0.015384615384615385,15.384615384615385,0.007692307692307693,7.6923076923076925
2005-01-31,240,1,0,0,1,0.004166666666666667,4.166666666666667,0.0,0.0,0.0,0.0,0.004166666666666667,4.166666666666667
2005-02-01,241,0,0,0,0,0.0,0.0,0.0,0.0,0.0,0.0,0.0,0.0
2005-02-02,241,2,0,1,1,0.008298755186721992,8.298755186721992,0.0,0.0,0.004149377593360996,4.149377593360996,0.004149377593360996,4.149377593360996
2005-02-03,241,1,0,0,1,0.004149377593360996,4.149377593360996,0.0,0.0,0.0,0.0,0.004149377593360996,4.149377593360996
2005-02-04,232,0,0,0,0,0.0,0.0,0.0,0.0,0.0,0.0,0.0,0.0
2005-02-05,118,1,0,1,0,0.00847457627118644,8.474576271186441,0.0,0.0,0.00847457627118644,8.474576271186441,0.0,0.0
2005-02-06,120,0,0,0,0,0.0,0.0,0.0,0.0,0.0,0.0,0.0,0.0
2005-02-07,238,0,0,0,0,0.0,0.0,0.0,0.0,0.0,0.0,0.0,0.0
2005-02-08,243,0,0,0,0,0.0,0.0,0.0,0.0,0.0,0.0,0.0,0.0
2005-02-09,238,0,0,0,0,0.0,0.0,0.0,0.0,0.0,0.0,0.0,0.0
2005-02-10,238,0,0,0,0,0.0,0.0,0.0,0.0,0.0,0.0,0.0,0.0
2005-02-11,236,0,0,0,0,0.0,0.0,0.0,0.0,0.0,0.0,0.0,0.0
2005-02-12,124,0,0,0,0,0.0,0.0,0.0,0.0,0.0,0.0,0.0,0.0
2005-02-13,125,0,0,0,0,0.0,0.0,0.0,0.0,0.0,0.0,0.0,0.0
2005-02-14,240,0,0,0,0,0.0,0.0,0.0,0.0,0.0,0.0,0.0,0.0
2005-02-15,233,1,0,1,0,0.004291845493562232,4.291845493562231,0.0,0.0,0.004291845493562232,4.291845493562231,0.0,0.0
2005-02-16,242,1,1,0,0,0.004132231404958678,4.132231404958678,0.004132231404958678,4.132231404958678,0.0,0.0,0.0,0.0
2005-02-17,239,1,0,1,0,0.0041841004184100415,4.184100418410042,0.0,0.0,0.0041841004184100415,4.184100418410042,0.0,0.0
2005-02-18,235,0,0,0,0,0.0,0.0,0.0,0.0,0.0,0.0,0.0,0.0
2005-02-19,114,0,0,0,0,0.0,0.0,0.0,0.0,0.0,0.0,0.0,0.0
2005-02-20,128,0,0,0,0,0.0,0.0,0.0,0.0,0.0,0.0,0.0,0.0
2005-02-21,227,1,0,1,0,0.004405286343612335,4.405286343612335,0.0,0.0,0.004405286343612335,4.405286343612335,0.0,0.0
2005-02-22,236,1,0,1,0,0.00423728813559322,4.237288135593221,0.0,0.0,0.00423728813559322,4.237288135593221,0.0,0.0
2005-02-23,237,3,3,0,0,0.012658227848101266,12.658227848101266,0.012658227848101266,12.658227848101266,0.0,0.0,0.0,0.0
2005-02-24,239,0,0,0,0,0.0,0.0,0.0,0.0,0.0,0.0,0.0,0.0
2005-02-25,238,0,0,0,0,0.0,0.0,0.0,0.0,0.0,0.0,0.0,0.0
2005-02-26,135,0,0,0,0,0.0,0.0,0.0,0.0,0.0,0.0,0.0,0.0
2005-02-27,128,0,0,0,0,0.0,0.0,0.0,0.0,0.0,0.0,0.0,0.0
2005-02-28,235,0,0,0,0,0.0,0.0,0.0,0.0,0.0,0.0,0.0,0.0
2005-03-01,232,2,0,0,2,0.008620689655172414,8.620689655172413,0.0,0.0,0.0,0.0,0.008620689655172414,8.620689655172413
2005-03-02,225,1,0,0,1,0.0044444444444444444,4.444444444444445,0.0,0.0,0.0,0.0,0.0044444444444444444,4.444444444444445
2005-03-03,234,0,0,0,0,0.0,0.0,0.0,0.0,0.0,0.0,0.0,0.0
2005-03-04,230,1,1,0,0,0.004347826086956522,4.3478260869565215,0.004347826086956522,4.3478260869565215,0.0,0.0,0.0,0.0
2005-03-05,130,1,1,1,0,0.007692307692307693,7.6923076923076925,0.007692307692307693,7.6923076923076925,0.007692307692307693,7.6923076923076925,0.0,0.0
2005-03-06,127,0,0,0,0,0.0,0.0,0.0,0.0,0.0,0.0,0.0,0.0
2005-03-07,237,2,1,1,1,0.008438818565400843,8.438818565400844,0.004219409282700422,4.219409282700422,0.004219409282700422,4.219409282700422,0.004219409282700422,4.219409282700422
2005-03-08,236,0,0,0,0,0.0,0.0,0.0,0.0,0.0,0.0,0.0,0.0
2005-03-09,231,0,0,0,0,0.0,0.0,0.0,0.0,0.0,0.0,0.0,0.0
2005-03-10,236,3,2,1,0,0.012711864406779662,12.711864406779663,0.00847457627118644,8.474576271186441,0.00423728813559322,4.237288135593221,0.0,0.0
2005-03-11,236,1,0,1,0,0.00423728813559322,4.237288135593221,0.0,0.0,0.00423728813559322,4.237288135593221,0.0,0.0
2005-03-12,119,0,0,0,0,0.0,0.0,0.0,0.0,0.0,0.0,0.0,0.0
2005-03-13,125,0,0,0,0,0.0,0.0,0.0,0.0,0.0,0.0,0.0,0.0
2005-03-14,235,0,0,0,0,0.0,0.0,0.0,0.0,0.0,0.0,0.0,0.0
2005-03-15,235,1,0,0,1,0.00425531914893617,4.25531914893617,0.0,0.0,0.0,0.0,0.00425531914893617,4.25531914893617
2005-03-16,238,1,0,1,0,0.004201680672268907,4.201680672268908,0.0,0.0,0.004201680672268907,4.201680672268908,0.0,0.0
2005-03-17,235,4,3,2,1,0.01702127659574468,17.02127659574468,0.01276595744680851,12.76595744680851,0.00851063829787234,8.51063829787234,0.00425531914893617,4.25531914893617
2005-03-18,235,1,0,0,1,0.00425531914893617,4.25531914893617,0.0,0.0,0.0,0.0,0.00425531914893617,4.25531914893617
2005-03-19,132,1,1,0,0,0.007575757575757576,7.575757575757576,0.007575757575757576,7.575757575757576,0.0,0.0,0.0,0.0
2005-03-20,129,1,1,0,0,0.007751937984496124,7.751937984496124,0.007751937984496124,7.751937984496124,0.0,0.0,0.0,0.0
2005-03-21,240,4,2,0,2,0.016666666666666666,16.666666666666668,0.008333333333333333,8.333333333333334,0.0,0.0,0.008333333333333333,8.333333333333334
2005-03-22,232,3,0,0,3,0.01293103448275862,12.931034482758621,0.0,0.0,0.0,0.0,0.01293103448275862,12.931034482758621
2005-03-23,237,1,0,0,1,0.004219409282700422,4.219409282700422,0.0,0.0,0.0,0.0,0.004219409282700422,4.219409282700422
2005-03-24,239,1,1,0,0,0.0041841004184100415,4.184100418410042,0.0041841004184100415,4.184100418410042,0.0,0.0,0.0,0.0
2005-03-25,118,0,0,0,0,0.0,0.0,0.0,0.0,0.0,0.0,0.0,0.0
2005-03-26,101,0,0,0,0,0.0,0.0,0.0,0.0,0.0,0.0,0.0,0.0
2005-03-27,120,0,0,0,0,0.0,0.0,0.0,0.0,0.0,0.0,0.0,0.0
2005-03-28,172,0,0,0,0,0.0,0.0,0.0,0.0,0.0,0.0,0.0,0.0
2005-03-29,230,2,2,0,0,0.008695652173913044,8.695652173913043,0.008695652173913044,8.695652173913043,0.0,0.0,0.0,0.0
2005-03-30,242,0,0,0,0,0.0,0.0,0.0,0.0,0.0,0.0,0.0,0.0
2005-03-31,235,0,0,0,0,0.0,0.0,0.0,0.0,0.0,0.0,0.0,0.0
2005-04-01,240,2,1,0,1,0.008333333333333333,8.333333333333334,0.004166666666666667,4.166666666666667,0.0,0.0,0.004166666666666667,4.166666666666667
2005-04-02,120,1,1,0,0,0.008333333333333333,8.333333333333334,0.008333333333333333,8.333333333333334,0.0,0.0,0.0,0.0
2005-04-03,119,0,0,0,0,0.0,0.0,0.0,0.0,0.0,0.0,0.0,0.0
2005-04-04,237,1,1,0,0,0.004219409282700422,4.219409282700422,0.004219409282700422,4.219409282700422,0.0,0.0,0.0,0.0
2005-04-05,233,3,0,1,2,0.012875536480686695,12.875536480686696,0.0,0.0,0.004291845493562232,4.291845493562231,0.008583690987124463,8.583690987124463
2005-04-06,240,1,0,0,1,0.004166666666666667,4.166666666666667,0.0,0.0,0.0,0.0,0.004166666666666667,4.166666666666667
2005-04-07,234,2,0,0,2,0.008547008547008548,8.547008547008549,0.0,0.0,0.0,0.0,0.008547008547008548,8.547008547008549
2005-04-08,234,3,0,0,3,0.01282051282051282,12.82051282051282,0.0,0.0,0.0,0.0,0.01282051282051282,12.82051282051282
2005-04-09,130,2,1,1,0,0.015384615384615385,15.384615384615385,0.007692307692307693,7.6923076923076925,0.007692307692307693,7.6923076923076925,0.0,0.0
2005-04-10,117,5,2,2,2,0.042735042735042736,42.73504273504273,0.017094017094017096,17.094017094017097,0.017094017094017096,17.094017094017097,0.017094017094017096,17.094017094017097
2005-04-11,236,4,0,0,4,0.01694915254237288,16.949152542372882,0.0,0.0,0.0,0.0,0.01694915254237288,16.949152542372882
2005-04-12,235,4,0,1,3,0.01702127659574468,17.02127659574468,0.0,0.0,0.00425531914893617,4.25531914893617,0.01276595744680851,12.76595744680851
2005-04-13,242,4,0,3,1,0.01652892561983471,16.528925619834713,0.0,0.0,0.012396694214876033,12.396694214876034,0.004132231404958678,4.132231404958678
2005-04-14,245,0,0,0,0,0.0,0.0,0.0,0.0,0.0,0.0,0.0,0.0
2005-04-15,240,1,0,0,1,0.004166666666666667,4.166666666666667,0.0,0.0,0.0,0.0,0.004166666666666667,4.166666666666667
2005-04-16,124,0,0,0,0,0.0,0.0,0.0,0.0,0.0,0.0,0.0,0.0
2005-04-17,113,1,0,0,1,0.008849557522123894,8.849557522123893,0.0,0.0,0.0,0.0,0.008849557522123894,8.849557522123893
2005-04-18,238,0,0,0,0,0.0,0.0,0.0,0.0,0.0,0.0,0.0,0.0
2005-04-19,234,2,0,0,2,0.008547008547008548,8.547008547008549,0.0,0.0,0.0,0.0,0.008547008547008548,8.547008547008549
2005-04-20,234,0,0,0,0,0.0,0.0,0.0,0.0,0.0,0.0,0.0,0.0
2005-04-21,238,0,0,0,0,0.0,0.0,0.0,0.0,0.0,0.0,0.0,0.0
2005-04-22,243,2,0,0,2,0.00823045267489712,8.23045267489712,0.0,0.0,0.0,0.0,0.00823045267489712,8.23045267489712
2005-04-23,96,0,0,0,0,0.0,0.0,0.0,0.0,0.0,0.0,0.0,0.0
2005-04-24,107,0,0,0,0,0.0,0.0,0.0,0.0,0.0,0.0,0.0,0.0
2005-04-25,236,1,1,1,0,0.00423728813559322,4.237288135593221,0.00423728813559322,4.237288135593221,0.00423728813559322,4.237288135593221,0.0,0.0
2005-04-26,233,1,1,1,0,0.004291845493562232,4.291845493562231,0.004291845493562232,4.291845493562231,0.004291845493562232,4.291845493562231,0.0,0.0
2005-04-27,236,1,1,0,0,0.00423728813559322,4.237288135593221,0.00423728813559322,4.237288135593221,0.0,0.0,0.0,0.0
2005-04-28,243,2,1,0,1,0.00823045267489712,8.23045267489712,0.00411522633744856,4.11522633744856,0.0,0.0,0.00411522633744856,4.11522633744856
2005-04-30,124,1,1,0,0,0.008064516129032258,8.064516129032258,0.008064516129032258,8.064516129032258,0.0,0.0,0.0,0.0
2005-05-01,109,0,0,0,0,0.0,0.0,0.0,0.0,0.0,0.0,0.0,0.0
2005-05-02,236,0,0,0,0,0.0,0.0,0.0,0.0,0.0,0.0,0.0,0.0
2005-05-03,237,0,0,0,0,0.0,0.0,0.0,0.0,0.0,0.0,0.0,0.0
2005-05-04,235,0,0,0,0,0.0,0.0,0.0,0.0,0.0,0.0,0.0,0.0
2005-05-05,235,1,1,0,0,0.00425531914893617,4.25531914893617,0.00425531914893617,4.25531914893617,0.0,0.0,0.0,0.0
2005-05-06,233,1,0,0,1,0.004291845493562232,4.291845493562231,0.0,0.0,0.0,0.0,0.004291845493562232,4.291845493562231
2005-05-07,126,0,0,0,0,0.0,0.0,0.0,0.0,0.0,0.0,0.0,0.0
2005-05-08,127,1,0,1,0,0.007874015748031496,7.874015748031496,0.0,0.0,0.007874015748031496,7.874015748031496,0.0,0.0
2005-05-09,242,1,0,1,0,0.004132231404958678,4.132231404958678,0.0,0.0,0.004132231404958678,4.132231404958678,0.0,0.0
2005-05-10,232,0,0,0,0,0.0,0.0,0.0,0.0,0.0,0.0,0.0,0.0
2005-05-11,233,2,2,0,0,0.008583690987124463,8.583690987124463,0.008583690987124463,8.583690987124463,0.0,0.0,0.0,0.0
2005-05-12,241,1,0,1,0,0.004149377593360996,4.149377593360996,0.0,0.0,0.004149377593360996,4.149377593360996,0.0,0.0
2005-05-13,242,0,0,0,0,0.0,0.0,0.0,0.0,0.0,0.0,0.0,0.0
2005-05-14,118,0,0,0,0,0.0,0.0,0.0,0.0,0.0,0.0,0.0,0.0
2005-05-15,123,0,0,0,0,0.0,0.0,0.0,0.0,0.0,0.0,0.0,0.0
2005-05-16,236,0,0,0,0,0.0,0.0,0.0,0.0,0.0,0.0,0.0,0.0
2005-05-17,235,1,1,0,0,0.00425531914893617,4.25531914893617,0.00425531914893617,4.25531914893617,0.0,0.0,0.0,0.0
2005-05-18,240,1,0,0,1,0.004166666666666667,4.166666666666667,0.0,0.0,0.0,0.0,0.004166666666666667,4.166666666666667
2005-05-19,241,1,1,0,0,0.004149377593360996,4.149377593360996,0.004149377593360996,4.149377593360996,0.0,0.0,0.0,0.0
2005-05-20,235,1,0,1,0,0.00425531914893617,4.25531914893617,0.0,0.0,0.00425531914893617,4.25531914893617,0.0,0.0
2005-05-21,128,0,0,0,0,0.0,0.0,0.0,0.0,0.0,0.0,0.0,0.0
2005-05-22,120,0,0,0,0,0.0,0.0,0.0,0.0,0.0,0.0,0.0,0.0
2005-05-23,238,1,0,1,0,0.004201680672268907,4.201680672268908,0.0,0.0,0.004201680672268907,4.201680672268908,0.0,0.0
2005-05-24,238,0,0,0,0,0.0,0.0,0.0,0.0,0.0,0.0,0.0,0.0
2005-05-25,235,0,0,0,0,0.0,0.0,0.0,0.0,0.0,0.0,0.0,0.0
2005-05-26,238,0,0,0,0,0.0,0.0,0.0,0.0,0.0,0.0,0.0,0.0
2005-05-27,235,0,0,0,0,0.0,0.0,0.0,0.0,0.0,0.0,0.0,0.0
2005-05-28,128,0,0,0,0,0.0,0.0,0.0,0.0,0.0,0.0,0.0,0.0
2005-05-29,122,0,0,0,0,0.0,0.0,0.0,0.0,0.0,0.0,0.0,0.0
2005-05-30,242,3,0,1,2,0.012396694214876033,12.396694214876034,0.0,0.0,0.004132231404958678,4.132231404958678,0.008264462809917356,8.264462809917356
2005-05-31,235,0,0,0,0,0.0,0.0,0.0,0.0,0.0,0.0,0.0,0.0
2005-06-01,243,0,0,0,0,0.0,0.0,0.0,0.0,0.0,0.0,0.0,0.0
2005-06-02,238,1,1,0,0,0.004201680672268907,4.201680672268908,0.004201680672268907,4.201680672268908,0.0,0.0,0.0,0.0
2005-06-03,235,1,1,0,0,0.00425531914893617,4.25531914893617,0.00425531914893617,4.25531914893617,0.0,0.0,0.0,0.0
2005-06-04,120,1,1,0,0,0.008333333333333333,8.333333333333334,0.008333333333333333,8.333333333333334,0.0,0.0,0.0,0.0
2005-06-05,118,0,0,0,0,0.0,0.0,0.0,0.0,0.0,0.0,0.0,0.0
2005-06-06,231,0,0,0,0,0.0,0.0,0.0,0.0,0.0,0.0,0.0,0.0
2005-06-07,235,1,0,0,1,0.00425531914893617,4.25531914893617,0.0,0.0,0.0,0.0,0.00425531914893617,4.25531914893617
2005-06-08,234,0,0,0,0,0.0,0.0,0.0,0.0,0.0,0.0,0.0,0.0
2005-06-09,239,0,0,0,0,0.0,0.0,0.0,0.0,0.0,0.0,0.0,0.0
2005-06-10,232,1,0,0,1,0.004310344827586207,4.310344827586206,0.0,0.0,0.0,0.0,0.004310344827586207,4.310344827586206
2005-06-11,136,0,0,0,0,0.0,0.0,0.0,0.0,0.0,0.0,0.0,0.0
2005-06-12,131,0,0,0,0,0.0,0.0,0.0,0.0,0.0,0.0,0.0,0.0
2005-06-13,236,0,0,0,0,0.0,0.0,0.0,0.0,0.0,0.0,0.0,0.0
2005-06-14,237,1,1,0,0,0.004219409282700422,4.219409282700422,0.004219409282700422,4.219409282700422,0.0,0.0,0.0,0.0
2005-06-15,239,0,0,0,0,0.0,0.0,0.0,0.0,0.0,0.0,0.0,0.0
2005-06-16,242,3,0,2,2,0.012396694214876033,12.396694214876034,0.0,0.0,0.008264462809917356,8.264462809917356,0.008264462809917356,8.264462809917356
2005-06-17,239,0,0,0,0,0.0,0.0,0.0,0.0,0.0,0.0,0.0,0.0
2005-06-18,127,1,1,0,0,0.007874015748031496,7.874015748031496,0.007874015748031496,7.874015748031496,0.0,0.0,0.0,0.0
2005-06-19,104,0,0,0,0,0.0,0.0,0.0,0.0,0.0,0.0,0.0,0.0
2005-06-20,237,3,1,0,2,0.012658227848101266,12.658227848101266,0.004219409282700422,4.219409282700422,0.0,0.0,0.008438818565400843,8.438818565400844
2005-06-21,240,4,2,0,2,0.016666666666666666,16.666666666666668,0.008333333333333333,8.333333333333334,0.0,0.0,0.008333333333333333,8.333333333333334
2005-06-22,235,2,2,1,0,0.00851063829787234,8.51063829787234,0.00851063829787234,8.51063829787234,0.00425531914893617,4.25531914893617,0.0,0.0
2005-06-23,240,0,0,0,0,0.0,0.0,0.0,0.0,0.0,0.0,0.0,0.0
2005-06-24,238,2,2,0,0,0.008403361344537815,8.403361344537815,0.008403361344537815,8.403361344537815,0.0,0.0,0.0,0.0
2005-06-25,128,7,5,0,3,0.0546875,54.6875,0.0390625,39.0625,0.0,0.0,0.0234375,23.4375
2005-06-26,141,2,0,0,2,0.014184397163120567,14.184397163120567,0.0,0.0,0.0,0.0,0.014184397163120567,14.184397163120567
2005-06-27,226,2,2,0,0,0.008849557522123894,8.849557522123893,0.008849557522123894,8.849557522123893,0.0,0.0,0.0,0.0
2005-06-28,239,3,1,0,2,0.012552301255230125,12.552301255230125,0.0041841004184100415,4.184100418410042,0.0,0.0,0.008368200836820083,8.368200836820083
2005-06-29,236,2,1,0,1,0.00847457627118644,8.474576271186441,0.00423728813559322,4.237288135593221,0.0,0.0,0.00423728813559322,4.237288135593221
2005-06-30,242,1,0,1,0,0.004132231404958678,4.132231404958678,0.0,0.0,0.004132231404958678,4.132231404958678,0.0,0.0
2005-07-01,230,0,0,0,0,0.0,0.0,0.0,0.0,0.0,0.0,0.0,0.0
2005-07-02,118,0,0,0,0,0.0,0.0,0.0,0.0,0.0,0.0,0.0,0.0
2005-07-03,128,0,0,0,0,0.0,0.0,0.0,0.0,0.0,0.0,0.0,0.0
2005-07-04,217,1,0,0,1,0.004608294930875576,4.608294930875576,0.0,0.0,0.0,0.0,0.004608294930875576,4.608294930875576
2005-07-05,238,0,0,0,0,0.0,0.0,0.0,0.0,0.0,0.0,0.0,0.0
2005-07-06,235,2,1,1,0,0.00851063829787234,8.51063829787234,0.00425531914893617,4.25531914893617,0.00425531914893617,4.25531914893617,0.0,0.0
2005-07-07,239,4,4,0,0,0.016736401673640166,16.736401673640167,0.016736401673640166,16.736401673640167,0.0,0.0,0.0,0.0
2005-07-08,238,0,0,0,0,0.0,0.0,0.0,0.0,0.0,0.0,0.0,0.0
2005-07-09,118,0,0,0,0,0.0,0.0,0.0,0.0,0.0,0.0,0.0,0.0
2005-07-10,119,0,0,0,0,0.0,0.0,0.0,0.0,0.0,0.0,0.0,0.0
2005-07-11,228,0,0,0,0,0.0,0.0,0.0,0.0,0.0,0.0,0.0,0.0
2005-07-12,244,3,1,0,2,0.012295081967213115,12.295081967213115,0.004098360655737705,4.0983606557377055,0.0,0.0,0.00819672131147541,8.196721311475411
2005-07-13,239,1,1,0,0,0.0041841004184100415,4.184100418410042,0.0041841004184100415,4.184100418410042,0.0,0.0,0.0,0.0
2005-07-14,231,0,0,0,0,0.0,0.0,0.0,0.0,0.0,0.0,0.0,0.0
2005-07-15,240,0,0,0,0,0.0,0.0,0.0,0.0,0.0,0.0,0.0,0.0
2005-07-16,124,1,0,1,1,0.008064516129032258,8.064516129032258,0.0,0.0,0.008064516129032258,8.064516129032258,0.008064516129032258,8.064516129032258
2005-07-17,125,0,0,0,0,0.0,0.0,0.0,0.0,0.0,0.0,0.0,0.0
2005-07-18,230,2,0,0,2,0.008695652173913044,8.695652173913043,0.0,0.0,0.0,0.0,0.008695652173913044,8.695652173913043
2005-07-19,238,1,0,0,1,0.004201680672268907,4.201680672268908,0.0,0.0,0.0,0.0,0.004201680672268907,4.201680672268908
2005-07-20,237,2,1,0,1,0.008438818565400843,8.438818565400844,0.004219409282700422,4.219409282700422,0.0,0.0,0.004219409282700422,4.219409282700422
2005-07-21,208,1,0,1,0,0.004807692307692308,4.807692307692308,0.0,0.0,0.004807692307692308,4.807692307692308,0.0,0.0
2005-07-22,243,2,0,1,1,0.00823045267489712,8.23045267489712,0.0,0.0,0.00411522633744856,4.11522633744856,0.00411522633744856,4.11522633744856
2005-07-23,126,1,1,0,0,0.007936507936507936,7.936507936507936,0.007936507936507936,7.936507936507936,0.0,0.0,0.0,0.0
2005-07-24,123,0,0,0,0,0.0,0.0,0.0,0.0,0.0,0.0,0.0,0.0
2005-07-25,232,2,1,0,1,0.008620689655172414,8.620689655172413,0.004310344827586207,4.310344827586206,0.0,0.0,0.004310344827586207,4.310344827586206
2005-07-26,239,0,0,0,0,0.0,0.0,0.0,0.0,0.0,0.0,0.0,0.0
2005-07-27,240,0,0,0,0,0.0,0.0,0.0,0.0,0.0,0.0,0.0,0.0
2005-07-28,243,0,0,0,0,0.0,0.0,0.0,0.0,0.0,0.0,0.0,0.0
2005-07-29,237,0,0,0,0,0.0,0.0,0.0,0.0,0.0,0.0,0.0,0.0
2005-07-30,129,1,1,0,0,0.007751937984496124,7.751937984496124,0.007751937984496124,7.751937984496124,0.0,0.0,0.0,0.0
2005-07-31,117,0,0,0,0,0.0,0.0,0.0,0.0,0.0,0.0,0.0,0.0
2005-08-01,236,1,1,0,0,0.00423728813559322,4.237288135593221,0.00423728813559322,4.237288135593221,0.0,0.0,0.0,0.0
2005-08-02,237,1,1,0,0,0.004219409282700422,4.219409282700422,0.004219409282700422,4.219409282700422,0.0,0.0,0.0,0.0
2005-08-03,236,0,0,0,0,0.0,0.0,0.0,0.0,0.0,0.0,0.0,0.0
2005-08-04,236,1,1,0,0,0.00423728813559322,4.237288135593221,0.00423728813559322,4.237288135593221,0.0,0.0,0.0,0.0
2005-08-05,237,0,0,0,0,0.0,0.0,0.0,0.0,0.0,0.0,0.0,0.0
2005-08-06,134,0,0,0,0,0.0,0.0,0.0,0.0,0.0,0.0,0.0,0.0
2005-08-07,145,0,0,0,0,0.0,0.0,0.0,0.0,0.0,0.0,0.0,0.0
2005-08-08,234,2,1,0,1,0.008547008547008548,8.547008547008549,0.004273504273504274,4.273504273504274,0.0,0.0,0.004273504273504274,4.273504273504274
2005-08-09,232,1,0,0,1,0.004310344827586207,4.310344827586206,0.0,0.0,0.0,0.0,0.004310344827586207,4.310344827586206
2005-08-10,236,1,0,0,1,0.00423728813559322,4.237288135593221,0.0,0.0,0.0,0.0,0.00423728813559322,4.237288135593221
2005-08-11,237,1,1,0,0,0.004219409282700422,4.219409282700422,0.004219409282700422,4.219409282700422,0.0,0.0,0.0,0.0
2005-08-12,235,2,1,0,1,0.00851063829787234,8.51063829787234,0.00425531914893617,4.25531914893617,0.0,0.0,0.00425531914893617,4.25531914893617
2005-08-13,105,1,1,0,0,0.009523809523809525,9.523809523809526,0.009523809523809525,9.523809523809526,0.0,0.0,0.0,0.0
2005-08-14,108,0,0,0,0,0.0,0.0,0.0,0.0,0.0,0.0,0.0,0.0
2005-08-15,241,3,1,0,2,0.012448132780082987,12.448132780082986,0.004149377593360996,4.149377593360996,0.0,0.0,0.008298755186721992,8.298755186721992
2005-08-16,238,1,0,0,1,0.004201680672268907,4.201680672268908,0.0,0.0,0.0,0.0,0.004201680672268907,4.201680672268908
2005-08-17,235,2,0,0,2,0.00851063829787234,8.51063829787234,0.0,0.0,0.0,0.0,0.00851063829787234,8.51063829787234
2005-08-18,239,3,0,1,2,0.012552301255230125,12.552301255230125,0.0,0.0,0.0041841004184100415,4.184100418410042,0.008368200836820083,8.368200836820083
2005-08-19,237,1,1,0,0,0.004219409282700422,4.219409282700422,0.004219409282700422,4.219409282700422,0.0,0.0,0.0,0.0
2005-08-20,119,1,1,0,0,0.008403361344537815,8.403361344537815,0.008403361344537815,8.403361344537815,0.0,0.0,0.0,0.0
2005-08-21,133,0,0,0,0,0.0,0.0,0.0,0.0,0.0,0.0,0.0,0.0
2005-08-22,232,1,0,0,1,0.004310344827586207,4.310344827586206,0.0,0.0,0.0,0.0,0.004310344827586207,4.310344827586206
2005-08-23,234,2,1,0,1,0.008547008547008548,8.547008547008549,0.004273504273504274,4.273504273504274,0.0,0.0,0.004273504273504274,4.273504273504274
2005-08-24,237,1,0,0,1,0.004219409282700422,4.219409282700422,0.0,0.0,0.0,0.0,0.004219409282700422,4.219409282700422
2005-08-25,230,0,0,0,0,0.0,0.0,0.0,0.0,0.0,0.0,0.0,0.0
2005-08-26,229,0,0,0,0,0.0,0.0,0.0,0.0,0.0,0.0,0.0,0.0
2005-08-27,120,3,1,1,1,0.025,25.0,0.008333333333333333,8.333333333333334,0.008333333333333333,8.333333333333334,0.008333333333333333,8.333333333333334
2005-08-28,128,1,0,1,0,0.0078125,7.8125,0.0,0.0,0.0078125,7.8125,0.0,0.0
2005-08-29,235,3,2,1,0,0.01276595744680851,12.76595744680851,0.00851063829787234,8.51063829787234,0.00425531914893617,4.25531914893617,0.0,0.0
2005-08-30,206,5,2,3,1,0.024271844660194174,24.271844660194173,0.009708737864077669,9.70873786407767,0.014563106796116505,14.563106796116505,0.0048543689320388345,4.854368932038835
2005-08-31,230,6,5,1,0,0.02608695652173913,26.08695652173913,0.021739130434782608,21.73913043478261,0.004347826086956522,4.3478260869565215,0.0,0.0
2005-09-01,235,5,0,1,4,0.02127659574468085,21.27659574468085,0.0,0.0,0.00425531914893617,4.25531914893617,0.01702127659574468,17.02127659574468
2005-09-02,235,4,0,1,3,0.01702127659574468,17.02127659574468,0.0,0.0,0.00425531914893617,4.25531914893617,0.01276595744680851,12.76595744680851
2005-09-03,110,1,1,0,0,0.00909090909090909,9.09090909090909,0.00909090909090909,9.09090909090909,0.0,0.0,0.0,0.0
2005-09-04,114,1,0,0,1,0.008771929824561403,8.771929824561402,0.0,0.0,0.0,0.0,0.008771929824561403,8.771929824561402
2005-09-05,241,6,1,0,5,0.024896265560165973,24.896265560165972,0.004149377593360996,4.149377593360996,0.0,0.0,0.02074688796680498,20.74688796680498
2005-09-06,231,1,0,0,1,0.004329004329004329,4.329004329004329,0.0,0.0,0.0,0.0,0.004329004329004329,4.329004329004329
2005-09-07,233,6,0,0,6,0.02575107296137339,25.751072961373392,0.0,0.0,0.0,0.0,0.02575107296137339,25.751072961373392
2005-09-08,229,6,2,0,4,0.026200873362445413,26.200873362445414,0.008733624454148471,8.73362445414847,0.0,0.0,0.017467248908296942,17.46724890829694
2005-09-09,236,5,0,0,5,0.0211864406779661,21.1864406779661,0.0,0.0,0.0,0.0,0.0211864406779661,21.1864406779661
2005-09-10,128,1,0,0,1,0.0078125,7.8125,0.0,0.0,0.0,0.0,0.0078125,7.8125
2005-09-11,123,2,0,0,2,0.016260162601626018,16.260162601626018,0.0,0.0,0.0,0.0,0.016260162601626018,16.260162601626018
2005-09-12,235,6,0,1,5,0.02553191489361702,25.53191489361702,0.0,0.0,0.00425531914893617,4.25531914893617,0.02127659574468085,21.27659574468085
2005-09-13,238,5,1,0,4,0.02100840336134454,21.008403361344538,0.004201680672268907,4.201680672268908,0.0,0.0,0.01680672268907563,16.80672268907563
2005-09-14,230,6,1,1,4,0.02608695652173913,26.08695652173913,0.004347826086956522,4.3478260869565215,0.004347826086956522,4.3478260869565215,0.017391304347826087,17.391304347826086
2005-09-15,234,2,1,0,1,0.008547008547008548,8.547008547008549,0.004273504273504274,4.273504273504274,0.0,0.0,0.004273504273504274,4.273504273504274
2005-09-16,237,5,1,0,4,0.02109704641350211,21.09704641350211,0.004219409282700422,4.219409282700422,0.0,0.0,0.016877637130801686,16.877637130801688
2005-09-17,136,1,1,0,0,0.007352941176470588,7.352941176470588,0.007352941176470588,7.352941176470588,0.0,0.0,0.0,0.0
2005-09-18,130,1,1,1,0,0.007692307692307693,7.6923076923076925,0.007692307692307693,7.6923076923076925,0.007692307692307693,7.6923076923076925,0.0,0.0
2005-09-19,239,5,1,0,4,0.02092050209205021,20.920502092050206,0.0041841004184100415,4.184100418410042,0.0,0.0,0.016736401673640166,16.736401673640167
2005-09-20,239,9,1,1,7,0.03765690376569038,37.65690376569038,0.0041841004184100415,4.184100418410042,0.0041841004184100415,4.184100418410042,0.029288702928870293,29.288702928870293
2005-09-21,241,5,0,1,4,0.02074688796680498,20.74688796680498,0.0,0.0,0.004149377593360996,4.149377593360996,0.016597510373443983,16.597510373443985
2005-09-22,244,8,0,1,7,0.03278688524590164,32.786885245901644,0.0,0.0,0.004098360655737705,4.0983606557377055,0.028688524590163935,28.688524590163937
2005-09-23,232,7,0,1,6,0.03017241379310345,30.17241379310345,0.0,0.0,0.004310344827586207,4.310344827586206,0.02586206896551724,25.862068965517242
2005-09-24,124,3,1,1,1,0.024193548387096774,24.193548387096772,0.008064516129032258,8.064516129032258,0.008064516129032258,8.064516129032258,0.008064516129032258,8.064516129032258
2005-09-25,102,1,0,0,1,0.00980392156862745,9.803921568627452,0.0,0.0,0.0,0.0,0.00980392156862745,9.803921568627452
2005-09-26,215,4,1,0,3,0.018604651162790697,18.6046511627907,0.004651162790697674,4.651162790697675,0.0,0.0,0.013953488372093023,13.953488372093023
2005-09-27,239,3,2,0,1,0.012552301255230125,12.552301255230125,0.008368200836820083,8.368200836820083,0.0,0.0,0.0041841004184100415,4.184100418410042
2005-09-28,237,4,1,0,3,0.016877637130801686,16.877637130801688,0.004219409282700422,4.219409282700422,0.0,0.0,0.012658227848101266,12.658227848101266
2005-09-29,239,2,0,0,2,0.008368200836820083,8.368200836820083,0.0,0.0,0.0,0.0,0.008368200836820083,8.368200836820083
2005-09-30,241,4,0,0,4,0.016597510373443983,16.597510373443985,0.0,0.0,0.0,0.0,0.016597510373443983,16.597510373443985
2005-10-01,116,2,0,0,2,0.017241379310344827,17.241379310344826,0.0,0.0,0.0,0.0,0.017241379310344827,17.241379310344826
2005-10-02,113,2,0,2,0,0.017699115044247787,17.699115044247787,0.0,0.0,0.017699115044247787,17.699115044247787,0.0,0.0
2005-10-03,236,1,0,0,1,0.00423728813559322,4.237288135593221,0.0,0.0,0.0,0.0,0.00423728813559322,4.237288135593221
2005-10-04,240,1,0,0,1,0.004166666666666667,4.166666666666667,0.0,0.0,0.0,0.0,0.004166666666666667,4.166666666666667
2005-10-05,238,5,0,2,3,0.02100840336134454,21.008403361344538,0.0,0.0,0.008403361344537815,8.403361344537815,0.012605042016806723,12.605042016806722
2005-10-06,234,0,0,0,0,0.0,0.0,0.0,0.0,0.0,0.0,0.0,0.0
2005-10-07,238,2,1,0,1,0.008403361344537815,8.403361344537815,0.004201680672268907,4.201680672268908,0.0,0.0,0.004201680672268907,4.201680672268908
2005-10-08,118,0,0,0,0,0.0,0.0,0.0,0.0,0.0,0.0,0.0,0.0
2005-10-09,94,0,0,0,0,0.0,0.0,0.0,0.0,0.0,0.0,0.0,0.0
2005-10-10,238,3,0,2,1,0.012605042016806723,12.605042016806722,0.0,0.0,0.008403361344537815,8.403361344537815,0.004201680672268907,4.201680672268908
2005-10-11,234,1,1,0,0,0.004273504273504274,4.273504273504274,0.004273504273504274,4.273504273504274,0.0,0.0,0.0,0.0
2005-10-12,235,3,1,0,2,0.01276595744680851,12.76595744680851,0.00425531914893617,4.25531914893617,0.0,0.0,0.00851063829787234,8.51063829787234
2005-10-13,235,1,0,0,1,0.00425531914893617,4.25531914893617,0.0,0.0,0.0,0.0,0.00425531914893617,4.25531914893617
2005-10-14,234,0,0,0,0,0.0,0.0,0.0,0.0,0.0,0.0,0.0,0.0
2005-10-15,119,0,0,0,0,0.0,0.0,0.0,0.0,0.0,0.0,0.0,0.0
2005-10-16,113,1,1,0,0,0.008849557522123894,8.849557522123893,0.008849557522123894,8.849557522123893,0.0,0.0,0.0,0.0
2005-10-17,224,1,0,0,1,0.004464285714285714,4.464285714285714,0.0,0.0,0.0,0.0,0.004464285714285714,4.464285714285714
2005-10-18,236,4,2,0,2,0.01694915254237288,16.949152542372882,0.00847457627118644,8.474576271186441,0.0,0.0,0.00847457627118644,8.474576271186441
2005-10-19,233,0,0,0,0,0.0,0.0,0.0,0.0,0.0,0.0,0.0,0.0
2005-10-20,237,0,0,0,0,0.0,0.0,0.0,0.0,0.0,0.0,0.0,0.0
2005-10-21,236,0,0,0,0,0.0,0.0,0.0,0.0,0.0,0.0,0.0,0.0
2005-10-22,141,0,0,0,0,0.0,0.0,0.0,0.0,0.0,0.0,0.0,0.0
2005-10-23,131,0,0,0,0,0.0,0.0,0.0,0.0,0.0,0.0,0.0,0.0
2005-10-24,234,0,0,0,0,0.0,0.0,0.0,0.0,0.0,0.0,0.0,0.0
2005-10-25,240,0,0,0,0,0.0,0.0,0.0,0.0,0.0,0.0,0.0,0.0
2005-10-26,229,2,1,0,1,0.008733624454148471,8.73362445414847,0.004366812227074236,4.366812227074235,0.0,0.0,0.004366812227074236,4.366812227074235
2005-10-27,230,0,0,0,0,0.0,0.0,0.0,0.0,0.0,0.0,0.0,0.0
2005-10-28,237,0,0,0,0,0.0,0.0,0.0,0.0,0.0,0.0,0.0,0.0
2005-10-29,141,0,0,0,0,0.0,0.0,0.0,0.0,0.0,0.0,0.0,0.0
2005-10-30,83,0,0,0,0,0.0,0.0,0.0,0.0,0.0,0.0,0.0,0.0
2005-10-31,227,1,1,1,0,0.004405286343612335,4.405286343612335,0.004405286343612335,4.405286343612335,0.004405286343612335,4.405286343612335,0.0,0.0
2005-11-01,219,3,1,0,2,0.0136986301369863,13.698630136986301,0.0045662100456621,4.5662100456621,0.0,0.0,0.0091324200913242,9.1324200913242
2005-11-02,235,0,0,0,0,0.0,0.0,0.0,0.0,0.0,0.0,0.0,0.0
2005-11-03,239,3,0,0,3,0.012552301255230125,12.552301255230125,0.0,0.0,0.0,0.0,0.012552301255230125,12.552301255230125
2005-11-04,241,3,0,2,1,0.012448132780082987,12.448132780082986,0.0,0.0,0.008298755186721992,8.298755186721992,0.004149377593360996,4.149377593360996
2005-11-05,126,0,0,0,0,0.0,0.0,0.0,0.0,0.0,0.0,0.0,0.0
2005-11-06,123,0,0,0,0,0.0,0.0,0.0,0.0,0.0,0.0,0.0,0.0
2005-11-07,227,0,0,0,0,0.0,0.0,0.0,0.0,0.0,0.0,0.0,0.0
2005-11-08,234,1,1,0,0,0.004273504273504274,4.273504273504274,0.004273504273504274,4.273504273504274,0.0,0.0,0.0,0.0
2005-11-09,233,1,0,0,1,0.004291845493562232,4.291845493562231,0.0,0.0,0.0,0.0,0.004291845493562232,4.291845493562231
2005-11-10,236,1,0,0,1,0.00423728813559322,4.237288135593221,0.0,0.0,0.0,0.0,0.00423728813559322,4.237288135593221
2005-11-11,237,0,0,0,0,0.0,0.0,0.0,0.0,0.0,0.0,0.0,0.0
2005-11-12,126,1,0,1,0,0.007936507936507936,7.936507936507936,0.0,0.0,0.007936507936507936,7.936507936507936,0.0,0.0
2005-11-13,122,0,0,0,0,0.0,0.0,0.0,0.0,0.0,0.0,0.0,0.0
2005-11-14,238,0,0,0,0,0.0,0.0,0.0,0.0,0.0,0.0,0.0,0.0
2005-11-15,239,0,0,0,0,0.0,0.0,0.0,0.0,0.0,0.0,0.0,0.0
2005-11-16,235,0,0,0,0,0.0,0.0,0.0,0.0,0.0,0.0,0.0,0.0
2005-11-17,235,1,1,0,0,0.00425531914893617,4.25531914893617,0.00425531914893617,4.25531914893617,0.0,0.0,0.0,0.0
2005-11-18,238,0,0,0,0,0.0,0.0,0.0,0.0,0.0,0.0,0.0,0.0
2005-11-19,139,1,1,0,0,0.007194244604316547,7.194244604316547,0.007194244604316547,7.194244604316547,0.0,0.0,0.0,0.0
2005-11-20,134,1,0,1,0,0.007462686567164179,7.462686567164179,0.0,0.0,0.007462686567164179,7.462686567164179,0.0,0.0
2005-11-21,236,0,0,0,0,0.0,0.0,0.0,0.0,0.0,0.0,0.0,0.0
2005-11-22,237,1,0,1,0,0.004219409282700422,4.219409282700422,0.0,0.0,0.004219409282700422,4.219409282700422,0.0,0.0
2005-11-23,234,1,0,1,0,0.004273504273504274,4.273504273504274,0.0,0.0,0.004273504273504274,4.273504273504274,0.0,0.0
2005-11-24,233,1,0,0,1,0.004291845493562232,4.291845493562231,0.0,0.0,0.0,0.0,0.004291845493562232,4.291845493562231
2005-11-25,234,1,0,1,0,0.004273504273504274,4.273504273504274,0.0,0.0,0.004273504273504274,4.273504273504274,0.0,0.0
2005-11-26,121,0,0,0,0,0.0,0.0,0.0,0.0,0.0,0.0,0.0,0.0
2005-11-27,118,0,0,0,0,0.0,0.0,0.0,0.0,0.0,0.0,0.0,0.0
2005-11-28,236,0,0,0,0,0.0,0.0,0.0,0.0,0.0,0.0,0.0,0.0
2005-11-29,233,2,0,0,2,0.008583690987124463,8.583690987124463,0.0,0.0,0.0,0.0,0.008583690987124463,8.583690987124463
2005-11-30,238,0,0,0,0,0.0,0.0,0.0,0.0,0.0,0.0,0.0,0.0
2005-12-01,234,0,0,0,0,0.0,0.0,0.0,0.0,0.0,0.0,0.0,0.0
2005-12-02,232,0,0,0,0,0.0,0.0,0.0,0.0,0.0,0.0,0.0,0.0
2005-12-03,125,0,0,0,0,0.0,0.0,0.0,0.0,0.0,0.0,0.0,0.0
2005-12-04,128,0,0,0,0,0.0,0.0,0.0,0.0,0.0,0.0,0.0,0.0
2005-12-05,239,1,0,1,0,0.0041841004184100415,4.184100418410042,0.0,0.0,0.0041841004184100415,4.184100418410042,0.0,0.0
2005-12-06,236,1,0,0,1,0.00423728813559322,4.237288135593221,0.0,0.0,0.0,0.0,0.00423728813559322,4.237288135593221
2005-12-07,238,0,0,0,0,0.0,0.0,0.0,0.0,0.0,0.0,0.0,0.0
2005-12-08,229,0,0,0,0,0.0,0.0,0.0,0.0,0.0,0.0,0.0,0.0
2005-12-09,237,0,0,0,0,0.0,0.0,0.0,0.0,0.0,0.0,0.0,0.0
2005-12-10,121,1,0,1,0,0.008264462809917356,8.264462809917356,0.0,0.0,0.008264462809917356,8.264462809917356,0.0,0.0
2005-12-11,128,0,0,0,0,0.0,0.0,0.0,0.0,0.0,0.0,0.0,0.0
2005-12-12,237,1,0,0,1,0.004219409282700422,4.219409282700422,0.0,0.0,0.0,0.0,0.004219409282700422,4.219409282700422
2005-12-13,236,1,0,1,0,0.00423728813559322,4.237288135593221,0.0,0.0,0.00423728813559322,4.237288135593221,0.0,0.0
2005-12-14,237,0,0,0,0,0.0,0.0,0.0,0.0,0.0,0.0,0.0,0.0
2005-12-15,240,0,0,0,0,0.0,0.0,0.0,0.0,0.0,0.0,0.0,0.0
2005-12-16,237,0,0,0,0,0.0,0.0,0.0,0.0,0.0,0.0,0.0,0.0
2005-12-17,117,0,0,0,0,0.0,0.0,0.0,0.0,0.0,0.0,0.0,0.0
2005-12-18,115,0,0,0,0,0.0,0.0,0.0,0.0,0.0,0.0,0.0,0.0
2005-12-19,233,0,0,0,0,0.0,0.0,0.0,0.0,0.0,0.0,0.0,0.0
2005-12-20,239,3,0,1,2,0.012552301255230125,12.552301255230125,0.0,0.0,0.0041841004184100415,4.184100418410042,0.008368200836820083,8.368200836820083
2005-12-21,241,1,0,1,0,0.004149377593360996,4.149377593360996,0.0,0.0,0.004149377593360996,4.149377593360996,0.0,0.0
2005-12-22,232,1,0,1,0,0.004310344827586207,4.310344827586206,0.0,0.0,0.004310344827586207,4.310344827586206,0.0,0.0
2005-12-23,218,0,0,0,0,0.0,0.0,0.0,0.0,0.0,0.0,0.0,0.0
2005-12-24,107,0,0,0,0,0.0,0.0,0.0,0.0,0.0,0.0,0.0,0.0
2005-12-25,74,0,0,0,0,0.0,0.0,0.0,0.0,0.0,0.0,0.0,0.0
2005-12-26,127,1,0,0,1,0.007874015748031496,7.874015748031496,0.0,0.0,0.0,0.0,0.007874015748031496,7.874015748031496
2005-12-27,152,0,0,0,0,0.0,0.0,0.0,0.0,0.0,0.0,0.0,0.0
2005-12-28,177,1,1,0,0,0.005649717514124294,5.649717514124294,0.005649717514124294,5.649717514124294,0.0,0.0,0.0,0.0
2005-12-29,191,0,0,0,0,0.0,0.0,0.0,0.0,0.0,0.0,0.0,0.0
2005-12-30,164,0,0,0,0,0.0,0.0,0.0,0.0,0.0,0.0,0.0,0.0
2005-12-31,88,1,1,1,0,0.011363636363636364,11.363636363636363,0.011363636363636364,11.363636363636363,0.011363636363636364,11.363636363636363,0.0,0.0
2006-01-01,98,0,0,0,0,0.0,0.0,0.0,0.0,0.0,0.0,0.0,0.0
2006-01-02,135,0,0,0,0,0.0,0.0,0.0,0.0,0.0,0.0,0.0,0.0
2006-01-03,205,1,0,0,1,0.004878048780487805,4.878048780487805,0.0,0.0,0.0,0.0,0.004878048780487805,4.878048780487805
2006-01-04,230,0,0,0,0,0.0,0.0,0.0,0.0,0.0,0.0,0.0,0.0
2006-01-05,229,0,0,0,0,0.0,0.0,0.0,0.0,0.0,0.0,0.0,0.0
2006-01-06,240,2,0,0,2,0.008333333333333333,8.333333333333334,0.0,0.0,0.0,0.0,0.008333333333333333,8.333333333333334
2006-01-07,110,0,0,0,0,0.0,0.0,0.0,0.0,0.0,0.0,0.0,0.0
2006-01-08,113,0,0,0,0,0.0,0.0,0.0,0.0,0.0,0.0,0.0,0.0
2006-01-09,236,0,0,0,0,0.0,0.0,0.0,0.0,0.0,0.0,0.0,0.0
2006-01-10,232,0,0,0,0,0.0,0.0,0.0,0.0,0.0,0.0,0.0,0.0
2006-01-11,225,1,0,0,1,0.0044444444444444444,4.444444444444445,0.0,0.0,0.0,0.0,0.0044444444444444444,4.444444444444445
2006-01-12,235,3,0,0,3,0.01276595744680851,12.76595744680851,0.0,0.0,0.0,0.0,0.01276595744680851,12.76595744680851
2006-01-13,231,2,1,1,1,0.008658008658008658,8.658008658008658,0.004329004329004329,4.329004329004329,0.004329004329004329,4.329004329004329,0.004329004329004329,4.329004329004329
2006-01-14,111,0,0,0,0,0.0,0.0,0.0,0.0,0.0,0.0,0.0,0.0
2006-01-15,105,0,0,0,0,0.0,0.0,0.0,0.0,0.0,0.0,0.0,0.0
2006-01-16,235,1,0,1,0,0.00425531914893617,4.25531914893617,0.0,0.0,0.00425531914893617,4.25531914893617,0.0,0.0
2006-01-17,234,0,0,0,0,0.0,0.0,0.0,0.0,0.0,0.0,0.0,0.0
2006-01-18,234,2,2,0,0,0.008547008547008548,8.547008547008549,0.008547008547008548,8.547008547008549,0.0,0.0,0.0,0.0
2006-01-19,232,2,1,1,0,0.008620689655172414,8.620689655172413,0.004310344827586207,4.310344827586206,0.004310344827586207,4.310344827586206,0.0,0.0
2006-01-20,237,0,0,0,0,0.0,0.0,0.0,0.0,0.0,0.0,0.0,0.0
2006-01-21,135,0,0,0,0,0.0,0.0,0.0,0.0,0.0,0.0,0.0,0.0
2006-01-22,129,1,0,1,0,0.007751937984496124,7.751937984496124,0.0,0.0,0.007751937984496124,7.751937984496124,0.0,0.0
2006-01-23,239,1,0,1,0,0.0041841004184100415,4.184100418410042,0.0,0.0,0.0041841004184100415,4.184100418410042,0.0,0.0
2006-01-24,240,1,0,1,0,0.004166666666666667,4.166666666666667,0.0,0.0,0.004166666666666667,4.166666666666667,0.0,0.0
2006-01-25,236,0,0,0,0,0.0,0.0,0.0,0.0,0.0,0.0,0.0,0.0
2006-01-26,234,0,0,0,0,0.0,0.0,0.0,0.0,0.0,0.0,0.0,0.0
2006-01-27,229,0,0,0,0,0.0,0.0,0.0,0.0,0.0,0.0,0.0,0.0
2006-01-28,117,0,0,0,0,0.0,0.0,0.0,0.0,0.0,0.0,0.0,0.0
2006-01-29,127,1,0,1,0,0.007874015748031496,7.874015748031496,0.0,0.0,0.007874015748031496,7.874015748031496,0.0,0.0
2006-01-30,233,0,0,0,0,0.0,0.0,0.0,0.0,0.0,0.0,0.0,0.0
2006-01-31,232,1,0,0,1,0.004310344827586207,4.310344827586206,0.0,0.0,0.0,0.0,0.004310344827586207,4.310344827586206
2006-02-01,236,1,1,0,0,0.00423728813559322,4.237288135593221,0.00423728813559322,4.237288135593221,0.0,0.0,0.0,0.0
2006-02-02,234,1,1,0,0,0.004273504273504274,4.273504273504274,0.004273504273504274,4.273504273504274,0.0,0.0,0.0,0.0
2006-02-03,225,0,0,0,0,0.0,0.0,0.0,0.0,0.0,0.0,0.0,0.0
2006-02-04,109,0,0,0,0,0.0,0.0,0.0,0.0,0.0,0.0,0.0,0.0
2006-02-05,108,0,0,0,0,0.0,0.0,0.0,0.0,0.0,0.0,0.0,0.0
2006-02-06,233,1,0,1,0,0.004291845493562232,4.291845493562231,0.0,0.0,0.004291845493562232,4.291845493562231,0.0,0.0
2006-02-07,235,3,2,0,1,0.01276595744680851,12.76595744680851,0.00851063829787234,8.51063829787234,0.0,0.0,0.00425531914893617,4.25531914893617
2006-02-08,234,2,1,0,1,0.008547008547008548,8.547008547008549,0.004273504273504274,4.273504273504274,0.0,0.0,0.004273504273504274,4.273504273504274
2006-02-09,237,1,0,0,1,0.004219409282700422,4.219409282700422,0.0,0.0,0.0,0.0,0.004219409282700422,4.219409282700422
2006-02-10,227,1,0,0,1,0.004405286343612335,4.405286343612335,0.0,0.0,0.0,0.0,0.004405286343612335,4.405286343612335
2006-02-11,98,1,1,0,0,0.01020408163265306,10.204081632653061,0.01020408163265306,10.204081632653061,0.0,0.0,0.0,0.0
2006-02-12,111,0,0,0,0,0.0,0.0,0.0,0.0,0.0,0.0,0.0,0.0
2006-02-13,235,0,0,0,0,0.0,0.0,0.0,0.0,0.0,0.0,0.0,0.0
2006-02-14,234,2,0,2,1,0.008547008547008548,8.547008547008549,0.0,0.0,0.008547008547008548,8.547008547008549,0.004273504273504274,4.273504273504274
2006-02-15,232,0,0,0,0,0.0,0.0,0.0,0.0,0.0,0.0,0.0,0.0
2006-02-16,236,1,0,0,1,0.00423728813559322,4.237288135593221,0.0,0.0,0.0,0.0,0.00423728813559322,4.237288135593221
2006-02-17,236,1,1,0,0,0.00423728813559322,4.237288135593221,0.00423728813559322,4.237288135593221,0.0,0.0,0.0,0.0
2006-02-18,107,0,0,0,0,0.0,0.0,0.0,0.0,0.0,0.0,0.0,0.0
2006-02-19,111,1,0,1,0,0.009009009009009009,9.00900900900901,0.0,0.0,0.009009009009009009,9.00900900900901,0.0,0.0
2006-02-20,234,0,0,0,0,0.0,0.0,0.0,0.0,0.0,0.0,0.0,0.0
2006-02-21,232,0,0,0,0,0.0,0.0,0.0,0.0,0.0,0.0,0.0,0.0
2006-02-22,234,2,0,0,2,0.008547008547008548,8.547008547008549,0.0,0.0,0.0,0.0,0.008547008547008548,8.547008547008549
2006-02-23,238,1,1,0,0,0.004201680672268907,4.201680672268908,0.004201680672268907,4.201680672268908,0.0,0.0,0.0,0.0
2006-02-24,227,1,0,0,1,0.004405286343612335,4.405286343612335,0.0,0.0,0.0,0.0,0.004405286343612335,4.405286343612335
2006-02-25,130,4,1,4,0,0.03076923076923077,30.76923076923077,0.007692307692307693,7.6923076923076925,0.03076923076923077,30.76923076923077,0.0,0.0
2006-02-26,129,0,0,0,0,0.0,0.0,0.0,0.0,0.0,0.0,0.0,0.0
2006-02-27,232,2,1,0,1,0.008620689655172414,8.620689655172413,0.004310344827586207,4.310344827586206,0.0,0.0,0.004310344827586207,4.310344827586206
2006-02-28,234,1,0,0,1,0.004273504273504274,4.273504273504274,0.0,0.0,0.0,0.0,0.004273504273504274,4.273504273504274
2006-03-01,231,0,0,0,0,0.0,0.0,0.0,0.0,0.0,0.0,0.0,0.0
2006-03-02,239,1,0,0,1,0.0041841004184100415,4.184100418410042,0.0,0.0,0.0,0.0,0.0041841004184100415,4.184100418410042
2006-03-03,236,1,0,0,1,0.00423728813559322,4.237288135593221,0.0,0.0,0.0,0.0,0.00423728813559322,4.237288135593221
2006-03-04,127,0,0,0,0,0.0,0.0,0.0,0.0,0.0,0.0,0.0,0.0
2006-03-05,122,0,0,0,0,0.0,0.0,0.0,0.0,0.0,0.0,0.0,0.0
2006-03-06,229,0,0,0,0,0.0,0.0,0.0,0.0,0.0,0.0,0.0,0.0
2006-03-07,232,0,0,0,0,0.0,0.0,0.0,0.0,0.0,0.0,0.0,0.0
2006-03-08,235,0,0,0,0,0.0,0.0,0.0,0.0,0.0,0.0,0.0,0.0
2006-03-09,236,0,0,0,0,0.0,0.0,0.0,0.0,0.0,0.0,0.0,0.0
2006-03-10,228,0,0,0,0,0.0,0.0,0.0,0.0,0.0,0.0,0.0,0.0
2006-03-11,125,0,0,0,0,0.0,0.0,0.0,0.0,0.0,0.0,0.0,0.0
2006-03-12,118,0,0,0,0,0.0,0.0,0.0,0.0,0.0,0.0,0.0,0.0
2006-03-13,234,0,0,0,0,0.0,0.0,0.0,0.0,0.0,0.0,0.0,0.0
2006-03-14,231,2,1,1,0,0.008658008658008658,8.658008658008658,0.004329004329004329,4.329004329004329,0.004329004329004329,4.329004329004329,0.0,0.0
2006-03-15,237,0,0,0,0,0.0,0.0,0.0,0.0,0.0,0.0,0.0,0.0
2006-03-16,235,0,0,0,0,0.0,0.0,0.0,0.0,0.0,0.0,0.0,0.0
2006-03-17,231,0,0,0,0,0.0,0.0,0.0,0.0,0.0,0.0,0.0,0.0
2006-03-18,169,0,0,0,0,0.0,0.0,0.0,0.0,0.0,0.0,0.0,0.0
2006-03-19,154,0,0,0,0,0.0,0.0,0.0,0.0,0.0,0.0,0.0,0.0
2006-03-20,233,0,0,0,0,0.0,0.0,0.0,0.0,0.0,0.0,0.0,0.0
2006-03-21,238,0,0,0,0,0.0,0.0,0.0,0.0,0.0,0.0,0.0,0.0
2006-03-22,238,0,0,0,0,0.0,0.0,0.0,0.0,0.0,0.0,0.0,0.0
2006-03-23,230,0,0,0,0,0.0,0.0,0.0,0.0,0.0,0.0,0.0,0.0
2006-03-24,231,0,0,0,0,0.0,0.0,0.0,0.0,0.0,0.0,0.0,0.0
2006-03-25,168,0,0,0,0,0.0,0.0,0.0,0.0,0.0,0.0,0.0,0.0
2006-03-26,151,0,0,0,0,0.0,0.0,0.0,0.0,0.0,0.0,0.0,0.0
2006-03-27,238,0,0,0,0,0.0,0.0,0.0,0.0,0.0,0.0,0.0,0.0
2006-03-28,244,0,0,0,0,0.0,0.0,0.0,0.0,0.0,0.0,0.0,0.0
2006-03-29,236,2,0,0,2,0.00847457627118644,8.474576271186441,0.0,0.0,0.0,0.0,0.00847457627118644,8.474576271186441
2006-03-30,241,3,0,0,3,0.012448132780082987,12.448132780082986,0.0,0.0,0.0,0.0,0.012448132780082987,12.448132780082986
2006-03-31,233,0,0,0,0,0.0,0.0,0.0,0.0,0.0,0.0,0.0,0.0
2006-04-01,123,2,1,1,0,0.016260162601626018,16.260162601626018,0.008130081300813009,8.130081300813009,0.008130081300813009,8.130081300813009,0.0,0.0
2006-04-02,134,0,0,0,0,0.0,0.0,0.0,0.0,0.0,0.0,0.0,0.0
2006-04-03,238,1,0,0,1,0.004201680672268907,4.201680672268908,0.0,0.0,0.0,0.0,0.004201680672268907,4.201680672268908
2006-04-04,241,0,0,0,0,0.0,0.0,0.0,0.0,0.0,0.0,0.0,0.0
2006-04-05,241,1,0,1,0,0.004149377593360996,4.149377593360996,0.0,0.0,0.004149377593360996,4.149377593360996,0.0,0.0
2006-04-06,236,0,0,0,0,0.0,0.0,0.0,0.0,0.0,0.0,0.0,0.0
2006-04-07,235,4,1,0,4,0.01702127659574468,17.02127659574468,0.00425531914893617,4.25531914893617,0.0,0.0,0.01702127659574468,17.02127659574468
2006-04-08,133,3,0,0,3,0.022556390977443608,22.55639097744361,0.0,0.0,0.0,0.0,0.022556390977443608,22.55639097744361
2006-04-09,124,0,0,0,0,0.0,0.0,0.0,0.0,0.0,0.0,0.0,0.0
2006-04-10,239,0,0,0,0,0.0,0.0,0.0,0.0,0.0,0.0,0.0,0.0
2006-04-11,235,4,1,0,3,0.01702127659574468,17.02127659574468,0.00425531914893617,4.25531914893617,0.0,0.0,0.01276595744680851,12.76595744680851
2006-04-12,238,7,2,0,5,0.029411764705882353,29.41176470588235,0.008403361344537815,8.403361344537815,0.0,0.0,0.02100840336134454,21.008403361344538
2006-04-13,234,1,0,0,1,0.004273504273504274,4.273504273504274,0.0,0.0,0.0,0.0,0.004273504273504274,4.273504273504274
2006-04-14,122,1,0,0,1,0.00819672131147541,8.196721311475411,0.0,0.0,0.0,0.0,0.00819672131147541,8.196721311475411
2006-04-15,124,0,0,0,0,0.0,0.0,0.0,0.0,0.0,0.0,0.0,0.0
2006-04-16,130,0,0,0,0,0.0,0.0,0.0,0.0,0.0,0.0,0.0,0.0
2006-04-17,200,0,0,0,0,0.0,0.0,0.0,0.0,0.0,0.0,0.0,0.0
2006-04-18,235,4,2,1,2,0.01702127659574468,17.02127659574468,0.00851063829787234,8.51063829787234,0.00425531914893617,4.25531914893617,0.00851063829787234,8.51063829787234
2006-04-19,236,6,3,0,3,0.025423728813559324,25.423728813559325,0.012711864406779662,12.711864406779663,0.0,0.0,0.012711864406779662,12.711864406779663
2006-04-20,235,5,1,0,4,0.02127659574468085,21.27659574468085,0.00425531914893617,4.25531914893617,0.0,0.0,0.01702127659574468,17.02127659574468
2006-04-21,237,5,2,0,3,0.02109704641350211,21.09704641350211,0.008438818565400843,8.438818565400844,0.0,0.0,0.012658227848101266,12.658227848101266
2006-04-22,126,2,1,0,1,0.015873015873015872,15.873015873015872,0.007936507936507936,7.936507936507936,0.0,0.0,0.007936507936507936,7.936507936507936
2006-04-23,134,0,0,0,0,0.0,0.0,0.0,0.0,0.0,0.0,0.0,0.0
2006-04-24,235,3,0,0,3,0.01276595744680851,12.76595744680851,0.0,0.0,0.0,0.0,0.01276595744680851,12.76595744680851
2006-04-25,225,2,1,0,1,0.008888888888888889,8.88888888888889,0.0044444444444444444,4.444444444444445,0.0,0.0,0.0044444444444444444,4.444444444444445
2006-04-26,236,3,0,0,3,0.012711864406779662,12.711864406779663,0.0,0.0,0.0,0.0,0.012711864406779662,12.711864406779663
2006-04-27,232,4,0,0,4,0.017241379310344827,17.241379310344826,0.0,0.0,0.0,0.0,0.017241379310344827,17.241379310344826
2006-04-28,237,2,1,0,1,0.008438818565400843,8.438818565400844,0.004219409282700422,4.219409282700422,0.0,0.0,0.004219409282700422,4.219409282700422
2006-04-29,142,1,0,0,1,0.007042253521126761,7.042253521126761,0.0,0.0,0.0,0.0,0.007042253521126761,7.042253521126761
2006-04-30,140,4,0,0,4,0.02857142857142857,28.57142857142857,0.0,0.0,0.0,0.0,0.02857142857142857,28.57142857142857
2006-05-01,236,4,1,0,3,0.01694915254237288,16.949152542372882,0.00423728813559322,4.237288135593221,0.0,0.0,0.012711864406779662,12.711864406779663
2006-05-02,236,4,3,0,1,0.01694915254237288,16.949152542372882,0.012711864406779662,12.711864406779663,0.0,0.0,0.00423728813559322,4.237288135593221
2006-05-03,240,1,0,0,1,0.004166666666666667,4.166666666666667,0.0,0.0,0.0,0.0,0.004166666666666667,4.166666666666667
2006-05-04,235,0,0,0,0,0.0,0.0,0.0,0.0,0.0,0.0,0.0,0.0
2006-05-05,240,3,0,0,3,0.0125,12.5,0.0,0.0,0.0,0.0,0.0125,12.5
2006-05-06,110,0,0,0,0,0.0,0.0,0.0,0.0,0.0,0.0,0.0,0.0
2006-05-07,120,0,0,0,0,0.0,0.0,0.0,0.0,0.0,0.0,0.0,0.0
2006-05-08,231,3,1,1,1,0.012987012987012988,12.987012987012989,0.004329004329004329,4.329004329004329,0.004329004329004329,4.329004329004329,0.004329004329004329,4.329004329004329
2006-05-09,231,0,0,0,0,0.0,0.0,0.0,0.0,0.0,0.0,0.0,0.0
2006-05-10,235,1,0,0,1,0.00425531914893617,4.25531914893617,0.0,0.0,0.0,0.0,0.00425531914893617,4.25531914893617
2006-05-11,239,2,0,2,0,0.008368200836820083,8.368200836820083,0.0,0.0,0.008368200836820083,8.368200836820083,0.0,0.0
2006-05-12,237,0,0,0,0,0.0,0.0,0.0,0.0,0.0,0.0,0.0,0.0
2006-05-13,159,0,0,0,0,0.0,0.0,0.0,0.0,0.0,0.0,0.0,0.0
2006-05-14,152,1,0,0,1,0.006578947368421052,6.578947368421052,0.0,0.0,0.0,0.0,0.006578947368421052,6.578947368421052
2006-05-15,235,1,0,1,0,0.00425531914893617,4.25531914893617,0.0,0.0,0.00425531914893617,4.25531914893617,0.0,0.0
2006-05-16,234,0,0,0,0,0.0,0.0,0.0,0.0,0.0,0.0,0.0,0.0
2006-05-17,234,1,0,0,1,0.004273504273504274,4.273504273504274,0.0,0.0,0.0,0.0,0.004273504273504274,4.273504273504274
2006-05-18,240,2,0,0,2,0.008333333333333333,8.333333333333334,0.0,0.0,0.0,0.0,0.008333333333333333,8.333333333333334
2006-05-19,233,0,0,0,0,0.0,0.0,0.0,0.0,0.0,0.0,0.0,0.0
2006-05-20,128,0,0,0,0,0.0,0.0,0.0,0.0,0.0,0.0,0.0,0.0
2006-05-21,128,0,0,0,0,0.0,0.0,0.0,0.0,0.0,0.0,0.0,0.0
2006-05-22,238,1,0,0,1,0.004201680672268907,4.201680672268908,0.0,0.0,0.0,0.0,0.004201680672268907,4.201680672268908
2006-05-23,239,0,0,0,0,0.0,0.0,0.0,0.0,0.0,0.0,0.0,0.0
2006-05-24,235,0,0,0,0,0.0,0.0,0.0,0.0,0.0,0.0,0.0,0.0
2006-05-25,242,1,1,0,0,0.004132231404958678,4.132231404958678,0.004132231404958678,4.132231404958678,0.0,0.0,0.0,0.0
2006-05-26,237,0,0,0,0,0.0,0.0,0.0,0.0,0.0,0.0,0.0,0.0
2006-05-27,162,0,0,0,0,0.0,0.0,0.0,0.0,0.0,0.0,0.0,0.0
2006-05-28,139,0,0,0,0,0.0,0.0,0.0,0.0,0.0,0.0,0.0,0.0
2006-05-29,237,0,0,0,0,0.0,0.0,0.0,0.0,0.0,0.0,0.0,0.0
2006-05-30,239,2,0,0,2,0.008368200836820083,8.368200836820083,0.0,0.0,0.0,0.0,0.008368200836820083,8.368200836820083
2006-05-31,242,1,0,0,1,0.004132231404958678,4.132231404958678,0.0,0.0,0.0,0.0,0.004132231404958678,4.132231404958678
2006-06-01,238,0,0,0,0,0.0,0.0,0.0,0.0,0.0,0.0,0.0,0.0
2006-06-02,233,1,0,0,1,0.004291845493562232,4.291845493562231,0.0,0.0,0.0,0.0,0.004291845493562232,4.291845493562231
2006-06-03,137,0,0,0,0,0.0,0.0,0.0,0.0,0.0,0.0,0.0,0.0
2006-06-04,128,0,0,0,0,0.0,0.0,0.0,0.0,0.0,0.0,0.0,0.0
2006-06-05,246,3,0,2,1,0.012195121951219513,12.195121951219512,0.0,0.0,0.008130081300813009,8.130081300813009,0.0040650406504065045,4.065040650406504
2006-06-06,241,1,0,0,1,0.004149377593360996,4.149377593360996,0.0,0.0,0.0,0.0,0.004149377593360996,4.149377593360996
2006-06-07,237,0,0,0,0,0.0,0.0,0.0,0.0,0.0,0.0,0.0,0.0
2006-06-08,243,7,1,0,6,0.02880658436213992,28.80658436213992,0.00411522633744856,4.11522633744856,0.0,0.0,0.024691358024691357,24.691358024691358
2006-06-09,240,1,0,0,1,0.004166666666666667,4.166666666666667,0.0,0.0,0.0,0.0,0.004166666666666667,4.166666666666667
2006-06-10,147,0,0,0,0,0.0,0.0,0.0,0.0,0.0,0.0,0.0,0.0
2006-06-11,144,0,0,0,0,0.0,0.0,0.0,0.0,0.0,0.0,0.0,0.0
2006-06-12,236,2,1,0,1,0.00847457627118644,8.474576271186441,0.00423728813559322,4.237288135593221,0.0,0.0,0.00423728813559322,4.237288135593221
2006-06-13,238,1,0,0,1,0.004201680672268907,4.201680672268908,0.0,0.0,0.0,0.0,0.004201680672268907,4.201680672268908
2006-06-14,239,0,0,0,0,0.0,0.0,0.0,0.0,0.0,0.0,0.0,0.0
2006-06-15,239,0,0,0,0,0.0,0.0,0.0,0.0,0.0,0.0,0.0,0.0
2006-06-16,239,1,0,0,1,0.0041841004184100415,4.184100418410042,0.0,0.0,0.0,0.0,0.0041841004184100415,4.184100418410042
2006-06-17,143,0,0,0,0,0.0,0.0,0.0,0.0,0.0,0.0,0.0,0.0
2006-06-18,133,2,0,0,2,0.015037593984962405,15.037593984962406,0.0,0.0,0.0,0.0,0.015037593984962405,15.037593984962406
2006-06-19,240,0,0,0,0,0.0,0.0,0.0,0.0,0.0,0.0,0.0,0.0
2006-06-20,240,0,0,0,0,0.0,0.0,0.0,0.0,0.0,0.0,0.0,0.0
2006-06-21,237,0,0,0,0,0.0,0.0,0.0,0.0,0.0,0.0,0.0,0.0
2006-06-22,240,1,0,0,1,0.004166666666666667,4.166666666666667,0.0,0.0,0.0,0.0,0.004166666666666667,4.166666666666667
2006-06-23,238,4,0,1,4,0.01680672268907563,16.80672268907563,0.0,0.0,0.004201680672268907,4.201680672268908,0.01680672268907563,16.80672268907563
2006-06-24,154,0,0,0,0,0.0,0.0,0.0,0.0,0.0,0.0,0.0,0.0
2006-06-25,169,2,0,0,2,0.011834319526627219,11.834319526627219,0.0,0.0,0.0,0.0,0.011834319526627219,11.834319526627219
2006-06-27,245,3,0,1,2,0.012244897959183673,12.244897959183673,0.0,0.0,0.004081632653061225,4.081632653061225,0.00816326530612245,8.16326530612245
2006-06-28,237,0,0,0,0,0.0,0.0,0.0,0.0,0.0,0.0,0.0,0.0
2006-06-29,239,0,0,0,0,0.0,0.0,0.0,0.0,0.0,0.0,0.0,0.0
2006-06-30,233,1,0,0,1,0.004291845493562232,4.291845493562231,0.0,0.0,0.0,0.0,0.004291845493562232,4.291845493562231
2006-07-01,170,0,0,0,0,0.0,0.0,0.0,0.0,0.0,0.0,0.0,0.0
2006-07-02,157,0,0,0,0,0.0,0.0,0.0,0.0,0.0,0.0,0.0,0.0
2006-07-03,238,1,0,0,1,0.004201680672268907,4.201680672268908,0.0,0.0,0.0,0.0,0.004201680672268907,4.201680672268908
2006-07-04,239,1,0,0,1,0.0041841004184100415,4.184100418410042,0.0,0.0,0.0,0.0,0.0041841004184100415,4.184100418410042
2006-07-05,233,1,0,0,1,0.004291845493562232,4.291845493562231,0.0,0.0,0.0,0.0,0.004291845493562232,4.291845493562231
2006-07-06,238,2,1,0,1,0.008403361344537815,8.403361344537815,0.004201680672268907,4.201680672268908,0.0,0.0,0.004201680672268907,4.201680672268908
2006-07-07,242,3,0,1,2,0.012396694214876033,12.396694214876034,0.0,0.0,0.004132231404958678,4.132231404958678,0.008264462809917356,8.264462809917356
2006-07-08,121,0,0,0,0,0.0,0.0,0.0,0.0,0.0,0.0,0.0,0.0
2006-07-09,124,1,0,0,1,0.008064516129032258,8.064516129032258,0.0,0.0,0.0,0.0,0.008064516129032258,8.064516129032258
2006-07-10,239,3,0,1,2,0.012552301255230125,12.552301255230125,0.0,0.0,0.0041841004184100415,4.184100418410042,0.008368200836820083,8.368200836820083
2006-07-11,235,2,0,0,2,0.00851063829787234,8.51063829787234,0.0,0.0,0.0,0.0,0.00851063829787234,8.51063829787234
2006-07-12,238,1,0,0,1,0.004201680672268907,4.201680672268908,0.0,0.0,0.0,0.0,0.004201680672268907,4.201680672268908
2006-07-13,237,1,0,0,1,0.004219409282700422,4.219409282700422,0.0,0.0,0.0,0.0,0.004219409282700422,4.219409282700422
2006-07-14,234,4,1,0,3,0.017094017094017096,17.094017094017097,0.004273504273504274,4.273504273504274,0.0,0.0,0.01282051282051282,12.82051282051282
2006-07-15,150,1,0,0,1,0.006666666666666667,6.666666666666667,0.0,0.0,0.0,0.0,0.006666666666666667,6.666666666666667
2006-07-16,137,0,0,0,0,0.0,0.0,0.0,0.0,0.0,0.0,0.0,0.0
2006-07-17,237,2,1,0,1,0.008438818565400843,8.438818565400844,0.004219409282700422,4.219409282700422,0.0,0.0,0.004219409282700422,4.219409282700422
2006-07-18,234,1,0,0,1,0.004273504273504274,4.273504273504274,0.0,0.0,0.0,0.0,0.004273504273504274,4.273504273504274
2006-07-19,235,2,0,0,2,0.00851063829787234,8.51063829787234,0.0,0.0,0.0,0.0,0.00851063829787234,8.51063829787234
2006-07-20,241,0,0,0,0,0.0,0.0,0.0,0.0,0.0,0.0,0.0,0.0
2006-07-21,234,3,0,1,2,0.01282051282051282,12.82051282051282,0.0,0.0,0.004273504273504274,4.273504273504274,0.008547008547008548,8.547008547008549
2006-07-22,126,1,0,0,1,0.007936507936507936,7.936507936507936,0.0,0.0,0.0,0.0,0.007936507936507936,7.936507936507936
2006-07-23,117,1,0,0,1,0.008547008547008548,8.547008547008549,0.0,0.0,0.0,0.0,0.008547008547008548,8.547008547008549
2006-07-24,237,2,1,1,1,0.008438818565400843,8.438818565400844,0.004219409282700422,4.219409282700422,0.004219409282700422,4.219409282700422,0.004219409282700422,4.219409282700422
2006-07-25,229,2,0,1,1,0.008733624454148471,8.73362445414847,0.0,0.0,0.004366812227074236,4.366812227074235,0.004366812227074236,4.366812227074235
2006-07-26,235,0,0,0,0,0.0,0.0,0.0,0.0,0.0,0.0,0.0,0.0
2006-07-27,241,1,0,0,1,0.004149377593360996,4.149377593360996,0.0,0.0,0.0,0.0,0.004149377593360996,4.149377593360996
2006-07-28,238,0,0,0,0,0.0,0.0,0.0,0.0,0.0,0.0,0.0,0.0
2006-07-29,143,0,0,0,0,0.0,0.0,0.0,0.0,0.0,0.0,0.0,0.0
2006-07-30,139,0,0,0,0,0.0,0.0,0.0,0.0,0.0,0.0,0.0,0.0
2006-07-31,235,1,0,0,1,0.00425531914893617,4.25531914893617,0.0,0.0,0.0,0.0,0.00425531914893617,4.25531914893617
2006-08-01,236,1,0,0,1,0.00423728813559322,4.237288135593221,0.0,0.0,0.0,0.0,0.00423728813559322,4.237288135593221
2006-08-02,230,0,0,0,0,0.0,0.0,0.0,0.0,0.0,0.0,0.0,0.0
2006-08-03,236,6,0,0,6,0.025423728813559324,25.423728813559325,0.0,0.0,0.0,0.0,0.025423728813559324,25.423728813559325
2006-08-04,233,0,0,0,0,0.0,0.0,0.0,0.0,0.0,0.0,0.0,0.0
2006-08-05,128,0,0,0,0,0.0,0.0,0.0,0.0,0.0,0.0,0.0,0.0
2006-08-06,141,3,0,0,3,0.02127659574468085,21.27659574468085,0.0,0.0,0.0,0.0,0.02127659574468085,21.27659574468085
2006-08-07,229,4,1,0,3,0.017467248908296942,17.46724890829694,0.004366812227074236,4.366812227074235,0.0,0.0,0.013100436681222707,13.100436681222707
2006-08-08,233,5,2,1,3,0.02145922746781116,21.459227467811157,0.008583690987124463,8.583690987124463,0.004291845493562232,4.291845493562231,0.012875536480686695,12.875536480686696
2006-08-09,234,2,0,0,2,0.008547008547008548,8.547008547008549,0.0,0.0,0.0,0.0,0.008547008547008548,8.547008547008549
2006-08-10,228,1,0,0,1,0.0043859649122807015,4.385964912280701,0.0,0.0,0.0,0.0,0.0043859649122807015,4.385964912280701
2006-08-11,235,1,1,0,0,0.00425531914893617,4.25531914893617,0.00425531914893617,4.25531914893617,0.0,0.0,0.0,0.0
2006-08-12,146,0,0,0,0,0.0,0.0,0.0,0.0,0.0,0.0,0.0,0.0
2006-08-13,157,0,0,0,0,0.0,0.0,0.0,0.0,0.0,0.0,0.0,0.0
2006-08-14,233,1,0,0,1,0.004291845493562232,4.291845493562231,0.0,0.0,0.0,0.0,0.004291845493562232,4.291845493562231
2006-08-15,238,1,1,1,0,0.004201680672268907,4.201680672268908,0.004201680672268907,4.201680672268908,0.004201680672268907,4.201680672268908,0.0,0.0
2006-08-16,235,0,0,0,0,0.0,0.0,0.0,0.0,0.0,0.0,0.0,0.0
2006-08-17,238,3,0,0,3,0.012605042016806723,12.605042016806722,0.0,0.0,0.0,0.0,0.012605042016806723,12.605042016806722
2006-08-18,237,2,0,0,2,0.008438818565400843,8.438818565400844,0.0,0.0,0.0,0.0,0.008438818565400843,8.438818565400844
2006-08-19,144,0,0,0,0,0.0,0.0,0.0,0.0,0.0,0.0,0.0,0.0
2006-08-20,140,1,0,0,1,0.007142857142857143,7.142857142857142,0.0,0.0,0.0,0.0,0.007142857142857143,7.142857142857142
2006-08-21,230,2,0,0,2,0.008695652173913044,8.695652173913043,0.0,0.0,0.0,0.0,0.008695652173913044,8.695652173913043
2006-08-22,237,2,1,0,1,0.008438818565400843,8.438818565400844,0.004219409282700422,4.219409282700422,0.0,0.0,0.004219409282700422,4.219409282700422
2006-08-23,240,2,0,1,1,0.008333333333333333,8.333333333333334,0.0,0.0,0.004166666666666667,4.166666666666667,0.004166666666666667,4.166666666666667
2006-08-24,239,0,0,0,0,0.0,0.0,0.0,0.0,0.0,0.0,0.0,0.0
2006-08-25,235,1,1,0,0,0.00425531914893617,4.25531914893617,0.00425531914893617,4.25531914893617,0.0,0.0,0.0,0.0
2006-08-26,151,0,0,0,0,0.0,0.0,0.0,0.0,0.0,0.0,0.0,0.0
2006-08-27,138,0,0,0,0,0.0,0.0,0.0,0.0,0.0,0.0,0.0,0.0
2006-08-28,236,1,0,0,1,0.00423728813559322,4.237288135593221,0.0,0.0,0.0,0.0,0.00423728813559322,4.237288135593221
2006-08-29,239,1,1,0,0,0.0041841004184100415,4.184100418410042,0.0041841004184100415,4.184100418410042,0.0,0.0,0.0,0.0
2006-08-30,236,0,0,0,0,0.0,0.0,0.0,0.0,0.0,0.0,0.0,0.0
2006-08-31,239,1,0,0,1,0.0041841004184100415,4.184100418410042,0.0,0.0,0.0,0.0,0.0041841004184100415,4.184100418410042
2006-09-01,185,0,0,0,0,0.0,0.0,0.0,0.0,0.0,0.0,0.0,0.0
2006-09-02,19,0,0,0,0,0.0,0.0,0.0,0.0,0.0,0.0,0.0,0.0
2006-09-03,24,0,0,0,0,0.0,0.0,0.0,0.0,0.0,0.0,0.0,0.0
2006-09-04,25,0,0,0,0,0.0,0.0,0.0,0.0,0.0,0.0,0.0,0.0
2006-09-05,23,0,0,0,0,0.0,0.0,0.0,0.0,0.0,0.0,0.0,0.0
2006-09-06,24,0,0,0,0,0.0,0.0,0.0,0.0,0.0,0.0,0.0,0.0
2006-09-07,25,0,0,0,0,0.0,0.0,0.0,0.0,0.0,0.0,0.0,0.0
2006-09-08,23,0,0,0,0,0.0,0.0,0.0,0.0,0.0,0.0,0.0,0.0
2006-09-09,25,0,0,0,0,0.0,0.0,0.0,0.0,0.0,0.0,0.0,0.0
2006-09-10,24,0,0,0,0,0.0,0.0,0.0,0.0,0.0,0.0,0.0,0.0
2006-09-11,24,0,0,0,0,0.0,0.0,0.0,0.0,0.0,0.0,0.0,0.0
2006-09-12,24,0,0,0,0,0.0,0.0,0.0,0.0,0.0,0.0,0.0,0.0
2006-09-13,24,1,0,0,1,0.041666666666666664,41.666666666666664,0.0,0.0,0.0,0.0,0.041666666666666664,41.666666666666664
2006-09-14,143,0,0,0,0,0.0,0.0,0.0,0.0,0.0,0.0,0.0,0.0
2006-09-15,234,1,0,0,1,0.004273504273504274,4.273504273504274,0.0,0.0,0.0,0.0,0.004273504273504274,4.273504273504274
2006-09-16,122,0,0,0,0,0.0,0.0,0.0,0.0,0.0,0.0,0.0,0.0
2006-09-17,121,1,1,0,0,0.008264462809917356,8.264462809917356,0.008264462809917356,8.264462809917356,0.0,0.0,0.0,0.0
2006-09-18,233,1,0,1,0,0.004291845493562232,4.291845493562231,0.0,0.0,0.004291845493562232,4.291845493562231,0.0,0.0
2006-09-19,231,4,0,1,3,0.017316017316017316,17.316017316017316,0.0,0.0,0.004329004329004329,4.329004329004329,0.012987012987012988,12.987012987012989
2006-09-20,240,1,0,0,1,0.004166666666666667,4.166666666666667,0.0,0.0,0.0,0.0,0.004166666666666667,4.166666666666667
2006-09-21,85,0,0,0,0,0.0,0.0,0.0,0.0,0.0,0.0,0.0,0.0
2006-09-22,236,0,0,0,0,0.0,0.0,0.0,0.0,0.0,0.0,0.0,0.0
2006-09-23,132,1,0,1,0,0.007575757575757576,7.575757575757576,0.0,0.0,0.007575757575757576,7.575757575757576,0.0,0.0
2006-09-24,123,1,0,0,1,0.008130081300813009,8.130081300813009,0.0,0.0,0.0,0.0,0.008130081300813009,8.130081300813009
2006-09-25,237,0,0,0,0,0.0,0.0,0.0,0.0,0.0,0.0,0.0,0.0
2006-09-26,234,2,0,1,1,0.008547008547008548,8.547008547008549,0.0,0.0,0.004273504273504274,4.273504273504274,0.004273504273504274,4.273504273504274
2006-09-27,235,0,0,0,0,0.0,0.0,0.0,0.0,0.0,0.0,0.0,0.0
2006-09-28,24,1,0,1,0,0.041666666666666664,41.666666666666664,0.0,0.0,0.041666666666666664,41.666666666666664,0.0,0.0
2006-09-29,23,0,0,0,0,0.0,0.0,0.0,0.0,0.0,0.0,0.0,0.0
2006-09-30,25,0,0,0,0,0.0,0.0,0.0,0.0,0.0,0.0,0.0,0.0
2006-10-01,22,0,0,0,0,0.0,0.0,0.0,0.0,0.0,0.0,0.0,0.0
2006-10-02,25,0,0,0,0,0.0,0.0,0.0,0.0,0.0,0.0,0.0,0.0
2006-10-03,25,0,0,0,0,0.0,0.0,0.0,0.0,0.0,0.0,0.0,0.0
2006-10-04,23,0,0,0,0,0.0,0.0,0.0,0.0,0.0,0.0,0.0,0.0
2006-10-05,25,0,0,0,0,0.0,0.0,0.0,0.0,0.0,0.0,0.0,0.0
2006-10-06,23,0,0,0,0,0.0,0.0,0.0,0.0,0.0,0.0,0.0,0.0
2006-10-07,23,0,0,0,0,0.0,0.0,0.0,0.0,0.0,0.0,0.0,0.0
2006-10-08,23,0,0,0,0,0.0,0.0,0.0,0.0,0.0,0.0,0.0,0.0
2006-10-09,25,0,0,0,0,0.0,0.0,0.0,0.0,0.0,0.0,0.0,0.0
2006-10-10,122,0,0,0,0,0.0,0.0,0.0,0.0,0.0,0.0,0.0,0.0
2006-10-11,242,0,0,0,0,0.0,0.0,0.0,0.0,0.0,0.0,0.0,0.0
2006-10-12,240,0,0,0,0,0.0,0.0,0.0,0.0,0.0,0.0,0.0,0.0
2006-10-13,231,0,0,0,0,0.0,0.0,0.0,0.0,0.0,0.0,0.0,0.0
2006-10-14,137,0,0,0,0,0.0,0.0,0.0,0.0,0.0,0.0,0.0,0.0
2006-10-15,128,0,0,0,0,0.0,0.0,0.0,0.0,0.0,0.0,0.0,0.0
2006-10-16,235,0,0,0,0,0.0,0.0,0.0,0.0,0.0,0.0,0.0,0.0
2006-10-17,230,0,0,0,0,0.0,0.0,0.0,0.0,0.0,0.0,0.0,0.0
2006-10-18,230,0,0,0,0,0.0,0.0,0.0,0.0,0.0,0.0,0.0,0.0
2006-10-19,239,1,0,0,1,0.0041841004184100415,4.184100418410042,0.0,0.0,0.0,0.0,0.0041841004184100415,4.184100418410042
2006-10-20,231,2,0,2,0,0.008658008658008658,8.658008658008658,0.0,0.0,0.008658008658008658,8.658008658008658,0.0,0.0
2006-10-21,130,1,1,0,0,0.007692307692307693,7.6923076923076925,0.007692307692307693,7.6923076923076925,0.0,0.0,0.0,0.0
2006-10-22,131,0,0,0,0,0.0,0.0,0.0,0.0,0.0,0.0,0.0,0.0
2006-10-23,92,1,0,0,1,0.010869565217391304,10.869565217391305,0.0,0.0,0.0,0.0,0.010869565217391304,10.869565217391305
2006-10-24,24,0,0,0,0,0.0,0.0,0.0,0.0,0.0,0.0,0.0,0.0
2006-10-25,23,0,0,0,0,0.0,0.0,0.0,0.0,0.0,0.0,0.0,0.0
2006-10-26,24,0,0,0,0,0.0,0.0,0.0,0.0,0.0,0.0,0.0,0.0
2006-10-27,22,0,0,0,0,0.0,0.0,0.0,0.0,0.0,0.0,0.0,0.0
2006-10-28,21,0,0,0,0,0.0,0.0,0.0,0.0,0.0,0.0,0.0,0.0
2006-10-29,23,0,0,0,0,0.0,0.0,0.0,0.0,0.0,0.0,0.0,0.0
2006-10-30,25,0,0,0,0,0.0,0.0,0.0,0.0,0.0,0.0,0.0,0.0
2006-11-01,24,0,0,0,0,0.0,0.0,0.0,0.0,0.0,0.0,0.0,0.0
2006-11-02,24,0,0,0,0,0.0,0.0,0.0,0.0,0.0,0.0,0.0,0.0
2006-11-03,23,0,0,0,0,0.0,0.0,0.0,0.0,0.0,0.0,0.0,0.0
2006-11-04,21,0,0,0,0,0.0,0.0,0.0,0.0,0.0,0.0,0.0,0.0
2006-11-05,21,0,0,0,0,0.0,0.0,0.0,0.0,0.0,0.0,0.0,0.0
2006-11-06,241,0,0,0,0,0.0,0.0,0.0,0.0,0.0,0.0,0.0,0.0
2006-11-07,237,0,0,0,0,0.0,0.0,0.0,0.0,0.0,0.0,0.0,0.0
2006-11-08,240,0,0,0,0,0.0,0.0,0.0,0.0,0.0,0.0,0.0,0.0
2006-11-09,240,0,0,0,0,0.0,0.0,0.0,0.0,0.0,0.0,0.0,0.0
2006-11-10,239,0,0,0,0,0.0,0.0,0.0,0.0,0.0,0.0,0.0,0.0
2006-11-11,144,0,0,0,0,0.0,0.0,0.0,0.0,0.0,0.0,0.0,0.0
2006-11-12,153,0,0,0,0,0.0,0.0,0.0,0.0,0.0,0.0,0.0,0.0
2006-11-13,235,0,0,0,0,0.0,0.0,0.0,0.0,0.0,0.0,0.0,0.0
2006-11-14,237,2,0,1,1,0.008438818565400843,8.438818565400844,0.0,0.0,0.004219409282700422,4.219409282700422,0.004219409282700422,4.219409282700422
2006-11-15,235,1,0,0,1,0.00425531914893617,4.25531914893617,0.0,0.0,0.0,0.0,0.00425531914893617,4.25531914893617
2006-11-16,239,1,0,1,0,0.0041841004184100415,4.184100418410042,0.0,0.0,0.0041841004184100415,4.184100418410042,0.0,0.0
2006-11-17,242,0,0,0,0,0.0,0.0,0.0,0.0,0.0,0.0,0.0,0.0
2006-11-18,146,0,0,0,0,0.0,0.0,0.0,0.0,0.0,0.0,0.0,0.0
2006-11-19,158,0,0,0,0,0.0,0.0,0.0,0.0,0.0,0.0,0.0,0.0
2006-11-20,239,1,0,1,0,0.0041841004184100415,4.184100418410042,0.0,0.0,0.0041841004184100415,4.184100418410042,0.0,0.0
2006-11-21,239,0,0,0,0,0.0,0.0,0.0,0.0,0.0,0.0,0.0,0.0
2006-11-22,241,0,0,0,0,0.0,0.0,0.0,0.0,0.0,0.0,0.0,0.0
2006-11-23,240,0,0,0,0,0.0,0.0,0.0,0.0,0.0,0.0,0.0,0.0
2006-11-24,231,0,0,0,0,0.0,0.0,0.0,0.0,0.0,0.0,0.0,0.0
2006-11-25,162,1,0,0,1,0.006172839506172839,6.172839506172839,0.0,0.0,0.0,0.0,0.006172839506172839,6.172839506172839
2006-11-26,163,0,0,0,0,0.0,0.0,0.0,0.0,0.0,0.0,0.0,0.0
2006-11-27,234,0,0,0,0,0.0,0.0,0.0,0.0,0.0,0.0,0.0,0.0
2006-11-28,239,0,0,0,0,0.0,0.0,0.0,0.0,0.0,0.0,0.0,0.0
2006-11-29,235,0,0,0,0,0.0,0.0,0.0,0.0,0.0,0.0,0.0,0.0
2006-11-30,239,1,0,0,1,0.0041841004184100415,4.184100418410042,0.0,0.0,0.0,0.0,0.0041841004184100415,4.184100418410042
2006-12-01,233,1,0,0,1,0.004291845493562232,4.291845493562231,0.0,0.0,0.0,0.0,0.004291845493562232,4.291845493562231
2006-12-02,123,0,0,0,0,0.0,0.0,0.0,0.0,0.0,0.0,0.0,0.0
2006-12-03,128,0,0,0,0,0.0,0.0,0.0,0.0,0.0,0.0,0.0,0.0
2006-12-04,233,0,0,0,0,0.0,0.0,0.0,0.0,0.0,0.0,0.0,0.0
2006-12-05,240,0,0,0,0,0.0,0.0,0.0,0.0,0.0,0.0,0.0,0.0
2006-12-06,237,0,0,0,0,0.0,0.0,0.0,0.0,0.0,0.0,0.0,0.0
2006-12-07,240,0,0,0,0,0.0,0.0,0.0,0.0,0.0,0.0,0.0,0.0
2006-12-08,240,1,0,0,1,0.004166666666666667,4.166666666666667,0.0,0.0,0.0,0.0,0.004166666666666667,4.166666666666667
2006-12-09,129,0,0,0,0,0.0,0.0,0.0,0.0,0.0,0.0,0.0,0.0
2006-12-10,143,0,0,0,0,0.0,0.0,0.0,0.0,0.0,0.0,0.0,0.0
2006-12-11,233,0,0,0,0,0.0,0.0,0.0,0.0,0.0,0.0,0.0,0.0
2006-12-12,238,0,0,0,0,0.0,0.0,0.0,0.0,0.0,0.0,0.0,0.0
2006-12-13,237,0,0,0,0,0.0,0.0,0.0,0.0,0.0,0.0,0.0,0.0
2006-12-14,238,0,0,0,0,0.0,0.0,0.0,0.0,0.0,0.0,0.0,0.0
2006-12-15,235,0,0,0,0,0.0,0.0,0.0,0.0,0.0,0.0,0.0,0.0
2006-12-16,140,0,0,0,0,0.0,0.0,0.0,0.0,0.0,0.0,0.0,0.0
2006-12-17,143,0,0,0,0,0.0,0.0,0.0,0.0,0.0,0.0,0.0,0.0
2006-12-18,241,0,0,0,0,0.0,0.0,0.0,0.0,0.0,0.0,0.0,0.0
2006-12-19,239,0,0,0,0,0.0,0.0,0.0,0.0,0.0,0.0,0.0,0.0
2006-12-20,242,0,0,0,0,0.0,0.0,0.0,0.0,0.0,0.0,0.0,0.0
2006-12-21,239,1,0,0,1,0.0041841004184100415,4.184100418410042,0.0,0.0,0.0,0.0,0.0041841004184100415,4.184100418410042
2006-12-22,238,0,0,0,0,0.0,0.0,0.0,0.0,0.0,0.0,0.0,0.0
2006-12-23,105,0,0,0,0,0.0,0.0,0.0,0.0,0.0,0.0,0.0,0.0
2006-12-24,76,0,0,0,0,0.0,0.0,0.0,0.0,0.0,0.0,0.0,0.0
2006-12-25,53,0,0,0,0,0.0,0.0,0.0,0.0,0.0,0.0,0.0,0.0
2006-12-26,98,0,0,0,0,0.0,0.0,0.0,0.0,0.0,0.0,0.0,0.0
2006-12-27,108,0,0,0,0,0.0,0.0,0.0,0.0,0.0,0.0,0.0,0.0
2006-12-28,125,0,0,0,0,0.0,0.0,0.0,0.0,0.0,0.0,0.0,0.0
2006-12-29,161,0,0,0,0,0.0,0.0,0.0,0.0,0.0,0.0,0.0,0.0
2006-12-30,112,0,0,0,0,0.0,0.0,0.0,0.0,0.0,0.0,0.0,0.0
2006-12-31,99,0,0,0,0,0.0,0.0,0.0,0.0,0.0,0.0,0.0,0.0
2007-01-01,111,0,0,0,0,0.0,0.0,0.0,0.0,0.0,0.0,0.0,0.0
2007-01-02,203,0,0,0,0,0.0,0.0,0.0,0.0,0.0,0.0,0.0,0.0
2007-01-03,231,1,0,1,0,0.004329004329004329,4.329004329004329,0.0,0.0,0.004329004329004329,4.329004329004329,0.0,0.0
2007-01-04,233,0,0,0,0,0.0,0.0,0.0,0.0,0.0,0.0,0.0,0.0
2007-01-05,243,0,0,0,0,0.0,0.0,0.0,0.0,0.0,0.0,0.0,0.0
2007-01-06,128,0,0,0,0,0.0,0.0,0.0,0.0,0.0,0.0,0.0,0.0
2007-01-07,124,0,0,0,0,0.0,0.0,0.0,0.0,0.0,0.0,0.0,0.0
2007-01-08,235,0,0,0,0,0.0,0.0,0.0,0.0,0.0,0.0,0.0,0.0
2007-01-09,236,0,0,0,0,0.0,0.0,0.0,0.0,0.0,0.0,0.0,0.0
2007-01-10,240,1,1,0,0,0.004166666666666667,4.166666666666667,0.004166666666666667,4.166666666666667,0.0,0.0,0.0,0.0
2007-01-11,242,0,0,0,0,0.0,0.0,0.0,0.0,0.0,0.0,0.0,0.0
2007-01-12,245,1,1,0,1,0.004081632653061225,4.081632653061225,0.004081632653061225,4.081632653061225,0.0,0.0,0.004081632653061225,4.081632653061225
2007-01-13,146,0,0,0,0,0.0,0.0,0.0,0.0,0.0,0.0,0.0,0.0
2007-01-14,147,0,0,0,0,0.0,0.0,0.0,0.0,0.0,0.0,0.0,0.0
2007-01-15,238,2,1,0,1,0.008403361344537815,8.403361344537815,0.004201680672268907,4.201680672268908,0.0,0.0,0.004201680672268907,4.201680672268908
2007-01-16,239,9,0,3,8,0.03765690376569038,37.65690376569038,0.0,0.0,0.012552301255230125,12.552301255230125,0.03347280334728033,33.47280334728033
2007-01-17,239,3,1,0,2,0.012552301255230125,12.552301255230125,0.0041841004184100415,4.184100418410042,0.0,0.0,0.008368200836820083,8.368200836820083
2007-01-18,243,2,0,1,1,0.00823045267489712,8.23045267489712,0.0,0.0,0.00411522633744856,4.11522633744856,0.00411522633744856,4.11522633744856
2007-01-19,241,8,1,1,6,0.03319502074688797,33.19502074688797,0.004149377593360996,4.149377593360996,0.004149377593360996,4.149377593360996,0.024896265560165973,24.896265560165972
2007-01-20,121,0,0,0,0,0.0,0.0,0.0,0.0,0.0,0.0,0.0,0.0
2007-01-21,121,0,0,0,0,0.0,0.0,0.0,0.0,0.0,0.0,0.0,0.0
2007-01-22,234,1,1,0,0,0.004273504273504274,4.273504273504274,0.004273504273504274,4.273504273504274,0.0,0.0,0.0,0.0
2007-01-23,239,2,0,0,2,0.008368200836820083,8.368200836820083,0.0,0.0,0.0,0.0,0.008368200836820083,8.368200836820083
2007-01-24,238,1,0,0,1,0.004201680672268907,4.201680672268908,0.0,0.0,0.0,0.0,0.004201680672268907,4.201680672268908
2007-01-25,235,3,0,1,3,0.01276595744680851,12.76595744680851,0.0,0.0,0.00425531914893617,4.25531914893617,0.01276595744680851,12.76595744680851
2007-01-26,226,0,0,0,0,0.0,0.0,0.0,0.0,0.0,0.0,0.0,0.0
2007-01-27,118,0,0,0,0,0.0,0.0,0.0,0.0,0.0,0.0,0.0,0.0
2007-01-28,141,0,0,0,0,0.0,0.0,0.0,0.0,0.0,0.0,0.0,0.0
2007-01-29,239,1,0,0,1,0.0041841004184100415,4.184100418410042,0.0,0.0,0.0,0.0,0.0041841004184100415,4.184100418410042
2007-01-30,240,1,1,0,0,0.004166666666666667,4.166666666666667,0.004166666666666667,4.166666666666667,0.0,0.0,0.0,0.0
2007-01-31,232,0,0,0,0,0.0,0.0,0.0,0.0,0.0,0.0,0.0,0.0
2007-02-01,237,1,0,0,1,0.004219409282700422,4.219409282700422,0.0,0.0,0.0,0.0,0.004219409282700422,4.219409282700422
2007-02-02,234,0,0,0,0,0.0,0.0,0.0,0.0,0.0,0.0,0.0,0.0
2007-02-03,150,1,0,1,0,0.006666666666666667,6.666666666666667,0.0,0.0,0.006666666666666667,6.666666666666667,0.0,0.0
2007-02-04,137,0,0,0,0,0.0,0.0,0.0,0.0,0.0,0.0,0.0,0.0
2007-02-05,236,0,0,0,0,0.0,0.0,0.0,0.0,0.0,0.0,0.0,0.0
2007-02-06,237,0,0,0,0,0.0,0.0,0.0,0.0,0.0,0.0,0.0,0.0
2007-02-07,234,0,0,0,0,0.0,0.0,0.0,0.0,0.0,0.0,0.0,0.0
2007-02-08,234,0,0,0,0,0.0,0.0,0.0,0.0,0.0,0.0,0.0,0.0
2007-02-09,234,0,0,0,0,0.0,0.0,0.0,0.0,0.0,0.0,0.0,0.0
2007-02-10,141,0,0,0,0,0.0,0.0,0.0,0.0,0.0,0.0,0.0,0.0
2007-02-11,136,0,0,0,0,0.0,0.0,0.0,0.0,0.0,0.0,0.0,0.0
2007-02-12,239,0,0,0,0,0.0,0.0,0.0,0.0,0.0,0.0,0.0,0.0
2007-02-13,240,0,0,0,0,0.0,0.0,0.0,0.0,0.0,0.0,0.0,0.0
2007-02-14,233,0,0,0,0,0.0,0.0,0.0,0.0,0.0,0.0,0.0,0.0
2007-02-15,232,0,0,0,0,0.0,0.0,0.0,0.0,0.0,0.0,0.0,0.0
2007-02-16,240,0,0,0,0,0.0,0.0,0.0,0.0,0.0,0.0,0.0,0.0
2007-02-17,139,0,0,0,0,0.0,0.0,0.0,0.0,0.0,0.0,0.0,0.0
2007-02-18,116,0,0,0,0,0.0,0.0,0.0,0.0,0.0,0.0,0.0,0.0
2007-02-19,237,0,0,0,0,0.0,0.0,0.0,0.0,0.0,0.0,0.0,0.0
2007-02-20,238,2,0,1,1,0.008403361344537815,8.403361344537815,0.0,0.0,0.004201680672268907,4.201680672268908,0.004201680672268907,4.201680672268908
2007-02-21,242,0,0,0,0,0.0,0.0,0.0,0.0,0.0,0.0,0.0,0.0
2007-02-22,231,0,0,0,0,0.0,0.0,0.0,0.0,0.0,0.0,0.0,0.0
2007-02-23,235,1,1,0,0,0.00425531914893617,4.25531914893617,0.00425531914893617,4.25531914893617,0.0,0.0,0.0,0.0
2007-02-24,139,0,0,0,0,0.0,0.0,0.0,0.0,0.0,0.0,0.0,0.0
2007-02-25,132,0,0,0,0,0.0,0.0,0.0,0.0,0.0,0.0,0.0,0.0
2007-02-26,238,0,0,0,0,0.0,0.0,0.0,0.0,0.0,0.0,0.0,0.0
2007-02-27,234,1,0,0,1,0.004273504273504274,4.273504273504274,0.0,0.0,0.0,0.0,0.004273504273504274,4.273504273504274
2007-02-28,236,0,0,0,0,0.0,0.0,0.0,0.0,0.0,0.0,0.0,0.0
2007-03-01,234,0,0,0,0,0.0,0.0,0.0,0.0,0.0,0.0,0.0,0.0
2007-03-02,234,0,0,0,0,0.0,0.0,0.0,0.0,0.0,0.0,0.0,0.0
2007-03-03,145,0,0,0,0,0.0,0.0,0.0,0.0,0.0,0.0,0.0,0.0
2007-03-04,139,0,0,0,0,0.0,0.0,0.0,0.0,0.0,0.0,0.0,0.0
2007-03-05,241,0,0,0,0,0.0,0.0,0.0,0.0,0.0,0.0,0.0,0.0
2007-03-06,235,0,0,0,0,0.0,0.0,0.0,0.0,0.0,0.0,0.0,0.0
2007-03-07,229,0,0,0,0,0.0,0.0,0.0,0.0,0.0,0.0,0.0,0.0
2007-03-08,237,2,0,0,2,0.008438818565400843,8.438818565400844,0.0,0.0,0.0,0.0,0.008438818565400843,8.438818565400844
2007-03-09,235,0,0,0,0,0.0,0.0,0.0,0.0,0.0,0.0,0.0,0.0
2007-03-10,147,0,0,0,0,0.0,0.0,0.0,0.0,0.0,0.0,0.0,0.0
2007-03-11,131,0,0,0,0,0.0,0.0,0.0,0.0,0.0,0.0,0.0,0.0
2007-03-12,235,0,0,0,0,0.0,0.0,0.0,0.0,0.0,0.0,0.0,0.0
2007-03-13,238,1,0,0,1,0.004201680672268907,4.201680672268908,0.0,0.0,0.0,0.0,0.004201680672268907,4.201680672268908
2007-03-14,235,0,0,0,0,0.0,0.0,0.0,0.0,0.0,0.0,0.0,0.0
2007-03-15,237,0,0,0,0,0.0,0.0,0.0,0.0,0.0,0.0,0.0,0.0
2007-03-16,233,2,0,2,0,0.008583690987124463,8.583690987124463,0.0,0.0,0.008583690987124463,8.583690987124463,0.0,0.0
2007-03-17,123,0,0,0,0,0.0,0.0,0.0,0.0,0.0,0.0,0.0,0.0
2007-03-18,127,0,0,0,0,0.0,0.0,0.0,0.0,0.0,0.0,0.0,0.0
2007-03-19,239,1,0,0,1,0.0041841004184100415,4.184100418410042,0.0,0.0,0.0,0.0,0.0041841004184100415,4.184100418410042
2007-03-20,234,0,0,0,0,0.0,0.0,0.0,0.0,0.0,0.0,0.0,0.0
2007-03-21,240,1,0,0,1,0.004166666666666667,4.166666666666667,0.0,0.0,0.0,0.0,0.004166666666666667,4.166666666666667
2007-03-22,238,1,0,0,1,0.004201680672268907,4.201680672268908,0.0,0.0,0.0,0.0,0.004201680672268907,4.201680672268908
2007-03-23,237,1,0,0,1,0.004219409282700422,4.219409282700422,0.0,0.0,0.0,0.0,0.004219409282700422,4.219409282700422
2007-03-24,201,0,0,0,0,0.0,0.0,0.0,0.0,0.0,0.0,0.0,0.0
2007-03-25,133,0,0,0,0,0.0,0.0,0.0,0.0,0.0,0.0,0.0,0.0
2007-03-26,231,0,0,0,0,0.0,0.0,0.0,0.0,0.0,0.0,0.0,0.0
2007-03-27,230,1,0,0,1,0.004347826086956522,4.3478260869565215,0.0,0.0,0.0,0.0,0.004347826086956522,4.3478260869565215
2007-03-28,236,2,1,0,1,0.00847457627118644,8.474576271186441,0.00423728813559322,4.237288135593221,0.0,0.0,0.00423728813559322,4.237288135593221
2007-03-29,229,0,0,0,0,0.0,0.0,0.0,0.0,0.0,0.0,0.0,0.0
2007-03-30,236,1,0,0,1,0.00423728813559322,4.237288135593221,0.0,0.0,0.0,0.0,0.00423728813559322,4.237288135593221
2007-03-31,147,0,0,0,0,0.0,0.0,0.0,0.0,0.0,0.0,0.0,0.0
2007-04-01,129,0,0,0,0,0.0,0.0,0.0,0.0,0.0,0.0,0.0,0.0
2007-04-02,237,0,0,0,0,0.0,0.0,0.0,0.0,0.0,0.0,0.0,0.0
2007-04-03,235,0,0,0,0,0.0,0.0,0.0,0.0,0.0,0.0,0.0,0.0
2007-04-04,232,1,0,0,1,0.004310344827586207,4.310344827586206,0.0,0.0,0.0,0.0,0.004310344827586207,4.310344827586206
2007-04-05,235,2,0,1,1,0.00851063829787234,8.51063829787234,0.0,0.0,0.00425531914893617,4.25531914893617,0.00425531914893617,4.25531914893617
2007-04-06,131,0,0,0,0,0.0,0.0,0.0,0.0,0.0,0.0,0.0,0.0
2007-04-07,127,1,0,0,1,0.007874015748031496,7.874015748031496,0.0,0.0,0.0,0.0,0.007874015748031496,7.874015748031496
2007-04-08,130,0,0,0,0,0.0,0.0,0.0,0.0,0.0,0.0,0.0,0.0
2007-04-09,215,0,0,0,0,0.0,0.0,0.0,0.0,0.0,0.0,0.0,0.0
2007-04-10,234,0,0,0,0,0.0,0.0,0.0,0.0,0.0,0.0,0.0,0.0
2007-04-11,239,0,0,0,0,0.0,0.0,0.0,0.0,0.0,0.0,0.0,0.0
2007-04-12,241,0,0,0,0,0.0,0.0,0.0,0.0,0.0,0.0,0.0,0.0
2007-04-13,235,0,0,0,0,0.0,0.0,0.0,0.0,0.0,0.0,0.0,0.0
2007-04-14,144,1,0,0,1,0.006944444444444444,6.944444444444444,0.0,0.0,0.0,0.0,0.006944444444444444,6.944444444444444
2007-04-15,139,0,0,0,0,0.0,0.0,0.0,0.0,0.0,0.0,0.0,0.0
2007-04-16,237,0,0,0,0,0.0,0.0,0.0,0.0,0.0,0.0,0.0,0.0
2007-04-17,240,0,0,0,0,0.0,0.0,0.0,0.0,0.0,0.0,0.0,0.0
2007-04-18,238,0,0,0,0,0.0,0.0,0.0,0.0,0.0,0.0,0.0,0.0
2007-04-19,233,2,0,1,1,0.008583690987124463,8.583690987124463,0.0,0.0,0.004291845493562232,4.291845493562231,0.004291845493562232,4.291845493562231
2007-04-20,239,0,0,0,0,0.0,0.0,0.0,0.0,0.0,0.0,0.0,0.0
2007-04-21,150,0,0,0,0,0.0,0.0,0.0,0.0,0.0,0.0,0.0,0.0
2007-04-22,139,0,0,0,0,0.0,0.0,0.0,0.0,0.0,0.0,0.0,0.0
2007-04-23,237,0,0,0,0,0.0,0.0,0.0,0.0,0.0,0.0,0.0,0.0
2007-04-24,241,0,0,0,0,0.0,0.0,0.0,0.0,0.0,0.0,0.0,0.0
2007-04-25,239,0,0,0,0,0.0,0.0,0.0,0.0,0.0,0.0,0.0,0.0
2007-04-26,239,2,0,0,2,0.008368200836820083,8.368200836820083,0.0,0.0,0.0,0.0,0.008368200836820083,8.368200836820083
2007-04-27,235,1,0,0,1,0.00425531914893617,4.25531914893617,0.0,0.0,0.0,0.0,0.00425531914893617,4.25531914893617
2007-04-28,135,0,0,0,0,0.0,0.0,0.0,0.0,0.0,0.0,0.0,0.0
2007-04-29,138,0,0,0,0,0.0,0.0,0.0,0.0,0.0,0.0,0.0,0.0
2007-04-30,239,0,0,0,0,0.0,0.0,0.0,0.0,0.0,0.0,0.0,0.0
2007-05-01,240,1,0,1,0,0.004166666666666667,4.166666666666667,0.0,0.0,0.004166666666666667,4.166666666666667,0.0,0.0
2007-05-02,240,0,0,0,0,0.0,0.0,0.0,0.0,0.0,0.0,0.0,0.0
2007-05-03,235,1,0,0,1,0.00425531914893617,4.25531914893617,0.0,0.0,0.0,0.0,0.00425531914893617,4.25531914893617
2007-05-04,239,0,0,0,0,0.0,0.0,0.0,0.0,0.0,0.0,0.0,0.0
2007-05-05,139,0,0,0,0,0.0,0.0,0.0,0.0,0.0,0.0,0.0,0.0
2007-05-06,130,0,0,0,0,0.0,0.0,0.0,0.0,0.0,0.0,0.0,0.0
2007-05-07,238,0,0,0,0,0.0,0.0,0.0,0.0,0.0,0.0,0.0,0.0
2007-05-08,239,0,0,0,0,0.0,0.0,0.0,0.0,0.0,0.0,0.0,0.0
2007-05-09,235,0,0,0,0,0.0,0.0,0.0,0.0,0.0,0.0,0.0,0.0
2007-05-10,237,0,0,0,0,0.0,0.0,0.0,0.0,0.0,0.0,0.0,0.0
2007-05-11,237,1,0,0,1,0.004219409282700422,4.219409282700422,0.0,0.0,0.0,0.0,0.004219409282700422,4.219409282700422
2007-05-12,145,0,0,0,0,0.0,0.0,0.0,0.0,0.0,0.0,0.0,0.0
2007-05-13,139,0,0,0,0,0.0,0.0,0.0,0.0,0.0,0.0,0.0,0.0
2007-05-14,238,0,0,0,0,0.0,0.0,0.0,0.0,0.0,0.0,0.0,0.0
2007-05-15,242,0,0,0,0,0.0,0.0,0.0,0.0,0.0,0.0,0.0,0.0
2007-05-16,235,0,0,0,0,0.0,0.0,0.0,0.0,0.0,0.0,0.0,0.0
2007-05-17,237,0,0,0,0,0.0,0.0,0.0,0.0,0.0,0.0,0.0,0.0
2007-05-18,236,1,0,1,1,0.00423728813559322,4.237288135593221,0.0,0.0,0.00423728813559322,4.237288135593221,0.00423728813559322,4.237288135593221
2007-05-19,142,0,0,0,0,0.0,0.0,0.0,0.0,0.0,0.0,0.0,0.0
2007-05-20,147,0,0,0,0,0.0,0.0,0.0,0.0,0.0,0.0,0.0,0.0
2007-05-21,234,1,0,0,1,0.004273504273504274,4.273504273504274,0.0,0.0,0.0,0.0,0.004273504273504274,4.273504273504274
2007-05-22,238,0,0,0,0,0.0,0.0,0.0,0.0,0.0,0.0,0.0,0.0
2007-05-23,235,1,0,0,1,0.00425531914893617,4.25531914893617,0.0,0.0,0.0,0.0,0.00425531914893617,4.25531914893617
2007-05-24,240,0,0,0,0,0.0,0.0,0.0,0.0,0.0,0.0,0.0,0.0
2007-05-25,236,1,0,0,1,0.00423728813559322,4.237288135593221,0.0,0.0,0.0,0.0,0.00423728813559322,4.237288135593221
2007-05-26,154,0,0,0,0,0.0,0.0,0.0,0.0,0.0,0.0,0.0,0.0
2007-05-27,157,0,0,0,0,0.0,0.0,0.0,0.0,0.0,0.0,0.0,0.0
2007-05-28,229,1,0,1,0,0.004366812227074236,4.366812227074235,0.0,0.0,0.004366812227074236,4.366812227074235,0.0,0.0
2007-05-29,238,0,0,0,0,0.0,0.0,0.0,0.0,0.0,0.0,0.0,0.0
2007-05-30,240,2,0,0,2,0.008333333333333333,8.333333333333334,0.0,0.0,0.0,0.0,0.008333333333333333,8.333333333333334
2007-05-31,238,1,0,0,1,0.004201680672268907,4.201680672268908,0.0,0.0,0.0,0.0,0.004201680672268907,4.201680672268908
2007-06-01,241,1,0,0,1,0.004149377593360996,4.149377593360996,0.0,0.0,0.0,0.0,0.004149377593360996,4.149377593360996
2007-06-02,149,0,0,0,0,0.0,0.0,0.0,0.0,0.0,0.0,0.0,0.0
2007-06-03,133,0,0,0,0,0.0,0.0,0.0,0.0,0.0,0.0,0.0,0.0
2007-06-04,235,0,0,0,0,0.0,0.0,0.0,0.0,0.0,0.0,0.0,0.0
2007-06-05,243,0,0,0,0,0.0,0.0,0.0,0.0,0.0,0.0,0.0,0.0
2007-06-06,239,0,0,0,0,0.0,0.0,0.0,0.0,0.0,0.0,0.0,0.0
2007-06-07,241,0,0,0,0,0.0,0.0,0.0,0.0,0.0,0.0,0.0,0.0
2007-06-08,241,3,0,1,2,0.012448132780082987,12.448132780082986,0.0,0.0,0.004149377593360996,4.149377593360996,0.008298755186721992,8.298755186721992
2007-06-09,130,0,0,0,0,0.0,0.0,0.0,0.0,0.0,0.0,0.0,0.0
2007-06-10,126,0,0,0,0,0.0,0.0,0.0,0.0,0.0,0.0,0.0,0.0
2007-06-11,240,1,1,0,0,0.004166666666666667,4.166666666666667,0.004166666666666667,4.166666666666667,0.0,0.0,0.0,0.0
2007-06-12,235,2,0,0,2,0.00851063829787234,8.51063829787234,0.0,0.0,0.0,0.0,0.00851063829787234,8.51063829787234
2007-06-13,236,1,0,1,0,0.00423728813559322,4.237288135593221,0.0,0.0,0.00423728813559322,4.237288135593221,0.0,0.0
2007-06-14,240,1,0,1,0,0.004166666666666667,4.166666666666667,0.0,0.0,0.004166666666666667,4.166666666666667,0.0,0.0
2007-06-15,249,4,0,0,4,0.01606425702811245,16.064257028112447,0.0,0.0,0.0,0.0,0.01606425702811245,16.064257028112447
2007-06-17,148,0,0,0,0,0.0,0.0,0.0,0.0,0.0,0.0,0.0,0.0
2007-06-18,245,2,0,1,1,0.00816326530612245,8.16326530612245,0.0,0.0,0.004081632653061225,4.081632653061225,0.004081632653061225,4.081632653061225
2007-06-19,249,2,0,0,2,0.008032128514056224,8.032128514056224,0.0,0.0,0.0,0.0,0.008032128514056224,8.032128514056224
2007-06-20,248,0,0,0,0,0.0,0.0,0.0,0.0,0.0,0.0,0.0,0.0
2007-06-21,249,0,0,0,0,0.0,0.0,0.0,0.0,0.0,0.0,0.0,0.0
2007-06-22,247,2,0,1,1,0.008097165991902834,8.097165991902834,0.0,0.0,0.004048582995951417,4.048582995951417,0.004048582995951417,4.048582995951417
2007-06-23,145,1,0,0,1,0.006896551724137931,6.896551724137931,0.0,0.0,0.0,0.0,0.006896551724137931,6.896551724137931
2007-06-24,130,0,0,0,0,0.0,0.0,0.0,0.0,0.0,0.0,0.0,0.0
2007-06-25,250,3,0,0,3,0.012,12.0,0.0,0.0,0.0,0.0,0.012,12.0
2007-06-26,248,0,0,0,0,0.0,0.0,0.0,0.0,0.0,0.0,0.0,0.0
2007-06-27,246,0,0,0,0,0.0,0.0,0.0,0.0,0.0,0.0,0.0,0.0
2007-06-28,250,0,0,0,0,0.0,0.0,0.0,0.0,0.0,0.0,0.0,0.0
2007-06-29,249,0,0,0,0,0.0,0.0,0.0,0.0,0.0,0.0,0.0,0.0
2007-06-30,140,0,0,0,0,0.0,0.0,0.0,0.0,0.0,0.0,0.0,0.0
2007-07-01,120,0,0,0,0,0.0,0.0,0.0,0.0,0.0,0.0,0.0,0.0
2007-07-02,250,0,0,0,0,0.0,0.0,0.0,0.0,0.0,0.0,0.0,0.0
2007-07-03,244,0,0,0,0,0.0,0.0,0.0,0.0,0.0,0.0,0.0,0.0
2007-07-04,250,0,0,0,0,0.0,0.0,0.0,0.0,0.0,0.0,0.0,0.0
2007-07-05,246,5,0,5,0,0.02032520325203252,20.32520325203252,0.0,0.0,0.02032520325203252,20.32520325203252,0.0,0.0
2007-07-06,245,1,0,1,0,0.004081632653061225,4.081632653061225,0.0,0.0,0.004081632653061225,4.081632653061225,0.0,0.0
2007-07-07,139,0,0,0,0,0.0,0.0,0.0,0.0,0.0,0.0,0.0,0.0
2007-07-08,127,1,0,0,1,0.007874015748031496,7.874015748031496,0.0,0.0,0.0,0.0,0.007874015748031496,7.874015748031496
2007-07-09,248,2,0,1,1,0.008064516129032258,8.064516129032258,0.0,0.0,0.004032258064516129,4.032258064516129,0.004032258064516129,4.032258064516129
2007-07-10,244,1,1,0,0,0.004098360655737705,4.0983606557377055,0.004098360655737705,4.0983606557377055,0.0,0.0,0.0,0.0
2007-07-11,248,0,0,0,0,0.0,0.0,0.0,0.0,0.0,0.0,0.0,0.0
2007-07-12,247,0,0,0,0,0.0,0.0,0.0,0.0,0.0,0.0,0.0,0.0
2007-07-13,249,1,1,0,0,0.004016064257028112,4.016064257028112,0.004016064257028112,4.016064257028112,0.0,0.0,0.0,0.0
2007-07-14,153,0,0,0,0,0.0,0.0,0.0,0.0,0.0,0.0,0.0,0.0
2007-07-15,146,0,0,0,0,0.0,0.0,0.0,0.0,0.0,0.0,0.0,0.0
2007-07-16,248,0,0,0,0,0.0,0.0,0.0,0.0,0.0,0.0,0.0,0.0
2007-07-17,250,0,0,0,0,0.0,0.0,0.0,0.0,0.0,0.0,0.0,0.0
2007-07-18,250,0,0,0,0,0.0,0.0,0.0,0.0,0.0,0.0,0.0,0.0
2007-07-19,244,0,0,0,0,0.0,0.0,0.0,0.0,0.0,0.0,0.0,0.0
2007-07-20,246,0,0,0,0,0.0,0.0,0.0,0.0,0.0,0.0,0.0,0.0
2007-07-21,147,0,0,0,0,0.0,0.0,0.0,0.0,0.0,0.0,0.0,0.0
2007-07-22,160,0,0,0,0,0.0,0.0,0.0,0.0,0.0,0.0,0.0,0.0
2007-07-23,250,0,0,0,0,0.0,0.0,0.0,0.0,0.0,0.0,0.0,0.0
2007-07-24,250,0,0,0,0,0.0,0.0,0.0,0.0,0.0,0.0,0.0,0.0
2007-07-25,250,1,0,0,1,0.004,4.0,0.0,0.0,0.0,0.0,0.004,4.0
2007-07-26,250,0,0,0,0,0.0,0.0,0.0,0.0,0.0,0.0,0.0,0.0
2007-07-27,247,0,0,0,0,0.0,0.0,0.0,0.0,0.0,0.0,0.0,0.0
2007-07-28,147,0,0,0,0,0.0,0.0,0.0,0.0,0.0,0.0,0.0,0.0
2007-07-29,152,0,0,0,0,0.0,0.0,0.0,0.0,0.0,0.0,0.0,0.0
2007-07-30,250,1,0,0,1,0.004,4.0,0.0,0.0,0.0,0.0,0.004,4.0
2007-07-31,249,0,0,0,0,0.0,0.0,0.0,0.0,0.0,0.0,0.0,0.0
2007-08-01,250,1,0,0,1,0.004,4.0,0.0,0.0,0.0,0.0,0.004,4.0
2007-08-02,250,2,0,2,0,0.008,8.0,0.0,0.0,0.008,8.0,0.0,0.0
2007-08-03,247,0,0,0,0,0.0,0.0,0.0,0.0,0.0,0.0,0.0,0.0
2007-08-04,147,0,0,0,0,0.0,0.0,0.0,0.0,0.0,0.0,0.0,0.0
2007-08-05,137,0,0,0,0,0.0,0.0,0.0,0.0,0.0,0.0,0.0,0.0
2007-08-06,249,0,0,0,0,0.0,0.0,0.0,0.0,0.0,0.0,0.0,0.0
2007-08-07,248,0,0,0,0,0.0,0.0,0.0,0.0,0.0,0.0,0.0,0.0
2007-08-08,249,1,0,0,1,0.004016064257028112,4.016064257028112,0.0,0.0,0.0,0.0,0.004016064257028112,4.016064257028112
2007-08-09,249,1,0,0,1,0.004016064257028112,4.016064257028112,0.0,0.0,0.0,0.0,0.004016064257028112,4.016064257028112
2007-08-10,250,0,0,0,0,0.0,0.0,0.0,0.0,0.0,0.0,0.0,0.0
2007-08-11,131,0,0,0,0,0.0,0.0,0.0,0.0,0.0,0.0,0.0,0.0
2007-08-12,118,0,0,0,0,0.0,0.0,0.0,0.0,0.0,0.0,0.0,0.0
2007-08-13,250,0,0,0,0,0.0,0.0,0.0,0.0,0.0,0.0,0.0,0.0
2007-08-14,249,2,0,0,2,0.008032128514056224,8.032128514056224,0.0,0.0,0.0,0.0,0.008032128514056224,8.032128514056224
2007-08-15,249,0,0,0,0,0.0,0.0,0.0,0.0,0.0,0.0,0.0,0.0
2007-08-16,247,1,0,1,0,0.004048582995951417,4.048582995951417,0.0,0.0,0.004048582995951417,4.048582995951417,0.0,0.0
2007-08-17,248,0,0,0,0,0.0,0.0,0.0,0.0,0.0,0.0,0.0,0.0
2007-08-18,148,0,0,0,0,0.0,0.0,0.0,0.0,0.0,0.0,0.0,0.0
2007-08-19,128,0,0,0,0,0.0,0.0,0.0,0.0,0.0,0.0,0.0,0.0
2007-08-20,249,1,0,0,1,0.004016064257028112,4.016064257028112,0.0,0.0,0.0,0.0,0.004016064257028112,4.016064257028112
2007-08-21,248,1,0,0,1,0.004032258064516129,4.032258064516129,0.0,0.0,0.0,0.0,0.004032258064516129,4.032258064516129
2007-08-22,250,1,0,0,1,0.004,4.0,0.0,0.0,0.0,0.0,0.004,4.0
2007-08-23,247,0,0,0,0,0.0,0.0,0.0,0.0,0.0,0.0,0.0,0.0
2007-08-24,249,0,0,0,0,0.0,0.0,0.0,0.0,0.0,0.0,0.0,0.0
2007-08-25,149,0,0,0,0,0.0,0.0,0.0,0.0,0.0,0.0,0.0,0.0
2007-08-26,162,1,0,0,1,0.006172839506172839,6.172839506172839,0.0,0.0,0.0,0.0,0.006172839506172839,6.172839506172839
2007-08-27,249,2,0,1,1,0.008032128514056224,8.032128514056224,0.0,0.0,0.004016064257028112,4.016064257028112,0.004016064257028112,4.016064257028112
2007-08-28,249,0,0,0,0,0.0,0.0,0.0,0.0,0.0,0.0,0.0,0.0
2007-08-29,249,0,0,0,0,0.0,0.0,0.0,0.0,0.0,0.0,0.0,0.0
2007-08-30,245,0,0,0,0,0.0,0.0,0.0,0.0,0.0,0.0,0.0,0.0
2007-08-31,250,0,0,0,0,0.0,0.0,0.0,0.0,0.0,0.0,0.0,0.0
2007-09-01,126,0,0,0,0,0.0,0.0,0.0,0.0,0.0,0.0,0.0,0.0
2007-09-02,166,0,0,0,0,0.0,0.0,0.0,0.0,0.0,0.0,0.0,0.0
2007-09-03,249,1,0,1,0,0.004016064257028112,4.016064257028112,0.0,0.0,0.004016064257028112,4.016064257028112,0.0,0.0
2007-09-04,249,2,0,0,2,0.008032128514056224,8.032128514056224,0.0,0.0,0.0,0.0,0.008032128514056224,8.032128514056224
2007-09-05,250,0,0,0,0,0.0,0.0,0.0,0.0,0.0,0.0,0.0,0.0
2007-09-06,249,0,0,0,0,0.0,0.0,0.0,0.0,0.0,0.0,0.0,0.0
2007-09-07,248,2,0,0,2,0.008064516129032258,8.064516129032258,0.0,0.0,0.0,0.0,0.008064516129032258,8.064516129032258
2007-09-08,156,1,0,1,0,0.00641025641025641,6.41025641025641,0.0,0.0,0.00641025641025641,6.41025641025641,0.0,0.0
2007-09-09,171,0,0,0,0,0.0,0.0,0.0,0.0,0.0,0.0,0.0,0.0
2007-09-10,248,0,0,0,0,0.0,0.0,0.0,0.0,0.0,0.0,0.0,0.0
2007-09-11,246,0,0,0,0,0.0,0.0,0.0,0.0,0.0,0.0,0.0,0.0
2007-09-12,249,0,0,0,0,0.0,0.0,0.0,0.0,0.0,0.0,0.0,0.0
2007-09-13,250,6,2,2,3,0.024,24.0,0.008,8.0,0.008,8.0,0.012,12.0
2007-09-14,249,3,1,0,2,0.012048192771084338,12.048192771084338,0.004016064257028112,4.016064257028112,0.0,0.0,0.008032128514056224,8.032128514056224
2007-09-15,167,0,0,0,0,0.0,0.0,0.0,0.0,0.0,0.0,0.0,0.0
2007-09-16,162,0,0,0,0,0.0,0.0,0.0,0.0,0.0,0.0,0.0,0.0
2007-09-17,249,2,0,2,0,0.008032128514056224,8.032128514056224,0.0,0.0,0.008032128514056224,8.032128514056224,0.0,0.0
2007-09-18,248,0,0,0,0,0.0,0.0,0.0,0.0,0.0,0.0,0.0,0.0
2007-09-19,249,0,0,0,0,0.0,0.0,0.0,0.0,0.0,0.0,0.0,0.0
2007-09-20,247,0,0,0,0,0.0,0.0,0.0,0.0,0.0,0.0,0.0,0.0
2007-09-21,250,1,0,0,1,0.004,4.0,0.0,0.0,0.0,0.0,0.004,4.0
2007-09-22,141,0,0,0,0,0.0,0.0,0.0,0.0,0.0,0.0,0.0,0.0
2007-09-23,118,0,0,0,0,0.0,0.0,0.0,0.0,0.0,0.0,0.0,0.0
2007-09-24,249,1,0,0,1,0.004016064257028112,4.016064257028112,0.0,0.0,0.0,0.0,0.004016064257028112,4.016064257028112
2007-09-25,249,1,0,0,1,0.004016064257028112,4.016064257028112,0.0,0.0,0.0,0.0,0.004016064257028112,4.016064257028112
2007-09-26,250,1,0,0,1,0.004,4.0,0.0,0.0,0.0,0.0,0.004,4.0
2007-09-27,248,1,0,0,1,0.004032258064516129,4.032258064516129,0.0,0.0,0.0,0.0,0.004032258064516129,4.032258064516129
2007-09-28,250,2,0,1,2,0.008,8.0,0.0,0.0,0.004,4.0,0.008,8.0
2007-09-29,136,0,0,0,0,0.0,0.0,0.0,0.0,0.0,0.0,0.0,0.0
2007-09-30,141,0,0,0,0,0.0,0.0,0.0,0.0,0.0,0.0,0.0,0.0
2007-10-01,246,1,0,0,1,0.0040650406504065045,4.065040650406504,0.0,0.0,0.0,0.0,0.0040650406504065045,4.065040650406504
2007-10-02,248,1,0,0,1,0.004032258064516129,4.032258064516129,0.0,0.0,0.0,0.0,0.004032258064516129,4.032258064516129
2007-10-03,250,1,0,0,1,0.004,4.0,0.0,0.0,0.0,0.0,0.004,4.0
2007-10-04,246,0,0,0,0,0.0,0.0,0.0,0.0,0.0,0.0,0.0,0.0
2007-10-05,247,0,0,0,0,0.0,0.0,0.0,0.0,0.0,0.0,0.0,0.0
2007-10-06,127,0,0,0,0,0.0,0.0,0.0,0.0,0.0,0.0,0.0,0.0
2007-10-07,160,0,0,0,0,0.0,0.0,0.0,0.0,0.0,0.0,0.0,0.0
2007-10-08,245,0,0,0,0,0.0,0.0,0.0,0.0,0.0,0.0,0.0,0.0
2007-10-09,247,0,0,0,0,0.0,0.0,0.0,0.0,0.0,0.0,0.0,0.0
2007-10-10,250,0,0,0,0,0.0,0.0,0.0,0.0,0.0,0.0,0.0,0.0
2007-10-11,245,0,0,0,0,0.0,0.0,0.0,0.0,0.0,0.0,0.0,0.0
2007-10-12,246,0,0,0,0,0.0,0.0,0.0,0.0,0.0,0.0,0.0,0.0
2007-10-13,147,0,0,0,0,0.0,0.0,0.0,0.0,0.0,0.0,0.0,0.0
2007-10-14,144,1,0,1,0,0.006944444444444444,6.944444444444444,0.0,0.0,0.006944444444444444,6.944444444444444,0.0,0.0
2007-10-15,246,2,0,1,1,0.008130081300813009,8.130081300813009,0.0,0.0,0.0040650406504065045,4.065040650406504,0.0040650406504065045,4.065040650406504
2007-10-16,246,3,2,2,1,0.012195121951219513,12.195121951219512,0.008130081300813009,8.130081300813009,0.008130081300813009,8.130081300813009,0.0040650406504065045,4.065040650406504
2007-10-17,246,1,1,1,0,0.0040650406504065045,4.065040650406504,0.0040650406504065045,4.065040650406504,0.0040650406504065045,4.065040650406504,0.0,0.0
2007-10-18,245,0,0,0,0,0.0,0.0,0.0,0.0,0.0,0.0,0.0,0.0
2007-10-19,247,2,1,1,0,0.008097165991902834,8.097165991902834,0.004048582995951417,4.048582995951417,0.004048582995951417,4.048582995951417,0.0,0.0
2007-10-20,162,0,0,0,0,0.0,0.0,0.0,0.0,0.0,0.0,0.0,0.0
2007-10-21,136,0,0,0,0,0.0,0.0,0.0,0.0,0.0,0.0,0.0,0.0
2007-10-22,246,0,0,0,0,0.0,0.0,0.0,0.0,0.0,0.0,0.0,0.0
2007-10-23,248,1,0,1,0,0.004032258064516129,4.032258064516129,0.0,0.0,0.004032258064516129,4.032258064516129,0.0,0.0
2007-10-24,246,1,1,0,1,0.0040650406504065045,4.065040650406504,0.0040650406504065045,4.065040650406504,0.0,0.0,0.0040650406504065045,4.065040650406504
2007-10-25,249,0,0,0,0,0.0,0.0,0.0,0.0,0.0,0.0,0.0,0.0
2007-10-26,246,0,0,0,0,0.0,0.0,0.0,0.0,0.0,0.0,0.0,0.0
2007-10-27,154,2,2,0,0,0.012987012987012988,12.987012987012989,0.012987012987012988,12.987012987012989,0.0,0.0,0.0,0.0
2007-10-28,124,0,0,0,0,0.0,0.0,0.0,0.0,0.0,0.0,0.0,0.0
2007-10-29,247,2,1,0,1,0.008097165991902834,8.097165991902834,0.004048582995951417,4.048582995951417,0.0,0.0,0.004048582995951417,4.048582995951417
2007-10-30,246,1,1,0,0,0.0040650406504065045,4.065040650406504,0.0040650406504065045,4.065040650406504,0.0,0.0,0.0,0.0
2007-10-31,356,1,0,0,1,0.0028089887640449437,2.8089887640449436,0.0,0.0,0.0,0.0,0.0028089887640449437,2.8089887640449436
2007-11-01,245,1,1,0,0,0.004081632653061225,4.081632653061225,0.004081632653061225,4.081632653061225,0.0,0.0,0.0,0.0
2007-11-03,143,0,0,0,0,0.0,0.0,0.0,0.0,0.0,0.0,0.0,0.0
2007-11-04,132,0,0,0,0,0.0,0.0,0.0,0.0,0.0,0.0,0.0,0.0
2007-11-05,246,0,0,0,0,0.0,0.0,0.0,0.0,0.0,0.0,0.0,0.0
2007-11-06,246,1,0,1,0,0.0040650406504065045,4.065040650406504,0.0,0.0,0.0040650406504065045,4.065040650406504,0.0,0.0
2007-11-07,247,0,0,0,0,0.0,0.0,0.0,0.0,0.0,0.0,0.0,0.0
2007-11-08,244,1,1,0,0,0.004098360655737705,4.0983606557377055,0.004098360655737705,4.0983606557377055,0.0,0.0,0.0,0.0
2007-11-09,249,1,0,0,1,0.004016064257028112,4.016064257028112,0.0,0.0,0.0,0.0,0.004016064257028112,4.016064257028112
2007-11-10,126,0,0,0,0,0.0,0.0,0.0,0.0,0.0,0.0,0.0,0.0
2007-11-11,121,0,0,0,0,0.0,0.0,0.0,0.0,0.0,0.0,0.0,0.0
2007-11-12,246,0,0,0,0,0.0,0.0,0.0,0.0,0.0,0.0,0.0,0.0
2007-11-13,247,0,0,0,0,0.0,0.0,0.0,0.0,0.0,0.0,0.0,0.0
2007-11-14,242,0,0,0,0,0.0,0.0,0.0,0.0,0.0,0.0,0.0,0.0
2007-11-15,245,0,0,0,0,0.0,0.0,0.0,0.0,0.0,0.0,0.0,0.0
2007-11-16,247,0,0,0,0,0.0,0.0,0.0,0.0,0.0,0.0,0.0,0.0
2007-11-17,148,1,1,0,0,0.006756756756756757,6.756756756756757,0.006756756756756757,6.756756756756757,0.0,0.0,0.0,0.0
2007-11-18,151,2,0,2,0,0.013245033112582781,13.245033112582782,0.0,0.0,0.013245033112582781,13.245033112582782,0.0,0.0
2007-11-19,246,1,0,1,1,0.0040650406504065045,4.065040650406504,0.0,0.0,0.0040650406504065045,4.065040650406504,0.0040650406504065045,4.065040650406504
2007-11-20,249,1,0,0,1,0.004016064257028112,4.016064257028112,0.0,0.0,0.0,0.0,0.004016064257028112,4.016064257028112
2007-11-21,249,1,0,0,1,0.004016064257028112,4.016064257028112,0.0,0.0,0.0,0.0,0.004016064257028112,4.016064257028112
2007-11-22,247,0,0,0,0,0.0,0.0,0.0,0.0,0.0,0.0,0.0,0.0
2007-11-23,244,0,0,0,0,0.0,0.0,0.0,0.0,0.0,0.0,0.0,0.0
2007-11-24,241,0,0,0,0,0.0,0.0,0.0,0.0,0.0,0.0,0.0,0.0
2007-11-25,153,1,1,0,0,0.006535947712418301,6.5359477124183005,0.006535947712418301,6.5359477124183005,0.0,0.0,0.0,0.0
2007-11-26,244,0,0,0,0,0.0,0.0,0.0,0.0,0.0,0.0,0.0,0.0
2007-11-27,244,1,0,1,0,0.004098360655737705,4.0983606557377055,0.0,0.0,0.004098360655737705,4.0983606557377055,0.0,0.0
2007-11-28,249,3,2,1,1,0.012048192771084338,12.048192771084338,0.008032128514056224,8.032128514056224,0.004016064257028112,4.016064257028112,0.004016064257028112,4.016064257028112
2007-11-29,248,0,0,0,0,0.0,0.0,0.0,0.0,0.0,0.0,0.0,0.0
2007-11-30,247,0,0,0,0,0.0,0.0,0.0,0.0,0.0,0.0,0.0,0.0
2007-12-01,136,3,0,1,2,0.022058823529411766,22.058823529411764,0.0,0.0,0.007352941176470588,7.352941176470588,0.014705882352941176,14.705882352941176
2007-12-02,136,1,0,0,1,0.007352941176470588,7.352941176470588,0.0,0.0,0.0,0.0,0.007352941176470588,7.352941176470588
2007-12-03,248,0,0,0,0,0.0,0.0,0.0,0.0,0.0,0.0,0.0,0.0
2007-12-04,248,1,0,0,1,0.004032258064516129,4.032258064516129,0.0,0.0,0.0,0.0,0.004032258064516129,4.032258064516129
2007-12-05,250,0,0,0,0,0.0,0.0,0.0,0.0,0.0,0.0,0.0,0.0
2007-12-06,246,0,0,0,0,0.0,0.0,0.0,0.0,0.0,0.0,0.0,0.0
2007-12-07,249,0,0,0,0,0.0,0.0,0.0,0.0,0.0,0.0,0.0,0.0
2007-12-08,158,0,0,0,0,0.0,0.0,0.0,0.0,0.0,0.0,0.0,0.0
2007-12-09,151,0,0,0,0,0.0,0.0,0.0,0.0,0.0,0.0,0.0,0.0
2007-12-10,249,0,0,0,0,0.0,0.0,0.0,0.0,0.0,0.0,0.0,0.0
2007-12-11,246,0,0,0,0,0.0,0.0,0.0,0.0,0.0,0.0,0.0,0.0
2007-12-12,250,0,0,0,0,0.0,0.0,0.0,0.0,0.0,0.0,0.0,0.0
2007-12-13,249,0,0,0,0,0.0,0.0,0.0,0.0,0.0,0.0,0.0,0.0
2007-12-14,247,0,0,0,0,0.0,0.0,0.0,0.0,0.0,0.0,0.0,0.0
2007-12-15,150,0,0,0,0,0.0,0.0,0.0,0.0,0.0,0.0,0.0,0.0
2007-12-16,150,0,0,0,0,0.0,0.0,0.0,0.0,0.0,0.0,0.0,0.0
2007-12-17,248,2,0,0,2,0.008064516129032258,8.064516129032258,0.0,0.0,0.0,0.0,0.008064516129032258,8.064516129032258
2007-12-18,249,5,0,0,5,0.020080321285140562,20.080321285140563,0.0,0.0,0.0,0.0,0.020080321285140562,20.080321285140563
2007-12-19,248,0,0,0,0,0.0,0.0,0.0,0.0,0.0,0.0,0.0,0.0
2007-12-20,249,0,0,0,0,0.0,0.0,0.0,0.0,0.0,0.0,0.0,0.0
2007-12-21,248,0,0,0,0,0.0,0.0,0.0,0.0,0.0,0.0,0.0,0.0
2007-12-22,150,1,0,1,0,0.006666666666666667,6.666666666666667,0.0,0.0,0.006666666666666667,6.666666666666667,0.0,0.0
2007-12-23,115,2,0,0,2,0.017391304347826087,17.391304347826086,0.0,0.0,0.0,0.0,0.017391304347826087,17.391304347826086
2007-12-24,246,0,0,0,0,0.0,0.0,0.0,0.0,0.0,0.0,0.0,0.0
2007-12-25,94,0,0,0,0,0.0,0.0,0.0,0.0,0.0,0.0,0.0,0.0
2007-12-26,179,2,0,1,1,0.0111731843575419,11.1731843575419,0.0,0.0,0.00558659217877095,5.58659217877095,0.00558659217877095,5.58659217877095
2007-12-27,182,2,0,0,2,0.01098901098901099,10.989010989010989,0.0,0.0,0.0,0.0,0.01098901098901099,10.989010989010989
2007-12-28,225,1,1,0,0,0.0044444444444444444,4.444444444444445,0.0044444444444444444,4.444444444444445,0.0,0.0,0.0,0.0
2007-12-29,137,0,0,0,0,0.0,0.0,0.0,0.0,0.0,0.0,0.0,0.0
2007-12-30,136,1,0,1,0,0.007352941176470588,7.352941176470588,0.0,0.0,0.007352941176470588,7.352941176470588,0.0,0.0
2007-12-31,197,0,0,0,0,0.0,0.0,0.0,0.0,0.0,0.0,0.0,0.0
2008-01-01,171,0,0,0,0,0.0,0.0,0.0,0.0,0.0,0.0,0.0,0.0
2008-01-02,248,0,0,0,0,0.0,0.0,0.0,0.0,0.0,0.0,0.0,0.0
2008-01-03,248,7,3,0,4,0.028225806451612902,28.225806451612904,0.012096774193548387,12.096774193548386,0.0,0.0,0.016129032258064516,16.129032258064516
2008-01-04,246,5,3,0,2,0.02032520325203252,20.32520325203252,0.012195121951219513,12.195121951219512,0.0,0.0,0.008130081300813009,8.130081300813009
2008-01-05,140,1,1,0,0,0.007142857142857143,7.142857142857142,0.007142857142857143,7.142857142857142,0.0,0.0,0.0,0.0
2008-01-06,145,0,0,0,0,0.0,0.0,0.0,0.0,0.0,0.0,0.0,0.0
2008-01-07,248,3,0,0,3,0.012096774193548387,12.096774193548386,0.0,0.0,0.0,0.0,0.012096774193548387,12.096774193548386
2008-01-08,248,2,1,0,2,0.008064516129032258,8.064516129032258,0.004032258064516129,4.032258064516129,0.0,0.0,0.008064516129032258,8.064516129032258
2008-01-09,250,1,0,0,1,0.004,4.0,0.0,0.0,0.0,0.0,0.004,4.0
2008-01-10,250,0,0,0,0,0.0,0.0,0.0,0.0,0.0,0.0,0.0,0.0
2008-01-11,249,0,0,0,0,0.0,0.0,0.0,0.0,0.0,0.0,0.0,0.0
2008-01-12,153,0,0,0,0,0.0,0.0,0.0,0.0,0.0,0.0,0.0,0.0
2008-01-13,139,0,0,0,0,0.0,0.0,0.0,0.0,0.0,0.0,0.0,0.0
2008-01-14,249,0,0,0,0,0.0,0.0,0.0,0.0,0.0,0.0,0.0,0.0
2008-01-15,249,0,0,0,0,0.0,0.0,0.0,0.0,0.0,0.0,0.0,0.0
2008-01-16,248,1,1,0,0,0.004032258064516129,4.032258064516129,0.004032258064516129,4.032258064516129,0.0,0.0,0.0,0.0
2008-01-17,250,0,0,0,0,0.0,0.0,0.0,0.0,0.0,0.0,0.0,0.0
2008-01-18,248,0,0,0,0,0.0,0.0,0.0,0.0,0.0,0.0,0.0,0.0
2008-01-19,120,0,0,0,0,0.0,0.0,0.0,0.0,0.0,0.0,0.0,0.0
2008-01-20,131,2,1,2,0,0.015267175572519083,15.267175572519083,0.007633587786259542,7.633587786259541,0.015267175572519083,15.267175572519083,0.0,0.0
2008-01-21,247,0,0,0,0,0.0,0.0,0.0,0.0,0.0,0.0,0.0,0.0
2008-01-22,249,0,0,0,0,0.0,0.0,0.0,0.0,0.0,0.0,0.0,0.0
2008-01-23,246,0,0,0,0,0.0,0.0,0.0,0.0,0.0,0.0,0.0,0.0
2008-01-24,248,1,0,1,0,0.004032258064516129,4.032258064516129,0.0,0.0,0.004032258064516129,4.032258064516129,0.0,0.0
2008-01-25,248,2,0,0,2,0.008064516129032258,8.064516129032258,0.0,0.0,0.0,0.0,0.008064516129032258,8.064516129032258
2008-01-26,161,0,0,0,0,0.0,0.0,0.0,0.0,0.0,0.0,0.0,0.0
2008-01-27,157,1,1,0,0,0.006369426751592357,6.369426751592357,0.006369426751592357,6.369426751592357,0.0,0.0,0.0,0.0
2008-01-28,248,1,0,1,0,0.004032258064516129,4.032258064516129,0.0,0.0,0.004032258064516129,4.032258064516129,0.0,0.0
2008-01-29,247,0,0,0,0,0.0,0.0,0.0,0.0,0.0,0.0,0.0,0.0
2008-01-30,247,0,0,0,0,0.0,0.0,0.0,0.0,0.0,0.0,0.0,0.0
2008-01-31,246,1,0,1,0,0.0040650406504065045,4.065040650406504,0.0,0.0,0.0040650406504065045,4.065040650406504,0.0,0.0
2008-02-01,246,1,0,1,0,0.0040650406504065045,4.065040650406504,0.0,0.0,0.0040650406504065045,4.065040650406504,0.0,0.0
2008-02-02,160,0,0,0,0,0.0,0.0,0.0,0.0,0.0,0.0,0.0,0.0
2008-02-03,155,0,0,0,0,0.0,0.0,0.0,0.0,0.0,0.0,0.0,0.0
2008-02-04,246,1,0,0,1,0.0040650406504065045,4.065040650406504,0.0,0.0,0.0,0.0,0.0040650406504065045,4.065040650406504
2008-02-05,246,0,0,0,0,0.0,0.0,0.0,0.0,0.0,0.0,0.0,0.0
2008-02-06,247,0,0,0,0,0.0,0.0,0.0,0.0,0.0,0.0,0.0,0.0
2008-02-07,247,0,0,0,0,0.0,0.0,0.0,0.0,0.0,0.0,0.0,0.0
2008-02-08,247,2,0,0,2,0.008097165991902834,8.097165991902834,0.0,0.0,0.0,0.0,0.008097165991902834,8.097165991902834
2008-02-09,175,0,0,0,0,0.0,0.0,0.0,0.0,0.0,0.0,0.0,0.0
2008-02-10,174,0,0,0,0,0.0,0.0,0.0,0.0,0.0,0.0,0.0,0.0
2008-02-11,249,0,0,0,0,0.0,0.0,0.0,0.0,0.0,0.0,0.0,0.0
2008-02-12,247,0,0,0,0,0.0,0.0,0.0,0.0,0.0,0.0,0.0,0.0
2008-02-13,247,1,0,1,0,0.004048582995951417,4.048582995951417,0.0,0.0,0.004048582995951417,4.048582995951417,0.0,0.0
2008-02-14,249,1,0,0,1,0.004016064257028112,4.016064257028112,0.0,0.0,0.0,0.0,0.004016064257028112,4.016064257028112
2008-02-15,245,0,0,0,0,0.0,0.0,0.0,0.0,0.0,0.0,0.0,0.0
2008-02-16,147,0,0,0,0,0.0,0.0,0.0,0.0,0.0,0.0,0.0,0.0
2008-02-17,145,2,0,0,2,0.013793103448275862,13.793103448275861,0.0,0.0,0.0,0.0,0.013793103448275862,13.793103448275861
2008-02-18,248,0,0,0,0,0.0,0.0,0.0,0.0,0.0,0.0,0.0,0.0
2008-02-19,249,0,0,0,0,0.0,0.0,0.0,0.0,0.0,0.0,0.0,0.0
2008-02-20,248,0,0,0,0,0.0,0.0,0.0,0.0,0.0,0.0,0.0,0.0
2008-02-21,244,1,0,0,1,0.004098360655737705,4.0983606557377055,0.0,0.0,0.0,0.0,0.004098360655737705,4.0983606557377055
2008-02-22,246,2,0,1,1,0.008130081300813009,8.130081300813009,0.0,0.0,0.0040650406504065045,4.065040650406504,0.0040650406504065045,4.065040650406504
2008-02-23,155,0,0,0,0,0.0,0.0,0.0,0.0,0.0,0.0,0.0,0.0
2008-02-24,130,1,0,1,0,0.007692307692307693,7.6923076923076925,0.0,0.0,0.007692307692307693,7.6923076923076925,0.0,0.0
2008-02-25,245,0,0,0,0,0.0,0.0,0.0,0.0,0.0,0.0,0.0,0.0
2008-02-26,247,0,0,0,0,0.0,0.0,0.0,0.0,0.0,0.0,0.0,0.0
2008-02-27,247,0,0,0,0,0.0,0.0,0.0,0.0,0.0,0.0,0.0,0.0
2008-02-28,246,1,0,0,1,0.0040650406504065045,4.065040650406504,0.0,0.0,0.0,0.0,0.0040650406504065045,4.065040650406504
2008-02-29,249,1,0,1,0,0.004016064257028112,4.016064257028112,0.0,0.0,0.004016064257028112,4.016064257028112,0.0,0.0
2008-03-01,156,0,0,0,0,0.0,0.0,0.0,0.0,0.0,0.0,0.0,0.0
2008-03-02,143,0,0,0,0,0.0,0.0,0.0,0.0,0.0,0.0,0.0,0.0
2008-03-03,248,1,0,1,0,0.004032258064516129,4.032258064516129,0.0,0.0,0.004032258064516129,4.032258064516129,0.0,0.0
2008-03-04,247,0,0,0,0,0.0,0.0,0.0,0.0,0.0,0.0,0.0,0.0
2008-03-05,248,1,0,1,0,0.004032258064516129,4.032258064516129,0.0,0.0,0.004032258064516129,4.032258064516129,0.0,0.0
2008-03-06,248,2,2,0,0,0.008064516129032258,8.064516129032258,0.008064516129032258,8.064516129032258,0.0,0.0,0.0,0.0
2008-03-07,247,1,0,1,0,0.004048582995951417,4.048582995951417,0.0,0.0,0.004048582995951417,4.048582995951417,0.0,0.0
2008-03-08,144,1,1,0,0,0.006944444444444444,6.944444444444444,0.006944444444444444,6.944444444444444,0.0,0.0,0.0,0.0
2008-03-09,145,0,0,0,0,0.0,0.0,0.0,0.0,0.0,0.0,0.0,0.0
2008-03-10,247,0,0,0,0,0.0,0.0,0.0,0.0,0.0,0.0,0.0,0.0
2008-03-11,248,2,0,0,2,0.008064516129032258,8.064516129032258,0.0,0.0,0.0,0.0,0.008064516129032258,8.064516129032258
2008-03-12,246,1,0,1,0,0.0040650406504065045,4.065040650406504,0.0,0.0,0.0040650406504065045,4.065040650406504,0.0,0.0
2008-03-13,248,1,1,0,0,0.004032258064516129,4.032258064516129,0.004032258064516129,4.032258064516129,0.0,0.0,0.0,0.0
2008-03-14,247,0,0,0,0,0.0,0.0,0.0,0.0,0.0,0.0,0.0,0.0
2008-03-15,171,1,0,0,1,0.005847953216374269,5.847953216374268,0.0,0.0,0.0,0.0,0.005847953216374269,5.847953216374268
2008-03-16,148,0,0,0,0,0.0,0.0,0.0,0.0,0.0,0.0,0.0,0.0
2008-03-17,247,1,0,0,1,0.004048582995951417,4.048582995951417,0.0,0.0,0.0,0.0,0.004048582995951417,4.048582995951417
2008-03-18,248,0,0,0,0,0.0,0.0,0.0,0.0,0.0,0.0,0.0,0.0
2008-03-19,249,0,0,0,0,0.0,0.0,0.0,0.0,0.0,0.0,0.0,0.0
2008-03-20,247,5,0,1,4,0.020242914979757085,20.242914979757085,0.0,0.0,0.004048582995951417,4.048582995951417,0.016194331983805668,16.194331983805668
2008-03-21,159,3,0,3,0,0.018867924528301886,18.867924528301884,0.0,0.0,0.018867924528301886,18.867924528301884,0.0,0.0
2008-03-22,155,1,1,1,0,0.0064516129032258064,6.451612903225806,0.0064516129032258064,6.451612903225806,0.0064516129032258064,6.451612903225806,0.0,0.0
2008-03-23,161,0,0,0,0,0.0,0.0,0.0,0.0,0.0,0.0,0.0,0.0
2008-03-24,245,0,0,0,0,0.0,0.0,0.0,0.0,0.0,0.0,0.0,0.0
2008-03-25,247,1,1,0,0,0.004048582995951417,4.048582995951417,0.004048582995951417,4.048582995951417,0.0,0.0,0.0,0.0
2008-03-26,248,0,0,0,0,0.0,0.0,0.0,0.0,0.0,0.0,0.0,0.0
2008-03-27,245,1,0,1,0,0.004081632653061225,4.081632653061225,0.0,0.0,0.004081632653061225,4.081632653061225,0.0,0.0
2008-03-28,246,0,0,0,0,0.0,0.0,0.0,0.0,0.0,0.0,0.0,0.0
2008-03-29,170,0,0,0,0,0.0,0.0,0.0,0.0,0.0,0.0,0.0,0.0
2008-03-30,152,1,0,0,1,0.006578947368421052,6.578947368421052,0.0,0.0,0.0,0.0,0.006578947368421052,6.578947368421052
2008-03-31,249,0,0,0,0,0.0,0.0,0.0,0.0,0.0,0.0,0.0,0.0
2008-04-01,246,1,1,0,0,0.0040650406504065045,4.065040650406504,0.0040650406504065045,4.065040650406504,0.0,0.0,0.0,0.0
2008-04-02,249,0,0,0,0,0.0,0.0,0.0,0.0,0.0,0.0,0.0,0.0
2008-04-03,247,1,0,0,1,0.004048582995951417,4.048582995951417,0.0,0.0,0.0,0.0,0.004048582995951417,4.048582995951417
2008-04-04,243,0,0,0,0,0.0,0.0,0.0,0.0,0.0,0.0,0.0,0.0
2008-04-05,170,0,0,0,0,0.0,0.0,0.0,0.0,0.0,0.0,0.0,0.0
2008-04-06,169,1,0,1,0,0.005917159763313609,5.9171597633136095,0.0,0.0,0.005917159763313609,5.9171597633136095,0.0,0.0
2008-04-07,247,1,0,0,1,0.004048582995951417,4.048582995951417,0.0,0.0,0.0,0.0,0.004048582995951417,4.048582995951417
2008-04-08,248,2,0,0,2,0.008064516129032258,8.064516129032258,0.0,0.0,0.0,0.0,0.008064516129032258,8.064516129032258
2008-04-09,247,3,0,1,2,0.012145748987854251,12.145748987854251,0.0,0.0,0.004048582995951417,4.048582995951417,0.008097165991902834,8.097165991902834
2008-04-10,245,3,1,0,2,0.012244897959183673,12.244897959183673,0.004081632653061225,4.081632653061225,0.0,0.0,0.00816326530612245,8.16326530612245
2008-04-11,246,0,0,0,0,0.0,0.0,0.0,0.0,0.0,0.0,0.0,0.0
2008-04-12,154,1,0,1,0,0.006493506493506494,6.493506493506494,0.0,0.0,0.006493506493506494,6.493506493506494,0.0,0.0
2008-04-13,167,0,0,0,0,0.0,0.0,0.0,0.0,0.0,0.0,0.0,0.0
2008-04-14,244,0,0,0,0,0.0,0.0,0.0,0.0,0.0,0.0,0.0,0.0
2008-04-15,246,2,1,0,1,0.008130081300813009,8.130081300813009,0.0040650406504065045,4.065040650406504,0.0,0.0,0.0040650406504065045,4.065040650406504
2008-04-16,248,2,0,0,2,0.008064516129032258,8.064516129032258,0.0,0.0,0.0,0.0,0.008064516129032258,8.064516129032258
2008-04-17,248,1,0,0,1,0.004032258064516129,4.032258064516129,0.0,0.0,0.0,0.0,0.004032258064516129,4.032258064516129
2008-04-18,246,0,0,0,0,0.0,0.0,0.0,0.0,0.0,0.0,0.0,0.0
2008-04-19,183,1,1,0,0,0.00546448087431694,5.46448087431694,0.00546448087431694,5.46448087431694,0.0,0.0,0.0,0.0
2008-04-20,191,0,0,0,0,0.0,0.0,0.0,0.0,0.0,0.0,0.0,0.0
2008-04-21,246,2,0,0,2,0.008130081300813009,8.130081300813009,0.0,0.0,0.0,0.0,0.008130081300813009,8.130081300813009
2008-04-22,244,1,0,0,1,0.004098360655737705,4.0983606557377055,0.0,0.0,0.0,0.0,0.004098360655737705,4.0983606557377055
2008-04-23,247,2,0,0,2,0.008097165991902834,8.097165991902834,0.0,0.0,0.0,0.0,0.008097165991902834,8.097165991902834
2008-04-24,244,2,0,1,1,0.00819672131147541,8.196721311475411,0.0,0.0,0.004098360655737705,4.0983606557377055,0.004098360655737705,4.0983606557377055
2008-04-25,247,3,2,0,1,0.012145748987854251,12.145748987854251,0.008097165991902834,8.097165991902834,0.0,0.0,0.004048582995951417,4.048582995951417
2008-04-26,143,1,1,0,0,0.006993006993006993,6.993006993006993,0.006993006993006993,6.993006993006993,0.0,0.0,0.0,0.0
2008-04-27,162,2,0,2,0,0.012345679012345678,12.345679012345679,0.0,0.0,0.012345679012345678,12.345679012345679,0.0,0.0
2008-04-28,247,3,1,1,2,0.012145748987854251,12.145748987854251,0.004048582995951417,4.048582995951417,0.004048582995951417,4.048582995951417,0.008097165991902834,8.097165991902834
2008-04-29,247,2,0,0,2,0.008097165991902834,8.097165991902834,0.0,0.0,0.0,0.0,0.008097165991902834,8.097165991902834
2008-04-30,247,0,0,0,0,0.0,0.0,0.0,0.0,0.0,0.0,0.0,0.0
2008-05-01,249,0,0,0,0,0.0,0.0,0.0,0.0,0.0,0.0,0.0,0.0
2008-05-02,247,0,0,0,0,0.0,0.0,0.0,0.0,0.0,0.0,0.0,0.0
2008-05-03,168,0,0,0,0,0.0,0.0,0.0,0.0,0.0,0.0,0.0,0.0
2008-05-04,145,0,0,0,0,0.0,0.0,0.0,0.0,0.0,0.0,0.0,0.0
2008-05-05,246,1,0,0,1,0.0040650406504065045,4.065040650406504,0.0,0.0,0.0,0.0,0.0040650406504065045,4.065040650406504
2008-05-06,249,1,1,0,0,0.004016064257028112,4.016064257028112,0.004016064257028112,4.016064257028112,0.0,0.0,0.0,0.0
2008-05-07,247,1,0,0,1,0.004048582995951417,4.048582995951417,0.0,0.0,0.0,0.0,0.004048582995951417,4.048582995951417
2008-05-08,246,1,0,0,1,0.0040650406504065045,4.065040650406504,0.0,0.0,0.0,0.0,0.0040650406504065045,4.065040650406504
2008-05-09,242,0,0,0,0,0.0,0.0,0.0,0.0,0.0,0.0,0.0,0.0
2008-05-10,150,3,3,0,0,0.02,20.0,0.02,20.0,0.0,0.0,0.0,0.0
2008-05-11,151,1,0,1,0,0.006622516556291391,6.622516556291391,0.0,0.0,0.006622516556291391,6.622516556291391,0.0,0.0
2008-05-12,248,1,0,0,1,0.004032258064516129,4.032258064516129,0.0,0.0,0.0,0.0,0.004032258064516129,4.032258064516129
2008-05-13,246,1,0,1,0,0.0040650406504065045,4.065040650406504,0.0,0.0,0.0040650406504065045,4.065040650406504,0.0,0.0
2008-05-14,248,2,1,0,1,0.008064516129032258,8.064516129032258,0.004032258064516129,4.032258064516129,0.0,0.0,0.004032258064516129,4.032258064516129
2008-05-15,249,2,0,1,2,0.008032128514056224,8.032128514056224,0.0,0.0,0.004016064257028112,4.016064257028112,0.008032128514056224,8.032128514056224
2008-05-16,245,3,1,0,2,0.012244897959183673,12.244897959183673,0.004081632653061225,4.081632653061225,0.0,0.0,0.00816326530612245,8.16326530612245
2008-05-17,142,2,1,1,0,0.014084507042253521,14.084507042253522,0.007042253521126761,7.042253521126761,0.007042253521126761,7.042253521126761,0.0,0.0
2008-05-18,144,2,0,0,2,0.013888888888888888,13.888888888888888,0.0,0.0,0.0,0.0,0.013888888888888888,13.888888888888888
2008-05-19,243,4,0,0,4,0.01646090534979424,16.46090534979424,0.0,0.0,0.0,0.0,0.01646090534979424,16.46090534979424
2008-05-20,242,0,0,0,0,0.0,0.0,0.0,0.0,0.0,0.0,0.0,0.0
2008-05-21,243,5,0,0,5,0.0205761316872428,20.5761316872428,0.0,0.0,0.0,0.0,0.0205761316872428,20.5761316872428
2008-05-22,248,8,2,0,6,0.03225806451612903,32.25806451612903,0.008064516129032258,8.064516129032258,0.0,0.0,0.024193548387096774,24.193548387096772
2008-05-23,246,1,0,1,0,0.0040650406504065045,4.065040650406504,0.0,0.0,0.0040650406504065045,4.065040650406504,0.0,0.0
2008-05-24,171,3,1,0,2,0.017543859649122806,17.543859649122805,0.005847953216374269,5.847953216374268,0.0,0.0,0.011695906432748537,11.695906432748536
2008-05-25,157,5,0,0,5,0.03184713375796178,31.84713375796178,0.0,0.0,0.0,0.0,0.03184713375796178,31.84713375796178
2008-05-26,247,7,0,0,7,0.02834008097165992,28.34008097165992,0.0,0.0,0.0,0.0,0.02834008097165992,28.34008097165992
2008-05-27,243,2,0,0,2,0.00823045267489712,8.23045267489712,0.0,0.0,0.0,0.0,0.00823045267489712,8.23045267489712
2008-05-28,246,7,0,1,6,0.028455284552845527,28.455284552845526,0.0,0.0,0.0040650406504065045,4.065040650406504,0.024390243902439025,24.390243902439025
2008-05-29,248,7,1,0,6,0.028225806451612902,28.225806451612904,0.004032258064516129,4.032258064516129,0.0,0.0,0.024193548387096774,24.193548387096772
2008-05-30,247,3,0,0,3,0.012145748987854251,12.145748987854251,0.0,0.0,0.0,0.0,0.012145748987854251,12.145748987854251
2008-05-31,171,1,0,0,1,0.005847953216374269,5.847953216374268,0.0,0.0,0.0,0.0,0.005847953216374269,5.847953216374268
2008-06-01,191,0,0,0,0,0.0,0.0,0.0,0.0,0.0,0.0,0.0,0.0
2008-06-02,246,5,0,0,5,0.02032520325203252,20.32520325203252,0.0,0.0,0.0,0.0,0.02032520325203252,20.32520325203252
2008-06-03,247,1,0,0,1,0.004048582995951417,4.048582995951417,0.0,0.0,0.0,0.0,0.004048582995951417,4.048582995951417
2008-06-04,247,2,0,0,2,0.008097165991902834,8.097165991902834,0.0,0.0,0.0,0.0,0.008097165991902834,8.097165991902834
2008-06-05,249,0,0,0,0,0.0,0.0,0.0,0.0,0.0,0.0,0.0,0.0
2008-06-06,247,1,1,0,0,0.004048582995951417,4.048582995951417,0.004048582995951417,4.048582995951417,0.0,0.0,0.0,0.0
2008-06-07,174,8,5,0,3,0.04597701149425287,45.97701149425287,0.028735632183908046,28.735632183908045,0.0,0.0,0.017241379310344827,17.241379310344826
2008-06-08,169,3,0,2,2,0.01775147928994083,17.75147928994083,0.0,0.0,0.011834319526627219,11.834319526627219,0.011834319526627219,11.834319526627219
2008-06-09,245,7,2,1,5,0.02857142857142857,28.57142857142857,0.00816326530612245,8.16326530612245,0.004081632653061225,4.081632653061225,0.02040816326530612,20.408163265306122
2008-06-10,247,6,3,1,3,0.024291497975708502,24.291497975708502,0.012145748987854251,12.145748987854251,0.004048582995951417,4.048582995951417,0.012145748987854251,12.145748987854251
2008-06-11,246,2,0,0,2,0.008130081300813009,8.130081300813009,0.0,0.0,0.0,0.0,0.008130081300813009,8.130081300813009
2008-06-12,246,3,0,0,3,0.012195121951219513,12.195121951219512,0.0,0.0,0.0,0.0,0.012195121951219513,12.195121951219512
2008-06-13,243,2,0,0,2,0.00823045267489712,8.23045267489712,0.0,0.0,0.0,0.0,0.00823045267489712,8.23045267489712
2008-06-14,168,4,2,1,1,0.023809523809523808,23.809523809523807,0.011904761904761904,11.904761904761903,0.005952380952380952,5.952380952380952,0.005952380952380952,5.952380952380952
2008-06-15,166,4,1,1,2,0.024096385542168676,24.096385542168676,0.006024096385542169,6.024096385542169,0.006024096385542169,6.024096385542169,0.012048192771084338,12.048192771084338
2008-06-16,248,8,4,4,1,0.03225806451612903,32.25806451612903,0.016129032258064516,16.129032258064516,0.016129032258064516,16.129032258064516,0.004032258064516129,4.032258064516129
2008-06-17,248,1,1,1,0,0.004032258064516129,4.032258064516129,0.004032258064516129,4.032258064516129,0.004032258064516129,4.032258064516129,0.0,0.0
2008-06-18,246,3,0,1,2,0.012195121951219513,12.195121951219512,0.0,0.0,0.0040650406504065045,4.065040650406504,0.008130081300813009,8.130081300813009
2008-06-19,249,7,0,1,6,0.028112449799196786,28.112449799196785,0.0,0.0,0.004016064257028112,4.016064257028112,0.024096385542168676,24.096385542168676
2008-06-20,245,1,0,1,0,0.004081632653061225,4.081632653061225,0.0,0.0,0.004081632653061225,4.081632653061225,0.0,0.0
2008-06-21,163,1,1,0,0,0.006134969325153374,6.134969325153374,0.006134969325153374,6.134969325153374,0.0,0.0,0.0,0.0
2008-06-22,159,6,1,4,1,0.03773584905660377,37.73584905660377,0.006289308176100629,6.289308176100629,0.025157232704402517,25.157232704402517,0.006289308176100629,6.289308176100629
2008-06-23,248,3,0,2,1,0.012096774193548387,12.096774193548386,0.0,0.0,0.008064516129032258,8.064516129032258,0.004032258064516129,4.032258064516129
2008-06-24,247,3,1,1,2,0.012145748987854251,12.145748987854251,0.004048582995951417,4.048582995951417,0.004048582995951417,4.048582995951417,0.008097165991902834,8.097165991902834
2008-06-25,242,3,0,0,3,0.012396694214876033,12.396694214876034,0.0,0.0,0.0,0.0,0.012396694214876033,12.396694214876034
2008-06-26,248,1,0,0,1,0.004032258064516129,4.032258064516129,0.0,0.0,0.0,0.0,0.004032258064516129,4.032258064516129
2008-06-27,248,2,1,0,1,0.008064516129032258,8.064516129032258,0.004032258064516129,4.032258064516129,0.0,0.0,0.004032258064516129,4.032258064516129
2008-06-28,167,3,2,0,1,0.017964071856287425,17.964071856287426,0.011976047904191617,11.976047904191617,0.0,0.0,0.005988023952095809,5.9880239520958085
2008-06-29,148,0,0,0,0,0.0,0.0,0.0,0.0,0.0,0.0,0.0,0.0
2008-06-30,249,1,1,0,0,0.004016064257028112,4.016064257028112,0.004016064257028112,4.016064257028112,0.0,0.0,0.0,0.0
2008-07-01,247,1,0,0,1,0.004048582995951417,4.048582995951417,0.0,0.0,0.0,0.0,0.004048582995951417,4.048582995951417
2008-07-02,246,0,0,0,0,0.0,0.0,0.0,0.0,0.0,0.0,0.0,0.0
2008-07-03,245,1,0,1,0,0.004081632653061225,4.081632653061225,0.0,0.0,0.004081632653061225,4.081632653061225,0.0,0.0
2008-07-04,246,1,0,0,1,0.0040650406504065045,4.065040650406504,0.0,0.0,0.0,0.0,0.0040650406504065045,4.065040650406504
2008-07-05,139,0,0,0,0,0.0,0.0,0.0,0.0,0.0,0.0,0.0,0.0
2008-07-06,132,0,0,0,0,0.0,0.0,0.0,0.0,0.0,0.0,0.0,0.0
2008-07-07,248,0,0,0,0,0.0,0.0,0.0,0.0,0.0,0.0,0.0,0.0
2008-07-08,243,2,0,0,2,0.00823045267489712,8.23045267489712,0.0,0.0,0.0,0.0,0.00823045267489712,8.23045267489712
2008-07-09,246,2,1,0,1,0.008130081300813009,8.130081300813009,0.0040650406504065045,4.065040650406504,0.0,0.0,0.0040650406504065045,4.065040650406504
2008-07-10,242,1,0,0,1,0.004132231404958678,4.132231404958678,0.0,0.0,0.0,0.0,0.004132231404958678,4.132231404958678
2008-07-11,247,4,1,0,3,0.016194331983805668,16.194331983805668,0.004048582995951417,4.048582995951417,0.0,0.0,0.012145748987854251,12.145748987854251
2008-07-12,168,2,2,0,0,0.011904761904761904,11.904761904761903,0.011904761904761904,11.904761904761903,0.0,0.0,0.0,0.0
2008-07-13,169,0,0,0,0,0.0,0.0,0.0,0.0,0.0,0.0,0.0,0.0
2008-07-14,246,1,0,1,0,0.0040650406504065045,4.065040650406504,0.0,0.0,0.0040650406504065045,4.065040650406504,0.0,0.0
2008-07-15,247,0,0,0,0,0.0,0.0,0.0,0.0,0.0,0.0,0.0,0.0
2008-07-16,248,2,0,0,2,0.008064516129032258,8.064516129032258,0.0,0.0,0.0,0.0,0.008064516129032258,8.064516129032258
2008-07-17,248,0,0,0,0,0.0,0.0,0.0,0.0,0.0,0.0,0.0,0.0
2008-07-18,247,2,1,1,0,0.008097165991902834,8.097165991902834,0.004048582995951417,4.048582995951417,0.004048582995951417,4.048582995951417,0.0,0.0
2008-07-19,168,1,0,0,1,0.005952380952380952,5.952380952380952,0.0,0.0,0.0,0.0,0.005952380952380952,5.952380952380952
2008-07-20,142,0,0,0,0,0.0,0.0,0.0,0.0,0.0,0.0,0.0,0.0
2008-07-21,248,4,0,1,3,0.016129032258064516,16.129032258064516,0.0,0.0,0.004032258064516129,4.032258064516129,0.012096774193548387,12.096774193548386
2008-07-22,245,2,0,1,1,0.00816326530612245,8.16326530612245,0.0,0.0,0.004081632653061225,4.081632653061225,0.004081632653061225,4.081632653061225
2008-07-23,247,2,1,0,1,0.008097165991902834,8.097165991902834,0.004048582995951417,4.048582995951417,0.0,0.0,0.004048582995951417,4.048582995951417
2008-07-24,248,1,1,0,0,0.004032258064516129,4.032258064516129,0.004032258064516129,4.032258064516129,0.0,0.0,0.0,0.0
2008-07-25,248,2,0,0,2,0.008064516129032258,8.064516129032258,0.0,0.0,0.0,0.0,0.008064516129032258,8.064516129032258
2008-07-26,172,0,0,0,0,0.0,0.0,0.0,0.0,0.0,0.0,0.0,0.0
2008-07-27,167,1,0,1,0,0.005988023952095809,5.9880239520958085,0.0,0.0,0.005988023952095809,5.9880239520958085,0.0,0.0
2008-07-28,246,3,0,0,3,0.012195121951219513,12.195121951219512,0.0,0.0,0.0,0.0,0.012195121951219513,12.195121951219512
2008-07-29,248,1,0,0,1,0.004032258064516129,4.032258064516129,0.0,0.0,0.0,0.0,0.004032258064516129,4.032258064516129
2008-07-30,246,2,1,0,1,0.008130081300813009,8.130081300813009,0.0040650406504065045,4.065040650406504,0.0,0.0,0.0040650406504065045,4.065040650406504
2008-07-31,248,2,1,0,1,0.008064516129032258,8.064516129032258,0.004032258064516129,4.032258064516129,0.0,0.0,0.004032258064516129,4.032258064516129
2008-08-01,248,0,0,0,0,0.0,0.0,0.0,0.0,0.0,0.0,0.0,0.0
2008-08-02,162,2,0,0,2,0.012345679012345678,12.345679012345679,0.0,0.0,0.0,0.0,0.012345679012345678,12.345679012345679
2008-08-03,148,0,0,0,0,0.0,0.0,0.0,0.0,0.0,0.0,0.0,0.0
2008-08-04,248,2,0,0,2,0.008064516129032258,8.064516129032258,0.0,0.0,0.0,0.0,0.008064516129032258,8.064516129032258
2008-08-05,246,2,0,0,2,0.008130081300813009,8.130081300813009,0.0,0.0,0.0,0.0,0.008130081300813009,8.130081300813009
2008-08-06,248,0,0,0,0,0.0,0.0,0.0,0.0,0.0,0.0,0.0,0.0
2008-08-07,248,2,0,0,2,0.008064516129032258,8.064516129032258,0.0,0.0,0.0,0.0,0.008064516129032258,8.064516129032258
2008-08-08,247,2,1,0,1,0.008097165991902834,8.097165991902834,0.004048582995951417,4.048582995951417,0.0,0.0,0.004048582995951417,4.048582995951417
2008-08-09,175,1,1,0,0,0.005714285714285714,5.714285714285714,0.005714285714285714,5.714285714285714,0.0,0.0,0.0,0.0
2008-08-10,202,1,1,0,0,0.0049504950495049506,4.9504950495049505,0.0049504950495049506,4.9504950495049505,0.0,0.0,0.0,0.0
2008-08-11,245,2,1,0,2,0.00816326530612245,8.16326530612245,0.004081632653061225,4.081632653061225,0.0,0.0,0.00816326530612245,8.16326530612245
2008-08-12,248,1,0,1,0,0.004032258064516129,4.032258064516129,0.0,0.0,0.004032258064516129,4.032258064516129,0.0,0.0
2008-08-13,245,0,0,0,0,0.0,0.0,0.0,0.0,0.0,0.0,0.0,0.0
2008-08-14,245,1,0,0,1,0.004081632653061225,4.081632653061225,0.0,0.0,0.0,0.0,0.004081632653061225,4.081632653061225
2008-08-15,245,0,0,0,0,0.0,0.0,0.0,0.0,0.0,0.0,0.0,0.0
2008-08-16,185,0,0,0,0,0.0,0.0,0.0,0.0,0.0,0.0,0.0,0.0
2008-08-17,191,0,0,0,0,0.0,0.0,0.0,0.0,0.0,0.0,0.0,0.0
2008-08-18,247,0,0,0,0,0.0,0.0,0.0,0.0,0.0,0.0,0.0,0.0
2008-08-19,242,0,0,0,0,0.0,0.0,0.0,0.0,0.0,0.0,0.0,0.0
2008-08-20,243,2,0,0,2,0.00823045267489712,8.23045267489712,0.0,0.0,0.0,0.0,0.00823045267489712,8.23045267489712
2008-08-21,244,1,0,1,0,0.004098360655737705,4.0983606557377055,0.0,0.0,0.004098360655737705,4.0983606557377055,0.0,0.0
2008-08-22,244,0,0,0,0,0.0,0.0,0.0,0.0,0.0,0.0,0.0,0.0
2008-08-23,190,1,0,0,1,0.005263157894736842,5.263157894736842,0.0,0.0,0.0,0.0,0.005263157894736842,5.263157894736842
2008-08-24,168,2,0,2,0,0.011904761904761904,11.904761904761903,0.0,0.0,0.011904761904761904,11.904761904761903,0.0,0.0
2008-08-25,245,2,0,1,1,0.00816326530612245,8.16326530612245,0.0,0.0,0.004081632653061225,4.081632653061225,0.004081632653061225,4.081632653061225
2008-08-26,241,1,0,0,1,0.004149377593360996,4.149377593360996,0.0,0.0,0.0,0.0,0.004149377593360996,4.149377593360996
2008-08-27,249,1,0,0,1,0.004016064257028112,4.016064257028112,0.0,0.0,0.0,0.0,0.004016064257028112,4.016064257028112
2008-08-28,248,0,0,0,0,0.0,0.0,0.0,0.0,0.0,0.0,0.0,0.0
2008-08-29,246,0,0,0,0,0.0,0.0,0.0,0.0,0.0,0.0,0.0,0.0
2008-08-30,155,0,0,0,0,0.0,0.0,0.0,0.0,0.0,0.0,0.0,0.0
2008-08-31,138,0,0,0,0,0.0,0.0,0.0,0.0,0.0,0.0,0.0,0.0
2008-09-01,247,1,0,0,1,0.004048582995951417,4.048582995951417,0.0,0.0,0.0,0.0,0.004048582995951417,4.048582995951417
2008-09-02,247,0,0,0,0,0.0,0.0,0.0,0.0,0.0,0.0,0.0,0.0
2008-09-03,249,0,0,0,0,0.0,0.0,0.0,0.0,0.0,0.0,0.0,0.0
2008-09-04,244,1,0,0,1,0.004098360655737705,4.0983606557377055,0.0,0.0,0.0,0.0,0.004098360655737705,4.0983606557377055
2008-09-05,237,0,0,0,0,0.0,0.0,0.0,0.0,0.0,0.0,0.0,0.0
2008-09-06,156,0,0,0,0,0.0,0.0,0.0,0.0,0.0,0.0,0.0,0.0
2008-09-07,131,0,0,0,0,0.0,0.0,0.0,0.0,0.0,0.0,0.0,0.0
2008-09-08,247,0,0,0,0,0.0,0.0,0.0,0.0,0.0,0.0,0.0,0.0
2008-09-09,245,2,2,2,0,0.00816326530612245,8.16326530612245,0.00816326530612245,8.16326530612245,0.00816326530612245,8.16326530612245,0.0,0.0
2008-09-10,246,2,1,2,0,0.008130081300813009,8.130081300813009,0.0040650406504065045,4.065040650406504,0.008130081300813009,8.130081300813009,0.0,0.0
2008-09-11,245,0,0,0,0,0.0,0.0,0.0,0.0,0.0,0.0,0.0,0.0
2008-09-12,248,0,0,0,0,0.0,0.0,0.0,0.0,0.0,0.0,0.0,0.0
2008-09-13,154,0,0,0,0,0.0,0.0,0.0,0.0,0.0,0.0,0.0,0.0
2008-09-14,156,1,0,1,0,0.00641025641025641,6.41025641025641,0.0,0.0,0.00641025641025641,6.41025641025641,0.0,0.0
2008-09-15,247,0,0,0,0,0.0,0.0,0.0,0.0,0.0,0.0,0.0,0.0
2008-09-16,244,2,1,1,0,0.00819672131147541,8.196721311475411,0.004098360655737705,4.0983606557377055,0.004098360655737705,4.0983606557377055,0.0,0.0
2008-09-17,239,4,0,1,3,0.016736401673640166,16.736401673640167,0.0,0.0,0.0041841004184100415,4.184100418410042,0.012552301255230125,12.552301255230125
2008-09-18,244,0,0,0,0,0.0,0.0,0.0,0.0,0.0,0.0,0.0,0.0
2008-09-19,248,0,0,0,0,0.0,0.0,0.0,0.0,0.0,0.0,0.0,0.0
2008-09-20,137,0,0,0,0,0.0,0.0,0.0,0.0,0.0,0.0,0.0,0.0
2008-09-21,129,0,0,0,0,0.0,0.0,0.0,0.0,0.0,0.0,0.0,0.0
2008-09-22,246,0,0,0,0,0.0,0.0,0.0,0.0,0.0,0.0,0.0,0.0
2008-09-23,244,3,3,0,0,0.012295081967213115,12.295081967213115,0.012295081967213115,12.295081967213115,0.0,0.0,0.0,0.0
2008-09-24,247,0,0,0,0,0.0,0.0,0.0,0.0,0.0,0.0,0.0,0.0
2008-09-25,246,0,0,0,0,0.0,0.0,0.0,0.0,0.0,0.0,0.0,0.0
2008-09-26,246,0,0,0,0,0.0,0.0,0.0,0.0,0.0,0.0,0.0,0.0
2008-09-27,141,0,0,0,0,0.0,0.0,0.0,0.0,0.0,0.0,0.0,0.0
2008-09-29,245,0,0,0,0,0.0,0.0,0.0,0.0,0.0,0.0,0.0,0.0
2008-09-30,248,0,0,0,0,0.0,0.0,0.0,0.0,0.0,0.0,0.0,0.0
2008-10-01,243,1,0,0,1,0.00411522633744856,4.11522633744856,0.0,0.0,0.0,0.0,0.00411522633744856,4.11522633744856
2008-10-02,247,0,0,0,0,0.0,0.0,0.0,0.0,0.0,0.0,0.0,0.0
2008-10-03,248,0,0,0,0,0.0,0.0,0.0,0.0,0.0,0.0,0.0,0.0
2008-10-04,138,1,0,0,1,0.007246376811594203,7.246376811594203,0.0,0.0,0.0,0.0,0.007246376811594203,7.246376811594203
2008-10-05,140,0,0,0,0,0.0,0.0,0.0,0.0,0.0,0.0,0.0,0.0
2008-10-06,241,0,0,0,0,0.0,0.0,0.0,0.0,0.0,0.0,0.0,0.0
2008-10-07,241,0,0,0,0,0.0,0.0,0.0,0.0,0.0,0.0,0.0,0.0
2008-10-08,246,2,0,0,2,0.008130081300813009,8.130081300813009,0.0,0.0,0.0,0.0,0.008130081300813009,8.130081300813009
2008-10-09,243,1,0,0,1,0.00411522633744856,4.11522633744856,0.0,0.0,0.0,0.0,0.00411522633744856,4.11522633744856
2008-10-10,246,0,0,0,0,0.0,0.0,0.0,0.0,0.0,0.0,0.0,0.0
2008-10-11,146,0,0,0,0,0.0,0.0,0.0,0.0,0.0,0.0,0.0,0.0
2008-10-12,128,0,0,0,0,0.0,0.0,0.0,0.0,0.0,0.0,0.0,0.0
2008-10-13,247,0,0,0,0,0.0,0.0,0.0,0.0,0.0,0.0,0.0,0.0
2008-10-14,250,0,0,0,0,0.0,0.0,0.0,0.0,0.0,0.0,0.0,0.0
2008-10-15,243,0,0,0,0,0.0,0.0,0.0,0.0,0.0,0.0,0.0,0.0
2008-10-16,246,0,0,0,0,0.0,0.0,0.0,0.0,0.0,0.0,0.0,0.0
2008-10-17,245,0,0,0,0,0.0,0.0,0.0,0.0,0.0,0.0,0.0,0.0
2008-10-18,147,1,1,0,0,0.006802721088435374,6.802721088435374,0.006802721088435374,6.802721088435374,0.0,0.0,0.0,0.0
2008-10-19,158,0,0,0,0,0.0,0.0,0.0,0.0,0.0,0.0,0.0,0.0
2008-10-20,245,1,0,1,0,0.004081632653061225,4.081632653061225,0.0,0.0,0.004081632653061225,4.081632653061225,0.0,0.0
2008-10-21,244,0,0,0,0,0.0,0.0,0.0,0.0,0.0,0.0,0.0,0.0
2008-10-22,244,0,0,0,0,0.0,0.0,0.0,0.0,0.0,0.0,0.0,0.0
2008-10-23,246,1,0,0,1,0.0040650406504065045,4.065040650406504,0.0,0.0,0.0,0.0,0.0040650406504065045,4.065040650406504
2008-10-24,246,3,1,2,0,0.012195121951219513,12.195121951219512,0.0040650406504065045,4.065040650406504,0.008130081300813009,8.130081300813009,0.0,0.0
2008-10-25,177,2,0,2,0,0.011299435028248588,11.299435028248588,0.0,0.0,0.011299435028248588,11.299435028248588,0.0,0.0
2008-10-26,177,0,0,0,0,0.0,0.0,0.0,0.0,0.0,0.0,0.0,0.0
2008-10-27,247,0,0,0,0,0.0,0.0,0.0,0.0,0.0,0.0,0.0,0.0
2008-10-28,247,1,0,0,1,0.004048582995951417,4.048582995951417,0.0,0.0,0.0,0.0,0.004048582995951417,4.048582995951417
2008-10-29,249,0,0,0,0,0.0,0.0,0.0,0.0,0.0,0.0,0.0,0.0
2008-10-30,247,1,0,0,1,0.004048582995951417,4.048582995951417,0.0,0.0,0.0,0.0,0.004048582995951417,4.048582995951417
2008-10-31,362,3,1,1,1,0.008287292817679558,8.287292817679557,0.0027624309392265192,2.7624309392265194,0.0027624309392265192,2.7624309392265194,0.0027624309392265192,2.7624309392265194
2008-11-01,164,1,1,0,0,0.006097560975609756,6.097560975609756,0.006097560975609756,6.097560975609756,0.0,0.0,0.0,0.0
2008-11-02,170,0,0,0,0,0.0,0.0,0.0,0.0,0.0,0.0,0.0,0.0
2008-11-03,249,1,0,0,1,0.004016064257028112,4.016064257028112,0.0,0.0,0.0,0.0,0.004016064257028112,4.016064257028112
2008-11-04,246,3,0,0,3,0.012195121951219513,12.195121951219512,0.0,0.0,0.0,0.0,0.012195121951219513,12.195121951219512
2008-11-05,234,0,0,0,0,0.0,0.0,0.0,0.0,0.0,0.0,0.0,0.0
2008-11-06,245,1,0,0,1,0.004081632653061225,4.081632653061225,0.0,0.0,0.0,0.0,0.004081632653061225,4.081632653061225
2008-11-07,245,0,0,0,0,0.0,0.0,0.0,0.0,0.0,0.0,0.0,0.0
2008-11-08,156,0,0,0,0,0.0,0.0,0.0,0.0,0.0,0.0,0.0,0.0
2008-11-09,132,0,0,0,0,0.0,0.0,0.0,0.0,0.0,0.0,0.0,0.0
2008-11-10,244,0,0,0,0,0.0,0.0,0.0,0.0,0.0,0.0,0.0,0.0
2008-11-11,245,5,0,1,4,0.02040816326530612,20.408163265306122,0.0,0.0,0.004081632653061225,4.081632653061225,0.0163265306122449,16.3265306122449
2008-11-12,244,0,0,0,0,0.0,0.0,0.0,0.0,0.0,0.0,0.0,0.0
2008-11-13,244,2,0,0,2,0.00819672131147541,8.196721311475411,0.0,0.0,0.0,0.0,0.00819672131147541,8.196721311475411
2008-11-14,246,0,0,0,0,0.0,0.0,0.0,0.0,0.0,0.0,0.0,0.0
2008-11-15,147,0,0,0,0,0.0,0.0,0.0,0.0,0.0,0.0,0.0,0.0
2008-11-16,134,0,0,0,0,0.0,0.0,0.0,0.0,0.0,0.0,0.0,0.0
2008-11-17,245,0,0,0,0,0.0,0.0,0.0,0.0,0.0,0.0,0.0,0.0
2008-11-18,246,1,0,1,0,0.0040650406504065045,4.065040650406504,0.0,0.0,0.0040650406504065045,4.065040650406504,0.0,0.0
2008-11-19,243,0,0,0,0,0.0,0.0,0.0,0.0,0.0,0.0,0.0,0.0
2008-11-20,247,1,0,1,0,0.004048582995951417,4.048582995951417,0.0,0.0,0.004048582995951417,4.048582995951417,0.0,0.0
2008-11-21,243,0,0,0,0,0.0,0.0,0.0,0.0,0.0,0.0,0.0,0.0
2008-11-22,159,0,0,0,0,0.0,0.0,0.0,0.0,0.0,0.0,0.0,0.0
2008-11-23,162,0,0,0,0,0.0,0.0,0.0,0.0,0.0,0.0,0.0,0.0
2008-11-24,248,0,0,0,0,0.0,0.0,0.0,0.0,0.0,0.0,0.0,0.0
2008-11-25,237,1,0,0,1,0.004219409282700422,4.219409282700422,0.0,0.0,0.0,0.0,0.004219409282700422,4.219409282700422
2008-11-26,243,1,0,0,1,0.00411522633744856,4.11522633744856,0.0,0.0,0.0,0.0,0.00411522633744856,4.11522633744856
2008-11-27,246,1,0,0,1,0.0040650406504065045,4.065040650406504,0.0,0.0,0.0,0.0,0.0040650406504065045,4.065040650406504
2008-11-28,244,0,0,0,0,0.0,0.0,0.0,0.0,0.0,0.0,0.0,0.0
2008-11-29,143,2,0,2,0,0.013986013986013986,13.986013986013987,0.0,0.0,0.013986013986013986,13.986013986013987,0.0,0.0
2008-11-30,130,1,1,1,0,0.007692307692307693,7.6923076923076925,0.007692307692307693,7.6923076923076925,0.007692307692307693,7.6923076923076925,0.0,0.0
2008-12-01,248,0,0,0,0,0.0,0.0,0.0,0.0,0.0,0.0,0.0,0.0
2008-12-02,242,2,0,0,2,0.008264462809917356,8.264462809917356,0.0,0.0,0.0,0.0,0.008264462809917356,8.264462809917356
2008-12-03,249,1,0,0,1,0.004016064257028112,4.016064257028112,0.0,0.0,0.0,0.0,0.004016064257028112,4.016064257028112
2008-12-04,246,0,0,0,0,0.0,0.0,0.0,0.0,0.0,0.0,0.0,0.0
2008-12-05,245,0,0,0,0,0.0,0.0,0.0,0.0,0.0,0.0,0.0,0.0
2008-12-06,112,0,0,0,0,0.0,0.0,0.0,0.0,0.0,0.0,0.0,0.0
2008-12-07,123,0,0,0,0,0.0,0.0,0.0,0.0,0.0,0.0,0.0,0.0
2008-12-08,244,1,0,0,1,0.004098360655737705,4.0983606557377055,0.0,0.0,0.0,0.0,0.004098360655737705,4.0983606557377055
2008-12-09,244,1,0,0,1,0.004098360655737705,4.0983606557377055,0.0,0.0,0.0,0.0,0.004098360655737705,4.0983606557377055
2008-12-10,245,1,0,0,1,0.004081632653061225,4.081632653061225,0.0,0.0,0.0,0.0,0.004081632653061225,4.081632653061225
2008-12-11,245,0,0,0,0,0.0,0.0,0.0,0.0,0.0,0.0,0.0,0.0
2008-12-12,244,1,0,1,0,0.004098360655737705,4.0983606557377055,0.0,0.0,0.004098360655737705,4.0983606557377055,0.0,0.0
2008-12-13,160,0,0,0,0,0.0,0.0,0.0,0.0,0.0,0.0,0.0,0.0
2008-12-14,163,0,0,0,0,0.0,0.0,0.0,0.0,0.0,0.0,0.0,0.0
2008-12-15,247,0,0,0,0,0.0,0.0,0.0,0.0,0.0,0.0,0.0,0.0
2008-12-16,245,0,0,0,0,0.0,0.0,0.0,0.0,0.0,0.0,0.0,0.0
2008-12-17,246,3,0,1,2,0.012195121951219513,12.195121951219512,0.0,0.0,0.0040650406504065045,4.065040650406504,0.008130081300813009,8.130081300813009
2008-12-18,246,2,0,1,1,0.008130081300813009,8.130081300813009,0.0,0.0,0.0040650406504065045,4.065040650406504,0.0040650406504065045,4.065040650406504
2008-12-19,244,3,0,2,1,0.012295081967213115,12.295081967213115,0.0,0.0,0.00819672131147541,8.196721311475411,0.004098360655737705,4.0983606557377055
2008-12-20,151,1,1,0,0,0.006622516556291391,6.622516556291391,0.006622516556291391,6.622516556291391,0.0,0.0,0.0,0.0
2008-12-21,123,0,0,0,0,0.0,0.0,0.0,0.0,0.0,0.0,0.0,0.0
2008-12-22,247,2,0,1,1,0.008097165991902834,8.097165991902834,0.0,0.0,0.004048582995951417,4.048582995951417,0.004048582995951417,4.048582995951417
2008-12-23,245,3,0,1,2,0.012244897959183673,12.244897959183673,0.0,0.0,0.004081632653061225,4.081632653061225,0.00816326530612245,8.16326530612245
2008-12-24,241,1,0,0,1,0.004149377593360996,4.149377593360996,0.0,0.0,0.0,0.0,0.004149377593360996,4.149377593360996
2008-12-25,94,0,0,0,0,0.0,0.0,0.0,0.0,0.0,0.0,0.0,0.0
2008-12-26,96,0,0,0,0,0.0,0.0,0.0,0.0,0.0,0.0,0.0,0.0
2008-12-27,137,0,0,0,0,0.0,0.0,0.0,0.0,0.0,0.0,0.0,0.0
2008-12-28,112,0,0,0,0,0.0,0.0,0.0,0.0,0.0,0.0,0.0,0.0
2008-12-29,231,0,0,0,0,0.0,0.0,0.0,0.0,0.0,0.0,0.0,0.0
2008-12-30,213,3,2,0,1,0.014084507042253521,14.084507042253522,0.009389671361502348,9.389671361502348,0.0,0.0,0.004694835680751174,4.694835680751174
2008-12-31,195,0,0,0,0,0.0,0.0,0.0,0.0,0.0,0.0,0.0,0.0
2009-01-01,186,0,0,0,0,0.0,0.0,0.0,0.0,0.0,0.0,0.0,0.0
2009-01-02,229,0,0,0,0,0.0,0.0,0.0,0.0,0.0,0.0,0.0,0.0
2009-01-03,124,0,0,0,0,0.0,0.0,0.0,0.0,0.0,0.0,0.0,0.0
2009-01-04,120,1,0,0,1,0.008333333333333333,8.333333333333334,0.0,0.0,0.0,0.0,0.008333333333333333,8.333333333333334
2009-01-05,248,1,0,0,1,0.004032258064516129,4.032258064516129,0.0,0.0,0.0,0.0,0.004032258064516129,4.032258064516129
2009-01-06,248,0,0,0,0,0.0,0.0,0.0,0.0,0.0,0.0,0.0,0.0
2009-01-07,242,1,0,1,0,0.004132231404958678,4.132231404958678,0.0,0.0,0.004132231404958678,4.132231404958678,0.0,0.0
2009-01-08,247,0,0,0,0,0.0,0.0,0.0,0.0,0.0,0.0,0.0,0.0
2009-01-09,246,0,0,0,0,0.0,0.0,0.0,0.0,0.0,0.0,0.0,0.0
2009-01-10,149,0,0,0,0,0.0,0.0,0.0,0.0,0.0,0.0,0.0,0.0
2009-01-11,144,0,0,0,0,0.0,0.0,0.0,0.0,0.0,0.0,0.0,0.0
2009-01-12,246,0,0,0,0,0.0,0.0,0.0,0.0,0.0,0.0,0.0,0.0
2009-01-13,247,0,0,0,0,0.0,0.0,0.0,0.0,0.0,0.0,0.0,0.0
2009-01-14,246,1,0,0,1,0.0040650406504065045,4.065040650406504,0.0,0.0,0.0,0.0,0.0040650406504065045,4.065040650406504
2009-01-15,247,0,0,0,0,0.0,0.0,0.0,0.0,0.0,0.0,0.0,0.0
2009-01-16,248,1,0,1,0,0.004032258064516129,4.032258064516129,0.0,0.0,0.004032258064516129,4.032258064516129,0.0,0.0
2009-01-17,144,0,0,0,0,0.0,0.0,0.0,0.0,0.0,0.0,0.0,0.0
2009-01-18,119,0,0,0,0,0.0,0.0,0.0,0.0,0.0,0.0,0.0,0.0
2009-01-19,246,0,0,0,0,0.0,0.0,0.0,0.0,0.0,0.0,0.0,0.0
2009-01-20,244,1,1,0,0,0.004098360655737705,4.0983606557377055,0.004098360655737705,4.0983606557377055,0.0,0.0,0.0,0.0
2009-01-21,239,1,0,0,1,0.0041841004184100415,4.184100418410042,0.0,0.0,0.0,0.0,0.0041841004184100415,4.184100418410042
2009-01-22,248,1,0,0,1,0.004032258064516129,4.032258064516129,0.0,0.0,0.0,0.0,0.004032258064516129,4.032258064516129
2009-01-23,247,1,0,1,0,0.004048582995951417,4.048582995951417,0.0,0.0,0.004048582995951417,4.048582995951417,0.0,0.0
2009-01-24,143,1,0,1,0,0.006993006993006993,6.993006993006993,0.0,0.0,0.006993006993006993,6.993006993006993,0.0,0.0
2009-01-25,155,0,0,0,0,0.0,0.0,0.0,0.0,0.0,0.0,0.0,0.0
2009-01-26,246,0,0,0,0,0.0,0.0,0.0,0.0,0.0,0.0,0.0,0.0
2009-01-27,244,1,0,0,1,0.004098360655737705,4.0983606557377055,0.0,0.0,0.0,0.0,0.004098360655737705,4.0983606557377055
2009-01-28,247,2,0,1,1,0.008097165991902834,8.097165991902834,0.0,0.0,0.004048582995951417,4.048582995951417,0.004048582995951417,4.048582995951417
2009-01-29,246,0,0,0,0,0.0,0.0,0.0,0.0,0.0,0.0,0.0,0.0
2009-01-30,247,0,0,0,0,0.0,0.0,0.0,0.0,0.0,0.0,0.0,0.0
2009-01-31,124,0,0,0,0,0.0,0.0,0.0,0.0,0.0,0.0,0.0,0.0
2009-02-01,165,0,0,0,0,0.0,0.0,0.0,0.0,0.0,0.0,0.0,0.0
2009-02-02,248,0,0,0,0,0.0,0.0,0.0,0.0,0.0,0.0,0.0,0.0
2009-02-03,247,0,0,0,0,0.0,0.0,0.0,0.0,0.0,0.0,0.0,0.0
2009-02-04,241,0,0,0,0,0.0,0.0,0.0,0.0,0.0,0.0,0.0,0.0
2009-02-05,243,0,0,0,0,0.0,0.0,0.0,0.0,0.0,0.0,0.0,0.0
2009-02-06,242,0,0,0,0,0.0,0.0,0.0,0.0,0.0,0.0,0.0,0.0
2009-02-07,154,0,0,0,0,0.0,0.0,0.0,0.0,0.0,0.0,0.0,0.0
2009-02-08,196,0,0,0,0,0.0,0.0,0.0,0.0,0.0,0.0,0.0,0.0
2009-02-09,246,0,0,0,0,0.0,0.0,0.0,0.0,0.0,0.0,0.0,0.0
2009-02-10,248,0,0,0,0,0.0,0.0,0.0,0.0,0.0,0.0,0.0,0.0
2009-02-11,249,0,0,0,0,0.0,0.0,0.0,0.0,0.0,0.0,0.0,0.0
2009-02-12,247,0,0,0,0,0.0,0.0,0.0,0.0,0.0,0.0,0.0,0.0
2009-02-13,244,0,0,0,0,0.0,0.0,0.0,0.0,0.0,0.0,0.0,0.0
2009-02-14,153,1,1,0,0,0.006535947712418301,6.5359477124183005,0.006535947712418301,6.5359477124183005,0.0,0.0,0.0,0.0
2009-02-15,152,0,0,0,0,0.0,0.0,0.0,0.0,0.0,0.0,0.0,0.0
2009-02-16,247,2,0,1,1,0.008097165991902834,8.097165991902834,0.0,0.0,0.004048582995951417,4.048582995951417,0.004048582995951417,4.048582995951417
2009-02-17,246,0,0,0,0,0.0,0.0,0.0,0.0,0.0,0.0,0.0,0.0
2009-02-18,244,0,0,0,0,0.0,0.0,0.0,0.0,0.0,0.0,0.0,0.0
2009-02-19,248,0,0,0,0,0.0,0.0,0.0,0.0,0.0,0.0,0.0,0.0
2009-02-20,240,0,0,0,0,0.0,0.0,0.0,0.0,0.0,0.0,0.0,0.0
2009-02-21,144,0,0,0,0,0.0,0.0,0.0,0.0,0.0,0.0,0.0,0.0
2009-02-22,140,0,0,0,0,0.0,0.0,0.0,0.0,0.0,0.0,0.0,0.0
2009-02-23,248,0,0,0,0,0.0,0.0,0.0,0.0,0.0,0.0,0.0,0.0
2009-02-24,245,0,0,0,0,0.0,0.0,0.0,0.0,0.0,0.0,0.0,0.0
2009-02-25,242,0,0,0,0,0.0,0.0,0.0,0.0,0.0,0.0,0.0,0.0
2009-02-26,246,0,0,0,0,0.0,0.0,0.0,0.0,0.0,0.0,0.0,0.0
2009-02-27,243,0,0,0,0,0.0,0.0,0.0,0.0,0.0,0.0,0.0,0.0
2009-02-28,144,0,0,0,0,0.0,0.0,0.0,0.0,0.0,0.0,0.0,0.0
2009-03-01,137,0,0,0,0,0.0,0.0,0.0,0.0,0.0,0.0,0.0,0.0
2009-03-02,246,4,0,1,3,0.016260162601626018,16.260162601626018,0.0,0.0,0.0040650406504065045,4.065040650406504,0.012195121951219513,12.195121951219512
2009-03-03,245,0,0,0,0,0.0,0.0,0.0,0.0,0.0,0.0,0.0,0.0
2009-03-04,246,0,0,0,0,0.0,0.0,0.0,0.0,0.0,0.0,0.0,0.0
2009-03-05,245,0,0,0,0,0.0,0.0,0.0,0.0,0.0,0.0,0.0,0.0
2009-03-06,244,0,0,0,0,0.0,0.0,0.0,0.0,0.0,0.0,0.0,0.0
2009-03-07,136,0,0,0,0,0.0,0.0,0.0,0.0,0.0,0.0,0.0,0.0
2009-03-08,115,0,0,0,0,0.0,0.0,0.0,0.0,0.0,0.0,0.0,0.0
2009-03-09,245,0,0,0,0,0.0,0.0,0.0,0.0,0.0,0.0,0.0,0.0
2009-03-10,244,0,0,0,0,0.0,0.0,0.0,0.0,0.0,0.0,0.0,0.0
2009-03-11,246,0,0,0,0,0.0,0.0,0.0,0.0,0.0,0.0,0.0,0.0
2009-03-12,234,0,0,0,0,0.0,0.0,0.0,0.0,0.0,0.0,0.0,0.0
2009-03-13,244,0,0,0,0,0.0,0.0,0.0,0.0,0.0,0.0,0.0,0.0
2009-03-14,136,0,0,0,0,0.0,0.0,0.0,0.0,0.0,0.0,0.0,0.0
2009-03-15,130,1,0,1,0,0.007692307692307693,7.6923076923076925,0.0,0.0,0.007692307692307693,7.6923076923076925,0.0,0.0
2009-03-16,248,1,0,0,1,0.004032258064516129,4.032258064516129,0.0,0.0,0.0,0.0,0.004032258064516129,4.032258064516129
2009-03-17,247,0,0,0,0,0.0,0.0,0.0,0.0,0.0,0.0,0.0,0.0
2009-03-18,248,0,0,0,0,0.0,0.0,0.0,0.0,0.0,0.0,0.0,0.0
2009-03-19,245,0,0,0,0,0.0,0.0,0.0,0.0,0.0,0.0,0.0,0.0
2009-03-20,243,0,0,0,0,0.0,0.0,0.0,0.0,0.0,0.0,0.0,0.0
2009-03-21,165,0,0,0,0,0.0,0.0,0.0,0.0,0.0,0.0,0.0,0.0
2009-03-22,145,0,0,0,0,0.0,0.0,0.0,0.0,0.0,0.0,0.0,0.0
2009-03-23,244,0,0,0,0,0.0,0.0,0.0,0.0,0.0,0.0,0.0,0.0
2009-03-24,242,2,1,0,2,0.008264462809917356,8.264462809917356,0.004132231404958678,4.132231404958678,0.0,0.0,0.008264462809917356,8.264462809917356
2009-03-25,247,0,0,0,0,0.0,0.0,0.0,0.0,0.0,0.0,0.0,0.0
2009-03-26,245,0,0,0,0,0.0,0.0,0.0,0.0,0.0,0.0,0.0,0.0
2009-03-27,242,0,0,0,0,0.0,0.0,0.0,0.0,0.0,0.0,0.0,0.0
2009-03-28,144,0,0,0,0,0.0,0.0,0.0,0.0,0.0,0.0,0.0,0.0
2009-03-29,147,0,0,0,0,0.0,0.0,0.0,0.0,0.0,0.0,0.0,0.0
2009-03-30,245,0,0,0,0,0.0,0.0,0.0,0.0,0.0,0.0,0.0,0.0
2009-03-31,246,0,0,0,0,0.0,0.0,0.0,0.0,0.0,0.0,0.0,0.0
2009-04-01,247,0,0,0,0,0.0,0.0,0.0,0.0,0.0,0.0,0.0,0.0
2009-04-02,246,0,0,0,0,0.0,0.0,0.0,0.0,0.0,0.0,0.0,0.0
2009-04-03,242,0,0,0,0,0.0,0.0,0.0,0.0,0.0,0.0,0.0,0.0
2009-04-04,145,0,0,0,0,0.0,0.0,0.0,0.0,0.0,0.0,0.0,0.0
2009-04-05,139,0,0,0,0,0.0,0.0,0.0,0.0,0.0,0.0,0.0,0.0
2009-04-06,240,0,0,0,0,0.0,0.0,0.0,0.0,0.0,0.0,0.0,0.0
2009-04-07,246,0,0,0,0,0.0,0.0,0.0,0.0,0.0,0.0,0.0,0.0
2009-04-08,245,0,0,0,0,0.0,0.0,0.0,0.0,0.0,0.0,0.0,0.0
2009-04-09,243,0,0,0,0,0.0,0.0,0.0,0.0,0.0,0.0,0.0,0.0
2009-04-10,155,0,0,0,0,0.0,0.0,0.0,0.0,0.0,0.0,0.0,0.0
2009-04-11,121,0,0,0,0,0.0,0.0,0.0,0.0,0.0,0.0,0.0,0.0
2009-04-12,106,0,0,0,0,0.0,0.0,0.0,0.0,0.0,0.0,0.0,0.0
2009-04-13,244,0,0,0,0,0.0,0.0,0.0,0.0,0.0,0.0,0.0,0.0
2009-04-14,238,0,0,0,0,0.0,0.0,0.0,0.0,0.0,0.0,0.0,0.0
2009-04-15,245,0,0,0,0,0.0,0.0,0.0,0.0,0.0,0.0,0.0,0.0
2009-04-16,245,0,0,0,0,0.0,0.0,0.0,0.0,0.0,0.0,0.0,0.0
2009-04-17,246,1,0,1,0,0.0040650406504065045,4.065040650406504,0.0,0.0,0.0040650406504065045,4.065040650406504,0.0,0.0
2009-04-18,130,0,0,0,0,0.0,0.0,0.0,0.0,0.0,0.0,0.0,0.0
2009-04-19,128,0,0,0,0,0.0,0.0,0.0,0.0,0.0,0.0,0.0,0.0
2009-04-20,245,0,0,0,0,0.0,0.0,0.0,0.0,0.0,0.0,0.0,0.0
2009-04-21,244,0,0,0,0,0.0,0.0,0.0,0.0,0.0,0.0,0.0,0.0
2009-04-22,244,0,0,0,0,0.0,0.0,0.0,0.0,0.0,0.0,0.0,0.0
2009-04-23,247,0,0,0,0,0.0,0.0,0.0,0.0,0.0,0.0,0.0,0.0
2009-04-24,244,0,0,0,0,0.0,0.0,0.0,0.0,0.0,0.0,0.0,0.0
2009-04-25,119,0,0,0,0,0.0,0.0,0.0,0.0,0.0,0.0,0.0,0.0
2009-04-26,138,0,0,0,0,0.0,0.0,0.0,0.0,0.0,0.0,0.0,0.0
2009-04-27,247,0,0,0,0,0.0,0.0,0.0,0.0,0.0,0.0,0.0,0.0
2009-04-28,246,1,0,0,1,0.0040650406504065045,4.065040650406504,0.0,0.0,0.0,0.0,0.0040650406504065045,4.065040650406504
2009-04-29,244,0,0,0,0,0.0,0.0,0.0,0.0,0.0,0.0,0.0,0.0
2009-04-30,240,2,0,0,2,0.008333333333333333,8.333333333333334,0.0,0.0,0.0,0.0,0.008333333333333333,8.333333333333334
2009-05-01,248,0,0,0,0,0.0,0.0,0.0,0.0,0.0,0.0,0.0,0.0
2009-05-02,120,0,0,0,0,0.0,0.0,0.0,0.0,0.0,0.0,0.0,0.0
2009-05-03,136,0,0,0,0,0.0,0.0,0.0,0.0,0.0,0.0,0.0,0.0
2009-05-04,241,0,0,0,0,0.0,0.0,0.0,0.0,0.0,0.0,0.0,0.0
2009-05-05,241,0,0,0,0,0.0,0.0,0.0,0.0,0.0,0.0,0.0,0.0
2009-05-06,245,0,0,0,0,0.0,0.0,0.0,0.0,0.0,0.0,0.0,0.0
2009-05-07,248,0,0,0,0,0.0,0.0,0.0,0.0,0.0,0.0,0.0,0.0
2009-05-08,237,0,0,0,0,0.0,0.0,0.0,0.0,0.0,0.0,0.0,0.0
2009-05-09,124,1,0,1,0,0.008064516129032258,8.064516129032258,0.0,0.0,0.008064516129032258,8.064516129032258,0.0,0.0
2009-05-10,137,0,0,0,0,0.0,0.0,0.0,0.0,0.0,0.0,0.0,0.0
2009-05-11,244,0,0,0,0,0.0,0.0,0.0,0.0,0.0,0.0,0.0,0.0
2009-05-12,240,0,0,0,0,0.0,0.0,0.0,0.0,0.0,0.0,0.0,0.0
2009-05-13,246,0,0,0,0,0.0,0.0,0.0,0.0,0.0,0.0,0.0,0.0
2009-05-14,245,0,0,0,0,0.0,0.0,0.0,0.0,0.0,0.0,0.0,0.0
2009-05-15,248,0,0,0,0,0.0,0.0,0.0,0.0,0.0,0.0,0.0,0.0
2009-05-16,131,0,0,0,0,0.0,0.0,0.0,0.0,0.0,0.0,0.0,0.0
2009-05-17,147,1,0,0,1,0.006802721088435374,6.802721088435374,0.0,0.0,0.0,0.0,0.006802721088435374,6.802721088435374
2009-05-18,248,3,0,0,3,0.012096774193548387,12.096774193548386,0.0,0.0,0.0,0.0,0.012096774193548387,12.096774193548386
2009-05-19,241,0,0,0,0,0.0,0.0,0.0,0.0,0.0,0.0,0.0,0.0
2009-05-20,233,1,0,0,1,0.004291845493562232,4.291845493562231,0.0,0.0,0.0,0.0,0.004291845493562232,4.291845493562231
2009-05-21,239,0,0,0,0,0.0,0.0,0.0,0.0,0.0,0.0,0.0,0.0
2009-05-22,246,0,0,0,0,0.0,0.0,0.0,0.0,0.0,0.0,0.0,0.0
2009-05-23,114,0,0,0,0,0.0,0.0,0.0,0.0,0.0,0.0,0.0,0.0
2009-05-24,107,0,0,0,0,0.0,0.0,0.0,0.0,0.0,0.0,0.0,0.0
2009-05-25,245,0,0,0,0,0.0,0.0,0.0,0.0,0.0,0.0,0.0,0.0
2009-05-26,244,0,0,0,0,0.0,0.0,0.0,0.0,0.0,0.0,0.0,0.0
2009-05-27,239,0,0,0,0,0.0,0.0,0.0,0.0,0.0,0.0,0.0,0.0
2009-05-28,243,0,0,0,0,0.0,0.0,0.0,0.0,0.0,0.0,0.0,0.0
2009-05-29,245,0,0,0,0,0.0,0.0,0.0,0.0,0.0,0.0,0.0,0.0
2009-05-30,118,0,0,0,0,0.0,0.0,0.0,0.0,0.0,0.0,0.0,0.0
2009-05-31,125,0,0,0,0,0.0,0.0,0.0,0.0,0.0,0.0,0.0,0.0
2009-06-01,152,1,0,1,0,0.006578947368421052,6.578947368421052,0.0,0.0,0.006578947368421052,6.578947368421052,0.0,0.0
2009-06-02,243,5,0,0,5,0.0205761316872428,20.5761316872428,0.0,0.0,0.0,0.0,0.0205761316872428,20.5761316872428
2009-06-03,239,1,0,0,1,0.0041841004184100415,4.184100418410042,0.0,0.0,0.0,0.0,0.0041841004184100415,4.184100418410042
2009-06-04,244,0,0,0,0,0.0,0.0,0.0,0.0,0.0,0.0,0.0,0.0
2009-06-05,243,1,0,1,0,0.00411522633744856,4.11522633744856,0.0,0.0,0.00411522633744856,4.11522633744856,0.0,0.0
2009-06-06,118,0,0,0,0,0.0,0.0,0.0,0.0,0.0,0.0,0.0,0.0
2009-06-07,116,1,0,0,1,0.008620689655172414,8.620689655172413,0.0,0.0,0.0,0.0,0.008620689655172414,8.620689655172413
2009-06-08,244,0,0,0,0,0.0,0.0,0.0,0.0,0.0,0.0,0.0,0.0
2009-06-09,237,0,0,0,0,0.0,0.0,0.0,0.0,0.0,0.0,0.0,0.0
2009-06-10,236,0,0,0,0,0.0,0.0,0.0,0.0,0.0,0.0,0.0,0.0
2009-06-11,244,2,0,1,1,0.00819672131147541,8.196721311475411,0.0,0.0,0.004098360655737705,4.0983606557377055,0.004098360655737705,4.0983606557377055
2009-06-12,243,0,0,0,0,0.0,0.0,0.0,0.0,0.0,0.0,0.0,0.0
2009-06-13,101,0,0,0,0,0.0,0.0,0.0,0.0,0.0,0.0,0.0,0.0
2009-06-14,100,0,0,0,0,0.0,0.0,0.0,0.0,0.0,0.0,0.0,0.0
2009-06-15,245,0,0,0,0,0.0,0.0,0.0,0.0,0.0,0.0,0.0,0.0
2009-06-16,245,0,0,0,0,0.0,0.0,0.0,0.0,0.0,0.0,0.0,0.0
2009-06-17,248,0,0,0,0,0.0,0.0,0.0,0.0,0.0,0.0,0.0,0.0
2009-06-18,243,0,0,0,0,0.0,0.0,0.0,0.0,0.0,0.0,0.0,0.0
2009-06-19,243,0,0,0,0,0.0,0.0,0.0,0.0,0.0,0.0,0.0,0.0
2009-06-20,106,0,0,0,0,0.0,0.0,0.0,0.0,0.0,0.0,0.0,0.0
2009-06-21,100,0,0,0,0,0.0,0.0,0.0,0.0,0.0,0.0,0.0,0.0
2009-06-22,247,1,0,1,0,0.004048582995951417,4.048582995951417,0.0,0.0,0.004048582995951417,4.048582995951417,0.0,0.0
2009-06-23,247,0,0,0,0,0.0,0.0,0.0,0.0,0.0,0.0,0.0,0.0
2009-06-24,244,1,0,0,1,0.004098360655737705,4.0983606557377055,0.0,0.0,0.0,0.0,0.004098360655737705,4.0983606557377055
2009-06-25,247,0,0,0,0,0.0,0.0,0.0,0.0,0.0,0.0,0.0,0.0
2009-06-26,244,0,0,0,0,0.0,0.0,0.0,0.0,0.0,0.0,0.0,0.0
2009-06-27,126,1,0,0,1,0.007936507936507936,7.936507936507936,0.0,0.0,0.0,0.0,0.007936507936507936,7.936507936507936
2009-06-28,126,0,0,0,0,0.0,0.0,0.0,0.0,0.0,0.0,0.0,0.0
2009-06-29,245,1,0,0,1,0.004081632653061225,4.081632653061225,0.0,0.0,0.0,0.0,0.004081632653061225,4.081632653061225
2009-06-30,244,0,0,0,0,0.0,0.0,0.0,0.0,0.0,0.0,0.0,0.0
2009-07-01,245,3,0,0,3,0.012244897959183673,12.244897959183673,0.0,0.0,0.0,0.0,0.012244897959183673,12.244897959183673
2009-07-02,245,1,0,0,1,0.004081632653061225,4.081632653061225,0.0,0.0,0.0,0.0,0.004081632653061225,4.081632653061225
2009-07-03,242,0,0,0,0,0.0,0.0,0.0,0.0,0.0,0.0,0.0,0.0
2009-07-04,120,0,0,0,0,0.0,0.0,0.0,0.0,0.0,0.0,0.0,0.0
2009-07-05,142,0,0,0,0,0.0,0.0,0.0,0.0,0.0,0.0,0.0,0.0
2009-07-06,244,0,0,0,0,0.0,0.0,0.0,0.0,0.0,0.0,0.0,0.0
2009-07-07,245,0,0,0,0,0.0,0.0,0.0,0.0,0.0,0.0,0.0,0.0
2009-07-08,244,0,0,0,0,0.0,0.0,0.0,0.0,0.0,0.0,0.0,0.0
2009-07-09,244,0,0,0,0,0.0,0.0,0.0,0.0,0.0,0.0,0.0,0.0
2009-07-10,246,0,0,0,0,0.0,0.0,0.0,0.0,0.0,0.0,0.0,0.0
2009-07-11,148,0,0,0,0,0.0,0.0,0.0,0.0,0.0,0.0,0.0,0.0
2009-07-12,169,0,0,0,0,0.0,0.0,0.0,0.0,0.0,0.0,0.0,0.0
2009-07-13,242,1,0,0,1,0.004132231404958678,4.132231404958678,0.0,0.0,0.0,0.0,0.004132231404958678,4.132231404958678
2009-07-14,244,1,0,1,0,0.004098360655737705,4.0983606557377055,0.0,0.0,0.004098360655737705,4.0983606557377055,0.0,0.0
2009-07-15,245,0,0,0,0,0.0,0.0,0.0,0.0,0.0,0.0,0.0,0.0
2009-07-16,246,0,0,0,0,0.0,0.0,0.0,0.0,0.0,0.0,0.0,0.0
2009-07-17,245,0,0,0,0,0.0,0.0,0.0,0.0,0.0,0.0,0.0,0.0
2009-07-18,148,1,0,0,1,0.006756756756756757,6.756756756756757,0.0,0.0,0.0,0.0,0.006756756756756757,6.756756756756757
2009-07-19,172,1,0,0,1,0.005813953488372093,5.813953488372093,0.0,0.0,0.0,0.0,0.005813953488372093,5.813953488372093
2009-07-20,247,0,0,0,0,0.0,0.0,0.0,0.0,0.0,0.0,0.0,0.0
2009-07-21,244,0,0,0,0,0.0,0.0,0.0,0.0,0.0,0.0,0.0,0.0
2009-07-22,247,0,0,0,0,0.0,0.0,0.0,0.0,0.0,0.0,0.0,0.0
2009-07-23,247,0,0,0,0,0.0,0.0,0.0,0.0,0.0,0.0,0.0,0.0
2009-07-24,246,0,0,0,0,0.0,0.0,0.0,0.0,0.0,0.0,0.0,0.0
2009-07-25,134,0,0,0,0,0.0,0.0,0.0,0.0,0.0,0.0,0.0,0.0
2009-07-26,130,0,0,0,0,0.0,0.0,0.0,0.0,0.0,0.0,0.0,0.0
2009-07-27,244,0,0,0,0,0.0,0.0,0.0,0.0,0.0,0.0,0.0,0.0
2009-07-28,245,0,0,0,0,0.0,0.0,0.0,0.0,0.0,0.0,0.0,0.0
2009-07-29,246,0,0,0,0,0.0,0.0,0.0,0.0,0.0,0.0,0.0,0.0
2009-07-30,249,0,0,0,0,0.0,0.0,0.0,0.0,0.0,0.0,0.0,0.0
2009-07-31,240,0,0,0,0,0.0,0.0,0.0,0.0,0.0,0.0,0.0,0.0
2009-08-01,175,0,0,0,0,0.0,0.0,0.0,0.0,0.0,0.0,0.0,0.0
2009-08-02,131,0,0,0,0,0.0,0.0,0.0,0.0,0.0,0.0,0.0,0.0
2009-08-03,247,0,0,0,0,0.0,0.0,0.0,0.0,0.0,0.0,0.0,0.0
2009-08-04,239,0,0,0,0,0.0,0.0,0.0,0.0,0.0,0.0,0.0,0.0
2009-08-05,246,0,0,0,0,0.0,0.0,0.0,0.0,0.0,0.0,0.0,0.0
2009-08-06,245,0,0,0,0,0.0,0.0,0.0,0.0,0.0,0.0,0.0,0.0
2009-08-07,247,0,0,0,0,0.0,0.0,0.0,0.0,0.0,0.0,0.0,0.0
2009-08-08,156,0,0,0,0,0.0,0.0,0.0,0.0,0.0,0.0,0.0,0.0
2009-08-09,134,0,0,0,0,0.0,0.0,0.0,0.0,0.0,0.0,0.0,0.0
2009-08-10,241,0,0,0,0,0.0,0.0,0.0,0.0,0.0,0.0,0.0,0.0
2009-08-11,247,0,0,0,0,0.0,0.0,0.0,0.0,0.0,0.0,0.0,0.0
2009-08-12,245,0,0,0,0,0.0,0.0,0.0,0.0,0.0,0.0,0.0,0.0
2009-08-13,243,0,0,0,0,0.0,0.0,0.0,0.0,0.0,0.0,0.0,0.0
2009-08-14,243,0,0,0,0,0.0,0.0,0.0,0.0,0.0,0.0,0.0,0.0
2009-08-15,127,0,0,0,0,0.0,0.0,0.0,0.0,0.0,0.0,0.0,0.0
2009-08-16,132,0,0,0,0,0.0,0.0,0.0,0.0,0.0,0.0,0.0,0.0
2009-08-17,245,2,0,0,2,0.00816326530612245,8.16326530612245,0.0,0.0,0.0,0.0,0.00816326530612245,8.16326530612245
2009-08-18,246,0,0,0,0,0.0,0.0,0.0,0.0,0.0,0.0,0.0,0.0
2009-08-19,240,0,0,0,0,0.0,0.0,0.0,0.0,0.0,0.0,0.0,0.0
2009-08-20,246,0,0,0,0,0.0,0.0,0.0,0.0,0.0,0.0,0.0,0.0
2009-08-21,247,0,0,0,0,0.0,0.0,0.0,0.0,0.0,0.0,0.0,0.0
2009-08-22,153,0,0,0,0,0.0,0.0,0.0,0.0,0.0,0.0,0.0,0.0
2009-08-23,136,0,0,0,0,0.0,0.0,0.0,0.0,0.0,0.0,0.0,0.0
2009-08-24,245,0,0,0,0,0.0,0.0,0.0,0.0,0.0,0.0,0.0,0.0
2009-08-25,247,0,0,0,0,0.0,0.0,0.0,0.0,0.0,0.0,0.0,0.0
2009-08-26,242,0,0,0,0,0.0,0.0,0.0,0.0,0.0,0.0,0.0,0.0
2009-08-27,247,0,0,0,0,0.0,0.0,0.0,0.0,0.0,0.0,0.0,0.0
2009-08-28,242,0,0,0,0,0.0,0.0,0.0,0.0,0.0,0.0,0.0,0.0
2009-08-29,137,0,0,0,0,0.0,0.0,0.0,0.0,0.0,0.0,0.0,0.0
2009-08-30,131,0,0,0,0,0.0,0.0,0.0,0.0,0.0,0.0,0.0,0.0
2009-08-31,241,0,0,0,0,0.0,0.0,0.0,0.0,0.0,0.0,0.0,0.0
2009-09-01,247,0,0,0,0,0.0,0.0,0.0,0.0,0.0,0.0,0.0,0.0
2009-09-02,245,0,0,0,0,0.0,0.0,0.0,0.0,0.0,0.0,0.0,0.0
2009-09-03,246,1,0,0,1,0.0040650406504065045,4.065040650406504,0.0,0.0,0.0,0.0,0.0040650406504065045,4.065040650406504
2009-09-04,244,0,0,0,0,0.0,0.0,0.0,0.0,0.0,0.0,0.0,0.0
2009-09-05,133,0,0,0,0,0.0,0.0,0.0,0.0,0.0,0.0,0.0,0.0
2009-09-06,138,1,0,1,0,0.007246376811594203,7.246376811594203,0.0,0.0,0.007246376811594203,7.246376811594203,0.0,0.0
2009-09-07,243,1,0,0,1,0.00411522633744856,4.11522633744856,0.0,0.0,0.0,0.0,0.00411522633744856,4.11522633744856
2009-09-08,243,0,0,0,0,0.0,0.0,0.0,0.0,0.0,0.0,0.0,0.0
2009-09-09,247,0,0,0,0,0.0,0.0,0.0,0.0,0.0,0.0,0.0,0.0
2009-09-10,247,0,0,0,0,0.0,0.0,0.0,0.0,0.0,0.0,0.0,0.0
2009-09-11,238,0,0,0,0,0.0,0.0,0.0,0.0,0.0,0.0,0.0,0.0
2009-09-12,126,0,0,0,0,0.0,0.0,0.0,0.0,0.0,0.0,0.0,0.0
2009-09-13,110,0,0,0,0,0.0,0.0,0.0,0.0,0.0,0.0,0.0,0.0
2009-09-14,243,0,0,0,0,0.0,0.0,0.0,0.0,0.0,0.0,0.0,0.0
2009-09-15,244,0,0,0,0,0.0,0.0,0.0,0.0,0.0,0.0,0.0,0.0
2009-09-16,243,0,0,0,0,0.0,0.0,0.0,0.0,0.0,0.0,0.0,0.0
2009-09-17,237,0,0,0,0,0.0,0.0,0.0,0.0,0.0,0.0,0.0,0.0
2009-09-18,241,0,0,0,0,0.0,0.0,0.0,0.0,0.0,0.0,0.0,0.0
2009-09-19,112,0,0,0,0,0.0,0.0,0.0,0.0,0.0,0.0,0.0,0.0
2009-09-20,115,0,0,0,0,0.0,0.0,0.0,0.0,0.0,0.0,0.0,0.0
2009-09-21,247,0,0,0,0,0.0,0.0,0.0,0.0,0.0,0.0,0.0,0.0
2009-09-22,244,1,0,0,1,0.004098360655737705,4.0983606557377055,0.0,0.0,0.0,0.0,0.004098360655737705,4.0983606557377055
2009-09-23,246,0,0,0,0,0.0,0.0,0.0,0.0,0.0,0.0,0.0,0.0
2009-09-24,245,0,0,0,0,0.0,0.0,0.0,0.0,0.0,0.0,0.0,0.0
2009-09-25,243,0,0,0,0,0.0,0.0,0.0,0.0,0.0,0.0,0.0,0.0
2009-09-26,101,0,0,0,0,0.0,0.0,0.0,0.0,0.0,0.0,0.0,0.0
2009-09-27,116,0,0,0,0,0.0,0.0,0.0,0.0,0.0,0.0,0.0,0.0
2009-09-28,242,0,0,0,0,0.0,0.0,0.0,0.0,0.0,0.0,0.0,0.0
2009-09-29,244,1,0,0,1,0.004098360655737705,4.0983606557377055,0.0,0.0,0.0,0.0,0.004098360655737705,4.0983606557377055
2009-09-30,239,0,0,0,0,0.0,0.0,0.0,0.0,0.0,0.0,0.0,0.0
2009-10-01,246,0,0,0,0,0.0,0.0,0.0,0.0,0.0,0.0,0.0,0.0
2009-10-02,246,0,0,0,0,0.0,0.0,0.0,0.0,0.0,0.0,0.0,0.0
2009-10-03,124,1,0,1,0,0.008064516129032258,8.064516129032258,0.0,0.0,0.008064516129032258,8.064516129032258,0.0,0.0
2009-10-04,99,0,0,0,0,0.0,0.0,0.0,0.0,0.0,0.0,0.0,0.0
2009-10-05,247,1,0,1,0,0.004048582995951417,4.048582995951417,0.0,0.0,0.004048582995951417,4.048582995951417,0.0,0.0
2009-10-06,242,0,0,0,0,0.0,0.0,0.0,0.0,0.0,0.0,0.0,0.0
2009-10-07,247,0,0,0,0,0.0,0.0,0.0,0.0,0.0,0.0,0.0,0.0
2009-10-08,247,0,0,0,0,0.0,0.0,0.0,0.0,0.0,0.0,0.0,0.0
2009-10-09,246,0,0,0,0,0.0,0.0,0.0,0.0,0.0,0.0,0.0,0.0
2009-10-10,112,0,0,0,0,0.0,0.0,0.0,0.0,0.0,0.0,0.0,0.0
2009-10-11,118,0,0,0,0,0.0,0.0,0.0,0.0,0.0,0.0,0.0,0.0
2009-10-12,244,0,0,0,0,0.0,0.0,0.0,0.0,0.0,0.0,0.0,0.0
2009-10-13,245,0,0,0,0,0.0,0.0,0.0,0.0,0.0,0.0,0.0,0.0
2009-10-14,247,0,0,0,0,0.0,0.0,0.0,0.0,0.0,0.0,0.0,0.0
2009-10-15,246,0,0,0,0,0.0,0.0,0.0,0.0,0.0,0.0,0.0,0.0
2009-10-16,247,0,0,0,0,0.0,0.0,0.0,0.0,0.0,0.0,0.0,0.0
2009-10-17,87,0,0,0,0,0.0,0.0,0.0,0.0,0.0,0.0,0.0,0.0
2009-10-18,96,0,0,0,0,0.0,0.0,0.0,0.0,0.0,0.0,0.0,0.0
2009-10-19,239,0,0,0,0,0.0,0.0,0.0,0.0,0.0,0.0,0.0,0.0
2009-10-20,240,1,0,0,1,0.004166666666666667,4.166666666666667,0.0,0.0,0.0,0.0,0.004166666666666667,4.166666666666667
2009-10-21,244,0,0,0,0,0.0,0.0,0.0,0.0,0.0,0.0,0.0,0.0
2009-10-22,244,1,0,0,1,0.004098360655737705,4.0983606557377055,0.0,0.0,0.0,0.0,0.004098360655737705,4.0983606557377055
2009-10-23,245,0,0,0,0,0.0,0.0,0.0,0.0,0.0,0.0,0.0,0.0
2009-10-24,119,0,0,0,0,0.0,0.0,0.0,0.0,0.0,0.0,0.0,0.0
2009-10-25,93,0,0,0,0,0.0,0.0,0.0,0.0,0.0,0.0,0.0,0.0
2009-10-26,248,0,0,0,0,0.0,0.0,0.0,0.0,0.0,0.0,0.0,0.0
2009-10-27,242,0,0,0,0,0.0,0.0,0.0,0.0,0.0,0.0,0.0,0.0
2009-10-28,240,0,0,0,0,0.0,0.0,0.0,0.0,0.0,0.0,0.0,0.0
2009-10-29,241,0,0,0,0,0.0,0.0,0.0,0.0,0.0,0.0,0.0,0.0
2009-10-30,245,0,0,0,0,0.0,0.0,0.0,0.0,0.0,0.0,0.0,0.0
2009-10-31,123,0,0,0,0,0.0,0.0,0.0,0.0,0.0,0.0,0.0,0.0
2009-11-01,118,0,0,0,0,0.0,0.0,0.0,0.0,0.0,0.0,0.0,0.0
2009-11-02,243,0,0,0,0,0.0,0.0,0.0,0.0,0.0,0.0,0.0,0.0
2009-11-03,244,0,0,0,0,0.0,0.0,0.0,0.0,0.0,0.0,0.0,0.0
2009-11-04,247,0,0,0,0,0.0,0.0,0.0,0.0,0.0,0.0,0.0,0.0
2009-11-05,244,1,0,1,0,0.004098360655737705,4.0983606557377055,0.0,0.0,0.004098360655737705,4.0983606557377055,0.0,0.0
2009-11-06,248,0,0,0,0,0.0,0.0,0.0,0.0,0.0,0.0,0.0,0.0
2009-11-07,90,0,0,0,0,0.0,0.0,0.0,0.0,0.0,0.0,0.0,0.0
2009-11-08,110,0,0,0,0,0.0,0.0,0.0,0.0,0.0,0.0,0.0,0.0
2009-11-09,248,0,0,0,0,0.0,0.0,0.0,0.0,0.0,0.0,0.0,0.0
2009-11-10,235,0,0,0,0,0.0,0.0,0.0,0.0,0.0,0.0,0.0,0.0
2009-11-11,243,1,0,0,1,0.00411522633744856,4.11522633744856,0.0,0.0,0.0,0.0,0.00411522633744856,4.11522633744856
2009-11-12,247,1,0,1,0,0.004048582995951417,4.048582995951417,0.0,0.0,0.004048582995951417,4.048582995951417,0.0,0.0
2009-11-13,237,0,0,0,0,0.0,0.0,0.0,0.0,0.0,0.0,0.0,0.0
2009-11-14,125,0,0,0,0,0.0,0.0,0.0,0.0,0.0,0.0,0.0,0.0
2009-11-15,123,0,0,0,0,0.0,0.0,0.0,0.0,0.0,0.0,0.0,0.0
2009-11-16,245,0,0,0,0,0.0,0.0,0.0,0.0,0.0,0.0,0.0,0.0
2009-11-17,248,0,0,0,0,0.0,0.0,0.0,0.0,0.0,0.0,0.0,0.0
2009-11-18,244,0,0,0,0,0.0,0.0,0.0,0.0,0.0,0.0,0.0,0.0
2009-11-19,243,0,0,0,0,0.0,0.0,0.0,0.0,0.0,0.0,0.0,0.0
2009-11-20,245,0,0,0,0,0.0,0.0,0.0,0.0,0.0,0.0,0.0,0.0
2009-11-21,98,0,0,0,0,0.0,0.0,0.0,0.0,0.0,0.0,0.0,0.0
2009-11-22,104,0,0,0,0,0.0,0.0,0.0,0.0,0.0,0.0,0.0,0.0
2009-11-23,239,1,0,1,0,0.0041841004184100415,4.184100418410042,0.0,0.0,0.0041841004184100415,4.184100418410042,0.0,0.0
2009-11-24,237,0,0,0,0,0.0,0.0,0.0,0.0,0.0,0.0,0.0,0.0
2009-11-25,242,1,0,0,1,0.004132231404958678,4.132231404958678,0.0,0.0,0.0,0.0,0.004132231404958678,4.132231404958678
2009-11-26,244,0,0,0,0,0.0,0.0,0.0,0.0,0.0,0.0,0.0,0.0
2009-11-27,245,0,0,0,0,0.0,0.0,0.0,0.0,0.0,0.0,0.0,0.0
2009-11-28,108,0,0,0,0,0.0,0.0,0.0,0.0,0.0,0.0,0.0,0.0
2009-11-29,117,0,0,0,0,0.0,0.0,0.0,0.0,0.0,0.0,0.0,0.0
2009-11-30,246,0,0,0,0,0.0,0.0,0.0,0.0,0.0,0.0,0.0,0.0
2009-12-01,248,1,0,1,0,0.004032258064516129,4.032258064516129,0.0,0.0,0.004032258064516129,4.032258064516129,0.0,0.0
2009-12-02,243,1,0,0,1,0.00411522633744856,4.11522633744856,0.0,0.0,0.0,0.0,0.00411522633744856,4.11522633744856
2009-12-03,247,1,0,0,1,0.004048582995951417,4.048582995951417,0.0,0.0,0.0,0.0,0.004048582995951417,4.048582995951417
2009-12-04,247,0,0,0,0,0.0,0.0,0.0,0.0,0.0,0.0,0.0,0.0
2009-12-05,115,0,0,0,0,0.0,0.0,0.0,0.0,0.0,0.0,0.0,0.0
2009-12-06,105,0,0,0,0,0.0,0.0,0.0,0.0,0.0,0.0,0.0,0.0
2009-12-07,246,0,0,0,0,0.0,0.0,0.0,0.0,0.0,0.0,0.0,0.0
2009-12-08,248,0,0,0,0,0.0,0.0,0.0,0.0,0.0,0.0,0.0,0.0
2009-12-09,246,0,0,0,0,0.0,0.0,0.0,0.0,0.0,0.0,0.0,0.0
2009-12-10,245,0,0,0,0,0.0,0.0,0.0,0.0,0.0,0.0,0.0,0.0
2009-12-11,246,0,0,0,0,0.0,0.0,0.0,0.0,0.0,0.0,0.0,0.0
2009-12-12,99,0,0,0,0,0.0,0.0,0.0,0.0,0.0,0.0,0.0,0.0
2009-12-13,107,1,0,1,0,0.009345794392523364,9.345794392523365,0.0,0.0,0.009345794392523364,9.345794392523365,0.0,0.0
2009-12-14,247,0,0,0,0,0.0,0.0,0.0,0.0,0.0,0.0,0.0,0.0
2009-12-15,246,1,0,0,1,0.0040650406504065045,4.065040650406504,0.0,0.0,0.0,0.0,0.0040650406504065045,4.065040650406504
2009-12-16,241,0,0,0,0,0.0,0.0,0.0,0.0,0.0,0.0,0.0,0.0
2009-12-17,246,0,0,0,0,0.0,0.0,0.0,0.0,0.0,0.0,0.0,0.0
2009-12-18,246,1,0,0,1,0.0040650406504065045,4.065040650406504,0.0,0.0,0.0,0.0,0.0040650406504065045,4.065040650406504
2009-12-19,111,1,0,1,0,0.009009009009009009,9.00900900900901,0.0,0.0,0.009009009009009009,9.00900900900901,0.0,0.0
2009-12-20,101,0,0,0,0,0.0,0.0,0.0,0.0,0.0,0.0,0.0,0.0
2009-12-21,245,0,0,0,0,0.0,0.0,0.0,0.0,0.0,0.0,0.0,0.0
2009-12-22,246,0,0,0,0,0.0,0.0,0.0,0.0,0.0,0.0,0.0,0.0
2009-12-23,247,0,0,0,0,0.0,0.0,0.0,0.0,0.0,0.0,0.0,0.0
2009-12-24,246,3,0,0,3,0.012195121951219513,12.195121951219512,0.0,0.0,0.0,0.0,0.012195121951219513,12.195121951219512
2009-12-25,57,0,0,0,0,0.0,0.0,0.0,0.0,0.0,0.0,0.0,0.0
2009-12-26,78,0,0,0,0,0.0,0.0,0.0,0.0,0.0,0.0,0.0,0.0
2009-12-27,84,0,0,0,0,0.0,0.0,0.0,0.0,0.0,0.0,0.0,0.0
2009-12-28,192,0,0,0,0,0.0,0.0,0.0,0.0,0.0,0.0,0.0,0.0
2009-12-29,242,1,0,1,0,0.004132231404958678,4.132231404958678,0.0,0.0,0.004132231404958678,4.132231404958678,0.0,0.0
2009-12-30,235,1,0,0,1,0.00425531914893617,4.25531914893617,0.0,0.0,0.0,0.0,0.00425531914893617,4.25531914893617
2009-12-31,211,1,0,0,1,0.004739336492890996,4.739336492890995,0.0,0.0,0.0,0.0,0.004739336492890996,4.739336492890995
2010-01-01,167,0,0,0,0,0.0,0.0,0.0,0.0,0.0,0.0,0.0,0.0
2010-01-02,89,0,0,0,0,0.0,0.0,0.0,0.0,0.0,0.0,0.0,0.0
2010-01-03,96,1,0,0,1,0.010416666666666666,10.416666666666666,0.0,0.0,0.0,0.0,0.010416666666666666,10.416666666666666
2010-01-04,248,1,0,0,1,0.004032258064516129,4.032258064516129,0.0,0.0,0.0,0.0,0.004032258064516129,4.032258064516129
2010-01-05,247,0,0,0,0,0.0,0.0,0.0,0.0,0.0,0.0,0.0,0.0
2010-01-06,248,0,0,0,0,0.0,0.0,0.0,0.0,0.0,0.0,0.0,0.0
2010-01-07,245,0,0,0,0,0.0,0.0,0.0,0.0,0.0,0.0,0.0,0.0
2010-01-08,247,0,0,0,0,0.0,0.0,0.0,0.0,0.0,0.0,0.0,0.0
2010-01-09,90,0,0,0,0,0.0,0.0,0.0,0.0,0.0,0.0,0.0,0.0
2010-01-10,101,0,0,0,0,0.0,0.0,0.0,0.0,0.0,0.0,0.0,0.0
2010-01-11,248,0,0,0,0,0.0,0.0,0.0,0.0,0.0,0.0,0.0,0.0
2010-01-12,248,0,0,0,0,0.0,0.0,0.0,0.0,0.0,0.0,0.0,0.0
2010-01-13,244,1,0,0,1,0.004098360655737705,4.0983606557377055,0.0,0.0,0.0,0.0,0.004098360655737705,4.0983606557377055
2010-01-14,248,0,0,0,0,0.0,0.0,0.0,0.0,0.0,0.0,0.0,0.0
2010-01-15,246,0,0,0,0,0.0,0.0,0.0,0.0,0.0,0.0,0.0,0.0
2010-01-16,117,0,0,0,0,0.0,0.0,0.0,0.0,0.0,0.0,0.0,0.0
2010-01-17,91,0,0,0,0,0.0,0.0,0.0,0.0,0.0,0.0,0.0,0.0
2010-01-18,247,1,0,0,1,0.004048582995951417,4.048582995951417,0.0,0.0,0.0,0.0,0.004048582995951417,4.048582995951417
2010-01-19,248,0,0,0,0,0.0,0.0,0.0,0.0,0.0,0.0,0.0,0.0
2010-01-20,246,0,0,0,0,0.0,0.0,0.0,0.0,0.0,0.0,0.0,0.0
2010-01-21,247,0,0,0,0,0.0,0.0,0.0,0.0,0.0,0.0,0.0,0.0
2010-01-22,248,0,0,0,0,0.0,0.0,0.0,0.0,0.0,0.0,0.0,0.0
2010-01-23,114,0,0,0,0,0.0,0.0,0.0,0.0,0.0,0.0,0.0,0.0
2010-01-24,107,0,0,0,0,0.0,0.0,0.0,0.0,0.0,0.0,0.0,0.0
2010-01-25,248,0,0,0,0,0.0,0.0,0.0,0.0,0.0,0.0,0.0,0.0
2010-01-26,249,0,0,0,0,0.0,0.0,0.0,0.0,0.0,0.0,0.0,0.0
2010-01-27,246,0,0,0,0,0.0,0.0,0.0,0.0,0.0,0.0,0.0,0.0
2010-01-28,247,0,0,0,0,0.0,0.0,0.0,0.0,0.0,0.0,0.0,0.0
2010-01-29,248,0,0,0,0,0.0,0.0,0.0,0.0,0.0,0.0,0.0,0.0
2010-01-30,126,0,0,0,0,0.0,0.0,0.0,0.0,0.0,0.0,0.0,0.0
2010-01-31,97,0,0,0,0,0.0,0.0,0.0,0.0,0.0,0.0,0.0,0.0
2010-02-01,245,0,0,0,0,0.0,0.0,0.0,0.0,0.0,0.0,0.0,0.0
2010-02-02,246,0,0,0,0,0.0,0.0,0.0,0.0,0.0,0.0,0.0,0.0
2010-02-03,249,0,0,0,0,0.0,0.0,0.0,0.0,0.0,0.0,0.0,0.0
2010-02-04,249,0,0,0,0,0.0,0.0,0.0,0.0,0.0,0.0,0.0,0.0
2010-02-05,248,0,0,0,0,0.0,0.0,0.0,0.0,0.0,0.0,0.0,0.0
2010-02-06,95,0,0,0,0,0.0,0.0,0.0,0.0,0.0,0.0,0.0,0.0
2010-02-07,113,0,0,0,0,0.0,0.0,0.0,0.0,0.0,0.0,0.0,0.0
2010-02-08,241,1,0,0,1,0.004149377593360996,4.149377593360996,0.0,0.0,0.0,0.0,0.004149377593360996,4.149377593360996
2010-02-09,248,0,0,0,0,0.0,0.0,0.0,0.0,0.0,0.0,0.0,0.0
2010-02-10,248,0,0,0,0,0.0,0.0,0.0,0.0,0.0,0.0,0.0,0.0
2010-02-11,244,1,0,1,0,0.004098360655737705,4.0983606557377055,0.0,0.0,0.004098360655737705,4.0983606557377055,0.0,0.0
2010-02-12,244,0,0,0,0,0.0,0.0,0.0,0.0,0.0,0.0,0.0,0.0
2010-02-13,113,0,0,0,0,0.0,0.0,0.0,0.0,0.0,0.0,0.0,0.0
2010-02-14,143,0,0,0,0,0.0,0.0,0.0,0.0,0.0,0.0,0.0,0.0
2010-02-15,247,0,0,0,0,0.0,0.0,0.0,0.0,0.0,0.0,0.0,0.0
2010-02-16,246,0,0,0,0,0.0,0.0,0.0,0.0,0.0,0.0,0.0,0.0
2010-02-17,249,1,0,1,0,0.004016064257028112,4.016064257028112,0.0,0.0,0.004016064257028112,4.016064257028112,0.0,0.0
2010-02-18,247,1,0,0,1,0.004048582995951417,4.048582995951417,0.0,0.0,0.0,0.0,0.004048582995951417,4.048582995951417
2010-02-19,245,0,0,0,0,0.0,0.0,0.0,0.0,0.0,0.0,0.0,0.0
2010-02-20,129,0,0,0,0,0.0,0.0,0.0,0.0,0.0,0.0,0.0,0.0
2010-02-21,146,0,0,0,0,0.0,0.0,0.0,0.0,0.0,0.0,0.0,0.0
2010-02-22,247,0,0,0,0,0.0,0.0,0.0,0.0,0.0,0.0,0.0,0.0
2010-02-23,248,0,0,0,0,0.0,0.0,0.0,0.0,0.0,0.0,0.0,0.0
2010-02-24,246,0,0,0,0,0.0,0.0,0.0,0.0,0.0,0.0,0.0,0.0
2010-02-25,244,0,0,0,0,0.0,0.0,0.0,0.0,0.0,0.0,0.0,0.0
2010-02-26,247,0,0,0,0,0.0,0.0,0.0,0.0,0.0,0.0,0.0,0.0
2010-02-27,109,0,0,0,0,0.0,0.0,0.0,0.0,0.0,0.0,0.0,0.0
2010-02-28,114,0,0,0,0,0.0,0.0,0.0,0.0,0.0,0.0,0.0,0.0
2010-03-01,244,0,0,0,0,0.0,0.0,0.0,0.0,0.0,0.0,0.0,0.0
2010-03-02,247,0,0,0,0,0.0,0.0,0.0,0.0,0.0,0.0,0.0,0.0
2010-03-03,248,0,0,0,0,0.0,0.0,0.0,0.0,0.0,0.0,0.0,0.0
2010-03-04,247,0,0,0,0,0.0,0.0,0.0,0.0,0.0,0.0,0.0,0.0
2010-03-05,246,0,0,0,0,0.0,0.0,0.0,0.0,0.0,0.0,0.0,0.0
2010-03-06,130,0,0,0,0,0.0,0.0,0.0,0.0,0.0,0.0,0.0,0.0
2010-03-07,121,0,0,0,0,0.0,0.0,0.0,0.0,0.0,0.0,0.0,0.0
2010-03-08,249,0,0,0,0,0.0,0.0,0.0,0.0,0.0,0.0,0.0,0.0
2010-03-09,246,0,0,0,0,0.0,0.0,0.0,0.0,0.0,0.0,0.0,0.0
2010-03-10,247,0,0,0,0,0.0,0.0,0.0,0.0,0.0,0.0,0.0,0.0
2010-03-11,249,0,0,0,0,0.0,0.0,0.0,0.0,0.0,0.0,0.0,0.0
2010-03-12,247,0,0,0,0,0.0,0.0,0.0,0.0,0.0,0.0,0.0,0.0
2010-03-13,136,0,0,0,0,0.0,0.0,0.0,0.0,0.0,0.0,0.0,0.0
2010-03-14,118,0,0,0,0,0.0,0.0,0.0,0.0,0.0,0.0,0.0,0.0
2010-03-15,248,1,0,0,1,0.004032258064516129,4.032258064516129,0.0,0.0,0.0,0.0,0.004032258064516129,4.032258064516129
2010-03-16,244,0,0,0,0,0.0,0.0,0.0,0.0,0.0,0.0,0.0,0.0
2010-03-17,246,0,0,0,0,0.0,0.0,0.0,0.0,0.0,0.0,0.0,0.0
2010-03-18,248,0,0,0,0,0.0,0.0,0.0,0.0,0.0,0.0,0.0,0.0
2010-03-19,246,0,0,0,0,0.0,0.0,0.0,0.0,0.0,0.0,0.0,0.0
2010-03-20,122,0,0,0,0,0.0,0.0,0.0,0.0,0.0,0.0,0.0,0.0
2010-03-21,129,0,0,0,0,0.0,0.0,0.0,0.0,0.0,0.0,0.0,0.0
2010-03-22,244,0,0,0,0,0.0,0.0,0.0,0.0,0.0,0.0,0.0,0.0
2010-03-23,247,0,0,0,0,0.0,0.0,0.0,0.0,0.0,0.0,0.0,0.0
2010-03-24,247,0,0,0,0,0.0,0.0,0.0,0.0,0.0,0.0,0.0,0.0
2010-03-25,243,0,0,0,0,0.0,0.0,0.0,0.0,0.0,0.0,0.0,0.0
2010-03-26,248,0,0,0,0,0.0,0.0,0.0,0.0,0.0,0.0,0.0,0.0
2010-03-27,113,0,0,0,0,0.0,0.0,0.0,0.0,0.0,0.0,0.0,0.0
2010-03-28,101,0,0,0,0,0.0,0.0,0.0,0.0,0.0,0.0,0.0,0.0
2010-03-29,247,0,0,0,0,0.0,0.0,0.0,0.0,0.0,0.0,0.0,0.0
2010-03-30,243,0,0,0,0,0.0,0.0,0.0,0.0,0.0,0.0,0.0,0.0
2010-03-31,246,0,0,0,0,0.0,0.0,0.0,0.0,0.0,0.0,0.0,0.0
2010-04-01,242,0,0,0,0,0.0,0.0,0.0,0.0,0.0,0.0,0.0,0.0
2010-04-02,101,0,0,0,0,0.0,0.0,0.0,0.0,0.0,0.0,0.0,0.0
2010-04-03,105,0,0,0,0,0.0,0.0,0.0,0.0,0.0,0.0,0.0,0.0
2010-04-04,91,0,0,0,0,0.0,0.0,0.0,0.0,0.0,0.0,0.0,0.0
2010-04-05,220,0,0,0,0,0.0,0.0,0.0,0.0,0.0,0.0,0.0,0.0
2010-04-06,246,0,0,0,0,0.0,0.0,0.0,0.0,0.0,0.0,0.0,0.0
2010-04-07,247,0,0,0,0,0.0,0.0,0.0,0.0,0.0,0.0,0.0,0.0
2010-04-08,246,0,0,0,0,0.0,0.0,0.0,0.0,0.0,0.0,0.0,0.0
2010-04-09,245,0,0,0,0,0.0,0.0,0.0,0.0,0.0,0.0,0.0,0.0
2010-04-10,113,0,0,0,0,0.0,0.0,0.0,0.0,0.0,0.0,0.0,0.0
2010-04-11,94,0,0,0,0,0.0,0.0,0.0,0.0,0.0,0.0,0.0,0.0
2010-04-12,246,0,0,0,0,0.0,0.0,0.0,0.0,0.0,0.0,0.0,0.0
2010-04-13,240,1,0,1,0,0.004166666666666667,4.166666666666667,0.0,0.0,0.004166666666666667,4.166666666666667,0.0,0.0
2010-04-14,247,0,0,0,0,0.0,0.0,0.0,0.0,0.0,0.0,0.0,0.0
2010-04-15,244,0,0,0,0,0.0,0.0,0.0,0.0,0.0,0.0,0.0,0.0
2010-04-16,246,0,0,0,0,0.0,0.0,0.0,0.0,0.0,0.0,0.0,0.0
2010-04-17,88,0,0,0,0,0.0,0.0,0.0,0.0,0.0,0.0,0.0,0.0
2010-04-18,101,0,0,0,0,0.0,0.0,0.0,0.0,0.0,0.0,0.0,0.0
2010-04-19,246,0,0,0,0,0.0,0.0,0.0,0.0,0.0,0.0,0.0,0.0
2010-04-20,247,0,0,0,0,0.0,0.0,0.0,0.0,0.0,0.0,0.0,0.0
2010-04-21,248,0,0,0,0,0.0,0.0,0.0,0.0,0.0,0.0,0.0,0.0
2010-04-22,246,0,0,0,0,0.0,0.0,0.0,0.0,0.0,0.0,0.0,0.0
2010-04-23,246,0,0,0,0,0.0,0.0,0.0,0.0,0.0,0.0,0.0,0.0
2010-04-24,86,0,0,0,0,0.0,0.0,0.0,0.0,0.0,0.0,0.0,0.0
2010-04-25,120,1,0,0,1,0.008333333333333333,8.333333333333334,0.0,0.0,0.0,0.0,0.008333333333333333,8.333333333333334
2010-04-26,246,0,0,0,0,0.0,0.0,0.0,0.0,0.0,0.0,0.0,0.0
2010-04-27,244,0,0,0,0,0.0,0.0,0.0,0.0,0.0,0.0,0.0,0.0
2010-04-28,247,1,0,1,0,0.004048582995951417,4.048582995951417,0.0,0.0,0.004048582995951417,4.048582995951417,0.0,0.0
2010-04-29,247,0,0,0,0,0.0,0.0,0.0,0.0,0.0,0.0,0.0,0.0
2010-04-30,245,0,0,0,0,0.0,0.0,0.0,0.0,0.0,0.0,0.0,0.0
2010-05-01,113,0,0,0,0,0.0,0.0,0.0,0.0,0.0,0.0,0.0,0.0
2010-05-02,131,0,0,0,0,0.0,0.0,0.0,0.0,0.0,0.0,0.0,0.0
2010-05-03,245,1,0,0,1,0.004081632653061225,4.081632653061225,0.0,0.0,0.0,0.0,0.004081632653061225,4.081632653061225
2010-05-04,245,1,0,0,1,0.004081632653061225,4.081632653061225,0.0,0.0,0.0,0.0,0.004081632653061225,4.081632653061225
2010-05-05,247,0,0,0,0,0.0,0.0,0.0,0.0,0.0,0.0,0.0,0.0
2010-05-06,244,0,0,0,0,0.0,0.0,0.0,0.0,0.0,0.0,0.0,0.0
2010-05-07,243,0,0,0,0,0.0,0.0,0.0,0.0,0.0,0.0,0.0,0.0
2010-05-08,94,0,0,0,0,0.0,0.0,0.0,0.0,0.0,0.0,0.0,0.0
2010-05-09,100,0,0,0,0,0.0,0.0,0.0,0.0,0.0,0.0,0.0,0.0
2010-05-10,245,1,0,0,1,0.004081632653061225,4.081632653061225,0.0,0.0,0.0,0.0,0.004081632653061225,4.081632653061225
2010-05-11,245,0,0,0,0,0.0,0.0,0.0,0.0,0.0,0.0,0.0,0.0
2010-05-12,244,0,0,0,0,0.0,0.0,0.0,0.0,0.0,0.0,0.0,0.0
2010-05-13,245,0,0,0,0,0.0,0.0,0.0,0.0,0.0,0.0,0.0,0.0
2010-05-14,246,0,0,0,0,0.0,0.0,0.0,0.0,0.0,0.0,0.0,0.0
2010-05-15,119,0,0,0,0,0.0,0.0,0.0,0.0,0.0,0.0,0.0,0.0
2010-05-16,96,0,0,0,0,0.0,0.0,0.0,0.0,0.0,0.0,0.0,0.0
2010-05-17,244,1,0,1,0,0.004098360655737705,4.0983606557377055,0.0,0.0,0.004098360655737705,4.0983606557377055,0.0,0.0
2010-05-18,250,2,0,2,0,0.008,8.0,0.0,0.0,0.008,8.0,0.0,0.0
2010-05-19,245,2,0,1,1,0.00816326530612245,8.16326530612245,0.0,0.0,0.004081632653061225,4.081632653061225,0.004081632653061225,4.081632653061225
2010-05-20,246,1,0,1,0,0.0040650406504065045,4.065040650406504,0.0,0.0,0.0040650406504065045,4.065040650406504,0.0,0.0
2010-05-21,245,0,0,0,0,0.0,0.0,0.0,0.0,0.0,0.0,0.0,0.0
2010-05-22,102,0,0,0,0,0.0,0.0,0.0,0.0,0.0,0.0,0.0,0.0
2010-05-23,108,0,0,0,0,0.0,0.0,0.0,0.0,0.0,0.0,0.0,0.0
2010-05-24,247,0,0,0,0,0.0,0.0,0.0,0.0,0.0,0.0,0.0,0.0
2010-05-25,245,0,0,0,0,0.0,0.0,0.0,0.0,0.0,0.0,0.0,0.0
2010-05-26,244,0,0,0,0,0.0,0.0,0.0,0.0,0.0,0.0,0.0,0.0
2010-05-27,247,2,0,2,0,0.008097165991902834,8.097165991902834,0.0,0.0,0.008097165991902834,8.097165991902834,0.0,0.0
2010-05-28,245,0,0,0,0,0.0,0.0,0.0,0.0,0.0,0.0,0.0,0.0
2010-05-29,116,0,0,0,0,0.0,0.0,0.0,0.0,0.0,0.0,0.0,0.0
2010-05-30,114,0,0,0,0,0.0,0.0,0.0,0.0,0.0,0.0,0.0,0.0
2010-05-31,244,0,0,0,0,0.0,0.0,0.0,0.0,0.0,0.0,0.0,0.0
2010-06-01,243,0,0,0,0,0.0,0.0,0.0,0.0,0.0,0.0,0.0,0.0
2010-06-02,245,1,0,1,0,0.004081632653061225,4.081632653061225,0.0,0.0,0.004081632653061225,4.081632653061225,0.0,0.0
2010-06-03,242,1,0,1,0,0.004132231404958678,4.132231404958678,0.0,0.0,0.004132231404958678,4.132231404958678,0.0,0.0
2010-06-04,246,1,0,1,0,0.0040650406504065045,4.065040650406504,0.0,0.0,0.0040650406504065045,4.065040650406504,0.0,0.0
2010-06-05,106,0,0,0,0,0.0,0.0,0.0,0.0,0.0,0.0,0.0,0.0
2010-06-06,135,0,0,0,0,0.0,0.0,0.0,0.0,0.0,0.0,0.0,0.0
2010-06-07,246,0,0,0,0,0.0,0.0,0.0,0.0,0.0,0.0,0.0,0.0
2010-06-08,245,0,0,0,0,0.0,0.0,0.0,0.0,0.0,0.0,0.0,0.0
2010-06-09,243,1,0,1,0,0.00411522633744856,4.11522633744856,0.0,0.0,0.00411522633744856,4.11522633744856,0.0,0.0
2010-06-10,246,0,0,0,0,0.0,0.0,0.0,0.0,0.0,0.0,0.0,0.0
2010-06-11,242,0,0,0,0,0.0,0.0,0.0,0.0,0.0,0.0,0.0,0.0
2010-06-12,123,0,0,0,0,0.0,0.0,0.0,0.0,0.0,0.0,0.0,0.0
2010-06-13,110,0,0,0,0,0.0,0.0,0.0,0.0,0.0,0.0,0.0,0.0
2010-06-14,224,0,0,0,0,0.0,0.0,0.0,0.0,0.0,0.0,0.0,0.0
2010-06-15,243,0,0,0,0,0.0,0.0,0.0,0.0,0.0,0.0,0.0,0.0
2010-06-16,243,0,0,0,0,0.0,0.0,0.0,0.0,0.0,0.0,0.0,0.0
2010-06-17,245,1,0,1,0,0.004081632653061225,4.081632653061225,0.0,0.0,0.004081632653061225,4.081632653061225,0.0,0.0
2010-06-18,245,0,0,0,0,0.0,0.0,0.0,0.0,0.0,0.0,0.0,0.0
2010-06-19,113,0,0,0,0,0.0,0.0,0.0,0.0,0.0,0.0,0.0,0.0
2010-06-20,122,0,0,0,0,0.0,0.0,0.0,0.0,0.0,0.0,0.0,0.0
2010-06-21,244,0,0,0,0,0.0,0.0,0.0,0.0,0.0,0.0,0.0,0.0
2010-06-22,244,0,0,0,0,0.0,0.0,0.0,0.0,0.0,0.0,0.0,0.0
2010-06-23,246,0,0,0,0,0.0,0.0,0.0,0.0,0.0,0.0,0.0,0.0
2010-06-24,238,0,0,0,0,0.0,0.0,0.0,0.0,0.0,0.0,0.0,0.0
2010-06-25,246,0,0,0,0,0.0,0.0,0.0,0.0,0.0,0.0,0.0,0.0
2010-06-26,116,0,0,0,0,0.0,0.0,0.0,0.0,0.0,0.0,0.0,0.0
2010-06-27,104,0,0,0,0,0.0,0.0,0.0,0.0,0.0,0.0,0.0,0.0
2010-06-28,244,0,0,0,0,0.0,0.0,0.0,0.0,0.0,0.0,0.0,0.0
2010-06-29,241,0,0,0,0,0.0,0.0,0.0,0.0,0.0,0.0,0.0,0.0
2010-06-30,240,0,0,0,0,0.0,0.0,0.0,0.0,0.0,0.0,0.0,0.0
2010-07-01,246,0,0,0,0,0.0,0.0,0.0,0.0,0.0,0.0,0.0,0.0
2010-07-02,246,1,0,1,0,0.0040650406504065045,4.065040650406504,0.0,0.0,0.0040650406504065045,4.065040650406504,0.0,0.0
2010-07-03,104,0,0,0,0,0.0,0.0,0.0,0.0,0.0,0.0,0.0,0.0
2010-07-04,96,0,0,0,0,0.0,0.0,0.0,0.0,0.0,0.0,0.0,0.0
2010-07-05,245,1,0,1,0,0.004081632653061225,4.081632653061225,0.0,0.0,0.004081632653061225,4.081632653061225,0.0,0.0
2010-07-06,245,1,0,0,1,0.004081632653061225,4.081632653061225,0.0,0.0,0.0,0.0,0.004081632653061225,4.081632653061225
2010-07-07,245,0,0,0,0,0.0,0.0,0.0,0.0,0.0,0.0,0.0,0.0
2010-07-08,244,0,0,0,0,0.0,0.0,0.0,0.0,0.0,0.0,0.0,0.0
2010-07-09,245,0,0,0,0,0.0,0.0,0.0,0.0,0.0,0.0,0.0,0.0
2010-07-10,126,0,0,0,0,0.0,0.0,0.0,0.0,0.0,0.0,0.0,0.0
2010-07-11,120,0,0,0,0,0.0,0.0,0.0,0.0,0.0,0.0,0.0,0.0
2010-07-12,247,0,0,0,0,0.0,0.0,0.0,0.0,0.0,0.0,0.0,0.0
2010-07-13,245,1,0,0,1,0.004081632653061225,4.081632653061225,0.0,0.0,0.0,0.0,0.004081632653061225,4.081632653061225
2010-07-14,242,0,0,0,0,0.0,0.0,0.0,0.0,0.0,0.0,0.0,0.0
2010-07-15,246,0,0,0,0,0.0,0.0,0.0,0.0,0.0,0.0,0.0,0.0
2010-07-16,243,0,0,0,0,0.0,0.0,0.0,0.0,0.0,0.0,0.0,0.0
2010-07-17,151,0,0,0,0,0.0,0.0,0.0,0.0,0.0,0.0,0.0,0.0
2010-07-18,97,0,0,0,0,0.0,0.0,0.0,0.0,0.0,0.0,0.0,0.0
2010-07-19,245,0,0,0,0,0.0,0.0,0.0,0.0,0.0,0.0,0.0,0.0
2010-07-20,245,0,0,0,0,0.0,0.0,0.0,0.0,0.0,0.0,0.0,0.0
2010-07-21,246,1,0,1,0,0.0040650406504065045,4.065040650406504,0.0,0.0,0.0040650406504065045,4.065040650406504,0.0,0.0
2010-07-22,245,0,0,0,0,0.0,0.0,0.0,0.0,0.0,0.0,0.0,0.0
2010-07-23,242,0,0,0,0,0.0,0.0,0.0,0.0,0.0,0.0,0.0,0.0
2010-07-24,116,0,0,0,0,0.0,0.0,0.0,0.0,0.0,0.0,0.0,0.0
2010-07-25,107,0,0,0,0,0.0,0.0,0.0,0.0,0.0,0.0,0.0,0.0
2010-07-26,245,0,0,0,0,0.0,0.0,0.0,0.0,0.0,0.0,0.0,0.0
2010-07-27,243,0,0,0,0,0.0,0.0,0.0,0.0,0.0,0.0,0.0,0.0
2010-07-28,245,0,0,0,0,0.0,0.0,0.0,0.0,0.0,0.0,0.0,0.0
2010-07-29,242,0,0,0,0,0.0,0.0,0.0,0.0,0.0,0.0,0.0,0.0
2010-07-30,243,0,0,0,0,0.0,0.0,0.0,0.0,0.0,0.0,0.0,0.0
2010-07-31,130,0,0,0,0,0.0,0.0,0.0,0.0,0.0,0.0,0.0,0.0
2010-08-01,155,0,0,0,0,0.0,0.0,0.0,0.0,0.0,0.0,0.0,0.0
2010-08-02,243,1,0,0,1,0.00411522633744856,4.11522633744856,0.0,0.0,0.0,0.0,0.00411522633744856,4.11522633744856
2010-08-03,244,0,0,0,0,0.0,0.0,0.0,0.0,0.0,0.0,0.0,0.0
2010-08-04,242,0,0,0,0,0.0,0.0,0.0,0.0,0.0,0.0,0.0,0.0
2010-08-05,244,0,0,0,0,0.0,0.0,0.0,0.0,0.0,0.0,0.0,0.0
2010-08-06,242,1,0,1,0,0.004132231404958678,4.132231404958678,0.0,0.0,0.004132231404958678,4.132231404958678,0.0,0.0
2010-08-07,113,0,0,0,0,0.0,0.0,0.0,0.0,0.0,0.0,0.0,0.0
2010-08-08,104,0,0,0,0,0.0,0.0,0.0,0.0,0.0,0.0,0.0,0.0
2010-08-09,244,0,0,0,0,0.0,0.0,0.0,0.0,0.0,0.0,0.0,0.0
2010-08-10,247,0,0,0,0,0.0,0.0,0.0,0.0,0.0,0.0,0.0,0.0
2010-08-11,243,1,0,0,1,0.00411522633744856,4.11522633744856,0.0,0.0,0.0,0.0,0.00411522633744856,4.11522633744856
2010-08-12,245,0,0,0,0,0.0,0.0,0.0,0.0,0.0,0.0,0.0,0.0
2010-08-13,245,0,0,0,0,0.0,0.0,0.0,0.0,0.0,0.0,0.0,0.0
2010-08-14,112,0,0,0,0,0.0,0.0,0.0,0.0,0.0,0.0,0.0,0.0
2010-08-15,115,0,0,0,0,0.0,0.0,0.0,0.0,0.0,0.0,0.0,0.0
2010-08-16,245,0,0,0,0,0.0,0.0,0.0,0.0,0.0,0.0,0.0,0.0
2010-08-17,245,0,0,0,0,0.0,0.0,0.0,0.0,0.0,0.0,0.0,0.0
2010-08-18,245,0,0,0,0,0.0,0.0,0.0,0.0,0.0,0.0,0.0,0.0
2010-08-19,244,0,0,0,0,0.0,0.0,0.0,0.0,0.0,0.0,0.0,0.0
2010-08-20,237,0,0,0,0,0.0,0.0,0.0,0.0,0.0,0.0,0.0,0.0
2010-08-21,157,0,0,0,0,0.0,0.0,0.0,0.0,0.0,0.0,0.0,0.0
2010-08-22,126,0,0,0,0,0.0,0.0,0.0,0.0,0.0,0.0,0.0,0.0
2010-08-23,244,0,0,0,0,0.0,0.0,0.0,0.0,0.0,0.0,0.0,0.0
2010-08-24,242,0,0,0,0,0.0,0.0,0.0,0.0,0.0,0.0,0.0,0.0
2010-08-25,243,0,0,0,0,0.0,0.0,0.0,0.0,0.0,0.0,0.0,0.0
2010-08-26,245,0,0,0,0,0.0,0.0,0.0,0.0,0.0,0.0,0.0,0.0
2010-08-27,245,1,1,0,0,0.004081632653061225,4.081632653061225,0.004081632653061225,4.081632653061225,0.0,0.0,0.0,0.0
2010-08-28,112,0,0,0,0,0.0,0.0,0.0,0.0,0.0,0.0,0.0,0.0
2010-08-29,117,0,0,0,0,0.0,0.0,0.0,0.0,0.0,0.0,0.0,0.0
2010-08-30,245,0,0,0,0,0.0,0.0,0.0,0.0,0.0,0.0,0.0,0.0
2010-08-31,243,0,0,0,0,0.0,0.0,0.0,0.0,0.0,0.0,0.0,0.0
2010-09-01,238,0,0,0,0,0.0,0.0,0.0,0.0,0.0,0.0,0.0,0.0
2010-09-02,243,0,0,0,0,0.0,0.0,0.0,0.0,0.0,0.0,0.0,0.0
2010-09-03,242,0,0,0,0,0.0,0.0,0.0,0.0,0.0,0.0,0.0,0.0
2010-09-04,128,0,0,0,0,0.0,0.0,0.0,0.0,0.0,0.0,0.0,0.0
2010-09-05,98,0,0,0,0,0.0,0.0,0.0,0.0,0.0,0.0,0.0,0.0
2010-09-06,244,0,0,0,0,0.0,0.0,0.0,0.0,0.0,0.0,0.0,0.0
2010-09-07,246,0,0,0,0,0.0,0.0,0.0,0.0,0.0,0.0,0.0,0.0
2010-09-08,243,0,0,0,0,0.0,0.0,0.0,0.0,0.0,0.0,0.0,0.0
2010-09-09,245,1,0,0,1,0.004081632653061225,4.081632653061225,0.0,0.0,0.0,0.0,0.004081632653061225,4.081632653061225
2010-09-10,245,1,0,0,1,0.004081632653061225,4.081632653061225,0.0,0.0,0.0,0.0,0.004081632653061225,4.081632653061225
2010-09-11,104,0,0,0,0,0.0,0.0,0.0,0.0,0.0,0.0,0.0,0.0
2010-09-12,92,0,0,0,0,0.0,0.0,0.0,0.0,0.0,0.0,0.0,0.0
2010-09-13,243,1,0,0,1,0.00411522633744856,4.11522633744856,0.0,0.0,0.0,0.0,0.00411522633744856,4.11522633744856
2010-09-14,242,0,0,0,0,0.0,0.0,0.0,0.0,0.0,0.0,0.0,0.0
2010-09-15,245,0,0,0,0,0.0,0.0,0.0,0.0,0.0,0.0,0.0,0.0
2010-09-16,244,0,0,0,0,0.0,0.0,0.0,0.0,0.0,0.0,0.0,0.0
2010-09-17,244,0,0,0,0,0.0,0.0,0.0,0.0,0.0,0.0,0.0,0.0
2010-09-18,97,0,0,0,0,0.0,0.0,0.0,0.0,0.0,0.0,0.0,0.0
2010-09-19,91,0,0,0,0,0.0,0.0,0.0,0.0,0.0,0.0,0.0,0.0
2010-09-20,247,1,0,0,1,0.004048582995951417,4.048582995951417,0.0,0.0,0.0,0.0,0.004048582995951417,4.048582995951417
2010-09-21,246,1,0,1,0,0.0040650406504065045,4.065040650406504,0.0,0.0,0.0040650406504065045,4.065040650406504,0.0,0.0
2010-09-22,242,0,0,0,0,0.0,0.0,0.0,0.0,0.0,0.0,0.0,0.0
2010-09-23,245,0,0,0,0,0.0,0.0,0.0,0.0,0.0,0.0,0.0,0.0
2010-09-24,247,0,0,0,0,0.0,0.0,0.0,0.0,0.0,0.0,0.0,0.0
2010-09-25,113,0,0,0,0,0.0,0.0,0.0,0.0,0.0,0.0,0.0,0.0
2010-09-26,98,0,0,0,0,0.0,0.0,0.0,0.0,0.0,0.0,0.0,0.0
2010-09-27,243,0,0,0,0,0.0,0.0,0.0,0.0,0.0,0.0,0.0,0.0
2010-09-28,248,0,0,0,0,0.0,0.0,0.0,0.0,0.0,0.0,0.0,0.0
2010-09-29,245,0,0,0,0,0.0,0.0,0.0,0.0,0.0,0.0,0.0,0.0
2010-09-30,223,0,0,0,0,0.0,0.0,0.0,0.0,0.0,0.0,0.0,0.0
2010-10-01,241,0,0,0,0,0.0,0.0,0.0,0.0,0.0,0.0,0.0,0.0
2010-10-02,119,0,0,0,0,0.0,0.0,0.0,0.0,0.0,0.0,0.0,0.0
2010-10-03,110,0,0,0,0,0.0,0.0,0.0,0.0,0.0,0.0,0.0,0.0
2010-10-04,248,0,0,0,0,0.0,0.0,0.0,0.0,0.0,0.0,0.0,0.0
2010-10-05,250,0,0,0,0,0.0,0.0,0.0,0.0,0.0,0.0,0.0,0.0
2010-10-06,250,0,0,0,0,0.0,0.0,0.0,0.0,0.0,0.0,0.0,0.0
2010-10-07,250,0,0,0,0,0.0,0.0,0.0,0.0,0.0,0.0,0.0,0.0
2010-10-08,249,0,0,0,0,0.0,0.0,0.0,0.0,0.0,0.0,0.0,0.0
2010-10-09,128,0,0,0,0,0.0,0.0,0.0,0.0,0.0,0.0,0.0,0.0
2010-10-10,109,0,0,0,0,0.0,0.0,0.0,0.0,0.0,0.0,0.0,0.0
2010-10-11,250,1,0,0,1,0.004,4.0,0.0,0.0,0.0,0.0,0.004,4.0
2010-10-12,249,0,0,0,0,0.0,0.0,0.0,0.0,0.0,0.0,0.0,0.0
2010-10-13,250,0,0,0,0,0.0,0.0,0.0,0.0,0.0,0.0,0.0,0.0
2010-10-14,250,0,0,0,0,0.0,0.0,0.0,0.0,0.0,0.0,0.0,0.0
2010-10-15,248,0,0,0,0,0.0,0.0,0.0,0.0,0.0,0.0,0.0,0.0
2010-10-16,92,0,0,0,0,0.0,0.0,0.0,0.0,0.0,0.0,0.0,0.0
2010-10-17,95,0,0,0,0,0.0,0.0,0.0,0.0,0.0,0.0,0.0,0.0
2010-10-18,250,1,0,0,1,0.004,4.0,0.0,0.0,0.0,0.0,0.004,4.0
2010-10-19,249,0,0,0,0,0.0,0.0,0.0,0.0,0.0,0.0,0.0,0.0
2010-10-20,250,0,0,0,0,0.0,0.0,0.0,0.0,0.0,0.0,0.0,0.0
2010-10-21,249,0,0,0,0,0.0,0.0,0.0,0.0,0.0,0.0,0.0,0.0
2010-10-22,248,1,0,1,0,0.004032258064516129,4.032258064516129,0.0,0.0,0.004032258064516129,4.032258064516129,0.0,0.0
2010-10-23,83,0,0,0,0,0.0,0.0,0.0,0.0,0.0,0.0,0.0,0.0
2010-10-24,91,0,0,0,0,0.0,0.0,0.0,0.0,0.0,0.0,0.0,0.0
2010-10-25,250,0,0,0,0,0.0,0.0,0.0,0.0,0.0,0.0,0.0,0.0
2010-10-26,249,0,0,0,0,0.0,0.0,0.0,0.0,0.0,0.0,0.0,0.0
2010-10-27,250,0,0,0,0,0.0,0.0,0.0,0.0,0.0,0.0,0.0,0.0
2010-10-28,249,0,0,0,0,0.0,0.0,0.0,0.0,0.0,0.0,0.0,0.0
2010-10-29,247,1,0,1,1,0.004048582995951417,4.048582995951417,0.0,0.0,0.004048582995951417,4.048582995951417,0.004048582995951417,4.048582995951417
2010-10-30,105,0,0,0,0,0.0,0.0,0.0,0.0,0.0,0.0,0.0,0.0
2010-10-31,107,0,0,0,0,0.0,0.0,0.0,0.0,0.0,0.0,0.0,0.0
2010-11-01,249,0,0,0,0,0.0,0.0,0.0,0.0,0.0,0.0,0.0,0.0
2010-11-02,249,0,0,0,0,0.0,0.0,0.0,0.0,0.0,0.0,0.0,0.0
2010-11-03,250,0,0,0,0,0.0,0.0,0.0,0.0,0.0,0.0,0.0,0.0
2010-11-04,248,0,0,0,0,0.0,0.0,0.0,0.0,0.0,0.0,0.0,0.0
2010-11-05,249,0,0,0,0,0.0,0.0,0.0,0.0,0.0,0.0,0.0,0.0
2010-11-06,120,0,0,0,0,0.0,0.0,0.0,0.0,0.0,0.0,0.0,0.0
2010-11-07,114,0,0,0,0,0.0,0.0,0.0,0.0,0.0,0.0,0.0,0.0
2010-11-08,250,0,0,0,0,0.0,0.0,0.0,0.0,0.0,0.0,0.0,0.0
2010-11-09,249,1,0,0,1,0.004016064257028112,4.016064257028112,0.0,0.0,0.0,0.0,0.004016064257028112,4.016064257028112
2010-11-10,248,1,0,1,0,0.004032258064516129,4.032258064516129,0.0,0.0,0.004032258064516129,4.032258064516129,0.0,0.0
2010-11-11,250,0,0,0,0,0.0,0.0,0.0,0.0,0.0,0.0,0.0,0.0
2010-11-12,250,0,0,0,0,0.0,0.0,0.0,0.0,0.0,0.0,0.0,0.0
2010-11-13,107,0,0,0,0,0.0,0.0,0.0,0.0,0.0,0.0,0.0,0.0
2010-11-14,76,0,0,0,0,0.0,0.0,0.0,0.0,0.0,0.0,0.0,0.0
2010-11-15,250,0,0,0,0,0.0,0.0,0.0,0.0,0.0,0.0,0.0,0.0
2010-11-16,250,0,0,0,0,0.0,0.0,0.0,0.0,0.0,0.0,0.0,0.0
2010-11-17,250,0,0,0,0,0.0,0.0,0.0,0.0,0.0,0.0,0.0,0.0
2010-11-18,250,0,0,0,0,0.0,0.0,0.0,0.0,0.0,0.0,0.0,0.0
2010-11-19,250,0,0,0,0,0.0,0.0,0.0,0.0,0.0,0.0,0.0,0.0
2010-11-20,93,0,0,0,0,0.0,0.0,0.0,0.0,0.0,0.0,0.0,0.0
2010-11-21,77,0,0,0,0,0.0,0.0,0.0,0.0,0.0,0.0,0.0,0.0
2010-11-22,250,1,0,0,1,0.004,4.0,0.0,0.0,0.0,0.0,0.004,4.0
2010-11-23,250,0,0,0,0,0.0,0.0,0.0,0.0,0.0,0.0,0.0,0.0
2010-11-24,247,0,0,0,0,0.0,0.0,0.0,0.0,0.0,0.0,0.0,0.0
2010-11-25,250,0,0,0,0,0.0,0.0,0.0,0.0,0.0,0.0,0.0,0.0
2010-11-26,250,0,0,0,0,0.0,0.0,0.0,0.0,0.0,0.0,0.0,0.0
2010-11-27,107,0,0,0,0,0.0,0.0,0.0,0.0,0.0,0.0,0.0,0.0
2010-11-28,116,0,0,0,0,0.0,0.0,0.0,0.0,0.0,0.0,0.0,0.0
2010-11-29,250,0,0,0,0,0.0,0.0,0.0,0.0,0.0,0.0,0.0,0.0
2010-11-30,250,0,0,0,0,0.0,0.0,0.0,0.0,0.0,0.0,0.0,0.0
2010-12-01,249,0,0,0,0,0.0,0.0,0.0,0.0,0.0,0.0,0.0,0.0
2010-12-02,249,0,0,0,0,0.0,0.0,0.0,0.0,0.0,0.0,0.0,0.0
2010-12-03,249,0,0,0,0,0.0,0.0,0.0,0.0,0.0,0.0,0.0,0.0
2010-12-04,101,0,0,0,0,0.0,0.0,0.0,0.0,0.0,0.0,0.0,0.0
2010-12-05,95,0,0,0,0,0.0,0.0,0.0,0.0,0.0,0.0,0.0,0.0
2010-12-06,249,0,0,0,0,0.0,0.0,0.0,0.0,0.0,0.0,0.0,0.0
2010-12-07,249,0,0,0,0,0.0,0.0,0.0,0.0,0.0,0.0,0.0,0.0
2010-12-08,250,0,0,0,0,0.0,0.0,0.0,0.0,0.0,0.0,0.0,0.0
2010-12-09,250,0,0,0,0,0.0,0.0,0.0,0.0,0.0,0.0,0.0,0.0
2010-12-10,250,0,0,0,0,0.0,0.0,0.0,0.0,0.0,0.0,0.0,0.0
2010-12-11,83,0,0,0,0,0.0,0.0,0.0,0.0,0.0,0.0,0.0,0.0
2010-12-12,88,0,0,0,0,0.0,0.0,0.0,0.0,0.0,0.0,0.0,0.0
2010-12-13,245,0,0,0,0,0.0,0.0,0.0,0.0,0.0,0.0,0.0,0.0
2010-12-14,250,0,0,0,0,0.0,0.0,0.0,0.0,0.0,0.0,0.0,0.0
2010-12-15,249,0,0,0,0,0.0,0.0,0.0,0.0,0.0,0.0,0.0,0.0
2010-12-16,249,0,0,0,0,0.0,0.0,0.0,0.0,0.0,0.0,0.0,0.0
2010-12-17,250,0,0,0,0,0.0,0.0,0.0,0.0,0.0,0.0,0.0,0.0
2010-12-18,136,0,0,0,0,0.0,0.0,0.0,0.0,0.0,0.0,0.0,0.0
2010-12-19,96,0,0,0,0,0.0,0.0,0.0,0.0,0.0,0.0,0.0,0.0
2010-12-20,249,1,0,0,1,0.004016064257028112,4.016064257028112,0.0,0.0,0.0,0.0,0.004016064257028112,4.016064257028112
2010-12-21,249,0,0,0,0,0.0,0.0,0.0,0.0,0.0,0.0,0.0,0.0
2010-12-22,249,0,0,0,0,0.0,0.0,0.0,0.0,0.0,0.0,0.0,0.0
2010-12-23,250,1,0,0,1,0.004,4.0,0.0,0.0,0.0,0.0,0.004,4.0
2010-12-24,201,0,0,0,0,0.0,0.0,0.0,0.0,0.0,0.0,0.0,0.0
2010-12-25,53,0,0,0,0,0.0,0.0,0.0,0.0,0.0,0.0,0.0,0.0
2010-12-26,95,0,0,0,0,0.0,0.0,0.0,0.0,0.0,0.0,0.0,0.0
2010-12-27,152,0,0,0,0,0.0,0.0,0.0,0.0,0.0,0.0,0.0,0.0
2010-12-28,164,0,0,0,0,0.0,0.0,0.0,0.0,0.0,0.0,0.0,0.0
2010-12-29,193,1,0,0,1,0.0051813471502590676,5.181347150259067,0.0,0.0,0.0,0.0,0.0051813471502590676,5.181347150259067
2010-12-30,202,0,0,0,0,0.0,0.0,0.0,0.0,0.0,0.0,0.0,0.0
2010-12-31,193,0,0,0,0,0.0,0.0,0.0,0.0,0.0,0.0,0.0,0.0
2011-01-01,82,0,0,0,0,0.0,0.0,0.0,0.0,0.0,0.0,0.0,0.0
2011-01-02,91,0,0,0,0,0.0,0.0,0.0,0.0,0.0,0.0,0.0,0.0
2011-01-03,219,0,0,0,0,0.0,0.0,0.0,0.0,0.0,0.0,0.0,0.0
2011-01-04,224,0,0,0,0,0.0,0.0,0.0,0.0,0.0,0.0,0.0,0.0
2011-01-05,250,0,0,0,0,0.0,0.0,0.0,0.0,0.0,0.0,0.0,0.0
2011-01-06,243,0,0,0,0,0.0,0.0,0.0,0.0,0.0,0.0,0.0,0.0
2011-01-07,249,1,0,0,1,0.004016064257028112,4.016064257028112,0.0,0.0,0.0,0.0,0.004016064257028112,4.016064257028112
2011-01-08,103,0,0,0,0,0.0,0.0,0.0,0.0,0.0,0.0,0.0,0.0
2011-01-09,85,0,0,0,0,0.0,0.0,0.0,0.0,0.0,0.0,0.0,0.0
2011-01-10,248,0,0,0,0,0.0,0.0,0.0,0.0,0.0,0.0,0.0,0.0
2011-01-11,248,0,0,0,0,0.0,0.0,0.0,0.0,0.0,0.0,0.0,0.0
2011-01-12,208,0,0,0,0,0.0,0.0,0.0,0.0,0.0,0.0,0.0,0.0
2011-01-13,248,0,0,0,0,0.0,0.0,0.0,0.0,0.0,0.0,0.0,0.0
2011-01-14,248,0,0,0,0,0.0,0.0,0.0,0.0,0.0,0.0,0.0,0.0
2011-01-15,124,1,0,1,0,0.008064516129032258,8.064516129032258,0.0,0.0,0.008064516129032258,8.064516129032258,0.0,0.0
2011-01-16,103,0,0,0,0,0.0,0.0,0.0,0.0,0.0,0.0,0.0,0.0
2011-01-17,250,0,0,0,0,0.0,0.0,0.0,0.0,0.0,0.0,0.0,0.0
2011-01-18,248,1,0,0,1,0.004032258064516129,4.032258064516129,0.0,0.0,0.0,0.0,0.004032258064516129,4.032258064516129
2011-01-19,249,0,0,0,0,0.0,0.0,0.0,0.0,0.0,0.0,0.0,0.0
2011-01-20,247,0,0,0,0,0.0,0.0,0.0,0.0,0.0,0.0,0.0,0.0
2011-01-21,250,0,0,0,0,0.0,0.0,0.0,0.0,0.0,0.0,0.0,0.0
2011-01-22,103,0,0,0,0,0.0,0.0,0.0,0.0,0.0,0.0,0.0,0.0
2011-01-23,113,0,0,0,0,0.0,0.0,0.0,0.0,0.0,0.0,0.0,0.0
2011-01-24,250,1,0,1,0,0.004,4.0,0.0,0.0,0.004,4.0,0.0,0.0
2011-01-25,250,0,0,0,0,0.0,0.0,0.0,0.0,0.0,0.0,0.0,0.0
2011-01-26,243,0,0,0,0,0.0,0.0,0.0,0.0,0.0,0.0,0.0,0.0
2011-01-27,249,0,0,0,0,0.0,0.0,0.0,0.0,0.0,0.0,0.0,0.0
2011-01-28,249,0,0,0,0,0.0,0.0,0.0,0.0,0.0,0.0,0.0,0.0
2011-01-29,81,0,0,0,0,0.0,0.0,0.0,0.0,0.0,0.0,0.0,0.0
2011-01-30,107,0,0,0,0,0.0,0.0,0.0,0.0,0.0,0.0,0.0,0.0
2011-01-31,248,0,0,0,0,0.0,0.0,0.0,0.0,0.0,0.0,0.0,0.0
2011-02-01,250,2,1,0,1,0.008,8.0,0.004,4.0,0.0,0.0,0.004,4.0
2011-02-02,249,0,0,0,0,0.0,0.0,0.0,0.0,0.0,0.0,0.0,0.0
2011-02-03,249,1,1,0,0,0.004016064257028112,4.016064257028112,0.004016064257028112,4.016064257028112,0.0,0.0,0.0,0.0
2011-02-04,248,0,0,0,0,0.0,0.0,0.0,0.0,0.0,0.0,0.0,0.0
2011-02-05,117,0,0,0,0,0.0,0.0,0.0,0.0,0.0,0.0,0.0,0.0
2011-02-06,106,0,0,0,0,0.0,0.0,0.0,0.0,0.0,0.0,0.0,0.0
2011-02-07,249,0,0,0,0,0.0,0.0,0.0,0.0,0.0,0.0,0.0,0.0
2011-02-08,248,0,0,0,0,0.0,0.0,0.0,0.0,0.0,0.0,0.0,0.0
2011-02-09,249,0,0,0,0,0.0,0.0,0.0,0.0,0.0,0.0,0.0,0.0
2011-02-10,248,0,0,0,0,0.0,0.0,0.0,0.0,0.0,0.0,0.0,0.0
2011-02-11,289,0,0,0,0,0.0,0.0,0.0,0.0,0.0,0.0,0.0,0.0
2011-02-12,122,0,0,0,0,0.0,0.0,0.0,0.0,0.0,0.0,0.0,0.0
2011-02-13,99,0,0,0,0,0.0,0.0,0.0,0.0,0.0,0.0,0.0,0.0
2011-02-14,326,0,0,0,0,0.0,0.0,0.0,0.0,0.0,0.0,0.0,0.0
2011-02-15,324,0,0,0,0,0.0,0.0,0.0,0.0,0.0,0.0,0.0,0.0
2011-02-16,318,1,0,0,1,0.0031446540880503146,3.1446540880503147,0.0,0.0,0.0,0.0,0.0031446540880503146,3.1446540880503147
2011-02-17,271,0,0,0,0,0.0,0.0,0.0,0.0,0.0,0.0,0.0,0.0
2011-02-18,354,0,0,0,0,0.0,0.0,0.0,0.0,0.0,0.0,0.0,0.0
2011-02-19,115,0,0,0,0,0.0,0.0,0.0,0.0,0.0,0.0,0.0,0.0
2011-02-20,107,0,0,0,0,0.0,0.0,0.0,0.0,0.0,0.0,0.0,0.0
2011-02-21,360,0,0,0,0,0.0,0.0,0.0,0.0,0.0,0.0,0.0,0.0
2011-02-22,380,3,2,1,0,0.007894736842105263,7.894736842105264,0.005263157894736842,5.263157894736842,0.002631578947368421,2.631578947368421,0.0,0.0
2011-02-23,335,2,0,1,1,0.005970149253731343,5.970149253731344,0.0,0.0,0.0029850746268656717,2.985074626865672,0.0029850746268656717,2.985074626865672
2011-02-24,331,2,2,0,0,0.006042296072507553,6.042296072507553,0.006042296072507553,6.042296072507553,0.0,0.0,0.0,0.0
2011-02-25,252,1,0,0,1,0.003968253968253968,3.968253968253968,0.0,0.0,0.0,0.0,0.003968253968253968,3.968253968253968
2011-02-26,117,0,0,0,0,0.0,0.0,0.0,0.0,0.0,0.0,0.0,0.0
2011-02-27,112,2,0,1,1,0.017857142857142856,17.857142857142858,0.0,0.0,0.008928571428571428,8.928571428571429,0.008928571428571428,8.928571428571429
2011-02-28,245,0,0,0,0,0.0,0.0,0.0,0.0,0.0,0.0,0.0,0.0
2011-03-01,245,0,0,0,0,0.0,0.0,0.0,0.0,0.0,0.0,0.0,0.0
2011-03-02,249,0,0,0,0,0.0,0.0,0.0,0.0,0.0,0.0,0.0,0.0
2011-03-03,250,0,0,0,0,0.0,0.0,0.0,0.0,0.0,0.0,0.0,0.0
2011-03-04,249,0,0,0,0,0.0,0.0,0.0,0.0,0.0,0.0,0.0,0.0
2011-03-05,102,0,0,0,0,0.0,0.0,0.0,0.0,0.0,0.0,0.0,0.0
2011-03-06,101,0,0,0,0,0.0,0.0,0.0,0.0,0.0,0.0,0.0,0.0
2011-03-07,248,2,1,0,1,0.008064516129032258,8.064516129032258,0.004032258064516129,4.032258064516129,0.0,0.0,0.004032258064516129,4.032258064516129
2011-03-08,247,0,0,0,0,0.0,0.0,0.0,0.0,0.0,0.0,0.0,0.0
2011-03-09,243,2,0,0,2,0.00823045267489712,8.23045267489712,0.0,0.0,0.0,0.0,0.00823045267489712,8.23045267489712
2011-03-10,245,0,0,0,0,0.0,0.0,0.0,0.0,0.0,0.0,0.0,0.0
2011-03-11,242,0,0,0,0,0.0,0.0,0.0,0.0,0.0,0.0,0.0,0.0
2011-03-12,131,0,0,0,0,0.0,0.0,0.0,0.0,0.0,0.0,0.0,0.0
2011-03-13,134,0,0,0,0,0.0,0.0,0.0,0.0,0.0,0.0,0.0,0.0
2011-03-14,244,0,0,0,0,0.0,0.0,0.0,0.0,0.0,0.0,0.0,0.0
2011-03-15,246,3,0,2,1,0.012195121951219513,12.195121951219512,0.0,0.0,0.008130081300813009,8.130081300813009,0.0040650406504065045,4.065040650406504
2011-03-16,247,1,0,1,0,0.004048582995951417,4.048582995951417,0.0,0.0,0.004048582995951417,4.048582995951417,0.0,0.0
2011-03-17,245,0,0,0,0,0.0,0.0,0.0,0.0,0.0,0.0,0.0,0.0
2011-03-18,245,0,0,0,0,0.0,0.0,0.0,0.0,0.0,0.0,0.0,0.0
2011-03-19,130,0,0,0,0,0.0,0.0,0.0,0.0,0.0,0.0,0.0,0.0
2011-03-20,101,0,0,0,0,0.0,0.0,0.0,0.0,0.0,0.0,0.0,0.0
2011-03-21,238,1,1,0,0,0.004201680672268907,4.201680672268908,0.004201680672268907,4.201680672268908,0.0,0.0,0.0,0.0
2011-03-22,246,1,0,0,1,0.0040650406504065045,4.065040650406504,0.0,0.0,0.0,0.0,0.0040650406504065045,4.065040650406504
2011-03-23,245,1,1,0,0,0.004081632653061225,4.081632653061225,0.004081632653061225,4.081632653061225,0.0,0.0,0.0,0.0
2011-03-24,246,2,1,1,0,0.008130081300813009,8.130081300813009,0.0040650406504065045,4.065040650406504,0.0040650406504065045,4.065040650406504,0.0,0.0
2011-03-25,245,0,0,0,0,0.0,0.0,0.0,0.0,0.0,0.0,0.0,0.0
2011-03-26,137,0,0,0,0,0.0,0.0,0.0,0.0,0.0,0.0,0.0,0.0
2011-03-27,123,0,0,0,0,0.0,0.0,0.0,0.0,0.0,0.0,0.0,0.0
2011-03-28,240,0,0,0,0,0.0,0.0,0.0,0.0,0.0,0.0,0.0,0.0
2011-03-29,242,0,0,0,0,0.0,0.0,0.0,0.0,0.0,0.0,0.0,0.0
2011-03-30,241,1,0,0,1,0.004149377593360996,4.149377593360996,0.0,0.0,0.0,0.0,0.004149377593360996,4.149377593360996
2011-03-31,244,1,0,0,1,0.004098360655737705,4.0983606557377055,0.0,0.0,0.0,0.0,0.004098360655737705,4.0983606557377055
2011-04-01,243,0,0,0,0,0.0,0.0,0.0,0.0,0.0,0.0,0.0,0.0
2011-04-02,121,0,0,0,0,0.0,0.0,0.0,0.0,0.0,0.0,0.0,0.0
2011-04-03,119,0,0,0,0,0.0,0.0,0.0,0.0,0.0,0.0,0.0,0.0
2011-04-04,242,1,0,0,1,0.004132231404958678,4.132231404958678,0.0,0.0,0.0,0.0,0.004132231404958678,4.132231404958678
2011-04-05,240,1,0,1,0,0.004166666666666667,4.166666666666667,0.0,0.0,0.004166666666666667,4.166666666666667,0.0,0.0
2011-04-06,245,2,0,1,1,0.00816326530612245,8.16326530612245,0.0,0.0,0.004081632653061225,4.081632653061225,0.004081632653061225,4.081632653061225
2011-04-07,249,0,0,0,0,0.0,0.0,0.0,0.0,0.0,0.0,0.0,0.0
2011-04-08,248,1,0,0,1,0.004032258064516129,4.032258064516129,0.0,0.0,0.0,0.0,0.004032258064516129,4.032258064516129
2011-04-09,126,0,0,0,0,0.0,0.0,0.0,0.0,0.0,0.0,0.0,0.0
2011-04-10,105,0,0,0,0,0.0,0.0,0.0,0.0,0.0,0.0,0.0,0.0
2011-04-11,249,2,0,2,0,0.008032128514056224,8.032128514056224,0.0,0.0,0.008032128514056224,8.032128514056224,0.0,0.0
2011-04-12,246,1,0,1,0,0.0040650406504065045,4.065040650406504,0.0,0.0,0.0040650406504065045,4.065040650406504,0.0,0.0
2011-04-13,248,3,2,1,0,0.012096774193548387,12.096774193548386,0.008064516129032258,8.064516129032258,0.004032258064516129,4.032258064516129,0.0,0.0
2011-04-14,249,0,0,0,0,0.0,0.0,0.0,0.0,0.0,0.0,0.0,0.0
2011-04-15,254,0,0,0,0,0.0,0.0,0.0,0.0,0.0,0.0,0.0,0.0
2011-04-16,135,0,0,0,0,0.0,0.0,0.0,0.0,0.0,0.0,0.0,0.0
2011-04-17,112,0,0,0,0,0.0,0.0,0.0,0.0,0.0,0.0,0.0,0.0
2011-04-18,268,2,0,0,2,0.007462686567164179,7.462686567164179,0.0,0.0,0.0,0.0,0.007462686567164179,7.462686567164179
2011-04-19,283,1,0,0,1,0.0035335689045936395,3.5335689045936394,0.0,0.0,0.0,0.0,0.0035335689045936395,3.5335689045936394
2011-04-20,282,2,0,0,2,0.0070921985815602835,7.092198581560283,0.0,0.0,0.0,0.0,0.0070921985815602835,7.092198581560283
2011-04-21,281,0,0,0,0,0.0,0.0,0.0,0.0,0.0,0.0,0.0,0.0
2011-04-22,89,0,0,0,0,0.0,0.0,0.0,0.0,0.0,0.0,0.0,0.0
2011-04-23,99,0,0,0,0,0.0,0.0,0.0,0.0,0.0,0.0,0.0,0.0
2011-04-24,102,0,0,0,0,0.0,0.0,0.0,0.0,0.0,0.0,0.0,0.0
2011-04-25,203,0,0,0,0,0.0,0.0,0.0,0.0,0.0,0.0,0.0,0.0
2011-04-26,238,0,0,0,0,0.0,0.0,0.0,0.0,0.0,0.0,0.0,0.0
2011-04-27,305,2,1,0,1,0.006557377049180328,6.557377049180328,0.003278688524590164,3.278688524590164,0.0,0.0,0.003278688524590164,3.278688524590164
2011-04-28,347,1,0,1,0,0.002881844380403458,2.881844380403458,0.0,0.0,0.002881844380403458,2.881844380403458,0.0,0.0
2011-04-29,326,0,0,0,0,0.0,0.0,0.0,0.0,0.0,0.0,0.0,0.0
2011-04-30,106,0,0,0,0,0.0,0.0,0.0,0.0,0.0,0.0,0.0,0.0
2011-05-01,94,0,0,0,0,0.0,0.0,0.0,0.0,0.0,0.0,0.0,0.0
2011-05-02,259,0,0,0,0,0.0,0.0,0.0,0.0,0.0,0.0,0.0,0.0
2011-05-03,246,1,0,0,1,0.0040650406504065045,4.065040650406504,0.0,0.0,0.0,0.0,0.0040650406504065045,4.065040650406504
2011-05-04,249,0,0,0,0,0.0,0.0,0.0,0.0,0.0,0.0,0.0,0.0
2011-05-05,243,0,0,0,0,0.0,0.0,0.0,0.0,0.0,0.0,0.0,0.0
2011-05-06,248,0,0,0,0,0.0,0.0,0.0,0.0,0.0,0.0,0.0,0.0
2011-05-07,96,0,0,0,0,0.0,0.0,0.0,0.0,0.0,0.0,0.0,0.0
2011-05-08,88,0,0,0,0,0.0,0.0,0.0,0.0,0.0,0.0,0.0,0.0
2011-05-09,249,3,1,0,3,0.012048192771084338,12.048192771084338,0.004016064257028112,4.016064257028112,0.0,0.0,0.012048192771084338,12.048192771084338
2011-05-10,247,0,0,0,0,0.0,0.0,0.0,0.0,0.0,0.0,0.0,0.0
2011-05-11,249,0,0,0,0,0.0,0.0,0.0,0.0,0.0,0.0,0.0,0.0
2011-05-12,245,1,0,1,0,0.004081632653061225,4.081632653061225,0.0,0.0,0.004081632653061225,4.081632653061225,0.0,0.0
2011-05-13,245,0,0,0,0,0.0,0.0,0.0,0.0,0.0,0.0,0.0,0.0
2011-05-14,127,0,0,0,0,0.0,0.0,0.0,0.0,0.0,0.0,0.0,0.0
2011-05-15,99,0,0,0,0,0.0,0.0,0.0,0.0,0.0,0.0,0.0,0.0
2011-05-16,247,1,0,0,1,0.004048582995951417,4.048582995951417,0.0,0.0,0.0,0.0,0.004048582995951417,4.048582995951417
2011-05-17,245,0,0,0,0,0.0,0.0,0.0,0.0,0.0,0.0,0.0,0.0
2011-05-18,249,1,0,0,1,0.004016064257028112,4.016064257028112,0.0,0.0,0.0,0.0,0.004016064257028112,4.016064257028112
2011-05-19,246,0,0,0,0,0.0,0.0,0.0,0.0,0.0,0.0,0.0,0.0
2011-05-20,249,0,0,0,0,0.0,0.0,0.0,0.0,0.0,0.0,0.0,0.0
2011-05-21,105,0,0,0,0,0.0,0.0,0.0,0.0,0.0,0.0,0.0,0.0
2011-05-22,117,0,0,0,0,0.0,0.0,0.0,0.0,0.0,0.0,0.0,0.0
2011-05-23,249,1,0,0,1,0.004016064257028112,4.016064257028112,0.0,0.0,0.0,0.0,0.004016064257028112,4.016064257028112
2011-05-24,254,0,0,0,0,0.0,0.0,0.0,0.0,0.0,0.0,0.0,0.0
2011-05-25,252,1,1,0,0,0.003968253968253968,3.968253968253968,0.003968253968253968,3.968253968253968,0.0,0.0,0.0,0.0
2011-05-26,254,0,0,0,0,0.0,0.0,0.0,0.0,0.0,0.0,0.0,0.0
2011-05-27,243,0,0,0,0,0.0,0.0,0.0,0.0,0.0,0.0,0.0,0.0
2011-05-28,97,0,0,0,0,0.0,0.0,0.0,0.0,0.0,0.0,0.0,0.0
2011-05-29,92,0,0,0,0,0.0,0.0,0.0,0.0,0.0,0.0,0.0,0.0
2011-05-30,247,1,0,0,1,0.004048582995951417,4.048582995951417,0.0,0.0,0.0,0.0,0.004048582995951417,4.048582995951417
2011-05-31,252,0,0,0,0,0.0,0.0,0.0,0.0,0.0,0.0,0.0,0.0
2011-06-01,249,0,0,0,0,0.0,0.0,0.0,0.0,0.0,0.0,0.0,0.0
2011-06-02,249,2,0,1,1,0.008032128514056224,8.032128514056224,0.0,0.0,0.004016064257028112,4.016064257028112,0.004016064257028112,4.016064257028112
2011-06-03,246,0,0,0,0,0.0,0.0,0.0,0.0,0.0,0.0,0.0,0.0
2011-06-04,102,0,0,0,0,0.0,0.0,0.0,0.0,0.0,0.0,0.0,0.0
2011-06-05,95,0,0,0,0,0.0,0.0,0.0,0.0,0.0,0.0,0.0,0.0
2011-06-06,249,1,0,0,1,0.004016064257028112,4.016064257028112,0.0,0.0,0.0,0.0,0.004016064257028112,4.016064257028112
2011-06-07,249,0,0,0,0,0.0,0.0,0.0,0.0,0.0,0.0,0.0,0.0
2011-06-08,248,0,0,0,0,0.0,0.0,0.0,0.0,0.0,0.0,0.0,0.0
2011-06-09,237,0,0,0,0,0.0,0.0,0.0,0.0,0.0,0.0,0.0,0.0
2011-06-10,298,0,0,0,0,0.0,0.0,0.0,0.0,0.0,0.0,0.0,0.0
2011-06-11,90,0,0,0,0,0.0,0.0,0.0,0.0,0.0,0.0,0.0,0.0
2011-06-12,83,0,0,0,0,0.0,0.0,0.0,0.0,0.0,0.0,0.0,0.0
2011-06-13,224,0,0,0,0,0.0,0.0,0.0,0.0,0.0,0.0,0.0,0.0
2011-06-14,295,0,0,0,0,0.0,0.0,0.0,0.0,0.0,0.0,0.0,0.0
2011-06-15,242,0,0,0,0,0.0,0.0,0.0,0.0,0.0,0.0,0.0,0.0
2011-06-16,295,0,0,0,0,0.0,0.0,0.0,0.0,0.0,0.0,0.0,0.0
2011-06-17,281,0,0,0,0,0.0,0.0,0.0,0.0,0.0,0.0,0.0,0.0
2011-06-18,110,0,0,0,0,0.0,0.0,0.0,0.0,0.0,0.0,0.0,0.0
2011-06-19,85,0,0,0,0,0.0,0.0,0.0,0.0,0.0,0.0,0.0,0.0
2011-06-20,280,0,0,0,0,0.0,0.0,0.0,0.0,0.0,0.0,0.0,0.0
2011-06-21,298,0,0,0,0,0.0,0.0,0.0,0.0,0.0,0.0,0.0,0.0
2011-06-22,303,0,0,0,0,0.0,0.0,0.0,0.0,0.0,0.0,0.0,0.0
2011-06-23,310,0,0,0,0,0.0,0.0,0.0,0.0,0.0,0.0,0.0,0.0
2011-06-24,249,1,1,0,0,0.004016064257028112,4.016064257028112,0.004016064257028112,4.016064257028112,0.0,0.0,0.0,0.0
2011-06-25,102,0,0,0,0,0.0,0.0,0.0,0.0,0.0,0.0,0.0,0.0
2011-06-26,108,0,0,0,0,0.0,0.0,0.0,0.0,0.0,0.0,0.0,0.0
2011-06-27,249,0,0,0,0,0.0,0.0,0.0,0.0,0.0,0.0,0.0,0.0
2011-06-28,248,0,0,0,0,0.0,0.0,0.0,0.0,0.0,0.0,0.0,0.0
2011-06-29,248,0,0,0,0,0.0,0.0,0.0,0.0,0.0,0.0,0.0,0.0
2011-06-30,249,0,0,0,0,0.0,0.0,0.0,0.0,0.0,0.0,0.0,0.0
2011-07-01,245,0,0,0,0,0.0,0.0,0.0,0.0,0.0,0.0,0.0,0.0
2011-07-02,86,0,0,0,0,0.0,0.0,0.0,0.0,0.0,0.0,0.0,0.0
2011-07-03,97,1,0,0,1,0.010309278350515464,10.309278350515465,0.0,0.0,0.0,0.0,0.010309278350515464,10.309278350515465
2011-07-04,249,0,0,0,0,0.0,0.0,0.0,0.0,0.0,0.0,0.0,0.0
2011-07-05,250,0,0,0,0,0.0,0.0,0.0,0.0,0.0,0.0,0.0,0.0
2011-07-06,247,0,0,0,0,0.0,0.0,0.0,0.0,0.0,0.0,0.0,0.0
2011-07-07,248,0,0,0,0,0.0,0.0,0.0,0.0,0.0,0.0,0.0,0.0
2011-07-08,248,0,0,0,0,0.0,0.0,0.0,0.0,0.0,0.0,0.0,0.0
2011-07-09,99,0,0,0,0,0.0,0.0,0.0,0.0,0.0,0.0,0.0,0.0
2011-07-10,118,0,0,0,0,0.0,0.0,0.0,0.0,0.0,0.0,0.0,0.0
2011-07-11,246,0,0,0,0,0.0,0.0,0.0,0.0,0.0,0.0,0.0,0.0
2011-07-12,246,0,0,0,0,0.0,0.0,0.0,0.0,0.0,0.0,0.0,0.0
2011-07-13,234,0,0,0,0,0.0,0.0,0.0,0.0,0.0,0.0,0.0,0.0
2011-07-14,237,0,0,0,0,0.0,0.0,0.0,0.0,0.0,0.0,0.0,0.0
2011-07-15,239,0,0,0,0,0.0,0.0,0.0,0.0,0.0,0.0,0.0,0.0
2011-07-16,67,0,0,0,0,0.0,0.0,0.0,0.0,0.0,0.0,0.0,0.0
2011-07-17,61,0,0,0,0,0.0,0.0,0.0,0.0,0.0,0.0,0.0,0.0
2011-07-18,241,0,0,0,0,0.0,0.0,0.0,0.0,0.0,0.0,0.0,0.0
2011-07-19,236,0,0,0,0,0.0,0.0,0.0,0.0,0.0,0.0,0.0,0.0
2011-07-20,237,0,0,0,0,0.0,0.0,0.0,0.0,0.0,0.0,0.0,0.0
2011-07-21,236,0,0,0,0,0.0,0.0,0.0,0.0,0.0,0.0,0.0,0.0
2011-07-22,242,0,0,0,0,0.0,0.0,0.0,0.0,0.0,0.0,0.0,0.0
2011-07-23,56,0,0,0,0,0.0,0.0,0.0,0.0,0.0,0.0,0.0,0.0
2011-07-24,71,0,0,0,0,0.0,0.0,0.0,0.0,0.0,0.0,0.0,0.0
2011-07-25,240,0,0,0,0,0.0,0.0,0.0,0.0,0.0,0.0,0.0,0.0
2011-07-26,237,0,0,0,0,0.0,0.0,0.0,0.0,0.0,0.0,0.0,0.0
2011-07-27,240,1,0,0,1,0.004166666666666667,4.166666666666667,0.0,0.0,0.0,0.0,0.004166666666666667,4.166666666666667
2011-07-28,208,0,0,0,0,0.0,0.0,0.0,0.0,0.0,0.0,0.0,0.0
2011-07-29,236,0,0,0,0,0.0,0.0,0.0,0.0,0.0,0.0,0.0,0.0
2011-07-30,76,0,0,0,0,0.0,0.0,0.0,0.0,0.0,0.0,0.0,0.0
2011-07-31,76,0,0,0,0,0.0,0.0,0.0,0.0,0.0,0.0,0.0,0.0
2011-08-01,237,0,0,0,0,0.0,0.0,0.0,0.0,0.0,0.0,0.0,0.0
2011-08-02,217,0,0,0,0,0.0,0.0,0.0,0.0,0.0,0.0,0.0,0.0
2011-08-03,240,0,0,0,0,0.0,0.0,0.0,0.0,0.0,0.0,0.0,0.0
2011-08-04,233,0,0,0,0,0.0,0.0,0.0,0.0,0.0,0.0,0.0,0.0
2011-08-05,271,0,0,0,0,0.0,0.0,0.0,0.0,0.0,0.0,0.0,0.0
2011-08-06,75,0,0,0,0,0.0,0.0,0.0,0.0,0.0,0.0,0.0,0.0
2011-08-07,65,0,0,0,0,0.0,0.0,0.0,0.0,0.0,0.0,0.0,0.0
2011-08-08,266,0,0,0,0,0.0,0.0,0.0,0.0,0.0,0.0,0.0,0.0
2011-08-09,288,0,0,0,0,0.0,0.0,0.0,0.0,0.0,0.0,0.0,0.0
2011-08-10,265,0,0,0,0,0.0,0.0,0.0,0.0,0.0,0.0,0.0,0.0
2011-08-11,274,0,0,0,0,0.0,0.0,0.0,0.0,0.0,0.0,0.0,0.0
2011-08-12,252,0,0,0,0,0.0,0.0,0.0,0.0,0.0,0.0,0.0,0.0
2011-08-13,62,0,0,0,0,0.0,0.0,0.0,0.0,0.0,0.0,0.0,0.0
2011-08-14,67,0,0,0,0,0.0,0.0,0.0,0.0,0.0,0.0,0.0,0.0
2011-08-15,272,1,0,0,1,0.003676470588235294,3.676470588235294,0.0,0.0,0.0,0.0,0.003676470588235294,3.676470588235294
2011-08-16,252,0,0,0,0,0.0,0.0,0.0,0.0,0.0,0.0,0.0,0.0
2011-08-17,273,0,0,0,0,0.0,0.0,0.0,0.0,0.0,0.0,0.0,0.0
2011-08-18,206,0,0,0,0,0.0,0.0,0.0,0.0,0.0,0.0,0.0,0.0
2011-08-19,281,0,0,0,0,0.0,0.0,0.0,0.0,0.0,0.0,0.0,0.0
2011-08-20,59,0,0,0,0,0.0,0.0,0.0,0.0,0.0,0.0,0.0,0.0
2011-08-21,82,0,0,0,0,0.0,0.0,0.0,0.0,0.0,0.0,0.0,0.0
2011-08-22,261,0,0,0,0,0.0,0.0,0.0,0.0,0.0,0.0,0.0,0.0
2011-08-23,263,0,0,0,0,0.0,0.0,0.0,0.0,0.0,0.0,0.0,0.0
2011-08-24,288,0,0,0,0,0.0,0.0,0.0,0.0,0.0,0.0,0.0,0.0
2011-08-25,265,1,1,1,0,0.0037735849056603774,3.7735849056603774,0.0037735849056603774,3.7735849056603774,0.0037735849056603774,3.7735849056603774,0.0,0.0
2011-08-26,277,0,0,0,0,0.0,0.0,0.0,0.0,0.0,0.0,0.0,0.0
2011-08-27,71,0,0,0,0,0.0,0.0,0.0,0.0,0.0,0.0,0.0,0.0
2011-08-28,64,0,0,0,0,0.0,0.0,0.0,0.0,0.0,0.0,0.0,0.0
2011-08-29,281,0,0,0,0,0.0,0.0,0.0,0.0,0.0,0.0,0.0,0.0
2011-08-30,280,0,0,0,0,0.0,0.0,0.0,0.0,0.0,0.0,0.0,0.0
2011-08-31,265,0,0,0,0,0.0,0.0,0.0,0.0,0.0,0.0,0.0,0.0
2011-09-01,284,0,0,0,0,0.0,0.0,0.0,0.0,0.0,0.0,0.0,0.0
2011-09-02,261,0,0,0,0,0.0,0.0,0.0,0.0,0.0,0.0,0.0,0.0
2011-09-03,83,1,0,1,0,0.012048192771084338,12.048192771084338,0.0,0.0,0.012048192771084338,12.048192771084338,0.0,0.0
2011-09-04,64,0,0,0,0,0.0,0.0,0.0,0.0,0.0,0.0,0.0,0.0
2011-09-05,261,0,0,0,0,0.0,0.0,0.0,0.0,0.0,0.0,0.0,0.0
2011-09-06,275,0,0,0,0,0.0,0.0,0.0,0.0,0.0,0.0,0.0,0.0
2011-09-07,249,1,0,0,1,0.004016064257028112,4.016064257028112,0.0,0.0,0.0,0.0,0.004016064257028112,4.016064257028112
2011-09-08,250,0,0,0,0,0.0,0.0,0.0,0.0,0.0,0.0,0.0,0.0
2011-09-09,258,0,0,0,0,0.0,0.0,0.0,0.0,0.0,0.0,0.0,0.0
2011-09-10,74,0,0,0,0,0.0,0.0,0.0,0.0,0.0,0.0,0.0,0.0
2011-09-11,57,0,0,0,0,0.0,0.0,0.0,0.0,0.0,0.0,0.0,0.0
2011-09-12,232,1,0,0,1,0.004310344827586207,4.310344827586206,0.0,0.0,0.0,0.0,0.004310344827586207,4.310344827586206
2011-09-13,233,0,0,0,0,0.0,0.0,0.0,0.0,0.0,0.0,0.0,0.0
2011-09-14,251,0,0,0,0,0.0,0.0,0.0,0.0,0.0,0.0,0.0,0.0
2011-09-15,223,0,0,0,0,0.0,0.0,0.0,0.0,0.0,0.0,0.0,0.0
2011-09-16,215,0,0,0,0,0.0,0.0,0.0,0.0,0.0,0.0,0.0,0.0
2011-09-17,67,0,0,0,0,0.0,0.0,0.0,0.0,0.0,0.0,0.0,0.0
2011-09-18,69,0,0,0,0,0.0,0.0,0.0,0.0,0.0,0.0,0.0,0.0
2011-09-19,239,0,0,0,0,0.0,0.0,0.0,0.0,0.0,0.0,0.0,0.0
2011-09-20,243,0,0,0,0,0.0,0.0,0.0,0.0,0.0,0.0,0.0,0.0
2011-09-21,260,0,0,0,0,0.0,0.0,0.0,0.0,0.0,0.0,0.0,0.0
2011-09-22,251,0,0,0,0,0.0,0.0,0.0,0.0,0.0,0.0,0.0,0.0
2011-09-23,290,1,0,0,1,0.0034482758620689655,3.4482758620689653,0.0,0.0,0.0,0.0,0.0034482758620689655,3.4482758620689653
2011-09-24,61,0,0,0,0,0.0,0.0,0.0,0.0,0.0,0.0,0.0,0.0
2011-09-25,72,0,0,0,0,0.0,0.0,0.0,0.0,0.0,0.0,0.0,0.0
2011-09-26,237,0,0,0,0,0.0,0.0,0.0,0.0,0.0,0.0,0.0,0.0
2011-09-27,272,2,0,0,2,0.007352941176470588,7.352941176470588,0.0,0.0,0.0,0.0,0.007352941176470588,7.352941176470588
2011-09-28,253,0,0,0,0,0.0,0.0,0.0,0.0,0.0,0.0,0.0,0.0
2011-09-29,280,0,0,0,0,0.0,0.0,0.0,0.0,0.0,0.0,0.0,0.0
2011-09-30,265,1,0,0,1,0.0037735849056603774,3.7735849056603774,0.0,0.0,0.0,0.0,0.0037735849056603774,3.7735849056603774
2011-10-01,67,0,0,0,0,0.0,0.0,0.0,0.0,0.0,0.0,0.0,0.0
2011-10-02,74,0,0,0,0,0.0,0.0,0.0,0.0,0.0,0.0,0.0,0.0
2011-10-03,256,0,0,0,0,0.0,0.0,0.0,0.0,0.0,0.0,0.0,0.0
2011-10-04,272,0,0,0,0,0.0,0.0,0.0,0.0,0.0,0.0,0.0,0.0
2011-10-05,262,0,0,0,0,0.0,0.0,0.0,0.0,0.0,0.0,0.0,0.0
2011-10-06,281,0,0,0,0,0.0,0.0,0.0,0.0,0.0,0.0,0.0,0.0
2011-10-07,273,1,0,0,1,0.003663003663003663,3.663003663003663,0.0,0.0,0.0,0.0,0.003663003663003663,3.663003663003663
2011-10-08,76,0,0,0,0,0.0,0.0,0.0,0.0,0.0,0.0,0.0,0.0
2011-10-09,63,0,0,0,0,0.0,0.0,0.0,0.0,0.0,0.0,0.0,0.0
2011-10-10,249,0,0,0,0,0.0,0.0,0.0,0.0,0.0,0.0,0.0,0.0
2011-10-11,265,0,0,0,0,0.0,0.0,0.0,0.0,0.0,0.0,0.0,0.0
2011-10-12,253,0,0,0,0,0.0,0.0,0.0,0.0,0.0,0.0,0.0,0.0
2011-10-13,283,0,0,0,0,0.0,0.0,0.0,0.0,0.0,0.0,0.0,0.0
2011-10-14,299,0,0,0,0,0.0,0.0,0.0,0.0,0.0,0.0,0.0,0.0
2011-10-15,79,0,0,0,0,0.0,0.0,0.0,0.0,0.0,0.0,0.0,0.0
2011-10-16,79,0,0,0,0,0.0,0.0,0.0,0.0,0.0,0.0,0.0,0.0
2011-10-17,273,0,0,0,0,0.0,0.0,0.0,0.0,0.0,0.0,0.0,0.0
2011-10-18,287,0,0,0,0,0.0,0.0,0.0,0.0,0.0,0.0,0.0,0.0
2011-10-19,282,0,0,0,0,0.0,0.0,0.0,0.0,0.0,0.0,0.0,0.0
2011-10-20,268,0,0,0,0,0.0,0.0,0.0,0.0,0.0,0.0,0.0,0.0
2011-10-21,258,1,1,0,0,0.003875968992248062,3.875968992248062,0.003875968992248062,3.875968992248062,0.0,0.0,0.0,0.0
2011-10-22,83,0,0,0,0,0.0,0.0,0.0,0.0,0.0,0.0,0.0,0.0
2011-10-23,76,0,0,0,0,0.0,0.0,0.0,0.0,0.0,0.0,0.0,0.0
2011-10-24,279,0,0,0,0,0.0,0.0,0.0,0.0,0.0,0.0,0.0,0.0
2011-10-25,336,0,0,0,0,0.0,0.0,0.0,0.0,0.0,0.0,0.0,0.0
2011-10-26,319,0,0,0,0,0.0,0.0,0.0,0.0,0.0,0.0,0.0,0.0
2011-10-27,339,0,0,0,0,0.0,0.0,0.0,0.0,0.0,0.0,0.0,0.0
2011-10-28,307,0,0,0,0,0.0,0.0,0.0,0.0,0.0,0.0,0.0,0.0
2011-10-29,108,0,0,0,0,0.0,0.0,0.0,0.0,0.0,0.0,0.0,0.0
2011-10-30,72,0,0,0,0,0.0,0.0,0.0,0.0,0.0,0.0,0.0,0.0
2011-10-31,244,0,0,0,0,0.0,0.0,0.0,0.0,0.0,0.0,0.0,0.0
2011-11-01,305,0,0,0,0,0.0,0.0,0.0,0.0,0.0,0.0,0.0,0.0
2011-11-02,311,0,0,0,0,0.0,0.0,0.0,0.0,0.0,0.0,0.0,0.0
2011-11-03,281,1,0,1,0,0.0035587188612099642,3.558718861209964,0.0,0.0,0.0035587188612099642,3.558718861209964,0.0,0.0
2011-11-04,313,0,0,0,0,0.0,0.0,0.0,0.0,0.0,0.0,0.0,0.0
2011-11-05,105,0,0,0,0,0.0,0.0,0.0,0.0,0.0,0.0,0.0,0.0
2011-11-06,92,0,0,0,0,0.0,0.0,0.0,0.0,0.0,0.0,0.0,0.0
2011-11-07,298,0,0,0,0,0.0,0.0,0.0,0.0,0.0,0.0,0.0,0.0
2011-11-08,320,0,0,0,0,0.0,0.0,0.0,0.0,0.0,0.0,0.0,0.0
2011-11-09,320,1,0,0,1,0.003125,3.125,0.0,0.0,0.0,0.0,0.003125,3.125
2011-11-10,330,0,0,0,0,0.0,0.0,0.0,0.0,0.0,0.0,0.0,0.0
2011-11-11,317,0,0,0,0,0.0,0.0,0.0,0.0,0.0,0.0,0.0,0.0
2011-11-12,103,0,0,0,0,0.0,0.0,0.0,0.0,0.0,0.0,0.0,0.0
2011-11-13,75,0,0,0,0,0.0,0.0,0.0,0.0,0.0,0.0,0.0,0.0
2011-11-14,281,0,0,0,0,0.0,0.0,0.0,0.0,0.0,0.0,0.0,0.0
2011-11-15,313,1,0,0,1,0.003194888178913738,3.1948881789137378,0.0,0.0,0.0,0.0,0.003194888178913738,3.1948881789137378
2011-11-16,313,1,0,1,0,0.003194888178913738,3.1948881789137378,0.0,0.0,0.003194888178913738,3.1948881789137378,0.0,0.0
2011-11-17,328,0,0,0,0,0.0,0.0,0.0,0.0,0.0,0.0,0.0,0.0
2011-11-18,296,0,0,0,0,0.0,0.0,0.0,0.0,0.0,0.0,0.0,0.0
2011-11-19,98,1,0,1,0,0.01020408163265306,10.204081632653061,0.0,0.0,0.01020408163265306,10.204081632653061,0.0,0.0
2011-11-20,84,0,0,0,0,0.0,0.0,0.0,0.0,0.0,0.0,0.0,0.0
2011-11-21,290,0,0,0,0,0.0,0.0,0.0,0.0,0.0,0.0,0.0,0.0
2011-11-22,319,0,0,0,0,0.0,0.0,0.0,0.0,0.0,0.0,0.0,0.0
2011-11-23,321,0,0,0,0,0.0,0.0,0.0,0.0,0.0,0.0,0.0,0.0
2011-11-24,316,0,0,0,0,0.0,0.0,0.0,0.0,0.0,0.0,0.0,0.0
2011-11-25,320,1,0,0,1,0.003125,3.125,0.0,0.0,0.0,0.0,0.003125,3.125
2011-11-26,103,0,0,0,0,0.0,0.0,0.0,0.0,0.0,0.0,0.0,0.0
2011-11-27,81,0,0,0,0,0.0,0.0,0.0,0.0,0.0,0.0,0.0,0.0
2011-11-28,277,0,0,0,0,0.0,0.0,0.0,0.0,0.0,0.0,0.0,0.0
2011-11-29,287,0,0,0,0,0.0,0.0,0.0,0.0,0.0,0.0,0.0,0.0
2011-11-30,319,0,0,0,0,0.0,0.0,0.0,0.0,0.0,0.0,0.0,0.0
2011-12-01,318,0,0,0,0,0.0,0.0,0.0,0.0,0.0,0.0,0.0,0.0
2011-12-02,308,0,0,0,0,0.0,0.0,0.0,0.0,0.0,0.0,0.0,0.0
2011-12-03,91,0,0,0,0,0.0,0.0,0.0,0.0,0.0,0.0,0.0,0.0
2011-12-04,91,0,0,0,0,0.0,0.0,0.0,0.0,0.0,0.0,0.0,0.0
2011-12-05,287,1,0,1,0,0.003484320557491289,3.484320557491289,0.0,0.0,0.003484320557491289,3.484320557491289,0.0,0.0
2011-12-06,296,1,0,0,1,0.0033783783783783786,3.3783783783783785,0.0,0.0,0.0,0.0,0.0033783783783783786,3.3783783783783785
2011-12-07,319,1,0,0,1,0.003134796238244514,3.134796238244514,0.0,0.0,0.0,0.0,0.003134796238244514,3.134796238244514
2011-12-08,330,0,0,0,0,0.0,0.0,0.0,0.0,0.0,0.0,0.0,0.0
2011-12-09,293,0,0,0,0,0.0,0.0,0.0,0.0,0.0,0.0,0.0,0.0
2011-12-10,88,0,0,0,0,0.0,0.0,0.0,0.0,0.0,0.0,0.0,0.0
2011-12-11,74,0,0,0,0,0.0,0.0,0.0,0.0,0.0,0.0,0.0,0.0
2011-12-12,304,0,0,0,0,0.0,0.0,0.0,0.0,0.0,0.0,0.0,0.0
2011-12-13,296,0,0,0,0,0.0,0.0,0.0,0.0,0.0,0.0,0.0,0.0
2011-12-14,298,0,0,0,0,0.0,0.0,0.0,0.0,0.0,0.0,0.0,0.0
2011-12-15,331,0,0,0,0,0.0,0.0,0.0,0.0,0.0,0.0,0.0,0.0
2011-12-16,302,1,0,0,1,0.0033112582781456954,3.3112582781456954,0.0,0.0,0.0,0.0,0.0033112582781456954,3.3112582781456954
2011-12-17,85,0,0,0,0,0.0,0.0,0.0,0.0,0.0,0.0,0.0,0.0
2011-12-18,88,0,0,0,0,0.0,0.0,0.0,0.0,0.0,0.0,0.0,0.0
2011-12-19,276,1,0,0,1,0.0036231884057971015,3.6231884057971016,0.0,0.0,0.0,0.0,0.0036231884057971015,3.6231884057971016
2011-12-20,269,0,0,0,0,0.0,0.0,0.0,0.0,0.0,0.0,0.0,0.0
2011-12-21,284,2,0,1,1,0.007042253521126761,7.042253521126761,0.0,0.0,0.0035211267605633804,3.5211267605633805,0.0035211267605633804,3.5211267605633805
2011-12-22,264,0,0,0,0,0.0,0.0,0.0,0.0,0.0,0.0,0.0,0.0
2011-12-23,195,0,0,0,0,0.0,0.0,0.0,0.0,0.0,0.0,0.0,0.0
2011-12-24,63,0,0,0,0,0.0,0.0,0.0,0.0,0.0,0.0,0.0,0.0
2011-12-25,36,0,0,0,0,0.0,0.0,0.0,0.0,0.0,0.0,0.0,0.0
2011-12-26,93,0,0,0,0,0.0,0.0,0.0,0.0,0.0,0.0,0.0,0.0
2011-12-27,131,0,0,0,0,0.0,0.0,0.0,0.0,0.0,0.0,0.0,0.0
2011-12-28,185,1,0,0,1,0.005405405405405406,5.405405405405405,0.0,0.0,0.0,0.0,0.005405405405405406,5.405405405405405
2011-12-29,169,1,0,0,1,0.005917159763313609,5.9171597633136095,0.0,0.0,0.0,0.0,0.005917159763313609,5.9171597633136095
2011-12-30,157,0,0,0,0,0.0,0.0,0.0,0.0,0.0,0.0,0.0,0.0
2011-12-31,64,0,0,0,0,0.0,0.0,0.0,0.0,0.0,0.0,0.0,0.0
2012-01-01,56,0,0,0,0,0.0,0.0,0.0,0.0,0.0,0.0,0.0,0.0
2012-01-02,133,1,0,0,1,0.007518796992481203,7.518796992481203,0.0,0.0,0.0,0.0,0.007518796992481203,7.518796992481203
2012-01-03,183,0,0,0,0,0.0,0.0,0.0,0.0,0.0,0.0,0.0,0.0
2012-01-04,204,0,0,0,0,0.0,0.0,0.0,0.0,0.0,0.0,0.0,0.0
2012-01-05,193,0,0,0,0,0.0,0.0,0.0,0.0,0.0,0.0,0.0,0.0
2012-01-06,195,0,0,0,0,0.0,0.0,0.0,0.0,0.0,0.0,0.0,0.0
2012-01-07,77,0,0,0,0,0.0,0.0,0.0,0.0,0.0,0.0,0.0,0.0
2012-01-08,71,0,0,0,0,0.0,0.0,0.0,0.0,0.0,0.0,0.0,0.0
2012-01-09,225,0,0,0,0,0.0,0.0,0.0,0.0,0.0,0.0,0.0,0.0
2012-01-10,283,0,0,0,0,0.0,0.0,0.0,0.0,0.0,0.0,0.0,0.0
2012-01-11,301,0,0,0,0,0.0,0.0,0.0,0.0,0.0,0.0,0.0,0.0
2012-01-12,281,0,0,0,0,0.0,0.0,0.0,0.0,0.0,0.0,0.0,0.0
2012-01-13,267,2,0,2,0,0.00749063670411985,7.49063670411985,0.0,0.0,0.00749063670411985,7.49063670411985,0.0,0.0
2012-01-14,77,0,0,0,0,0.0,0.0,0.0,0.0,0.0,0.0,0.0,0.0
2012-01-15,66,0,0,0,0,0.0,0.0,0.0,0.0,0.0,0.0,0.0,0.0
2012-01-16,267,1,0,0,1,0.003745318352059925,3.745318352059925,0.0,0.0,0.0,0.0,0.003745318352059925,3.745318352059925
2012-01-17,266,2,0,0,2,0.007518796992481203,7.518796992481203,0.0,0.0,0.0,0.0,0.007518796992481203,7.518796992481203
2012-01-18,287,0,0,0,0,0.0,0.0,0.0,0.0,0.0,0.0,0.0,0.0
2012-01-19,273,0,0,0,0,0.0,0.0,0.0,0.0,0.0,0.0,0.0,0.0
2012-01-20,350,2,0,1,1,0.005714285714285714,5.714285714285714,0.0,0.0,0.002857142857142857,2.857142857142857,0.002857142857142857,2.857142857142857
2012-01-21,72,0,0,0,0,0.0,0.0,0.0,0.0,0.0,0.0,0.0,0.0
2012-01-22,78,0,0,0,0,0.0,0.0,0.0,0.0,0.0,0.0,0.0,0.0
2012-01-23,276,1,0,1,0,0.0036231884057971015,3.6231884057971016,0.0,0.0,0.0036231884057971015,3.6231884057971016,0.0,0.0
2012-01-24,268,1,0,1,0,0.0037313432835820895,3.7313432835820897,0.0,0.0,0.0037313432835820895,3.7313432835820897,0.0,0.0
2012-01-25,275,1,0,0,1,0.0036363636363636364,3.6363636363636362,0.0,0.0,0.0,0.0,0.0036363636363636364,3.6363636363636362
2012-01-26,223,1,0,0,1,0.004484304932735426,4.484304932735426,0.0,0.0,0.0,0.0,0.004484304932735426,4.484304932735426
2012-01-27,283,0,0,0,0,0.0,0.0,0.0,0.0,0.0,0.0,0.0,0.0
2012-01-28,81,0,0,0,0,0.0,0.0,0.0,0.0,0.0,0.0,0.0,0.0
2012-01-29,80,0,0,0,0,0.0,0.0,0.0,0.0,0.0,0.0,0.0,0.0
2012-01-30,272,0,0,0,0,0.0,0.0,0.0,0.0,0.0,0.0,0.0,0.0
2012-01-31,286,0,0,0,0,0.0,0.0,0.0,0.0,0.0,0.0,0.0,0.0
2012-02-01,296,0,0,0,0,0.0,0.0,0.0,0.0,0.0,0.0,0.0,0.0
2012-02-02,300,0,0,0,0,0.0,0.0,0.0,0.0,0.0,0.0,0.0,0.0
2012-02-03,303,0,0,0,0,0.0,0.0,0.0,0.0,0.0,0.0,0.0,0.0
2012-02-04,89,0,0,0,0,0.0,0.0,0.0,0.0,0.0,0.0,0.0,0.0
2012-02-05,76,0,0,0,0,0.0,0.0,0.0,0.0,0.0,0.0,0.0,0.0
2012-02-06,248,0,0,0,0,0.0,0.0,0.0,0.0,0.0,0.0,0.0,0.0
2012-02-07,284,0,0,0,0,0.0,0.0,0.0,0.0,0.0,0.0,0.0,0.0
2012-02-08,252,0,0,0,0,0.0,0.0,0.0,0.0,0.0,0.0,0.0,0.0
2012-02-09,271,0,0,0,0,0.0,0.0,0.0,0.0,0.0,0.0,0.0,0.0
2012-02-10,273,0,0,0,0,0.0,0.0,0.0,0.0,0.0,0.0,0.0,0.0
2012-02-11,99,0,0,0,0,0.0,0.0,0.0,0.0,0.0,0.0,0.0,0.0
2012-02-12,84,0,0,0,0,0.0,0.0,0.0,0.0,0.0,0.0,0.0,0.0
2012-02-13,252,0,0,0,0,0.0,0.0,0.0,0.0,0.0,0.0,0.0,0.0
2012-02-14,306,1,0,0,1,0.0032679738562091504,3.2679738562091503,0.0,0.0,0.0,0.0,0.0032679738562091504,3.2679738562091503
2012-02-15,303,0,0,0,0,0.0,0.0,0.0,0.0,0.0,0.0,0.0,0.0
2012-02-16,259,0,0,0,0,0.0,0.0,0.0,0.0,0.0,0.0,0.0,0.0
2012-02-17,269,0,0,0,0,0.0,0.0,0.0,0.0,0.0,0.0,0.0,0.0
2012-02-18,111,0,0,0,0,0.0,0.0,0.0,0.0,0.0,0.0,0.0,0.0
2012-02-19,89,0,0,0,0,0.0,0.0,0.0,0.0,0.0,0.0,0.0,0.0
2012-02-20,271,2,0,1,1,0.007380073800738007,7.380073800738007,0.0,0.0,0.0036900369003690036,3.6900369003690034,0.0036900369003690036,3.6900369003690034
2012-02-21,297,1,0,1,0,0.003367003367003367,3.3670033670033668,0.0,0.0,0.003367003367003367,3.3670033670033668,0.0,0.0
2012-02-22,326,0,0,0,0,0.0,0.0,0.0,0.0,0.0,0.0,0.0,0.0
2012-02-23,323,0,0,0,0,0.0,0.0,0.0,0.0,0.0,0.0,0.0,0.0
2012-02-24,335,0,0,0,0,0.0,0.0,0.0,0.0,0.0,0.0,0.0,0.0
2012-02-25,99,0,0,0,0,0.0,0.0,0.0,0.0,0.0,0.0,0.0,0.0
2012-02-26,89,0,0,0,0,0.0,0.0,0.0,0.0,0.0,0.0,0.0,0.0
2012-02-27,299,0,0,0,0,0.0,0.0,0.0,0.0,0.0,0.0,0.0,0.0
2012-02-28,329,1,1,1,0,0.00303951367781155,3.0395136778115504,0.00303951367781155,3.0395136778115504,0.00303951367781155,3.0395136778115504,0.0,0.0
2012-02-29,307,2,1,2,0,0.006514657980456026,6.514657980456026,0.003257328990228013,3.257328990228013,0.006514657980456026,6.514657980456026,0.0,0.0
2012-03-01,321,0,0,0,0,0.0,0.0,0.0,0.0,0.0,0.0,0.0,0.0
2012-03-02,261,0,0,0,0,0.0,0.0,0.0,0.0,0.0,0.0,0.0,0.0
2012-03-03,119,0,0,0,0,0.0,0.0,0.0,0.0,0.0,0.0,0.0,0.0
2012-03-04,113,0,0,0,0,0.0,0.0,0.0,0.0,0.0,0.0,0.0,0.0
2012-03-05,311,0,0,0,0,0.0,0.0,0.0,0.0,0.0,0.0,0.0,0.0
2012-03-06,331,0,0,0,0,0.0,0.0,0.0,0.0,0.0,0.0,0.0,0.0
2012-03-07,328,0,0,0,0,0.0,0.0,0.0,0.0,0.0,0.0,0.0,0.0
2012-03-08,345,0,0,0,0,0.0,0.0,0.0,0.0,0.0,0.0,0.0,0.0
2012-03-09,332,0,0,0,0,0.0,0.0,0.0,0.0,0.0,0.0,0.0,0.0
2012-03-10,108,0,0,0,0,0.0,0.0,0.0,0.0,0.0,0.0,0.0,0.0
2012-03-11,84,0,0,0,0,0.0,0.0,0.0,0.0,0.0,0.0,0.0,0.0
2012-03-12,312,1,0,1,0,0.003205128205128205,3.205128205128205,0.0,0.0,0.003205128205128205,3.205128205128205,0.0,0.0
2012-03-13,332,1,0,0,1,0.0030120481927710845,3.0120481927710845,0.0,0.0,0.0,0.0,0.0030120481927710845,3.0120481927710845
2012-03-14,371,0,0,0,0,0.0,0.0,0.0,0.0,0.0,0.0,0.0,0.0
2012-03-15,328,0,0,0,0,0.0,0.0,0.0,0.0,0.0,0.0,0.0,0.0
2012-03-16,348,0,0,0,0,0.0,0.0,0.0,0.0,0.0,0.0,0.0,0.0
2012-03-17,117,0,0,0,0,0.0,0.0,0.0,0.0,0.0,0.0,0.0,0.0
2012-03-18,89,0,0,0,0,0.0,0.0,0.0,0.0,0.0,0.0,0.0,0.0
2012-03-19,313,0,0,0,0,0.0,0.0,0.0,0.0,0.0,0.0,0.0,0.0
2012-03-20,306,0,0,0,0,0.0,0.0,0.0,0.0,0.0,0.0,0.0,0.0
2012-03-21,318,0,0,0,0,0.0,0.0,0.0,0.0,0.0,0.0,0.0,0.0
2012-03-22,319,0,0,0,0,0.0,0.0,0.0,0.0,0.0,0.0,0.0,0.0
2012-03-23,342,0,0,0,0,0.0,0.0,0.0,0.0,0.0,0.0,0.0,0.0
2012-03-24,125,0,0,0,0,0.0,0.0,0.0,0.0,0.0,0.0,0.0,0.0
2012-03-25,92,0,0,0,0,0.0,0.0,0.0,0.0,0.0,0.0,0.0,0.0
2012-03-26,293,1,1,0,0,0.0034129692832764505,3.4129692832764507,0.0034129692832764505,3.4129692832764507,0.0,0.0,0.0,0.0
2012-03-27,297,0,0,0,0,0.0,0.0,0.0,0.0,0.0,0.0,0.0,0.0
2012-03-28,311,0,0,0,0,0.0,0.0,0.0,0.0,0.0,0.0,0.0,0.0
2012-03-29,344,0,0,0,0,0.0,0.0,0.0,0.0,0.0,0.0,0.0,0.0
2012-03-30,354,2,0,0,2,0.005649717514124294,5.649717514124294,0.0,0.0,0.0,0.0,0.005649717514124294,5.649717514124294
2012-03-31,108,0,0,0,0,0.0,0.0,0.0,0.0,0.0,0.0,0.0,0.0
2012-04-01,95,0,0,0,0,0.0,0.0,0.0,0.0,0.0,0.0,0.0,0.0
2012-04-02,316,0,0,0,0,0.0,0.0,0.0,0.0,0.0,0.0,0.0,0.0
2012-04-03,329,0,0,0,0,0.0,0.0,0.0,0.0,0.0,0.0,0.0,0.0
2012-04-04,327,0,0,0,0,0.0,0.0,0.0,0.0,0.0,0.0,0.0,0.0
2012-04-05,322,1,0,0,1,0.003105590062111801,3.105590062111801,0.0,0.0,0.0,0.0,0.003105590062111801,3.105590062111801
2012-04-06,110,0,0,0,0,0.0,0.0,0.0,0.0,0.0,0.0,0.0,0.0
2012-04-07,95,0,0,0,0,0.0,0.0,0.0,0.0,0.0,0.0,0.0,0.0
2012-04-08,90,0,0,0,0,0.0,0.0,0.0,0.0,0.0,0.0,0.0,0.0
2012-04-09,209,0,0,0,0,0.0,0.0,0.0,0.0,0.0,0.0,0.0,0.0
2012-04-10,297,1,0,0,1,0.003367003367003367,3.3670033670033668,0.0,0.0,0.0,0.0,0.003367003367003367,3.3670033670033668
2012-04-11,323,2,0,0,2,0.006191950464396285,6.191950464396285,0.0,0.0,0.0,0.0,0.006191950464396285,6.191950464396285
2012-04-12,332,0,0,0,0,0.0,0.0,0.0,0.0,0.0,0.0,0.0,0.0
2012-04-13,318,0,0,0,0,0.0,0.0,0.0,0.0,0.0,0.0,0.0,0.0
2012-04-14,110,0,0,0,0,0.0,0.0,0.0,0.0,0.0,0.0,0.0,0.0
2012-04-15,98,1,0,1,0,0.01020408163265306,10.204081632653061,0.0,0.0,0.01020408163265306,10.204081632653061,0.0,0.0
2012-04-16,309,0,0,0,0,0.0,0.0,0.0,0.0,0.0,0.0,0.0,0.0
2012-04-17,338,0,0,0,0,0.0,0.0,0.0,0.0,0.0,0.0,0.0,0.0
2012-04-18,326,0,0,0,0,0.0,0.0,0.0,0.0,0.0,0.0,0.0,0.0
2012-04-19,344,0,0,0,0,0.0,0.0,0.0,0.0,0.0,0.0,0.0,0.0
2012-04-20,328,0,0,0,0,0.0,0.0,0.0,0.0,0.0,0.0,0.0,0.0
2012-04-21,94,0,0,0,0,0.0,0.0,0.0,0.0,0.0,0.0,0.0,0.0
2012-04-22,106,0,0,0,0,0.0,0.0,0.0,0.0,0.0,0.0,0.0,0.0
2012-04-23,315,0,0,0,0,0.0,0.0,0.0,0.0,0.0,0.0,0.0,0.0
2012-04-24,328,0,0,0,0,0.0,0.0,0.0,0.0,0.0,0.0,0.0,0.0
2012-04-25,242,0,0,0,0,0.0,0.0,0.0,0.0,0.0,0.0,0.0,0.0
2012-04-26,312,0,0,0,0,0.0,0.0,0.0,0.0,0.0,0.0,0.0,0.0
2012-04-27,332,0,0,0,0,0.0,0.0,0.0,0.0,0.0,0.0,0.0,0.0
2012-04-28,85,0,0,0,0,0.0,0.0,0.0,0.0,0.0,0.0,0.0,0.0
2012-04-29,81,0,0,0,0,0.0,0.0,0.0,0.0,0.0,0.0,0.0,0.0
2012-04-30,328,0,0,0,0,0.0,0.0,0.0,0.0,0.0,0.0,0.0,0.0
2012-05-01,337,0,0,0,0,0.0,0.0,0.0,0.0,0.0,0.0,0.0,0.0
2012-05-02,329,0,0,0,0,0.0,0.0,0.0,0.0,0.0,0.0,0.0,0.0
2012-05-03,320,1,0,0,1,0.003125,3.125,0.0,0.0,0.0,0.0,0.003125,3.125
2012-05-04,359,3,0,0,3,0.008356545961002786,8.356545961002785,0.0,0.0,0.0,0.0,0.008356545961002786,8.356545961002785
2012-05-05,98,0,0,0,0,0.0,0.0,0.0,0.0,0.0,0.0,0.0,0.0
2012-05-06,85,0,0,0,0,0.0,0.0,0.0,0.0,0.0,0.0,0.0,0.0
2012-05-07,300,1,0,1,0,0.0033333333333333335,3.3333333333333335,0.0,0.0,0.0033333333333333335,3.3333333333333335,0.0,0.0
2012-05-08,364,0,0,0,0,0.0,0.0,0.0,0.0,0.0,0.0,0.0,0.0
2012-05-09,294,0,0,0,0,0.0,0.0,0.0,0.0,0.0,0.0,0.0,0.0
2012-05-10,351,0,0,0,0,0.0,0.0,0.0,0.0,0.0,0.0,0.0,0.0
2012-05-11,336,0,0,0,0,0.0,0.0,0.0,0.0,0.0,0.0,0.0,0.0
2012-05-12,91,0,0,0,0,0.0,0.0,0.0,0.0,0.0,0.0,0.0,0.0
2012-05-13,82,0,0,0,0,0.0,0.0,0.0,0.0,0.0,0.0,0.0,0.0
2012-05-14,302,1,0,1,0,0.0033112582781456954,3.3112582781456954,0.0,0.0,0.0033112582781456954,3.3112582781456954,0.0,0.0
2012-05-15,318,0,0,0,0,0.0,0.0,0.0,0.0,0.0,0.0,0.0,0.0
2012-05-16,332,1,0,0,1,0.0030120481927710845,3.0120481927710845,0.0,0.0,0.0,0.0,0.0030120481927710845,3.0120481927710845
2012-05-17,309,1,0,0,1,0.003236245954692557,3.236245954692557,0.0,0.0,0.0,0.0,0.003236245954692557,3.236245954692557
2012-05-18,308,0,0,0,0,0.0,0.0,0.0,0.0,0.0,0.0,0.0,0.0
2012-05-19,94,0,0,0,0,0.0,0.0,0.0,0.0,0.0,0.0,0.0,0.0
2012-05-20,93,0,0,0,0,0.0,0.0,0.0,0.0,0.0,0.0,0.0,0.0
2012-05-21,310,0,0,0,0,0.0,0.0,0.0,0.0,0.0,0.0,0.0,0.0
2012-05-22,332,0,0,0,0,0.0,0.0,0.0,0.0,0.0,0.0,0.0,0.0
2012-05-23,326,0,0,0,0,0.0,0.0,0.0,0.0,0.0,0.0,0.0,0.0
2012-05-24,334,1,1,0,0,0.0029940119760479044,2.9940119760479043,0.0029940119760479044,2.9940119760479043,0.0,0.0,0.0,0.0
2012-05-25,328,0,0,0,0,0.0,0.0,0.0,0.0,0.0,0.0,0.0,0.0
2012-05-26,89,0,0,0,0,0.0,0.0,0.0,0.0,0.0,0.0,0.0,0.0
2012-05-27,89,0,0,0,0,0.0,0.0,0.0,0.0,0.0,0.0,0.0,0.0
2012-05-28,265,0,0,0,0,0.0,0.0,0.0,0.0,0.0,0.0,0.0,0.0
2012-05-29,263,2,0,1,1,0.0076045627376425855,7.604562737642586,0.0,0.0,0.0038022813688212928,3.802281368821293,0.0038022813688212928,3.802281368821293
2012-05-30,333,0,0,0,0,0.0,0.0,0.0,0.0,0.0,0.0,0.0,0.0
2012-05-31,313,0,0,0,0,0.0,0.0,0.0,0.0,0.0,0.0,0.0,0.0
2012-06-01,247,0,0,0,0,0.0,0.0,0.0,0.0,0.0,0.0,0.0,0.0
2012-06-02,81,0,0,0,0,0.0,0.0,0.0,0.0,0.0,0.0,0.0,0.0
2012-06-03,82,0,0,0,0,0.0,0.0,0.0,0.0,0.0,0.0,0.0,0.0
2012-06-04,244,0,0,0,0,0.0,0.0,0.0,0.0,0.0,0.0,0.0,0.0
2012-06-05,245,0,0,0,0,0.0,0.0,0.0,0.0,0.0,0.0,0.0,0.0
2012-06-06,248,0,0,0,0,0.0,0.0,0.0,0.0,0.0,0.0,0.0,0.0
2012-06-07,248,1,0,1,0,0.004032258064516129,4.032258064516129,0.0,0.0,0.004032258064516129,4.032258064516129,0.0,0.0
2012-06-08,245,0,0,0,0,0.0,0.0,0.0,0.0,0.0,0.0,0.0,0.0
2012-06-09,76,0,0,0,0,0.0,0.0,0.0,0.0,0.0,0.0,0.0,0.0
2012-06-10,94,0,0,0,0,0.0,0.0,0.0,0.0,0.0,0.0,0.0,0.0
2012-06-11,244,0,0,0,0,0.0,0.0,0.0,0.0,0.0,0.0,0.0,0.0
2012-06-12,246,0,0,0,0,0.0,0.0,0.0,0.0,0.0,0.0,0.0,0.0
2012-06-13,246,0,0,0,0,0.0,0.0,0.0,0.0,0.0,0.0,0.0,0.0
2012-06-14,245,0,0,0,0,0.0,0.0,0.0,0.0,0.0,0.0,0.0,0.0
2012-06-15,247,2,0,0,2,0.008097165991902834,8.097165991902834,0.0,0.0,0.0,0.0,0.008097165991902834,8.097165991902834
2012-06-16,88,0,0,0,0,0.0,0.0,0.0,0.0,0.0,0.0,0.0,0.0
2012-06-17,84,0,0,0,0,0.0,0.0,0.0,0.0,0.0,0.0,0.0,0.0
2012-06-18,247,0,0,0,0,0.0,0.0,0.0,0.0,0.0,0.0,0.0,0.0
2012-06-19,245,0,0,0,0,0.0,0.0,0.0,0.0,0.0,0.0,0.0,0.0
2012-06-20,243,0,0,0,0,0.0,0.0,0.0,0.0,0.0,0.0,0.0,0.0
2012-06-21,247,0,0,0,0,0.0,0.0,0.0,0.0,0.0,0.0,0.0,0.0
2012-06-22,246,0,0,0,0,0.0,0.0,0.0,0.0,0.0,0.0,0.0,0.0
2012-06-23,109,0,0,0,0,0.0,0.0,0.0,0.0,0.0,0.0,0.0,0.0
2012-06-24,101,0,0,0,0,0.0,0.0,0.0,0.0,0.0,0.0,0.0,0.0
2012-06-25,244,0,0,0,0,0.0,0.0,0.0,0.0,0.0,0.0,0.0,0.0
2012-06-26,246,0,0,0,0,0.0,0.0,0.0,0.0,0.0,0.0,0.0,0.0
2012-06-27,244,0,0,0,0,0.0,0.0,0.0,0.0,0.0,0.0,0.0,0.0
2012-06-28,244,2,0,1,1,0.00819672131147541,8.196721311475411,0.0,0.0,0.004098360655737705,4.0983606557377055,0.004098360655737705,4.0983606557377055
2012-06-29,246,1,0,0,1,0.0040650406504065045,4.065040650406504,0.0,0.0,0.0,0.0,0.0040650406504065045,4.065040650406504
2012-06-30,97,0,0,0,0,0.0,0.0,0.0,0.0,0.0,0.0,0.0,0.0
2012-07-01,95,0,0,0,0,0.0,0.0,0.0,0.0,0.0,0.0,0.0,0.0
2012-07-02,248,1,0,1,0,0.004032258064516129,4.032258064516129,0.0,0.0,0.004032258064516129,4.032258064516129,0.0,0.0
2012-07-03,246,1,0,0,1,0.0040650406504065045,4.065040650406504,0.0,0.0,0.0,0.0,0.0040650406504065045,4.065040650406504
2012-07-04,248,0,0,0,0,0.0,0.0,0.0,0.0,0.0,0.0,0.0,0.0
2012-07-05,245,1,0,0,1,0.004081632653061225,4.081632653061225,0.0,0.0,0.0,0.0,0.004081632653061225,4.081632653061225
2012-07-06,246,0,0,0,0,0.0,0.0,0.0,0.0,0.0,0.0,0.0,0.0
2012-07-07,124,0,0,0,0,0.0,0.0,0.0,0.0,0.0,0.0,0.0,0.0
2012-07-08,99,0,0,0,0,0.0,0.0,0.0,0.0,0.0,0.0,0.0,0.0
2012-07-09,245,0,0,0,0,0.0,0.0,0.0,0.0,0.0,0.0,0.0,0.0
2012-07-10,246,0,0,0,0,0.0,0.0,0.0,0.0,0.0,0.0,0.0,0.0
2012-07-11,246,0,0,0,0,0.0,0.0,0.0,0.0,0.0,0.0,0.0,0.0
2012-07-12,246,0,0,0,0,0.0,0.0,0.0,0.0,0.0,0.0,0.0,0.0
2012-07-13,245,0,0,0,0,0.0,0.0,0.0,0.0,0.0,0.0,0.0,0.0
2012-07-14,102,0,0,0,0,0.0,0.0,0.0,0.0,0.0,0.0,0.0,0.0
2012-07-15,91,0,0,0,0,0.0,0.0,0.0,0.0,0.0,0.0,0.0,0.0
2012-07-16,243,0,0,0,0,0.0,0.0,0.0,0.0,0.0,0.0,0.0,0.0
2012-07-17,244,0,0,0,0,0.0,0.0,0.0,0.0,0.0,0.0,0.0,0.0
2012-07-18,247,0,0,0,0,0.0,0.0,0.0,0.0,0.0,0.0,0.0,0.0
2012-07-19,247,0,0,0,0,0.0,0.0,0.0,0.0,0.0,0.0,0.0,0.0
2012-07-20,247,0,0,0,0,0.0,0.0,0.0,0.0,0.0,0.0,0.0,0.0
2012-07-21,100,0,0,0,0,0.0,0.0,0.0,0.0,0.0,0.0,0.0,0.0
2012-07-22,88,0,0,0,0,0.0,0.0,0.0,0.0,0.0,0.0,0.0,0.0
2012-07-23,249,0,0,0,0,0.0,0.0,0.0,0.0,0.0,0.0,0.0,0.0
2012-07-24,242,0,0,0,0,0.0,0.0,0.0,0.0,0.0,0.0,0.0,0.0
2012-07-25,375,0,0,0,0,0.0,0.0,0.0,0.0,0.0,0.0,0.0,0.0
2012-07-26,316,1,0,1,0,0.0031645569620253164,3.1645569620253164,0.0,0.0,0.0031645569620253164,3.1645569620253164,0.0,0.0
2012-07-27,312,0,0,0,0,0.0,0.0,0.0,0.0,0.0,0.0,0.0,0.0
2012-07-28,97,0,0,0,0,0.0,0.0,0.0,0.0,0.0,0.0,0.0,0.0
2012-07-29,117,0,0,0,0,0.0,0.0,0.0,0.0,0.0,0.0,0.0,0.0
2012-07-30,356,0,0,0,0,0.0,0.0,0.0,0.0,0.0,0.0,0.0,0.0
2012-07-31,358,0,0,0,0,0.0,0.0,0.0,0.0,0.0,0.0,0.0,0.0
2012-08-01,377,0,0,0,0,0.0,0.0,0.0,0.0,0.0,0.0,0.0,0.0
2012-08-02,373,0,0,0,0,0.0,0.0,0.0,0.0,0.0,0.0,0.0,0.0
2012-08-03,362,0,0,0,0,0.0,0.0,0.0,0.0,0.0,0.0,0.0,0.0
2012-08-04,112,0,0,0,0,0.0,0.0,0.0,0.0,0.0,0.0,0.0,0.0
2012-08-05,105,0,0,0,0,0.0,0.0,0.0,0.0,0.0,0.0,0.0,0.0
2012-08-06,310,0,0,0,0,0.0,0.0,0.0,0.0,0.0,0.0,0.0,0.0
2012-08-07,368,0,0,0,0,0.0,0.0,0.0,0.0,0.0,0.0,0.0,0.0
2012-08-08,357,1,0,1,0,0.0028011204481792717,2.8011204481792715,0.0,0.0,0.0028011204481792717,2.8011204481792715,0.0,0.0
2012-08-09,373,0,0,0,0,0.0,0.0,0.0,0.0,0.0,0.0,0.0,0.0
2012-08-10,342,0,0,0,0,0.0,0.0,0.0,0.0,0.0,0.0,0.0,0.0
2012-08-11,123,0,0,0,0,0.0,0.0,0.0,0.0,0.0,0.0,0.0,0.0
2012-08-12,108,0,0,0,0,0.0,0.0,0.0,0.0,0.0,0.0,0.0,0.0
2012-08-13,337,1,0,0,1,0.002967359050445104,2.967359050445104,0.0,0.0,0.0,0.0,0.002967359050445104,2.967359050445104
2012-08-14,379,0,0,0,0,0.0,0.0,0.0,0.0,0.0,0.0,0.0,0.0
2012-08-15,332,0,0,0,0,0.0,0.0,0.0,0.0,0.0,0.0,0.0,0.0
2012-08-16,350,0,0,0,0,0.0,0.0,0.0,0.0,0.0,0.0,0.0,0.0
2012-08-17,345,0,0,0,0,0.0,0.0,0.0,0.0,0.0,0.0,0.0,0.0
2012-08-18,97,0,0,0,0,0.0,0.0,0.0,0.0,0.0,0.0,0.0,0.0
2012-08-19,91,0,0,0,0,0.0,0.0,0.0,0.0,0.0,0.0,0.0,0.0
2012-08-20,323,0,0,0,0,0.0,0.0,0.0,0.0,0.0,0.0,0.0,0.0
2012-08-21,353,0,0,0,0,0.0,0.0,0.0,0.0,0.0,0.0,0.0,0.0
2012-08-22,349,1,0,0,1,0.0028653295128939827,2.865329512893983,0.0,0.0,0.0,0.0,0.0028653295128939827,2.865329512893983
2012-08-23,355,0,0,0,0,0.0,0.0,0.0,0.0,0.0,0.0,0.0,0.0
2012-08-24,384,0,0,0,0,0.0,0.0,0.0,0.0,0.0,0.0,0.0,0.0
2012-08-25,110,0,0,0,0,0.0,0.0,0.0,0.0,0.0,0.0,0.0,0.0
2012-08-26,76,0,0,0,0,0.0,0.0,0.0,0.0,0.0,0.0,0.0,0.0
2012-08-27,353,2,0,0,2,0.0056657223796034,5.6657223796034,0.0,0.0,0.0,0.0,0.0056657223796034,5.6657223796034
2012-08-28,354,1,0,0,1,0.002824858757062147,2.824858757062147,0.0,0.0,0.0,0.0,0.002824858757062147,2.824858757062147
2012-08-29,356,0,0,0,0,0.0,0.0,0.0,0.0,0.0,0.0,0.0,0.0
2012-08-30,306,1,0,1,0,0.0032679738562091504,3.2679738562091503,0.0,0.0,0.0032679738562091504,3.2679738562091503,0.0,0.0
2012-08-31,363,0,0,0,0,0.0,0.0,0.0,0.0,0.0,0.0,0.0,0.0
2012-09-01,85,0,0,0,0,0.0,0.0,0.0,0.0,0.0,0.0,0.0,0.0
2012-09-02,100,1,0,0,1,0.01,10.0,0.0,0.0,0.0,0.0,0.01,10.0
2012-09-03,313,0,0,0,0,0.0,0.0,0.0,0.0,0.0,0.0,0.0,0.0
2012-09-04,321,0,0,0,0,0.0,0.0,0.0,0.0,0.0,0.0,0.0,0.0
2012-09-05,321,0,0,0,0,0.0,0.0,0.0,0.0,0.0,0.0,0.0,0.0
2012-09-06,305,0,0,0,0,0.0,0.0,0.0,0.0,0.0,0.0,0.0,0.0
2012-09-07,315,0,0,0,0,0.0,0.0,0.0,0.0,0.0,0.0,0.0,0.0
2012-09-08,107,0,0,0,0,0.0,0.0,0.0,0.0,0.0,0.0,0.0,0.0
2012-09-09,112,0,0,0,0,0.0,0.0,0.0,0.0,0.0,0.0,0.0,0.0
2012-09-10,297,0,0,0,0,0.0,0.0,0.0,0.0,0.0,0.0,0.0,0.0
2012-09-11,317,0,0,0,0,0.0,0.0,0.0,0.0,0.0,0.0,0.0,0.0
2012-09-12,363,0,0,0,0,0.0,0.0,0.0,0.0,0.0,0.0,0.0,0.0
2012-09-13,303,1,0,1,0,0.0033003300330033004,3.3003300330033003,0.0,0.0,0.0033003300330033004,3.3003300330033003,0.0,0.0
2012-09-14,254,0,0,0,0,0.0,0.0,0.0,0.0,0.0,0.0,0.0,0.0
2012-09-15,90,0,0,0,0,0.0,0.0,0.0,0.0,0.0,0.0,0.0,0.0
2012-09-16,76,0,0,0,0,0.0,0.0,0.0,0.0,0.0,0.0,0.0,0.0
2012-09-17,332,0,0,0,0,0.0,0.0,0.0,0.0,0.0,0.0,0.0,0.0
2012-09-18,340,0,0,0,0,0.0,0.0,0.0,0.0,0.0,0.0,0.0,0.0
2012-09-19,359,0,0,0,0,0.0,0.0,0.0,0.0,0.0,0.0,0.0,0.0
2012-09-20,347,0,0,0,0,0.0,0.0,0.0,0.0,0.0,0.0,0.0,0.0
2012-09-21,338,0,0,0,0,0.0,0.0,0.0,0.0,0.0,0.0,0.0,0.0
2012-09-22,87,0,0,0,0,0.0,0.0,0.0,0.0,0.0,0.0,0.0,0.0
2012-09-23,91,0,0,0,0,0.0,0.0,0.0,0.0,0.0,0.0,0.0,0.0
2012-09-24,284,0,0,0,0,0.0,0.0,0.0,0.0,0.0,0.0,0.0,0.0
2012-09-25,296,0,0,0,0,0.0,0.0,0.0,0.0,0.0,0.0,0.0,0.0
2012-09-26,293,0,0,0,0,0.0,0.0,0.0,0.0,0.0,0.0,0.0,0.0
2012-09-27,298,1,0,0,1,0.003355704697986577,3.3557046979865772,0.0,0.0,0.0,0.0,0.003355704697986577,3.3557046979865772
2012-09-28,312,0,0,0,0,0.0,0.0,0.0,0.0,0.0,0.0,0.0,0.0
2012-09-29,92,0,0,0,0,0.0,0.0,0.0,0.0,0.0,0.0,0.0,0.0
2012-09-30,93,0,0,0,0,0.0,0.0,0.0,0.0,0.0,0.0,0.0,0.0
2012-10-01,271,0,0,0,0,0.0,0.0,0.0,0.0,0.0,0.0,0.0,0.0
2012-10-02,339,0,0,0,0,0.0,0.0,0.0,0.0,0.0,0.0,0.0,0.0
2012-10-03,336,0,0,0,0,0.0,0.0,0.0,0.0,0.0,0.0,0.0,0.0
2012-10-04,352,1,1,0,0,0.002840909090909091,2.840909090909091,0.002840909090909091,2.840909090909091,0.0,0.0,0.0,0.0
2012-10-05,320,0,0,0,0,0.0,0.0,0.0,0.0,0.0,0.0,0.0,0.0
2012-10-06,68,0,0,0,0,0.0,0.0,0.0,0.0,0.0,0.0,0.0,0.0
2012-10-07,73,0,0,0,0,0.0,0.0,0.0,0.0,0.0,0.0,0.0,0.0
2012-10-08,319,0,0,0,0,0.0,0.0,0.0,0.0,0.0,0.0,0.0,0.0
2012-10-09,349,1,0,1,0,0.0028653295128939827,2.865329512893983,0.0,0.0,0.0028653295128939827,2.865329512893983,0.0,0.0
2012-10-10,355,0,0,0,0,0.0,0.0,0.0,0.0,0.0,0.0,0.0,0.0
2012-10-11,373,1,0,0,1,0.002680965147453083,2.680965147453083,0.0,0.0,0.0,0.0,0.002680965147453083,2.680965147453083
2012-10-12,340,0,0,0,0,0.0,0.0,0.0,0.0,0.0,0.0,0.0,0.0
2012-10-13,81,0,0,0,0,0.0,0.0,0.0,0.0,0.0,0.0,0.0,0.0
2012-10-14,69,0,0,0,0,0.0,0.0,0.0,0.0,0.0,0.0,0.0,0.0
2012-10-15,324,0,0,0,0,0.0,0.0,0.0,0.0,0.0,0.0,0.0,0.0
2012-10-16,358,0,0,0,0,0.0,0.0,0.0,0.0,0.0,0.0,0.0,0.0
2012-10-17,378,0,0,0,0,0.0,0.0,0.0,0.0,0.0,0.0,0.0,0.0
2012-10-18,375,0,0,0,0,0.0,0.0,0.0,0.0,0.0,0.0,0.0,0.0
2012-10-19,352,3,0,0,3,0.008522727272727272,8.522727272727272,0.0,0.0,0.0,0.0,0.008522727272727272,8.522727272727272
2012-10-20,102,0,0,0,0,0.0,0.0,0.0,0.0,0.0,0.0,0.0,0.0
2012-10-21,84,0,0,0,0,0.0,0.0,0.0,0.0,0.0,0.0,0.0,0.0
2012-10-22,354,0,0,0,0,0.0,0.0,0.0,0.0,0.0,0.0,0.0,0.0
2012-10-23,377,0,0,0,0,0.0,0.0,0.0,0.0,0.0,0.0,0.0,0.0
2012-10-24,359,0,0,0,0,0.0,0.0,0.0,0.0,0.0,0.0,0.0,0.0
2012-10-25,353,0,0,0,0,0.0,0.0,0.0,0.0,0.0,0.0,0.0,0.0
2012-10-26,349,0,0,0,0,0.0,0.0,0.0,0.0,0.0,0.0,0.0,0.0
2012-10-27,82,0,0,0,0,0.0,0.0,0.0,0.0,0.0,0.0,0.0,0.0
2012-10-28,83,0,0,0,0,0.0,0.0,0.0,0.0,0.0,0.0,0.0,0.0
2012-10-29,356,0,0,0,0,0.0,0.0,0.0,0.0,0.0,0.0,0.0,0.0
2012-10-30,344,0,0,0,0,0.0,0.0,0.0,0.0,0.0,0.0,0.0,0.0
2012-10-31,247,0,0,0,0,0.0,0.0,0.0,0.0,0.0,0.0,0.0,0.0
2012-11-01,351,0,0,0,0,0.0,0.0,0.0,0.0,0.0,0.0,0.0,0.0
2012-11-02,361,0,0,0,0,0.0,0.0,0.0,0.0,0.0,0.0,0.0,0.0
2012-11-03,89,0,0,0,0,0.0,0.0,0.0,0.0,0.0,0.0,0.0,0.0
2012-11-04,114,0,0,0,0,0.0,0.0,0.0,0.0,0.0,0.0,0.0,0.0
2012-11-05,344,0,0,0,0,0.0,0.0,0.0,0.0,0.0,0.0,0.0,0.0
2012-11-06,310,0,0,0,0,0.0,0.0,0.0,0.0,0.0,0.0,0.0,0.0
2012-11-07,345,0,0,0,0,0.0,0.0,0.0,0.0,0.0,0.0,0.0,0.0
2012-11-08,362,0,0,0,0,0.0,0.0,0.0,0.0,0.0,0.0,0.0,0.0
2012-11-09,339,0,0,0,0,0.0,0.0,0.0,0.0,0.0,0.0,0.0,0.0
2012-11-10,84,0,0,0,0,0.0,0.0,0.0,0.0,0.0,0.0,0.0,0.0
2012-11-11,70,0,0,0,0,0.0,0.0,0.0,0.0,0.0,0.0,0.0,0.0
2012-11-12,366,1,0,1,0,0.00273224043715847,2.73224043715847,0.0,0.0,0.00273224043715847,2.73224043715847,0.0,0.0
2012-11-13,354,0,0,0,0,0.0,0.0,0.0,0.0,0.0,0.0,0.0,0.0
2012-11-14,368,0,0,0,0,0.0,0.0,0.0,0.0,0.0,0.0,0.0,0.0
2012-11-15,359,0,0,0,0,0.0,0.0,0.0,0.0,0.0,0.0,0.0,0.0
2012-11-16,298,0,0,0,0,0.0,0.0,0.0,0.0,0.0,0.0,0.0,0.0
2012-11-17,81,0,0,0,0,0.0,0.0,0.0,0.0,0.0,0.0,0.0,0.0
2012-11-18,78,0,0,0,0,0.0,0.0,0.0,0.0,0.0,0.0,0.0,0.0
2012-11-19,330,0,0,0,0,0.0,0.0,0.0,0.0,0.0,0.0,0.0,0.0
2012-11-20,335,0,0,0,0,0.0,0.0,0.0,0.0,0.0,0.0,0.0,0.0
2012-11-21,372,0,0,0,0,0.0,0.0,0.0,0.0,0.0,0.0,0.0,0.0
2012-11-22,334,0,0,0,0,0.0,0.0,0.0,0.0,0.0,0.0,0.0,0.0
2012-11-23,321,0,0,0,0,0.0,0.0,0.0,0.0,0.0,0.0,0.0,0.0
2012-11-24,90,0,0,0,0,0.0,0.0,0.0,0.0,0.0,0.0,0.0,0.0
2012-11-25,94,0,0,0,0,0.0,0.0,0.0,0.0,0.0,0.0,0.0,0.0
2012-11-26,355,0,0,0,0,0.0,0.0,0.0,0.0,0.0,0.0,0.0,0.0
2012-11-27,349,0,0,0,0,0.0,0.0,0.0,0.0,0.0,0.0,0.0,0.0
2012-11-28,325,0,0,0,0,0.0,0.0,0.0,0.0,0.0,0.0,0.0,0.0
2012-11-29,368,0,0,0,0,0.0,0.0,0.0,0.0,0.0,0.0,0.0,0.0
2012-11-30,340,0,0,0,0,0.0,0.0,0.0,0.0,0.0,0.0,0.0,0.0
2012-12-01,91,0,0,0,0,0.0,0.0,0.0,0.0,0.0,0.0,0.0,0.0
2012-12-02,89,0,0,0,0,0.0,0.0,0.0,0.0,0.0,0.0,0.0,0.0
2012-12-03,326,0,0,0,0,0.0,0.0,0.0,0.0,0.0,0.0,0.0,0.0
2012-12-04,338,0,0,0,0,0.0,0.0,0.0,0.0,0.0,0.0,0.0,0.0
2012-12-05,341,0,0,0,0,0.0,0.0,0.0,0.0,0.0,0.0,0.0,0.0
2012-12-06,335,3,0,2,1,0.008955223880597015,8.955223880597016,0.0,0.0,0.005970149253731343,5.970149253731344,0.0029850746268656717,2.985074626865672
2012-12-07,330,0,0,0,0,0.0,0.0,0.0,0.0,0.0,0.0,0.0,0.0
2012-12-08,96,0,0,0,0,0.0,0.0,0.0,0.0,0.0,0.0,0.0,0.0
2012-12-09,82,0,0,0,0,0.0,0.0,0.0,0.0,0.0,0.0,0.0,0.0
2012-12-10,348,1,0,1,0,0.0028735632183908046,2.8735632183908044,0.0,0.0,0.0028735632183908046,2.8735632183908044,0.0,0.0
2012-12-11,337,3,0,3,0,0.008902077151335312,8.902077151335313,0.0,0.0,0.008902077151335312,8.902077151335313,0.0,0.0
2012-12-12,314,0,0,0,0,0.0,0.0,0.0,0.0,0.0,0.0,0.0,0.0
2012-12-13,354,1,0,1,0,0.002824858757062147,2.824858757062147,0.0,0.0,0.002824858757062147,2.824858757062147,0.0,0.0
2012-12-14,348,0,0,0,0,0.0,0.0,0.0,0.0,0.0,0.0,0.0,0.0
2012-12-15,94,0,0,0,0,0.0,0.0,0.0,0.0,0.0,0.0,0.0,0.0
2012-12-16,93,0,0,0,0,0.0,0.0,0.0,0.0,0.0,0.0,0.0,0.0
2012-12-17,316,1,0,0,1,0.0031645569620253164,3.1645569620253164,0.0,0.0,0.0,0.0,0.0031645569620253164,3.1645569620253164
2012-12-18,331,0,0,0,0,0.0,0.0,0.0,0.0,0.0,0.0,0.0,0.0
2012-12-19,340,0,0,0,0,0.0,0.0,0.0,0.0,0.0,0.0,0.0,0.0
2012-12-20,325,0,0,0,0,0.0,0.0,0.0,0.0,0.0,0.0,0.0,0.0
2012-12-21,315,1,0,0,1,0.0031746031746031746,3.1746031746031744,0.0,0.0,0.0,0.0,0.0031746031746031746,3.1746031746031744
2012-12-22,87,0,0,0,0,0.0,0.0,0.0,0.0,0.0,0.0,0.0,0.0
2012-12-23,63,0,0,0,0,0.0,0.0,0.0,0.0,0.0,0.0,0.0,0.0
2012-12-24,176,0,0,0,0,0.0,0.0,0.0,0.0,0.0,0.0,0.0,0.0
2012-12-25,60,0,0,0,0,0.0,0.0,0.0,0.0,0.0,0.0,0.0,0.0
2012-12-26,93,0,0,0,0,0.0,0.0,0.0,0.0,0.0,0.0,0.0,0.0
2012-12-27,177,0,0,0,0,0.0,0.0,0.0,0.0,0.0,0.0,0.0,0.0
2012-12-28,213,0,0,0,0,0.0,0.0,0.0,0.0,0.0,0.0,0.0,0.0
2012-12-29,87,0,0,0,0,0.0,0.0,0.0,0.0,0.0,0.0,0.0,0.0
2012-12-30,79,0,0,0,0,0.0,0.0,0.0,0.0,0.0,0.0,0.0,0.0
2012-12-31,196,0,0,0,0,0.0,0.0,0.0,0.0,0.0,0.0,0.0,0.0
2013-01-01,141,0,0,0,0,0.0,0.0,0.0,0.0,0.0,0.0,0.0,0.0
2013-01-02,204,0,0,0,0,0.0,0.0,0.0,0.0,0.0,0.0,0.0,0.0
2013-01-03,231,0,0,0,0,0.0,0.0,0.0,0.0,0.0,0.0,0.0,0.0
2013-01-04,202,0,0,0,0,0.0,0.0,0.0,0.0,0.0,0.0,0.0,0.0
2013-01-05,84,0,0,0,0,0.0,0.0,0.0,0.0,0.0,0.0,0.0,0.0
2013-01-06,81,0,0,0,0,0.0,0.0,0.0,0.0,0.0,0.0,0.0,0.0
2013-01-07,255,0,0,0,0,0.0,0.0,0.0,0.0,0.0,0.0,0.0,0.0
2013-01-08,266,0,0,0,0,0.0,0.0,0.0,0.0,0.0,0.0,0.0,0.0
2013-01-09,258,0,0,0,0,0.0,0.0,0.0,0.0,0.0,0.0,0.0,0.0
2013-01-10,267,1,0,1,0,0.003745318352059925,3.745318352059925,0.0,0.0,0.003745318352059925,3.745318352059925,0.0,0.0
2013-01-11,240,0,0,0,0,0.0,0.0,0.0,0.0,0.0,0.0,0.0,0.0
2013-01-12,97,0,0,0,0,0.0,0.0,0.0,0.0,0.0,0.0,0.0,0.0
2013-01-13,84,0,0,0,0,0.0,0.0,0.0,0.0,0.0,0.0,0.0,0.0
2013-01-14,269,0,0,0,0,0.0,0.0,0.0,0.0,0.0,0.0,0.0,0.0
2013-01-15,307,0,0,0,0,0.0,0.0,0.0,0.0,0.0,0.0,0.0,0.0
2013-01-16,323,0,0,0,0,0.0,0.0,0.0,0.0,0.0,0.0,0.0,0.0
2013-01-17,355,0,0,0,0,0.0,0.0,0.0,0.0,0.0,0.0,0.0,0.0
2013-01-18,322,0,0,0,0,0.0,0.0,0.0,0.0,0.0,0.0,0.0,0.0
2013-01-19,89,0,0,0,0,0.0,0.0,0.0,0.0,0.0,0.0,0.0,0.0
2013-01-20,79,0,0,0,0,0.0,0.0,0.0,0.0,0.0,0.0,0.0,0.0
2013-01-21,279,0,0,0,0,0.0,0.0,0.0,0.0,0.0,0.0,0.0,0.0
2013-01-22,323,0,0,0,0,0.0,0.0,0.0,0.0,0.0,0.0,0.0,0.0
2013-01-23,341,0,0,0,0,0.0,0.0,0.0,0.0,0.0,0.0,0.0,0.0
2013-01-24,323,1,0,1,0,0.0030959752321981426,3.0959752321981426,0.0,0.0,0.0030959752321981426,3.0959752321981426,0.0,0.0
2013-01-25,329,0,0,0,0,0.0,0.0,0.0,0.0,0.0,0.0,0.0,0.0
2013-01-26,99,0,0,0,0,0.0,0.0,0.0,0.0,0.0,0.0,0.0,0.0
2013-01-27,84,0,0,0,0,0.0,0.0,0.0,0.0,0.0,0.0,0.0,0.0
2013-01-28,256,1,1,1,0,0.00390625,3.90625,0.00390625,3.90625,0.00390625,3.90625,0.0,0.0
2013-01-29,331,1,0,1,0,0.0030211480362537764,3.0211480362537766,0.0,0.0,0.0030211480362537764,3.0211480362537766,0.0,0.0
2013-01-30,348,0,0,0,0,0.0,0.0,0.0,0.0,0.0,0.0,0.0,0.0
2013-01-31,340,0,0,0,0,0.0,0.0,0.0,0.0,0.0,0.0,0.0,0.0
2013-02-01,370,1,0,1,0,0.002702702702702703,2.7027027027027026,0.0,0.0,0.002702702702702703,2.7027027027027026,0.0,0.0
2013-02-02,86,0,0,0,0,0.0,0.0,0.0,0.0,0.0,0.0,0.0,0.0
2013-02-03,82,0,0,0,0,0.0,0.0,0.0,0.0,0.0,0.0,0.0,0.0
2013-02-04,338,0,0,0,0,0.0,0.0,0.0,0.0,0.0,0.0,0.0,0.0
2013-02-05,360,0,0,0,0,0.0,0.0,0.0,0.0,0.0,0.0,0.0,0.0
2013-02-06,356,0,0,0,0,0.0,0.0,0.0,0.0,0.0,0.0,0.0,0.0
2013-02-07,358,0,0,0,0,0.0,0.0,0.0,0.0,0.0,0.0,0.0,0.0
2013-02-08,349,1,0,0,1,0.0028653295128939827,2.865329512893983,0.0,0.0,0.0,0.0,0.0028653295128939827,2.865329512893983
2013-02-09,99,0,0,0,0,0.0,0.0,0.0,0.0,0.0,0.0,0.0,0.0
2013-02-10,84,0,0,0,0,0.0,0.0,0.0,0.0,0.0,0.0,0.0,0.0
2013-02-11,310,1,0,0,1,0.0032258064516129032,3.225806451612903,0.0,0.0,0.0,0.0,0.0032258064516129032,3.225806451612903
2013-02-12,324,0,0,0,0,0.0,0.0,0.0,0.0,0.0,0.0,0.0,0.0
2013-02-13,359,2,0,2,0,0.005571030640668524,5.571030640668524,0.0,0.0,0.005571030640668524,5.571030640668524,0.0,0.0
2013-02-14,335,0,0,0,0,0.0,0.0,0.0,0.0,0.0,0.0,0.0,0.0
2013-02-15,311,1,0,1,0,0.003215434083601286,3.215434083601286,0.0,0.0,0.003215434083601286,3.215434083601286,0.0,0.0
2013-02-16,93,0,0,0,0,0.0,0.0,0.0,0.0,0.0,0.0,0.0,0.0
2013-02-17,98,0,0,0,0,0.0,0.0,0.0,0.0,0.0,0.0,0.0,0.0
2013-02-18,295,0,0,0,0,0.0,0.0,0.0,0.0,0.0,0.0,0.0,0.0
2013-02-19,351,1,0,0,1,0.002849002849002849,2.849002849002849,0.0,0.0,0.0,0.0,0.002849002849002849,2.849002849002849
2013-02-20,356,0,0,0,0,0.0,0.0,0.0,0.0,0.0,0.0,0.0,0.0
2013-02-21,334,0,0,0,0,0.0,0.0,0.0,0.0,0.0,0.0,0.0,0.0
2013-02-22,293,0,0,0,0,0.0,0.0,0.0,0.0,0.0,0.0,0.0,0.0
2013-02-23,101,0,0,0,0,0.0,0.0,0.0,0.0,0.0,0.0,0.0,0.0
2013-02-24,94,0,0,0,0,0.0,0.0,0.0,0.0,0.0,0.0,0.0,0.0
2013-02-25,359,4,1,2,2,0.011142061281337047,11.142061281337048,0.002785515320334262,2.785515320334262,0.005571030640668524,5.571030640668524,0.005571030640668524,5.571030640668524
2013-02-26,360,1,0,0,1,0.002777777777777778,2.7777777777777777,0.0,0.0,0.0,0.0,0.002777777777777778,2.7777777777777777
2013-02-27,343,2,0,0,2,0.0058309037900874635,5.830903790087463,0.0,0.0,0.0,0.0,0.0058309037900874635,5.830903790087463
2013-02-28,351,0,0,0,0,0.0,0.0,0.0,0.0,0.0,0.0,0.0,0.0
2013-03-01,363,0,0,0,0,0.0,0.0,0.0,0.0,0.0,0.0,0.0,0.0
2013-03-02,98,0,0,0,0,0.0,0.0,0.0,0.0,0.0,0.0,0.0,0.0
2013-03-03,73,0,0,0,0,0.0,0.0,0.0,0.0,0.0,0.0,0.0,0.0
2013-03-04,315,1,0,1,0,0.0031746031746031746,3.1746031746031744,0.0,0.0,0.0031746031746031746,3.1746031746031744,0.0,0.0
2013-03-05,348,0,0,0,0,0.0,0.0,0.0,0.0,0.0,0.0,0.0,0.0
2013-03-06,365,0,0,0,0,0.0,0.0,0.0,0.0,0.0,0.0,0.0,0.0
2013-03-07,363,0,0,0,0,0.0,0.0,0.0,0.0,0.0,0.0,0.0,0.0
2013-03-08,337,0,0,0,0,0.0,0.0,0.0,0.0,0.0,0.0,0.0,0.0
2013-03-09,124,0,0,0,0,0.0,0.0,0.0,0.0,0.0,0.0,0.0,0.0
2013-03-10,120,0,0,0,0,0.0,0.0,0.0,0.0,0.0,0.0,0.0,0.0
2013-03-11,309,0,0,0,0,0.0,0.0,0.0,0.0,0.0,0.0,0.0,0.0
2013-03-12,347,0,0,0,0,0.0,0.0,0.0,0.0,0.0,0.0,0.0,0.0
2013-03-13,364,0,0,0,0,0.0,0.0,0.0,0.0,0.0,0.0,0.0,0.0
2013-03-14,336,0,0,0,0,0.0,0.0,0.0,0.0,0.0,0.0,0.0,0.0
2013-03-15,376,1,0,0,1,0.0026595744680851063,2.6595744680851063,0.0,0.0,0.0,0.0,0.0026595744680851063,2.6595744680851063
2013-03-16,101,0,0,0,0,0.0,0.0,0.0,0.0,0.0,0.0,0.0,0.0
2013-03-17,86,0,0,0,0,0.0,0.0,0.0,0.0,0.0,0.0,0.0,0.0
2013-03-18,324,0,0,0,0,0.0,0.0,0.0,0.0,0.0,0.0,0.0,0.0
2013-03-19,367,0,0,0,0,0.0,0.0,0.0,0.0,0.0,0.0,0.0,0.0
2013-03-20,351,0,0,0,0,0.0,0.0,0.0,0.0,0.0,0.0,0.0,0.0
2013-03-21,368,0,0,0,0,0.0,0.0,0.0,0.0,0.0,0.0,0.0,0.0
2013-03-22,361,0,0,0,0,0.0,0.0,0.0,0.0,0.0,0.0,0.0,0.0
2013-03-23,115,0,0,0,0,0.0,0.0,0.0,0.0,0.0,0.0,0.0,0.0
2013-03-24,93,0,0,0,0,0.0,0.0,0.0,0.0,0.0,0.0,0.0,0.0
2013-03-25,314,0,0,0,0,0.0,0.0,0.0,0.0,0.0,0.0,0.0,0.0
2013-03-26,328,0,0,0,0,0.0,0.0,0.0,0.0,0.0,0.0,0.0,0.0
2013-03-27,302,0,0,0,0,0.0,0.0,0.0,0.0,0.0,0.0,0.0,0.0
2013-03-28,376,1,0,0,1,0.0026595744680851063,2.6595744680851063,0.0,0.0,0.0,0.0,0.0026595744680851063,2.6595744680851063
2013-03-29,108,0,0,0,0,0.0,0.0,0.0,0.0,0.0,0.0,0.0,0.0
2013-03-30,97,0,0,0,0,0.0,0.0,0.0,0.0,0.0,0.0,0.0,0.0
2013-03-31,89,0,0,0,0,0.0,0.0,0.0,0.0,0.0,0.0,0.0,0.0
2013-04-01,218,0,0,0,0,0.0,0.0,0.0,0.0,0.0,0.0,0.0,0.0
2013-04-02,319,0,0,0,0,0.0,0.0,0.0,0.0,0.0,0.0,0.0,0.0
2013-04-03,343,0,0,0,0,0.0,0.0,0.0,0.0,0.0,0.0,0.0,0.0
2013-04-04,340,0,0,0,0,0.0,0.0,0.0,0.0,0.0,0.0,0.0,0.0
2013-04-05,367,0,0,0,0,0.0,0.0,0.0,0.0,0.0,0.0,0.0,0.0
2013-04-06,93,0,0,0,0,0.0,0.0,0.0,0.0,0.0,0.0,0.0,0.0
2013-04-07,103,0,0,0,0,0.0,0.0,0.0,0.0,0.0,0.0,0.0,0.0
2013-04-08,351,0,0,0,0,0.0,0.0,0.0,0.0,0.0,0.0,0.0,0.0
2013-04-09,317,0,0,0,0,0.0,0.0,0.0,0.0,0.0,0.0,0.0,0.0
2013-04-10,344,0,0,0,0,0.0,0.0,0.0,0.0,0.0,0.0,0.0,0.0
2013-04-11,370,1,0,1,0,0.002702702702702703,2.7027027027027026,0.0,0.0,0.002702702702702703,2.7027027027027026,0.0,0.0
2013-04-12,383,0,0,0,0,0.0,0.0,0.0,0.0,0.0,0.0,0.0,0.0
2013-04-13,104,0,0,0,0,0.0,0.0,0.0,0.0,0.0,0.0,0.0,0.0
2013-04-14,85,0,0,0,0,0.0,0.0,0.0,0.0,0.0,0.0,0.0,0.0
2013-04-15,348,0,0,0,0,0.0,0.0,0.0,0.0,0.0,0.0,0.0,0.0
2013-04-16,378,0,0,0,0,0.0,0.0,0.0,0.0,0.0,0.0,0.0,0.0
2013-04-17,343,0,0,0,0,0.0,0.0,0.0,0.0,0.0,0.0,0.0,0.0
2013-04-18,338,0,0,0,0,0.0,0.0,0.0,0.0,0.0,0.0,0.0,0.0
2013-04-19,341,0,0,0,0,0.0,0.0,0.0,0.0,0.0,0.0,0.0,0.0
2013-04-20,79,0,0,0,0,0.0,0.0,0.0,0.0,0.0,0.0,0.0,0.0
2013-04-21,82,0,0,0,0,0.0,0.0,0.0,0.0,0.0,0.0,0.0,0.0
2013-04-22,343,1,0,0,1,0.0029154518950437317,2.9154518950437316,0.0,0.0,0.0,0.0,0.0029154518950437317,2.9154518950437316
2013-04-23,373,1,0,0,1,0.002680965147453083,2.680965147453083,0.0,0.0,0.0,0.0,0.002680965147453083,2.680965147453083
2013-04-24,364,0,0,0,0,0.0,0.0,0.0,0.0,0.0,0.0,0.0,0.0
2013-04-25,239,0,0,0,0,0.0,0.0,0.0,0.0,0.0,0.0,0.0,0.0
2013-04-26,330,0,0,0,0,0.0,0.0,0.0,0.0,0.0,0.0,0.0,0.0
2013-04-27,97,0,0,0,0,0.0,0.0,0.0,0.0,0.0,0.0,0.0,0.0
2013-04-28,79,0,0,0,0,0.0,0.0,0.0,0.0,0.0,0.0,0.0,0.0
2013-04-29,350,0,0,0,0,0.0,0.0,0.0,0.0,0.0,0.0,0.0,0.0
2013-04-30,347,0,0,0,0,0.0,0.0,0.0,0.0,0.0,0.0,0.0,0.0
2013-05-01,341,0,0,0,0,0.0,0.0,0.0,0.0,0.0,0.0,0.0,0.0
2013-05-02,363,2,0,2,0,0.005509641873278237,5.5096418732782375,0.0,0.0,0.005509641873278237,5.5096418732782375,0.0,0.0
2013-05-03,313,0,0,0,0,0.0,0.0,0.0,0.0,0.0,0.0,0.0,0.0
2013-05-04,92,0,0,0,0,0.0,0.0,0.0,0.0,0.0,0.0,0.0,0.0
2013-05-05,103,0,0,0,0,0.0,0.0,0.0,0.0,0.0,0.0,0.0,0.0
2013-05-06,319,1,0,0,1,0.003134796238244514,3.134796238244514,0.0,0.0,0.0,0.0,0.003134796238244514,3.134796238244514
2013-05-07,372,0,0,0,0,0.0,0.0,0.0,0.0,0.0,0.0,0.0,0.0
2013-05-08,324,0,0,0,0,0.0,0.0,0.0,0.0,0.0,0.0,0.0,0.0
2013-05-09,340,0,0,0,0,0.0,0.0,0.0,0.0,0.0,0.0,0.0,0.0
2013-05-10,307,1,0,0,1,0.003257328990228013,3.257328990228013,0.0,0.0,0.0,0.0,0.003257328990228013,3.257328990228013
2013-05-11,103,0,0,0,0,0.0,0.0,0.0,0.0,0.0,0.0,0.0,0.0
2013-05-12,85,0,0,0,0,0.0,0.0,0.0,0.0,0.0,0.0,0.0,0.0
2013-05-13,327,0,0,0,0,0.0,0.0,0.0,0.0,0.0,0.0,0.0,0.0
2013-05-14,378,1,0,0,1,0.0026455026455026454,2.6455026455026456,0.0,0.0,0.0,0.0,0.0026455026455026454,2.6455026455026456
2013-05-15,318,0,0,0,0,0.0,0.0,0.0,0.0,0.0,0.0,0.0,0.0
2013-05-16,339,2,1,0,1,0.0058997050147492625,5.899705014749262,0.0029498525073746312,2.949852507374631,0.0,0.0,0.0029498525073746312,2.949852507374631
2013-05-17,307,0,0,0,0,0.0,0.0,0.0,0.0,0.0,0.0,0.0,0.0
2013-05-18,114,0,0,0,0,0.0,0.0,0.0,0.0,0.0,0.0,0.0,0.0
2013-05-19,83,1,0,1,0,0.012048192771084338,12.048192771084338,0.0,0.0,0.012048192771084338,12.048192771084338,0.0,0.0
2013-05-20,371,1,0,0,1,0.0026954177897574125,2.6954177897574128,0.0,0.0,0.0,0.0,0.0026954177897574125,2.6954177897574128
2013-05-21,346,0,0,0,0,0.0,0.0,0.0,0.0,0.0,0.0,0.0,0.0
2013-05-22,351,0,0,0,0,0.0,0.0,0.0,0.0,0.0,0.0,0.0,0.0
2013-05-23,335,0,0,0,0,0.0,0.0,0.0,0.0,0.0,0.0,0.0,0.0
2013-05-24,310,0,0,0,0,0.0,0.0,0.0,0.0,0.0,0.0,0.0,0.0
2013-05-25,96,0,0,0,0,0.0,0.0,0.0,0.0,0.0,0.0,0.0,0.0
2013-05-26,86,0,0,0,0,0.0,0.0,0.0,0.0,0.0,0.0,0.0,0.0
2013-05-27,324,2,0,1,1,0.006172839506172839,6.172839506172839,0.0,0.0,0.0030864197530864196,3.0864197530864197,0.0030864197530864196,3.0864197530864197
2013-05-28,339,0,0,0,0,0.0,0.0,0.0,0.0,0.0,0.0,0.0,0.0
2013-05-29,369,0,0,0,0,0.0,0.0,0.0,0.0,0.0,0.0,0.0,0.0
2013-05-30,355,0,0,0,0,0.0,0.0,0.0,0.0,0.0,0.0,0.0,0.0
2013-05-31,347,0,0,0,0,0.0,0.0,0.0,0.0,0.0,0.0,0.0,0.0
2013-06-01,72,0,0,0,0,0.0,0.0,0.0,0.0,0.0,0.0,0.0,0.0
2013-06-02,78,0,0,0,0,0.0,0.0,0.0,0.0,0.0,0.0,0.0,0.0
2013-06-03,340,0,0,0,0,0.0,0.0,0.0,0.0,0.0,0.0,0.0,0.0
2013-06-04,345,0,0,0,0,0.0,0.0,0.0,0.0,0.0,0.0,0.0,0.0
2013-06-05,348,0,0,0,0,0.0,0.0,0.0,0.0,0.0,0.0,0.0,0.0
2013-06-06,362,0,0,0,0,0.0,0.0,0.0,0.0,0.0,0.0,0.0,0.0
2013-06-07,320,0,0,0,0,0.0,0.0,0.0,0.0,0.0,0.0,0.0,0.0
2013-06-08,93,0,0,0,0,0.0,0.0,0.0,0.0,0.0,0.0,0.0,0.0
2013-06-09,92,0,0,0,0,0.0,0.0,0.0,0.0,0.0,0.0,0.0,0.0
2013-06-10,281,0,0,0,0,0.0,0.0,0.0,0.0,0.0,0.0,0.0,0.0
2013-06-11,343,0,0,0,0,0.0,0.0,0.0,0.0,0.0,0.0,0.0,0.0
2013-06-12,322,1,0,0,1,0.003105590062111801,3.105590062111801,0.0,0.0,0.0,0.0,0.003105590062111801,3.105590062111801
2013-06-13,332,0,0,0,0,0.0,0.0,0.0,0.0,0.0,0.0,0.0,0.0
2013-06-14,347,1,0,0,1,0.002881844380403458,2.881844380403458,0.0,0.0,0.0,0.0,0.002881844380403458,2.881844380403458
2013-06-15,76,0,0,0,0,0.0,0.0,0.0,0.0,0.0,0.0,0.0,0.0
2013-06-16,91,0,0,0,0,0.0,0.0,0.0,0.0,0.0,0.0,0.0,0.0
2013-06-17,285,1,0,0,1,0.0035087719298245615,3.5087719298245617,0.0,0.0,0.0,0.0,0.0035087719298245615,3.5087719298245617
2013-06-18,330,3,1,0,2,0.00909090909090909,9.09090909090909,0.0030303030303030303,3.0303030303030303,0.0,0.0,0.006060606060606061,6.0606060606060606
2013-06-19,311,0,0,0,0,0.0,0.0,0.0,0.0,0.0,0.0,0.0,0.0
2013-06-20,341,0,0,0,0,0.0,0.0,0.0,0.0,0.0,0.0,0.0,0.0
2013-06-21,335,1,0,1,0,0.0029850746268656717,2.985074626865672,0.0,0.0,0.0029850746268656717,2.985074626865672,0.0,0.0
2013-06-22,90,1,0,0,1,0.011111111111111112,11.11111111111111,0.0,0.0,0.0,0.0,0.011111111111111112,11.11111111111111
2013-06-23,89,0,0,0,0,0.0,0.0,0.0,0.0,0.0,0.0,0.0,0.0
2013-06-24,330,0,0,0,0,0.0,0.0,0.0,0.0,0.0,0.0,0.0,0.0
2013-06-25,362,0,0,0,0,0.0,0.0,0.0,0.0,0.0,0.0,0.0,0.0
2013-06-26,343,0,0,0,0,0.0,0.0,0.0,0.0,0.0,0.0,0.0,0.0
2013-06-27,342,0,0,0,0,0.0,0.0,0.0,0.0,0.0,0.0,0.0,0.0
2013-06-28,331,0,0,0,0,0.0,0.0,0.0,0.0,0.0,0.0,0.0,0.0
2013-06-29,98,0,0,0,0,0.0,0.0,0.0,0.0,0.0,0.0,0.0,0.0
2013-06-30,90,0,0,0,0,0.0,0.0,0.0,0.0,0.0,0.0,0.0,0.0
2013-07-01,324,0,0,0,0,0.0,0.0,0.0,0.0,0.0,0.0,0.0,0.0
2013-07-02,339,0,0,0,0,0.0,0.0,0.0,0.0,0.0,0.0,0.0,0.0
2013-07-03,308,0,0,0,0,0.0,0.0,0.0,0.0,0.0,0.0,0.0,0.0
2013-07-04,292,0,0,0,0,0.0,0.0,0.0,0.0,0.0,0.0,0.0,0.0
2013-07-05,322,0,0,0,0,0.0,0.0,0.0,0.0,0.0,0.0,0.0,0.0
2013-07-06,96,0,0,0,0,0.0,0.0,0.0,0.0,0.0,0.0,0.0,0.0
2013-07-07,86,0,0,0,0,0.0,0.0,0.0,0.0,0.0,0.0,0.0,0.0
2013-07-08,363,1,1,0,0,0.0027548209366391185,2.7548209366391188,0.0027548209366391185,2.7548209366391188,0.0,0.0,0.0,0.0
2013-07-09,311,1,0,0,1,0.003215434083601286,3.215434083601286,0.0,0.0,0.0,0.0,0.003215434083601286,3.215434083601286
2013-07-10,318,1,0,0,1,0.0031446540880503146,3.1446540880503147,0.0,0.0,0.0,0.0,0.0031446540880503146,3.1446540880503147
2013-07-11,292,0,0,0,0,0.0,0.0,0.0,0.0,0.0,0.0,0.0,0.0
2013-07-12,318,1,0,0,1,0.0031446540880503146,3.1446540880503147,0.0,0.0,0.0,0.0,0.0031446540880503146,3.1446540880503147
2013-07-13,92,0,0,0,0,0.0,0.0,0.0,0.0,0.0,0.0,0.0,0.0
2013-07-14,87,0,0,0,0,0.0,0.0,0.0,0.0,0.0,0.0,0.0,0.0
2013-07-15,327,1,0,0,1,0.0030581039755351682,3.058103975535168,0.0,0.0,0.0,0.0,0.0030581039755351682,3.058103975535168
2013-07-16,321,1,0,1,0,0.003115264797507788,3.115264797507788,0.0,0.0,0.003115264797507788,3.115264797507788,0.0,0.0
2013-07-17,322,0,0,0,0,0.0,0.0,0.0,0.0,0.0,0.0,0.0,0.0
2013-07-18,331,2,0,1,1,0.006042296072507553,6.042296072507553,0.0,0.0,0.0030211480362537764,3.0211480362537766,0.0030211480362537764,3.0211480362537766
2013-07-19,273,0,0,0,0,0.0,0.0,0.0,0.0,0.0,0.0,0.0,0.0
2013-07-20,91,0,0,0,0,0.0,0.0,0.0,0.0,0.0,0.0,0.0,0.0
2013-07-21,85,0,0,0,0,0.0,0.0,0.0,0.0,0.0,0.0,0.0,0.0
2013-07-22,342,1,0,0,1,0.0029239766081871343,2.923976608187134,0.0,0.0,0.0,0.0,0.0029239766081871343,2.923976608187134
2013-07-23,327,0,0,0,0,0.0,0.0,0.0,0.0,0.0,0.0,0.0,0.0
2013-07-24,337,0,0,0,0,0.0,0.0,0.0,0.0,0.0,0.0,0.0,0.0
2013-07-25,355,1,0,0,1,0.0028169014084507044,2.8169014084507045,0.0,0.0,0.0,0.0,0.0028169014084507044,2.8169014084507045
2013-07-26,328,1,0,0,1,0.003048780487804878,3.048780487804878,0.0,0.0,0.0,0.0,0.003048780487804878,3.048780487804878
2013-07-27,103,0,0,0,0,0.0,0.0,0.0,0.0,0.0,0.0,0.0,0.0
2013-07-28,90,0,0,0,0,0.0,0.0,0.0,0.0,0.0,0.0,0.0,0.0
2013-07-29,358,1,0,1,0,0.002793296089385475,2.793296089385475,0.0,0.0,0.002793296089385475,2.793296089385475,0.0,0.0
2013-07-30,340,1,0,0,1,0.0029411764705882353,2.941176470588235,0.0,0.0,0.0,0.0,0.0029411764705882353,2.941176470588235
2013-07-31,321,1,0,0,1,0.003115264797507788,3.115264797507788,0.0,0.0,0.0,0.0,0.003115264797507788,3.115264797507788
2013-08-01,343,0,0,0,0,0.0,0.0,0.0,0.0,0.0,0.0,0.0,0.0
2013-08-02,344,0,0,0,0,0.0,0.0,0.0,0.0,0.0,0.0,0.0,0.0
2013-08-03,104,0,0,0,0,0.0,0.0,0.0,0.0,0.0,0.0,0.0,0.0
2013-08-04,92,0,0,0,0,0.0,0.0,0.0,0.0,0.0,0.0,0.0,0.0
2013-08-05,329,0,0,0,0,0.0,0.0,0.0,0.0,0.0,0.0,0.0,0.0
2013-08-06,330,0,0,0,0,0.0,0.0,0.0,0.0,0.0,0.0,0.0,0.0
2013-08-07,337,0,0,0,0,0.0,0.0,0.0,0.0,0.0,0.0,0.0,0.0
2013-08-08,307,0,0,0,0,0.0,0.0,0.0,0.0,0.0,0.0,0.0,0.0
2013-08-09,332,1,0,1,0,0.0030120481927710845,3.0120481927710845,0.0,0.0,0.0030120481927710845,3.0120481927710845,0.0,0.0
2013-08-10,84,0,0,0,0,0.0,0.0,0.0,0.0,0.0,0.0,0.0,0.0
2013-08-11,98,0,0,0,0,0.0,0.0,0.0,0.0,0.0,0.0,0.0,0.0
2013-08-12,340,0,0,0,0,0.0,0.0,0.0,0.0,0.0,0.0,0.0,0.0
2013-08-13,347,1,0,0,1,0.002881844380403458,2.881844380403458,0.0,0.0,0.0,0.0,0.002881844380403458,2.881844380403458
2013-08-14,355,1,0,0,1,0.0028169014084507044,2.8169014084507045,0.0,0.0,0.0,0.0,0.0028169014084507044,2.8169014084507045
2013-08-15,365,0,0,0,0,0.0,0.0,0.0,0.0,0.0,0.0,0.0,0.0
2013-08-16,344,0,0,0,0,0.0,0.0,0.0,0.0,0.0,0.0,0.0,0.0
2013-08-17,88,0,0,0,0,0.0,0.0,0.0,0.0,0.0,0.0,0.0,0.0
2013-08-18,98,0,0,0,0,0.0,0.0,0.0,0.0,0.0,0.0,0.0,0.0
2013-08-19,321,0,0,0,0,0.0,0.0,0.0,0.0,0.0,0.0,0.0,0.0
2013-08-20,343,0,0,0,0,0.0,0.0,0.0,0.0,0.0,0.0,0.0,0.0
2013-08-21,354,0,0,0,0,0.0,0.0,0.0,0.0,0.0,0.0,0.0,0.0
2013-08-22,326,1,0,1,0,0.003067484662576687,3.067484662576687,0.0,0.0,0.003067484662576687,3.067484662576687,0.0,0.0
2013-08-23,312,0,0,0,0,0.0,0.0,0.0,0.0,0.0,0.0,0.0,0.0
2013-08-24,96,0,0,0,0,0.0,0.0,0.0,0.0,0.0,0.0,0.0,0.0
2013-08-25,97,0,0,0,0,0.0,0.0,0.0,0.0,0.0,0.0,0.0,0.0
2013-08-26,349,0,0,0,0,0.0,0.0,0.0,0.0,0.0,0.0,0.0,0.0
2013-08-27,339,0,0,0,0,0.0,0.0,0.0,0.0,0.0,0.0,0.0,0.0
2013-08-28,358,1,1,1,1,0.002793296089385475,2.793296089385475,0.002793296089385475,2.793296089385475,0.002793296089385475,2.793296089385475,0.002793296089385475,2.793296089385475
2013-08-29,349,0,0,0,0,0.0,0.0,0.0,0.0,0.0,0.0,0.0,0.0
2013-08-30,355,0,0,0,0,0.0,0.0,0.0,0.0,0.0,0.0,0.0,0.0
2013-08-31,90,0,0,0,0,0.0,0.0,0.0,0.0,0.0,0.0,0.0,0.0
2013-09-01,74,1,0,0,1,0.013513513513513514,13.513513513513514,0.0,0.0,0.0,0.0,0.013513513513513514,13.513513513513514
2013-09-02,330,0,0,0,0,0.0,0.0,0.0,0.0,0.0,0.0,0.0,0.0
2013-09-03,333,0,0,0,0,0.0,0.0,0.0,0.0,0.0,0.0,0.0,0.0
2013-09-04,342,0,0,0,0,0.0,0.0,0.0,0.0,0.0,0.0,0.0,0.0
2013-09-05,335,0,0,0,0,0.0,0.0,0.0,0.0,0.0,0.0,0.0,0.0
2013-09-06,328,1,0,0,1,0.003048780487804878,3.048780487804878,0.0,0.0,0.0,0.0,0.003048780487804878,3.048780487804878
2013-09-07,171,0,0,0,0,0.0,0.0,0.0,0.0,0.0,0.0,0.0,0.0
2013-09-08,116,0,0,0,0,0.0,0.0,0.0,0.0,0.0,0.0,0.0,0.0
2013-09-09,302,0,0,0,0,0.0,0.0,0.0,0.0,0.0,0.0,0.0,0.0
2013-09-10,320,0,0,0,0,0.0,0.0,0.0,0.0,0.0,0.0,0.0,0.0
2013-09-11,361,0,0,0,0,0.0,0.0,0.0,0.0,0.0,0.0,0.0,0.0
2013-09-12,321,0,0,0,0,0.0,0.0,0.0,0.0,0.0,0.0,0.0,0.0
2013-09-13,324,0,0,0,0,0.0,0.0,0.0,0.0,0.0,0.0,0.0,0.0
2013-09-14,96,0,0,0,0,0.0,0.0,0.0,0.0,0.0,0.0,0.0,0.0
2013-09-15,90,0,0,0,0,0.0,0.0,0.0,0.0,0.0,0.0,0.0,0.0
2013-09-16,318,2,0,1,1,0.006289308176100629,6.289308176100629,0.0,0.0,0.0031446540880503146,3.1446540880503147,0.0031446540880503146,3.1446540880503147
2013-09-17,302,1,1,0,0,0.0033112582781456954,3.3112582781456954,0.0033112582781456954,3.3112582781456954,0.0,0.0,0.0,0.0
2013-09-18,321,1,0,1,0,0.003115264797507788,3.115264797507788,0.0,0.0,0.003115264797507788,3.115264797507788,0.0,0.0
2013-09-19,331,0,0,0,0,0.0,0.0,0.0,0.0,0.0,0.0,0.0,0.0
2013-09-20,316,0,0,0,0,0.0,0.0,0.0,0.0,0.0,0.0,0.0,0.0
2013-09-21,72,1,0,1,0,0.013888888888888888,13.888888888888888,0.0,0.0,0.013888888888888888,13.888888888888888,0.0,0.0
2013-09-22,71,0,0,0,0,0.0,0.0,0.0,0.0,0.0,0.0,0.0,0.0
2013-09-23,253,0,0,0,0,0.0,0.0,0.0,0.0,0.0,0.0,0.0,0.0
2013-09-24,263,1,0,1,0,0.0038022813688212928,3.802281368821293,0.0,0.0,0.0038022813688212928,3.802281368821293,0.0,0.0
2013-09-25,273,0,0,0,0,0.0,0.0,0.0,0.0,0.0,0.0,0.0,0.0
2013-09-26,268,1,0,1,0,0.0037313432835820895,3.7313432835820897,0.0,0.0,0.0037313432835820895,3.7313432835820897,0.0,0.0
2013-09-27,269,0,0,0,0,0.0,0.0,0.0,0.0,0.0,0.0,0.0,0.0
2013-09-28,92,0,0,0,0,0.0,0.0,0.0,0.0,0.0,0.0,0.0,0.0
2013-09-29,73,0,0,0,0,0.0,0.0,0.0,0.0,0.0,0.0,0.0,0.0
2013-09-30,250,0,0,0,0,0.0,0.0,0.0,0.0,0.0,0.0,0.0,0.0
2013-10-01,265,0,0,0,0,0.0,0.0,0.0,0.0,0.0,0.0,0.0,0.0
2013-10-02,289,0,0,0,0,0.0,0.0,0.0,0.0,0.0,0.0,0.0,0.0
2013-10-03,313,0,0,0,0,0.0,0.0,0.0,0.0,0.0,0.0,0.0,0.0
2013-10-04,297,1,0,1,0,0.003367003367003367,3.3670033670033668,0.0,0.0,0.003367003367003367,3.3670033670033668,0.0,0.0
2013-10-05,70,0,0,0,0,0.0,0.0,0.0,0.0,0.0,0.0,0.0,0.0
2013-10-06,92,0,0,0,0,0.0,0.0,0.0,0.0,0.0,0.0,0.0,0.0
2013-10-07,263,0,0,0,0,0.0,0.0,0.0,0.0,0.0,0.0,0.0,0.0
2013-10-08,315,2,0,2,0,0.006349206349206349,6.349206349206349,0.0,0.0,0.006349206349206349,6.349206349206349,0.0,0.0
2013-10-09,313,0,0,0,0,0.0,0.0,0.0,0.0,0.0,0.0,0.0,0.0
2013-10-10,322,0,0,0,0,0.0,0.0,0.0,0.0,0.0,0.0,0.0,0.0
2013-10-11,291,0,0,0,0,0.0,0.0,0.0,0.0,0.0,0.0,0.0,0.0
2013-10-12,83,0,0,0,0,0.0,0.0,0.0,0.0,0.0,0.0,0.0,0.0
2013-10-13,74,0,0,0,0,0.0,0.0,0.0,0.0,0.0,0.0,0.0,0.0
2013-10-14,315,0,0,0,0,0.0,0.0,0.0,0.0,0.0,0.0,0.0,0.0
2013-10-15,333,0,0,0,0,0.0,0.0,0.0,0.0,0.0,0.0,0.0,0.0
2013-10-16,313,0,0,0,0,0.0,0.0,0.0,0.0,0.0,0.0,0.0,0.0
2013-10-17,314,2,0,1,1,0.006369426751592357,6.369426751592357,0.0,0.0,0.0031847133757961785,3.1847133757961785,0.0031847133757961785,3.1847133757961785
2013-10-18,331,0,0,0,0,0.0,0.0,0.0,0.0,0.0,0.0,0.0,0.0
2013-10-19,85,0,0,0,0,0.0,0.0,0.0,0.0,0.0,0.0,0.0,0.0
2013-10-20,91,0,0,0,0,0.0,0.0,0.0,0.0,0.0,0.0,0.0,0.0
2013-10-21,316,0,0,0,0,0.0,0.0,0.0,0.0,0.0,0.0,0.0,0.0
2013-10-22,297,1,1,0,0,0.003367003367003367,3.3670033670033668,0.003367003367003367,3.3670033670033668,0.0,0.0,0.0,0.0
2013-10-23,348,0,0,0,0,0.0,0.0,0.0,0.0,0.0,0.0,0.0,0.0
2013-10-24,338,0,0,0,0,0.0,0.0,0.0,0.0,0.0,0.0,0.0,0.0
2013-10-25,332,0,0,0,0,0.0,0.0,0.0,0.0,0.0,0.0,0.0,0.0
2013-10-26,86,0,0,0,0,0.0,0.0,0.0,0.0,0.0,0.0,0.0,0.0
2013-10-27,81,0,0,0,0,0.0,0.0,0.0,0.0,0.0,0.0,0.0,0.0
2013-10-28,315,3,0,1,2,0.009523809523809525,9.523809523809526,0.0,0.0,0.0031746031746031746,3.1746031746031744,0.006349206349206349,6.349206349206349
2013-10-29,334,1,0,1,0,0.0029940119760479044,2.9940119760479043,0.0,0.0,0.0029940119760479044,2.9940119760479043,0.0,0.0
2013-10-30,340,0,0,0,0,0.0,0.0,0.0,0.0,0.0,0.0,0.0,0.0
2013-10-31,355,0,0,0,0,0.0,0.0,0.0,0.0,0.0,0.0,0.0,0.0
2013-11-01,327,0,0,0,0,0.0,0.0,0.0,0.0,0.0,0.0,0.0,0.0
2013-11-02,88,0,0,0,0,0.0,0.0,0.0,0.0,0.0,0.0,0.0,0.0
2013-11-03,59,0,0,0,0,0.0,0.0,0.0,0.0,0.0,0.0,0.0,0.0
2013-11-04,312,0,0,0,0,0.0,0.0,0.0,0.0,0.0,0.0,0.0,0.0
2013-11-05,311,0,0,0,0,0.0,0.0,0.0,0.0,0.0,0.0,0.0,0.0
2013-11-06,327,0,0,0,0,0.0,0.0,0.0,0.0,0.0,0.0,0.0,0.0
2013-11-07,319,0,0,0,0,0.0,0.0,0.0,0.0,0.0,0.0,0.0,0.0
2013-11-08,304,0,0,0,0,0.0,0.0,0.0,0.0,0.0,0.0,0.0,0.0
2013-11-09,69,0,0,0,0,0.0,0.0,0.0,0.0,0.0,0.0,0.0,0.0
2013-11-10,69,0,0,0,0,0.0,0.0,0.0,0.0,0.0,0.0,0.0,0.0
2013-11-11,313,0,0,0,0,0.0,0.0,0.0,0.0,0.0,0.0,0.0,0.0
2013-11-12,319,0,0,0,0,0.0,0.0,0.0,0.0,0.0,0.0,0.0,0.0
2013-11-13,282,0,0,0,0,0.0,0.0,0.0,0.0,0.0,0.0,0.0,0.0
2013-11-14,318,0,0,0,0,0.0,0.0,0.0,0.0,0.0,0.0,0.0,0.0
2013-11-15,340,0,0,0,0,0.0,0.0,0.0,0.0,0.0,0.0,0.0,0.0
2013-11-16,95,0,0,0,0,0.0,0.0,0.0,0.0,0.0,0.0,0.0,0.0
2013-11-17,84,0,0,0,0,0.0,0.0,0.0,0.0,0.0,0.0,0.0,0.0
2013-11-18,337,2,0,2,0,0.005934718100890208,5.934718100890208,0.0,0.0,0.005934718100890208,5.934718100890208,0.0,0.0
2013-11-19,350,0,0,0,0,0.0,0.0,0.0,0.0,0.0,0.0,0.0,0.0
2013-11-20,333,0,0,0,0,0.0,0.0,0.0,0.0,0.0,0.0,0.0,0.0
2013-11-21,343,0,0,0,0,0.0,0.0,0.0,0.0,0.0,0.0,0.0,0.0
2013-11-22,346,0,0,0,0,0.0,0.0,0.0,0.0,0.0,0.0,0.0,0.0
2013-11-23,74,0,0,0,0,0.0,0.0,0.0,0.0,0.0,0.0,0.0,0.0
2013-11-24,67,0,0,0,0,0.0,0.0,0.0,0.0,0.0,0.0,0.0,0.0
2013-11-25,289,0,0,0,0,0.0,0.0,0.0,0.0,0.0,0.0,0.0,0.0
2013-11-26,301,2,1,1,0,0.006644518272425249,6.644518272425249,0.0033222591362126247,3.3222591362126246,0.0033222591362126247,3.3222591362126246,0.0,0.0
2013-11-27,320,0,0,0,0,0.0,0.0,0.0,0.0,0.0,0.0,0.0,0.0
2013-11-28,281,0,0,0,0,0.0,0.0,0.0,0.0,0.0,0.0,0.0,0.0
2013-11-29,310,0,0,0,0,0.0,0.0,0.0,0.0,0.0,0.0,0.0,0.0
2013-11-30,88,0,0,0,0,0.0,0.0,0.0,0.0,0.0,0.0,0.0,0.0
2013-12-01,81,0,0,0,0,0.0,0.0,0.0,0.0,0.0,0.0,0.0,0.0
2013-12-02,301,0,0,0,0,0.0,0.0,0.0,0.0,0.0,0.0,0.0,0.0
2013-12-03,293,1,0,0,1,0.0034129692832764505,3.4129692832764507,0.0,0.0,0.0,0.0,0.0034129692832764505,3.4129692832764507
2013-12-04,299,0,0,0,0,0.0,0.0,0.0,0.0,0.0,0.0,0.0,0.0
2013-12-05,307,0,0,0,0,0.0,0.0,0.0,0.0,0.0,0.0,0.0,0.0
2013-12-06,300,1,0,0,1,0.0033333333333333335,3.3333333333333335,0.0,0.0,0.0,0.0,0.0033333333333333335,3.3333333333333335
2013-12-07,73,0,0,0,0,0.0,0.0,0.0,0.0,0.0,0.0,0.0,0.0
2013-12-08,82,0,0,0,0,0.0,0.0,0.0,0.0,0.0,0.0,0.0,0.0
2013-12-09,284,0,0,0,0,0.0,0.0,0.0,0.0,0.0,0.0,0.0,0.0
2013-12-10,284,0,0,0,0,0.0,0.0,0.0,0.0,0.0,0.0,0.0,0.0
2013-12-11,293,0,0,0,0,0.0,0.0,0.0,0.0,0.0,0.0,0.0,0.0
2013-12-12,294,1,0,0,1,0.003401360544217687,3.401360544217687,0.0,0.0,0.0,0.0,0.003401360544217687,3.401360544217687
2013-12-13,303,0,0,0,0,0.0,0.0,0.0,0.0,0.0,0.0,0.0,0.0
2013-12-14,88,0,0,0,0,0.0,0.0,0.0,0.0,0.0,0.0,0.0,0.0
2013-12-15,69,0,0,0,0,0.0,0.0,0.0,0.0,0.0,0.0,0.0,0.0
2013-12-16,219,2,0,2,0,0.0091324200913242,9.1324200913242,0.0,0.0,0.0091324200913242,9.1324200913242,0.0,0.0
2013-12-17,255,0,0,0,0,0.0,0.0,0.0,0.0,0.0,0.0,0.0,0.0
2013-12-18,242,0,0,0,0,0.0,0.0,0.0,0.0,0.0,0.0,0.0,0.0
2013-12-19,249,0,0,0,0,0.0,0.0,0.0,0.0,0.0,0.0,0.0,0.0
2013-12-20,252,0,0,0,0,0.0,0.0,0.0,0.0,0.0,0.0,0.0,0.0
2013-12-21,77,0,0,0,0,0.0,0.0,0.0,0.0,0.0,0.0,0.0,0.0
2013-12-22,66,0,0,0,0,0.0,0.0,0.0,0.0,0.0,0.0,0.0,0.0
2013-12-23,195,1,0,1,0,0.005128205128205128,5.128205128205129,0.0,0.0,0.005128205128205128,5.128205128205129,0.0,0.0
2013-12-24,148,0,0,0,0,0.0,0.0,0.0,0.0,0.0,0.0,0.0,0.0
2013-12-25,38,0,0,0,0,0.0,0.0,0.0,0.0,0.0,0.0,0.0,0.0
2013-12-26,102,0,0,0,0,0.0,0.0,0.0,0.0,0.0,0.0,0.0,0.0
2013-12-27,135,0,0,0,0,0.0,0.0,0.0,0.0,0.0,0.0,0.0,0.0
2013-12-28,68,0,0,0,0,0.0,0.0,0.0,0.0,0.0,0.0,0.0,0.0
2013-12-29,66,1,0,1,0,0.015151515151515152,15.151515151515152,0.0,0.0,0.015151515151515152,15.151515151515152,0.0,0.0
2013-12-30,161,1,0,0,1,0.006211180124223602,6.211180124223602,0.0,0.0,0.0,0.0,0.006211180124223602,6.211180124223602
2013-12-31,160,0,0,0,0,0.0,0.0,0.0,0.0,0.0,0.0,0.0,0.0
2014-01-01,123,1,0,1,0,0.008130081300813009,8.130081300813009,0.0,0.0,0.008130081300813009,8.130081300813009,0.0,0.0
2014-01-02,185,0,0,0,0,0.0,0.0,0.0,0.0,0.0,0.0,0.0,0.0
2014-01-03,189,0,0,0,0,0.0,0.0,0.0,0.0,0.0,0.0,0.0,0.0
2014-01-04,77,0,0,0,0,0.0,0.0,0.0,0.0,0.0,0.0,0.0,0.0
2014-01-05,81,0,0,0,0,0.0,0.0,0.0,0.0,0.0,0.0,0.0,0.0
2014-01-06,209,0,0,0,0,0.0,0.0,0.0,0.0,0.0,0.0,0.0,0.0
2014-01-07,239,2,0,0,2,0.008368200836820083,8.368200836820083,0.0,0.0,0.0,0.0,0.008368200836820083,8.368200836820083
2014-01-08,232,0,0,0,0,0.0,0.0,0.0,0.0,0.0,0.0,0.0,0.0
2014-01-09,217,2,0,0,2,0.009216589861751152,9.216589861751151,0.0,0.0,0.0,0.0,0.009216589861751152,9.216589861751151
2014-01-10,248,0,0,0,0,0.0,0.0,0.0,0.0,0.0,0.0,0.0,0.0
2014-01-11,83,1,0,1,0,0.012048192771084338,12.048192771084338,0.0,0.0,0.012048192771084338,12.048192771084338,0.0,0.0
2014-01-12,59,0,0,0,0,0.0,0.0,0.0,0.0,0.0,0.0,0.0,0.0
2014-01-13,229,0,0,0,0,0.0,0.0,0.0,0.0,0.0,0.0,0.0,0.0
2014-01-14,277,0,0,0,0,0.0,0.0,0.0,0.0,0.0,0.0,0.0,0.0
2014-01-15,276,0,0,0,0,0.0,0.0,0.0,0.0,0.0,0.0,0.0,0.0
2014-01-16,247,0,0,0,0,0.0,0.0,0.0,0.0,0.0,0.0,0.0,0.0
2014-01-17,282,0,0,0,0,0.0,0.0,0.0,0.0,0.0,0.0,0.0,0.0
2014-01-18,80,0,0,0,0,0.0,0.0,0.0,0.0,0.0,0.0,0.0,0.0
2014-01-19,72,0,0,0,0,0.0,0.0,0.0,0.0,0.0,0.0,0.0,0.0
2014-01-20,285,0,0,0,0,0.0,0.0,0.0,0.0,0.0,0.0,0.0,0.0
2014-01-21,279,0,0,0,0,0.0,0.0,0.0,0.0,0.0,0.0,0.0,0.0
2014-01-22,279,1,0,0,1,0.0035842293906810036,3.5842293906810037,0.0,0.0,0.0,0.0,0.0035842293906810036,3.5842293906810037
2014-01-23,276,0,0,0,0,0.0,0.0,0.0,0.0,0.0,0.0,0.0,0.0
2014-01-24,244,0,0,0,0,0.0,0.0,0.0,0.0,0.0,0.0,0.0,0.0
2014-01-25,70,0,0,0,0,0.0,0.0,0.0,0.0,0.0,0.0,0.0,0.0
2014-01-26,84,0,0,0,0,0.0,0.0,0.0,0.0,0.0,0.0,0.0,0.0
2014-01-27,226,0,0,0,0,0.0,0.0,0.0,0.0,0.0,0.0,0.0,0.0
2014-01-28,289,0,0,0,0,0.0,0.0,0.0,0.0,0.0,0.0,0.0,0.0
2014-01-29,298,0,0,0,0,0.0,0.0,0.0,0.0,0.0,0.0,0.0,0.0
2014-01-30,295,0,0,0,0,0.0,0.0,0.0,0.0,0.0,0.0,0.0,0.0
2014-01-31,313,0,0,0,0,0.0,0.0,0.0,0.0,0.0,0.0,0.0,0.0
2014-02-01,82,0,0,0,0,0.0,0.0,0.0,0.0,0.0,0.0,0.0,0.0
2014-02-02,68,0,0,0,0,0.0,0.0,0.0,0.0,0.0,0.0,0.0,0.0
2014-02-03,294,0,0,0,0,0.0,0.0,0.0,0.0,0.0,0.0,0.0,0.0
2014-02-04,298,0,0,0,0,0.0,0.0,0.0,0.0,0.0,0.0,0.0,0.0
2014-02-05,301,0,0,0,0,0.0,0.0,0.0,0.0,0.0,0.0,0.0,0.0
2014-02-06,311,1,0,1,0,0.003215434083601286,3.215434083601286,0.0,0.0,0.003215434083601286,3.215434083601286,0.0,0.0
2014-02-07,310,0,0,0,0,0.0,0.0,0.0,0.0,0.0,0.0,0.0,0.0
2014-02-08,90,0,0,0,0,0.0,0.0,0.0,0.0,0.0,0.0,0.0,0.0
2014-02-09,82,0,0,0,0,0.0,0.0,0.0,0.0,0.0,0.0,0.0,0.0
2014-02-10,308,0,0,0,0,0.0,0.0,0.0,0.0,0.0,0.0,0.0,0.0
2014-02-11,301,0,0,0,0,0.0,0.0,0.0,0.0,0.0,0.0,0.0,0.0
2014-02-12,321,0,0,0,0,0.0,0.0,0.0,0.0,0.0,0.0,0.0,0.0
2014-02-13,319,0,0,0,0,0.0,0.0,0.0,0.0,0.0,0.0,0.0,0.0
2014-02-14,318,0,0,0,0,0.0,0.0,0.0,0.0,0.0,0.0,0.0,0.0
2014-02-15,103,0,0,0,0,0.0,0.0,0.0,0.0,0.0,0.0,0.0,0.0
2014-02-16,94,0,0,0,0,0.0,0.0,0.0,0.0,0.0,0.0,0.0,0.0
2014-02-17,294,0,0,0,0,0.0,0.0,0.0,0.0,0.0,0.0,0.0,0.0
2014-02-18,298,0,0,0,0,0.0,0.0,0.0,0.0,0.0,0.0,0.0,0.0
2014-02-19,296,0,0,0,0,0.0,0.0,0.0,0.0,0.0,0.0,0.0,0.0
2014-02-20,327,0,0,0,0,0.0,0.0,0.0,0.0,0.0,0.0,0.0,0.0
2014-02-21,323,0,0,0,0,0.0,0.0,0.0,0.0,0.0,0.0,0.0,0.0
2014-02-22,103,0,0,0,0,0.0,0.0,0.0,0.0,0.0,0.0,0.0,0.0
2014-02-23,92,0,0,0,0,0.0,0.0,0.0,0.0,0.0,0.0,0.0,0.0
2014-02-24,309,0,0,0,0,0.0,0.0,0.0,0.0,0.0,0.0,0.0,0.0
2014-02-25,288,3,0,3,0,0.010416666666666666,10.416666666666666,0.0,0.0,0.010416666666666666,10.416666666666666,0.0,0.0
2014-02-26,322,0,0,0,0,0.0,0.0,0.0,0.0,0.0,0.0,0.0,0.0
2014-02-27,315,0,0,0,0,0.0,0.0,0.0,0.0,0.0,0.0,0.0,0.0
2014-02-28,291,0,0,0,0,0.0,0.0,0.0,0.0,0.0,0.0,0.0,0.0
2014-03-01,72,0,0,0,0,0.0,0.0,0.0,0.0,0.0,0.0,0.0,0.0
2014-03-02,78,0,0,0,0,0.0,0.0,0.0,0.0,0.0,0.0,0.0,0.0
2014-03-03,310,0,0,0,0,0.0,0.0,0.0,0.0,0.0,0.0,0.0,0.0
2014-03-04,279,0,0,0,0,0.0,0.0,0.0,0.0,0.0,0.0,0.0,0.0
2014-03-05,288,0,0,0,0,0.0,0.0,0.0,0.0,0.0,0.0,0.0,0.0
2014-03-06,322,0,0,0,0,0.0,0.0,0.0,0.0,0.0,0.0,0.0,0.0
2014-03-07,262,0,0,0,0,0.0,0.0,0.0,0.0,0.0,0.0,0.0,0.0
2014-03-08,77,0,0,0,0,0.0,0.0,0.0,0.0,0.0,0.0,0.0,0.0
2014-03-09,76,0,0,0,0,0.0,0.0,0.0,0.0,0.0,0.0,0.0,0.0
2014-03-10,267,0,0,0,0,0.0,0.0,0.0,0.0,0.0,0.0,0.0,0.0
2014-03-11,293,0,0,0,0,0.0,0.0,0.0,0.0,0.0,0.0,0.0,0.0
2014-03-12,294,0,0,0,0,0.0,0.0,0.0,0.0,0.0,0.0,0.0,0.0
2014-03-13,299,1,0,1,0,0.0033444816053511705,3.3444816053511706,0.0,0.0,0.0033444816053511705,3.3444816053511706,0.0,0.0
2014-03-14,315,0,0,0,0,0.0,0.0,0.0,0.0,0.0,0.0,0.0,0.0
2014-03-15,114,0,0,0,0,0.0,0.0,0.0,0.0,0.0,0.0,0.0,0.0
2014-03-16,80,0,0,0,0,0.0,0.0,0.0,0.0,0.0,0.0,0.0,0.0
2014-03-17,274,1,0,1,0,0.0036496350364963502,3.6496350364963503,0.0,0.0,0.0036496350364963502,3.6496350364963503,0.0,0.0
2014-03-18,264,1,0,0,1,0.003787878787878788,3.787878787878788,0.0,0.0,0.0,0.0,0.003787878787878788,3.787878787878788
2014-03-19,319,0,0,0,0,0.0,0.0,0.0,0.0,0.0,0.0,0.0,0.0
2014-03-20,295,0,0,0,0,0.0,0.0,0.0,0.0,0.0,0.0,0.0,0.0
2014-03-21,284,1,0,0,1,0.0035211267605633804,3.5211267605633805,0.0,0.0,0.0,0.0,0.0035211267605633804,3.5211267605633805
2014-03-22,117,0,0,0,0,0.0,0.0,0.0,0.0,0.0,0.0,0.0,0.0
2014-03-23,89,0,0,0,0,0.0,0.0,0.0,0.0,0.0,0.0,0.0,0.0
2014-03-24,294,0,0,0,0,0.0,0.0,0.0,0.0,0.0,0.0,0.0,0.0
2014-03-25,293,0,0,0,0,0.0,0.0,0.0,0.0,0.0,0.0,0.0,0.0
2014-03-26,294,1,0,1,0,0.003401360544217687,3.401360544217687,0.0,0.0,0.003401360544217687,3.401360544217687,0.0,0.0
2014-03-27,318,0,0,0,0,0.0,0.0,0.0,0.0,0.0,0.0,0.0,0.0
2014-03-28,302,0,0,0,0,0.0,0.0,0.0,0.0,0.0,0.0,0.0,0.0
2014-03-29,108,0,0,0,0,0.0,0.0,0.0,0.0,0.0,0.0,0.0,0.0
2014-03-30,94,0,0,0,0,0.0,0.0,0.0,0.0,0.0,0.0,0.0,0.0
2014-03-31,292,0,0,0,0,0.0,0.0,0.0,0.0,0.0,0.0,0.0,0.0
2014-04-01,306,0,0,0,0,0.0,0.0,0.0,0.0,0.0,0.0,0.0,0.0
2014-04-02,294,1,0,0,1,0.003401360544217687,3.401360544217687,0.0,0.0,0.0,0.0,0.003401360544217687,3.401360544217687
2014-04-03,307,0,0,0,0,0.0,0.0,0.0,0.0,0.0,0.0,0.0,0.0
2014-04-04,299,1,0,0,1,0.0033444816053511705,3.3444816053511706,0.0,0.0,0.0,0.0,0.0033444816053511705,3.3444816053511706
2014-04-05,115,0,0,0,0,0.0,0.0,0.0,0.0,0.0,0.0,0.0,0.0
2014-04-06,86,0,0,0,0,0.0,0.0,0.0,0.0,0.0,0.0,0.0,0.0
2014-04-07,319,0,0,0,0,0.0,0.0,0.0,0.0,0.0,0.0,0.0,0.0
2014-04-08,320,0,0,0,0,0.0,0.0,0.0,0.0,0.0,0.0,0.0,0.0
2014-04-09,317,0,0,0,0,0.0,0.0,0.0,0.0,0.0,0.0,0.0,0.0
2014-04-10,313,0,0,0,0,0.0,0.0,0.0,0.0,0.0,0.0,0.0,0.0
2014-04-11,305,0,0,0,0,0.0,0.0,0.0,0.0,0.0,0.0,0.0,0.0
2014-04-12,101,0,0,0,0,0.0,0.0,0.0,0.0,0.0,0.0,0.0,0.0
2014-04-13,79,1,0,1,0,0.012658227848101266,12.658227848101266,0.0,0.0,0.012658227848101266,12.658227848101266,0.0,0.0
2014-04-14,292,0,0,0,0,0.0,0.0,0.0,0.0,0.0,0.0,0.0,0.0
2014-04-15,342,0,0,0,0,0.0,0.0,0.0,0.0,0.0,0.0,0.0,0.0
2014-04-16,305,0,0,0,0,0.0,0.0,0.0,0.0,0.0,0.0,0.0,0.0
2014-04-17,268,0,0,0,0,0.0,0.0,0.0,0.0,0.0,0.0,0.0,0.0
2014-04-18,85,0,0,0,0,0.0,0.0,0.0,0.0,0.0,0.0,0.0,0.0
2014-04-19,92,0,0,0,0,0.0,0.0,0.0,0.0,0.0,0.0,0.0,0.0
2014-04-20,67,0,0,0,0,0.0,0.0,0.0,0.0,0.0,0.0,0.0,0.0
2014-04-21,198,0,0,0,0,0.0,0.0,0.0,0.0,0.0,0.0,0.0,0.0
2014-04-22,265,0,0,0,0,0.0,0.0,0.0,0.0,0.0,0.0,0.0,0.0
2014-04-23,281,1,0,1,0,0.0035587188612099642,3.558718861209964,0.0,0.0,0.0035587188612099642,3.558718861209964,0.0,0.0
2014-04-24,229,0,0,0,0,0.0,0.0,0.0,0.0,0.0,0.0,0.0,0.0
2014-04-25,220,0,0,0,0,0.0,0.0,0.0,0.0,0.0,0.0,0.0,0.0
2014-04-26,96,0,0,0,0,0.0,0.0,0.0,0.0,0.0,0.0,0.0,0.0
2014-04-27,66,0,0,0,0,0.0,0.0,0.0,0.0,0.0,0.0,0.0,0.0
2014-04-28,255,0,0,0,0,0.0,0.0,0.0,0.0,0.0,0.0,0.0,0.0
2014-04-29,281,1,0,0,1,0.0035587188612099642,3.558718861209964,0.0,0.0,0.0,0.0,0.0035587188612099642,3.558718861209964
2014-04-30,291,1,0,1,0,0.003436426116838488,3.4364261168384878,0.0,0.0,0.003436426116838488,3.4364261168384878,0.0,0.0
2014-05-01,275,0,0,0,0,0.0,0.0,0.0,0.0,0.0,0.0,0.0,0.0
2014-05-02,273,0,0,0,0,0.0,0.0,0.0,0.0,0.0,0.0,0.0,0.0
2014-05-03,91,0,0,0,0,0.0,0.0,0.0,0.0,0.0,0.0,0.0,0.0
2014-05-04,77,0,0,0,0,0.0,0.0,0.0,0.0,0.0,0.0,0.0,0.0
2014-05-05,297,0,0,0,0,0.0,0.0,0.0,0.0,0.0,0.0,0.0,0.0
2014-05-06,282,0,0,0,0,0.0,0.0,0.0,0.0,0.0,0.0,0.0,0.0
2014-05-07,304,0,0,0,0,0.0,0.0,0.0,0.0,0.0,0.0,0.0,0.0
2014-05-08,311,4,0,0,4,0.012861736334405145,12.861736334405144,0.0,0.0,0.0,0.0,0.012861736334405145,12.861736334405144
2014-05-09,349,5,0,0,5,0.014326647564469915,14.326647564469916,0.0,0.0,0.0,0.0,0.014326647564469915,14.326647564469916
2014-05-10,92,0,0,0,0,0.0,0.0,0.0,0.0,0.0,0.0,0.0,0.0
2014-05-11,86,1,0,0,1,0.011627906976744186,11.627906976744185,0.0,0.0,0.0,0.0,0.011627906976744186,11.627906976744185
2014-05-12,286,0,0,0,0,0.0,0.0,0.0,0.0,0.0,0.0,0.0,0.0
2014-05-13,332,0,0,0,0,0.0,0.0,0.0,0.0,0.0,0.0,0.0,0.0
2014-05-14,276,2,0,0,2,0.007246376811594203,7.246376811594203,0.0,0.0,0.0,0.0,0.007246376811594203,7.246376811594203
2014-05-15,319,0,0,0,0,0.0,0.0,0.0,0.0,0.0,0.0,0.0,0.0
2014-05-16,313,0,0,0,0,0.0,0.0,0.0,0.0,0.0,0.0,0.0,0.0
2014-05-17,84,0,0,0,0,0.0,0.0,0.0,0.0,0.0,0.0,0.0,0.0
2014-05-18,87,0,0,0,0,0.0,0.0,0.0,0.0,0.0,0.0,0.0,0.0
2014-05-19,288,0,0,0,0,0.0,0.0,0.0,0.0,0.0,0.0,0.0,0.0
2014-05-20,316,1,0,1,0,0.0031645569620253164,3.1645569620253164,0.0,0.0,0.0031645569620253164,3.1645569620253164,0.0,0.0
2014-05-21,304,0,0,0,0,0.0,0.0,0.0,0.0,0.0,0.0,0.0,0.0
2014-05-22,296,0,0,0,0,0.0,0.0,0.0,0.0,0.0,0.0,0.0,0.0
2014-05-23,302,1,0,1,0,0.0033112582781456954,3.3112582781456954,0.0,0.0,0.0033112582781456954,3.3112582781456954,0.0,0.0
2014-05-24,100,0,0,0,0,0.0,0.0,0.0,0.0,0.0,0.0,0.0,0.0
2014-05-25,66,0,0,0,0,0.0,0.0,0.0,0.0,0.0,0.0,0.0,0.0
2014-05-26,303,0,0,0,0,0.0,0.0,0.0,0.0,0.0,0.0,0.0,0.0
2014-05-27,308,0,0,0,0,0.0,0.0,0.0,0.0,0.0,0.0,0.0,0.0
2014-05-28,323,0,0,0,0,0.0,0.0,0.0,0.0,0.0,0.0,0.0,0.0
2014-05-29,283,0,0,0,0,0.0,0.0,0.0,0.0,0.0,0.0,0.0,0.0
2014-05-30,345,0,0,0,0,0.0,0.0,0.0,0.0,0.0,0.0,0.0,0.0
2014-05-31,85,1,0,1,0,0.011764705882352941,11.76470588235294,0.0,0.0,0.011764705882352941,11.76470588235294,0.0,0.0
2014-06-01,91,0,0,0,0,0.0,0.0,0.0,0.0,0.0,0.0,0.0,0.0
2014-06-02,272,0,0,0,0,0.0,0.0,0.0,0.0,0.0,0.0,0.0,0.0
2014-06-03,276,0,0,0,0,0.0,0.0,0.0,0.0,0.0,0.0,0.0,0.0
2014-06-04,306,3,0,0,3,0.00980392156862745,9.803921568627452,0.0,0.0,0.0,0.0,0.00980392156862745,9.803921568627452
2014-06-05,265,1,0,0,1,0.0037735849056603774,3.7735849056603774,0.0,0.0,0.0,0.0,0.0037735849056603774,3.7735849056603774
2014-06-06,295,1,0,0,1,0.003389830508474576,3.389830508474576,0.0,0.0,0.0,0.0,0.003389830508474576,3.389830508474576
2014-06-07,91,0,0,0,0,0.0,0.0,0.0,0.0,0.0,0.0,0.0,0.0
2014-06-08,89,0,0,0,0,0.0,0.0,0.0,0.0,0.0,0.0,0.0,0.0
2014-06-09,245,0,0,0,0,0.0,0.0,0.0,0.0,0.0,0.0,0.0,0.0
2014-06-10,303,0,0,0,0,0.0,0.0,0.0,0.0,0.0,0.0,0.0,0.0
2014-06-11,308,0,0,0,0,0.0,0.0,0.0,0.0,0.0,0.0,0.0,0.0
2014-06-12,303,0,0,0,0,0.0,0.0,0.0,0.0,0.0,0.0,0.0,0.0
2014-06-13,276,1,0,0,1,0.0036231884057971015,3.6231884057971016,0.0,0.0,0.0,0.0,0.0036231884057971015,3.6231884057971016
2014-06-14,91,0,0,0,0,0.0,0.0,0.0,0.0,0.0,0.0,0.0,0.0
2014-06-15,86,0,0,0,0,0.0,0.0,0.0,0.0,0.0,0.0,0.0,0.0
2014-06-16,321,1,1,1,0,0.003115264797507788,3.115264797507788,0.003115264797507788,3.115264797507788,0.003115264797507788,3.115264797507788,0.0,0.0
2014-06-17,297,3,0,2,1,0.010101010101010102,10.101010101010102,0.0,0.0,0.006734006734006734,6.7340067340067336,0.003367003367003367,3.3670033670033668
2014-06-18,325,1,0,1,0,0.003076923076923077,3.076923076923077,0.0,0.0,0.003076923076923077,3.076923076923077,0.0,0.0
2014-06-19,313,0,0,0,0,0.0,0.0,0.0,0.0,0.0,0.0,0.0,0.0
2014-06-20,297,1,0,1,0,0.003367003367003367,3.3670033670033668,0.0,0.0,0.003367003367003367,3.3670033670033668,0.0,0.0
2014-06-21,118,0,0,0,0,0.0,0.0,0.0,0.0,0.0,0.0,0.0,0.0
2014-06-22,85,0,0,0,0,0.0,0.0,0.0,0.0,0.0,0.0,0.0,0.0
2014-06-23,306,0,0,0,0,0.0,0.0,0.0,0.0,0.0,0.0,0.0,0.0
2014-06-24,317,3,0,0,3,0.00946372239747634,9.46372239747634,0.0,0.0,0.0,0.0,0.00946372239747634,9.46372239747634
2014-06-25,311,0,0,0,0,0.0,0.0,0.0,0.0,0.0,0.0,0.0,0.0
2014-06-26,306,0,0,0,0,0.0,0.0,0.0,0.0,0.0,0.0,0.0,0.0
2014-06-27,312,0,0,0,0,0.0,0.0,0.0,0.0,0.0,0.0,0.0,0.0
2014-06-28,90,0,0,0,0,0.0,0.0,0.0,0.0,0.0,0.0,0.0,0.0
2014-06-29,95,0,0,0,0,0.0,0.0,0.0,0.0,0.0,0.0,0.0,0.0
2014-06-30,286,1,0,0,1,0.0034965034965034965,3.4965034965034967,0.0,0.0,0.0,0.0,0.0034965034965034965,3.4965034965034967
2014-07-01,300,0,0,0,0,0.0,0.0,0.0,0.0,0.0,0.0,0.0,0.0
2014-07-02,303,1,0,1,0,0.0033003300330033004,3.3003300330033003,0.0,0.0,0.0033003300330033004,3.3003300330033003,0.0,0.0
2014-07-03,295,0,0,0,0,0.0,0.0,0.0,0.0,0.0,0.0,0.0,0.0
2014-07-04,289,0,0,0,0,0.0,0.0,0.0,0.0,0.0,0.0,0.0,0.0
2014-07-05,105,0,0,0,0,0.0,0.0,0.0,0.0,0.0,0.0,0.0,0.0
2014-07-06,87,0,0,0,0,0.0,0.0,0.0,0.0,0.0,0.0,0.0,0.0
2014-07-07,295,0,0,0,0,0.0,0.0,0.0,0.0,0.0,0.0,0.0,0.0
2014-07-08,270,0,0,0,0,0.0,0.0,0.0,0.0,0.0,0.0,0.0,0.0
2014-07-09,317,0,0,0,0,0.0,0.0,0.0,0.0,0.0,0.0,0.0,0.0
2014-07-10,287,0,0,0,0,0.0,0.0,0.0,0.0,0.0,0.0,0.0,0.0
2014-07-11,274,0,0,0,0,0.0,0.0,0.0,0.0,0.0,0.0,0.0,0.0
2014-07-12,97,0,0,0,0,0.0,0.0,0.0,0.0,0.0,0.0,0.0,0.0
2014-07-13,65,0,0,0,0,0.0,0.0,0.0,0.0,0.0,0.0,0.0,0.0
2014-07-14,287,0,0,0,0,0.0,0.0,0.0,0.0,0.0,0.0,0.0,0.0
2014-07-15,300,1,0,0,1,0.0033333333333333335,3.3333333333333335,0.0,0.0,0.0,0.0,0.0033333333333333335,3.3333333333333335
2014-07-16,280,0,0,0,0,0.0,0.0,0.0,0.0,0.0,0.0,0.0,0.0
2014-07-17,304,0,0,0,0,0.0,0.0,0.0,0.0,0.0,0.0,0.0,0.0
2014-07-18,224,0,0,0,0,0.0,0.0,0.0,0.0,0.0,0.0,0.0,0.0
2014-07-19,85,1,0,0,1,0.011764705882352941,11.76470588235294,0.0,0.0,0.0,0.0,0.011764705882352941,11.76470588235294
2014-07-20,81,0,0,0,0,0.0,0.0,0.0,0.0,0.0,0.0,0.0,0.0
2014-07-21,283,0,0,0,0,0.0,0.0,0.0,0.0,0.0,0.0,0.0,0.0
2014-07-22,308,0,0,0,0,0.0,0.0,0.0,0.0,0.0,0.0,0.0,0.0
2014-07-23,308,0,0,0,0,0.0,0.0,0.0,0.0,0.0,0.0,0.0,0.0
2014-07-24,299,0,0,0,0,0.0,0.0,0.0,0.0,0.0,0.0,0.0,0.0
2014-07-25,285,0,0,0,0,0.0,0.0,0.0,0.0,0.0,0.0,0.0,0.0
2014-07-26,114,0,0,0,0,0.0,0.0,0.0,0.0,0.0,0.0,0.0,0.0
2014-07-27,156,0,0,0,0,0.0,0.0,0.0,0.0,0.0,0.0,0.0,0.0
2014-07-28,278,0,0,0,0,0.0,0.0,0.0,0.0,0.0,0.0,0.0,0.0
2014-07-29,309,0,0,0,0,0.0,0.0,0.0,0.0,0.0,0.0,0.0,0.0
2014-07-30,295,0,0,0,0,0.0,0.0,0.0,0.0,0.0,0.0,0.0,0.0
2014-07-31,283,0,0,0,0,0.0,0.0,0.0,0.0,0.0,0.0,0.0,0.0
2014-08-01,295,0,0,0,0,0.0,0.0,0.0,0.0,0.0,0.0,0.0,0.0
2014-08-02,102,1,0,1,0,0.00980392156862745,9.803921568627452,0.0,0.0,0.00980392156862745,9.803921568627452,0.0,0.0
2014-08-03,107,0,0,0,0,0.0,0.0,0.0,0.0,0.0,0.0,0.0,0.0
2014-08-04,296,0,0,0,0,0.0,0.0,0.0,0.0,0.0,0.0,0.0,0.0
2014-08-05,274,0,0,0,0,0.0,0.0,0.0,0.0,0.0,0.0,0.0,0.0
2014-08-06,289,0,0,0,0,0.0,0.0,0.0,0.0,0.0,0.0,0.0,0.0
2014-08-07,277,0,0,0,0,0.0,0.0,0.0,0.0,0.0,0.0,0.0,0.0
2014-08-08,289,0,0,0,0,0.0,0.0,0.0,0.0,0.0,0.0,0.0,0.0
2014-08-09,92,0,0,0,0,0.0,0.0,0.0,0.0,0.0,0.0,0.0,0.0
2014-08-10,92,0,0,0,0,0.0,0.0,0.0,0.0,0.0,0.0,0.0,0.0
2014-08-11,213,1,0,0,1,0.004694835680751174,4.694835680751174,0.0,0.0,0.0,0.0,0.004694835680751174,4.694835680751174
2014-08-12,219,0,0,0,0,0.0,0.0,0.0,0.0,0.0,0.0,0.0,0.0
2014-08-13,236,1,1,0,0,0.00423728813559322,4.237288135593221,0.00423728813559322,4.237288135593221,0.0,0.0,0.0,0.0
2014-08-14,244,4,0,0,4,0.01639344262295082,16.393442622950822,0.0,0.0,0.0,0.0,0.01639344262295082,16.393442622950822
2014-08-15,248,1,0,0,1,0.004032258064516129,4.032258064516129,0.0,0.0,0.0,0.0,0.004032258064516129,4.032258064516129
2014-08-16,111,0,0,0,0,0.0,0.0,0.0,0.0,0.0,0.0,0.0,0.0
2014-08-17,90,0,0,0,0,0.0,0.0,0.0,0.0,0.0,0.0,0.0,0.0
2014-08-18,278,0,0,0,0,0.0,0.0,0.0,0.0,0.0,0.0,0.0,0.0
2014-08-19,288,0,0,0,0,0.0,0.0,0.0,0.0,0.0,0.0,0.0,0.0
2014-08-20,281,1,0,0,1,0.0035587188612099642,3.558718861209964,0.0,0.0,0.0,0.0,0.0035587188612099642,3.558718861209964
2014-08-21,259,0,0,0,0,0.0,0.0,0.0,0.0,0.0,0.0,0.0,0.0
2014-08-22,285,2,0,0,2,0.007017543859649123,7.017543859649123,0.0,0.0,0.0,0.0,0.007017543859649123,7.017543859649123
2014-08-23,112,0,0,0,0,0.0,0.0,0.0,0.0,0.0,0.0,0.0,0.0
2014-08-24,97,0,0,0,0,0.0,0.0,0.0,0.0,0.0,0.0,0.0,0.0
2014-08-25,278,0,0,0,0,0.0,0.0,0.0,0.0,0.0,0.0,0.0,0.0
2014-08-26,272,0,0,0,0,0.0,0.0,0.0,0.0,0.0,0.0,0.0,0.0
2014-08-27,271,0,0,0,0,0.0,0.0,0.0,0.0,0.0,0.0,0.0,0.0
2014-08-28,245,0,0,0,0,0.0,0.0,0.0,0.0,0.0,0.0,0.0,0.0
2014-08-29,259,0,0,0,0,0.0,0.0,0.0,0.0,0.0,0.0,0.0,0.0
2014-08-30,81,0,0,0,0,0.0,0.0,0.0,0.0,0.0,0.0,0.0,0.0
2014-08-31,82,0,0,0,0,0.0,0.0,0.0,0.0,0.0,0.0,0.0,0.0
2014-09-01,278,0,0,0,0,0.0,0.0,0.0,0.0,0.0,0.0,0.0,0.0
2014-09-02,283,0,0,0,0,0.0,0.0,0.0,0.0,0.0,0.0,0.0,0.0
2014-09-03,290,0,0,0,0,0.0,0.0,0.0,0.0,0.0,0.0,0.0,0.0
2014-09-04,273,1,0,0,1,0.003663003663003663,3.663003663003663,0.0,0.0,0.0,0.0,0.003663003663003663,3.663003663003663
2014-09-05,243,0,0,0,0,0.0,0.0,0.0,0.0,0.0,0.0,0.0,0.0
2014-09-06,96,0,0,0,0,0.0,0.0,0.0,0.0,0.0,0.0,0.0,0.0
2014-09-07,82,0,0,0,0,0.0,0.0,0.0,0.0,0.0,0.0,0.0,0.0
2014-09-08,262,0,0,0,0,0.0,0.0,0.0,0.0,0.0,0.0,0.0,0.0
2014-09-09,283,0,0,0,0,0.0,0.0,0.0,0.0,0.0,0.0,0.0,0.0
2014-09-10,294,0,0,0,0,0.0,0.0,0.0,0.0,0.0,0.0,0.0,0.0
2014-09-11,276,1,0,0,1,0.0036231884057971015,3.6231884057971016,0.0,0.0,0.0,0.0,0.0036231884057971015,3.6231884057971016
2014-09-12,284,1,0,1,0,0.0035211267605633804,3.5211267605633805,0.0,0.0,0.0035211267605633804,3.5211267605633805,0.0,0.0
2014-09-13,89,0,0,0,0,0.0,0.0,0.0,0.0,0.0,0.0,0.0,0.0
2014-09-14,84,1,0,0,1,0.011904761904761904,11.904761904761903,0.0,0.0,0.0,0.0,0.011904761904761904,11.904761904761903
2014-09-15,271,0,0,0,0,0.0,0.0,0.0,0.0,0.0,0.0,0.0,0.0
2014-09-16,262,2,0,1,2,0.007633587786259542,7.633587786259541,0.0,0.0,0.003816793893129771,3.8167938931297707,0.007633587786259542,7.633587786259541
2014-09-17,294,0,0,0,0,0.0,0.0,0.0,0.0,0.0,0.0,0.0,0.0
2014-09-18,266,0,0,0,0,0.0,0.0,0.0,0.0,0.0,0.0,0.0,0.0
2014-09-19,276,0,0,0,0,0.0,0.0,0.0,0.0,0.0,0.0,0.0,0.0
2014-09-20,85,0,0,0,0,0.0,0.0,0.0,0.0,0.0,0.0,0.0,0.0
2014-09-21,75,0,0,0,0,0.0,0.0,0.0,0.0,0.0,0.0,0.0,0.0
2014-09-22,215,0,0,0,0,0.0,0.0,0.0,0.0,0.0,0.0,0.0,0.0
2014-09-23,234,1,0,0,1,0.004273504273504274,4.273504273504274,0.0,0.0,0.0,0.0,0.004273504273504274,4.273504273504274
2014-09-24,238,0,0,0,0,0.0,0.0,0.0,0.0,0.0,0.0,0.0,0.0
2014-09-25,248,1,0,0,1,0.004032258064516129,4.032258064516129,0.0,0.0,0.0,0.0,0.004032258064516129,4.032258064516129
2014-09-26,237,0,0,0,0,0.0,0.0,0.0,0.0,0.0,0.0,0.0,0.0
2014-09-27,80,0,0,0,0,0.0,0.0,0.0,0.0,0.0,0.0,0.0,0.0
2014-09-28,76,0,0,0,0,0.0,0.0,0.0,0.0,0.0,0.0,0.0,0.0
2014-09-29,247,0,0,0,0,0.0,0.0,0.0,0.0,0.0,0.0,0.0,0.0
2014-09-30,260,0,0,0,0,0.0,0.0,0.0,0.0,0.0,0.0,0.0,0.0
2014-10-01,283,0,0,0,0,0.0,0.0,0.0,0.0,0.0,0.0,0.0,0.0
2014-10-02,285,0,0,0,0,0.0,0.0,0.0,0.0,0.0,0.0,0.0,0.0
2014-10-03,276,0,0,0,0,0.0,0.0,0.0,0.0,0.0,0.0,0.0,0.0
2014-10-04,68,0,0,0,0,0.0,0.0,0.0,0.0,0.0,0.0,0.0,0.0
2014-10-05,87,0,0,0,0,0.0,0.0,0.0,0.0,0.0,0.0,0.0,0.0
2014-10-06,234,0,0,0,0,0.0,0.0,0.0,0.0,0.0,0.0,0.0,0.0
2014-10-07,274,1,0,0,1,0.0036496350364963502,3.6496350364963503,0.0,0.0,0.0,0.0,0.0036496350364963502,3.6496350364963503
2014-10-08,266,0,0,0,0,0.0,0.0,0.0,0.0,0.0,0.0,0.0,0.0
2014-10-09,296,1,0,0,1,0.0033783783783783786,3.3783783783783785,0.0,0.0,0.0,0.0,0.0033783783783783786,3.3783783783783785
2014-10-10,293,0,0,0,0,0.0,0.0,0.0,0.0,0.0,0.0,0.0,0.0
2014-10-11,94,0,0,0,0,0.0,0.0,0.0,0.0,0.0,0.0,0.0,0.0
2014-10-12,80,0,0,0,0,0.0,0.0,0.0,0.0,0.0,0.0,0.0,0.0
2014-10-13,295,0,0,0,0,0.0,0.0,0.0,0.0,0.0,0.0,0.0,0.0
2014-10-14,299,1,0,1,0,0.0033444816053511705,3.3444816053511706,0.0,0.0,0.0033444816053511705,3.3444816053511706,0.0,0.0
2014-10-15,306,1,0,1,0,0.0032679738562091504,3.2679738562091503,0.0,0.0,0.0032679738562091504,3.2679738562091503,0.0,0.0
2014-10-16,316,0,0,0,0,0.0,0.0,0.0,0.0,0.0,0.0,0.0,0.0
2014-10-17,280,1,0,0,1,0.0035714285714285713,3.571428571428571,0.0,0.0,0.0,0.0,0.0035714285714285713,3.571428571428571
2014-10-18,92,1,0,0,1,0.010869565217391304,10.869565217391305,0.0,0.0,0.0,0.0,0.010869565217391304,10.869565217391305
2014-10-19,82,0,0,0,0,0.0,0.0,0.0,0.0,0.0,0.0,0.0,0.0
2014-10-20,279,0,0,0,0,0.0,0.0,0.0,0.0,0.0,0.0,0.0,0.0
2014-10-21,271,0,0,0,0,0.0,0.0,0.0,0.0,0.0,0.0,0.0,0.0
2014-10-22,281,0,0,0,0,0.0,0.0,0.0,0.0,0.0,0.0,0.0,0.0
2014-10-23,274,1,1,0,0,0.0036496350364963502,3.6496350364963503,0.0036496350364963502,3.6496350364963503,0.0,0.0,0.0,0.0
2014-10-24,312,0,0,0,0,0.0,0.0,0.0,0.0,0.0,0.0,0.0,0.0
2014-10-25,87,0,0,0,0,0.0,0.0,0.0,0.0,0.0,0.0,0.0,0.0
2014-10-26,82,0,0,0,0,0.0,0.0,0.0,0.0,0.0,0.0,0.0,0.0
2014-10-27,280,0,0,0,0,0.0,0.0,0.0,0.0,0.0,0.0,0.0,0.0
2014-10-28,297,3,0,0,3,0.010101010101010102,10.101010101010102,0.0,0.0,0.0,0.0,0.010101010101010102,10.101010101010102
2014-10-29,300,3,0,0,3,0.01,10.0,0.0,0.0,0.0,0.0,0.01,10.0
2014-10-30,302,0,0,0,0,0.0,0.0,0.0,0.0,0.0,0.0,0.0,0.0
2014-10-31,239,1,0,0,1,0.0041841004184100415,4.184100418410042,0.0,0.0,0.0,0.0,0.0041841004184100415,4.184100418410042
2014-11-01,86,0,0,0,0,0.0,0.0,0.0,0.0,0.0,0.0,0.0,0.0
2014-11-02,92,0,0,0,0,0.0,0.0,0.0,0.0,0.0,0.0,0.0,0.0
2014-11-03,273,0,0,0,0,0.0,0.0,0.0,0.0,0.0,0.0,0.0,0.0
2014-11-04,266,1,1,0,0,0.0037593984962406013,3.7593984962406015,0.0037593984962406013,3.7593984962406015,0.0,0.0,0.0,0.0
2014-11-05,296,3,3,0,0,0.010135135135135136,10.135135135135135,0.010135135135135136,10.135135135135135,0.0,0.0,0.0,0.0
2014-11-06,279,0,0,0,0,0.0,0.0,0.0,0.0,0.0,0.0,0.0,0.0
2014-11-07,309,0,0,0,0,0.0,0.0,0.0,0.0,0.0,0.0,0.0,0.0
2014-11-08,88,0,0,0,0,0.0,0.0,0.0,0.0,0.0,0.0,0.0,0.0
2014-11-09,97,0,0,0,0,0.0,0.0,0.0,0.0,0.0,0.0,0.0,0.0
2014-11-10,273,4,0,0,4,0.014652014652014652,14.652014652014651,0.0,0.0,0.0,0.0,0.014652014652014652,14.652014652014651
2014-11-11,300,2,0,1,1,0.006666666666666667,6.666666666666667,0.0,0.0,0.0033333333333333335,3.3333333333333335,0.0033333333333333335,3.3333333333333335
2014-11-12,311,0,0,0,0,0.0,0.0,0.0,0.0,0.0,0.0,0.0,0.0
2014-11-13,283,0,0,0,0,0.0,0.0,0.0,0.0,0.0,0.0,0.0,0.0
2014-11-14,294,2,0,0,2,0.006802721088435374,6.802721088435374,0.0,0.0,0.0,0.0,0.006802721088435374,6.802721088435374
2014-11-15,96,0,0,0,0,0.0,0.0,0.0,0.0,0.0,0.0,0.0,0.0
2014-11-16,90,0,0,0,0,0.0,0.0,0.0,0.0,0.0,0.0,0.0,0.0
2014-11-17,284,0,0,0,0,0.0,0.0,0.0,0.0,0.0,0.0,0.0,0.0
2014-11-18,287,0,0,0,0,0.0,0.0,0.0,0.0,0.0,0.0,0.0,0.0
2014-11-19,281,0,0,0,0,0.0,0.0,0.0,0.0,0.0,0.0,0.0,0.0
2014-11-20,295,0,0,0,0,0.0,0.0,0.0,0.0,0.0,0.0,0.0,0.0
2014-11-21,257,0,0,0,0,0.0,0.0,0.0,0.0,0.0,0.0,0.0,0.0
2014-11-22,87,0,0,0,0,0.0,0.0,0.0,0.0,0.0,0.0,0.0,0.0
2014-11-23,79,0,0,0,0,0.0,0.0,0.0,0.0,0.0,0.0,0.0,0.0
2014-11-24,248,0,0,0,0,0.0,0.0,0.0,0.0,0.0,0.0,0.0,0.0
2014-11-25,273,0,0,0,0,0.0,0.0,0.0,0.0,0.0,0.0,0.0,0.0
2014-11-26,294,0,0,0,0,0.0,0.0,0.0,0.0,0.0,0.0,0.0,0.0
2014-11-27,296,3,3,0,0,0.010135135135135136,10.135135135135135,0.010135135135135136,10.135135135135135,0.0,0.0,0.0,0.0
2014-11-28,268,4,4,1,0,0.014925373134328358,14.925373134328359,0.014925373134328358,14.925373134328359,0.0037313432835820895,3.7313432835820897,0.0,0.0
2014-11-29,91,0,0,0,0,0.0,0.0,0.0,0.0,0.0,0.0,0.0,0.0
2014-11-30,80,0,0,0,0,0.0,0.0,0.0,0.0,0.0,0.0,0.0,0.0
2014-12-01,287,3,3,0,1,0.010452961672473868,10.452961672473869,0.010452961672473868,10.452961672473869,0.0,0.0,0.003484320557491289,3.484320557491289
2014-12-02,294,3,3,0,0,0.01020408163265306,10.204081632653061,0.01020408163265306,10.204081632653061,0.0,0.0,0.0,0.0
2014-12-03,291,3,2,0,2,0.010309278350515464,10.309278350515465,0.006872852233676976,6.8728522336769755,0.0,0.0,0.006872852233676976,6.8728522336769755
2014-12-04,308,1,1,0,0,0.003246753246753247,3.246753246753247,0.003246753246753247,3.246753246753247,0.0,0.0,0.0,0.0
2014-12-05,260,1,0,0,1,0.0038461538461538464,3.8461538461538463,0.0,0.0,0.0,0.0,0.0038461538461538464,3.8461538461538463
2014-12-06,85,0,0,0,0,0.0,0.0,0.0,0.0,0.0,0.0,0.0,0.0
2014-12-07,84,0,0,0,0,0.0,0.0,0.0,0.0,0.0,0.0,0.0,0.0
2014-12-08,278,0,0,0,0,0.0,0.0,0.0,0.0,0.0,0.0,0.0,0.0
2014-12-09,259,2,2,0,0,0.007722007722007722,7.722007722007723,0.007722007722007722,7.722007722007723,0.0,0.0,0.0,0.0
2014-12-10,265,0,0,0,0,0.0,0.0,0.0,0.0,0.0,0.0,0.0,0.0
2014-12-11,273,4,3,0,1,0.014652014652014652,14.652014652014651,0.01098901098901099,10.989010989010989,0.0,0.0,0.003663003663003663,3.663003663003663
2014-12-12,243,1,1,0,0,0.00411522633744856,4.11522633744856,0.00411522633744856,4.11522633744856,0.0,0.0,0.0,0.0
2014-12-13,80,0,0,0,0,0.0,0.0,0.0,0.0,0.0,0.0,0.0,0.0
2014-12-14,83,0,0,0,0,0.0,0.0,0.0,0.0,0.0,0.0,0.0,0.0
2014-12-15,223,0,0,0,0,0.0,0.0,0.0,0.0,0.0,0.0,0.0,0.0
2014-12-16,253,2,2,0,0,0.007905138339920948,7.905138339920948,0.007905138339920948,7.905138339920948,0.0,0.0,0.0,0.0
2014-12-17,236,1,0,0,1,0.00423728813559322,4.237288135593221,0.0,0.0,0.0,0.0,0.00423728813559322,4.237288135593221
2014-12-18,266,0,0,0,0,0.0,0.0,0.0,0.0,0.0,0.0,0.0,0.0
2014-12-19,264,3,0,0,3,0.011363636363636364,11.363636363636363,0.0,0.0,0.0,0.0,0.011363636363636364,11.363636363636363
2014-12-20,77,1,0,0,1,0.012987012987012988,12.987012987012989,0.0,0.0,0.0,0.0,0.012987012987012988,12.987012987012989
2014-12-21,68,0,0,0,0,0.0,0.0,0.0,0.0,0.0,0.0,0.0,0.0
2014-12-22,191,3,0,0,3,0.015706806282722512,15.706806282722512,0.0,0.0,0.0,0.0,0.015706806282722512,15.706806282722512
2014-12-23,199,1,0,0,1,0.005025125628140704,5.025125628140704,0.0,0.0,0.0,0.0,0.005025125628140704,5.025125628140704
2014-12-24,149,1,0,0,1,0.006711409395973154,6.7114093959731544,0.0,0.0,0.0,0.0,0.006711409395973154,6.7114093959731544
2014-12-25,38,0,0,0,0,0.0,0.0,0.0,0.0,0.0,0.0,0.0,0.0
2014-12-26,76,0,0,0,0,0.0,0.0,0.0,0.0,0.0,0.0,0.0,0.0
2014-12-27,71,0,0,0,0,0.0,0.0,0.0,0.0,0.0,0.0,0.0,0.0
2014-12-28,71,0,0,0,0,0.0,0.0,0.0,0.0,0.0,0.0,0.0,0.0
2014-12-29,112,0,0,0,0,0.0,0.0,0.0,0.0,0.0,0.0,0.0,0.0
2014-12-30,145,1,1,0,0,0.006896551724137931,6.896551724137931,0.006896551724137931,6.896551724137931,0.0,0.0,0.0,0.0
2014-12-31,146,0,0,0,0,0.0,0.0,0.0,0.0,0.0,0.0,0.0,0.0
2015-01-01,130,0,0,0,0,0.0,0.0,0.0,0.0,0.0,0.0,0.0,0.0
2015-01-02,148,0,0,0,0,0.0,0.0,0.0,0.0,0.0,0.0,0.0,0.0
2015-01-03,58,0,0,0,0,0.0,0.0,0.0,0.0,0.0,0.0,0.0,0.0
2015-01-04,74,0,0,0,0,0.0,0.0,0.0,0.0,0.0,0.0,0.0,0.0
2015-01-05,84,1,0,0,1,0.011904761904761904,11.904761904761903,0.0,0.0,0.0,0.0,0.011904761904761904,11.904761904761903
2015-01-06,21,0,0,0,0,0.0,0.0,0.0,0.0,0.0,0.0,0.0,0.0
2015-01-07,26,1,1,0,0,0.038461538461538464,38.46153846153847,0.038461538461538464,38.46153846153847,0.0,0.0,0.0,0.0
2015-01-08,23,1,0,1,0,0.043478260869565216,43.47826086956522,0.0,0.0,0.043478260869565216,43.47826086956522,0.0,0.0
2015-01-09,21,0,0,0,0,0.0,0.0,0.0,0.0,0.0,0.0,0.0,0.0
2015-01-10,19,0,0,0,0,0.0,0.0,0.0,0.0,0.0,0.0,0.0,0.0
2015-01-11,19,0,0,0,0,0.0,0.0,0.0,0.0,0.0,0.0,0.0,0.0
2015-01-12,25,0,0,0,0,0.0,0.0,0.0,0.0,0.0,0.0,0.0,0.0
2015-01-13,52,0,0,0,0,0.0,0.0,0.0,0.0,0.0,0.0,0.0,0.0
2015-01-14,64,0,0,0,0,0.0,0.0,0.0,0.0,0.0,0.0,0.0,0.0
2015-01-15,58,2,2,1,0,0.034482758620689655,34.48275862068965,0.034482758620689655,34.48275862068965,0.017241379310344827,17.241379310344826,0.0,0.0
2015-01-16,61,2,0,0,2,0.03278688524590164,32.786885245901644,0.0,0.0,0.0,0.0,0.03278688524590164,32.786885245901644
2015-01-17,18,0,0,0,0,0.0,0.0,0.0,0.0,0.0,0.0,0.0,0.0
2015-01-18,19,0,0,0,0,0.0,0.0,0.0,0.0,0.0,0.0,0.0,0.0
2015-01-19,55,0,0,0,0,0.0,0.0,0.0,0.0,0.0,0.0,0.0,0.0
2015-01-20,170,1,0,0,1,0.0058823529411764705,5.88235294117647,0.0,0.0,0.0,0.0,0.0058823529411764705,5.88235294117647
2015-01-21,259,4,1,2,1,0.015444015444015444,15.444015444015445,0.003861003861003861,3.8610038610038613,0.007722007722007722,7.722007722007723,0.003861003861003861,3.8610038610038613
2015-01-22,242,3,0,0,3,0.012396694214876033,12.396694214876034,0.0,0.0,0.0,0.0,0.012396694214876033,12.396694214876034
2015-01-23,230,0,0,0,0,0.0,0.0,0.0,0.0,0.0,0.0,0.0,0.0
2015-01-24,66,0,0,0,0,0.0,0.0,0.0,0.0,0.0,0.0,0.0,0.0
2015-01-25,77,1,0,0,1,0.012987012987012988,12.987012987012989,0.0,0.0,0.0,0.0,0.012987012987012988,12.987012987012989
2015-01-26,198,0,0,0,0,0.0,0.0,0.0,0.0,0.0,0.0,0.0,0.0
2015-01-27,249,1,0,0,1,0.004016064257028112,4.016064257028112,0.0,0.0,0.0,0.0,0.004016064257028112,4.016064257028112
2015-01-28,284,1,0,0,1,0.0035211267605633804,3.5211267605633805,0.0,0.0,0.0,0.0,0.0035211267605633804,3.5211267605633805
2015-01-29,257,0,0,0,0,0.0,0.0,0.0,0.0,0.0,0.0,0.0,0.0
2015-01-30,250,1,0,0,1,0.004,4.0,0.0,0.0,0.0,0.0,0.004,4.0
2015-01-31,80,1,0,1,0,0.0125,12.5,0.0,0.0,0.0125,12.5,0.0,0.0
2015-02-01,76,0,0,0,0,0.0,0.0,0.0,0.0,0.0,0.0,0.0,0.0
2015-02-02,237,2,1,0,1,0.008438818565400843,8.438818565400844,0.004219409282700422,4.219409282700422,0.0,0.0,0.004219409282700422,4.219409282700422
2015-02-03,260,1,1,0,0,0.0038461538461538464,3.8461538461538463,0.0038461538461538464,3.8461538461538463,0.0,0.0,0.0,0.0
2015-02-04,245,3,3,0,0,0.012244897959183673,12.244897959183673,0.012244897959183673,12.244897959183673,0.0,0.0,0.0,0.0
2015-02-05,255,2,1,1,0,0.00784313725490196,7.8431372549019605,0.00392156862745098,3.9215686274509802,0.00392156862745098,3.9215686274509802,0.0,0.0
2015-02-06,256,1,1,0,0,0.00390625,3.90625,0.00390625,3.90625,0.0,0.0,0.0,0.0
2015-02-07,92,0,0,0,0,0.0,0.0,0.0,0.0,0.0,0.0,0.0,0.0
2015-02-08,88,0,0,0,0,0.0,0.0,0.0,0.0,0.0,0.0,0.0,0.0
2015-02-09,253,1,0,0,1,0.003952569169960474,3.952569169960474,0.0,0.0,0.0,0.0,0.003952569169960474,3.952569169960474
2015-02-10,258,0,0,0,0,0.0,0.0,0.0,0.0,0.0,0.0,0.0,0.0
2015-02-11,267,1,1,0,0,0.003745318352059925,3.745318352059925,0.003745318352059925,3.745318352059925,0.0,0.0,0.0,0.0
2015-02-12,268,0,0,0,0,0.0,0.0,0.0,0.0,0.0,0.0,0.0,0.0
2015-02-13,278,0,0,0,0,0.0,0.0,0.0,0.0,0.0,0.0,0.0,0.0
2015-02-14,101,0,0,0,0,0.0,0.0,0.0,0.0,0.0,0.0,0.0,0.0
2015-02-15,90,0,0,0,0,0.0,0.0,0.0,0.0,0.0,0.0,0.0,0.0
2015-02-16,280,1,0,1,0,0.0035714285714285713,3.571428571428571,0.0,0.0,0.0035714285714285713,3.571428571428571,0.0,0.0
2015-02-17,269,0,0,0,0,0.0,0.0,0.0,0.0,0.0,0.0,0.0,0.0
2015-02-18,281,0,0,0,0,0.0,0.0,0.0,0.0,0.0,0.0,0.0,0.0
2015-02-19,278,0,0,0,0,0.0,0.0,0.0,0.0,0.0,0.0,0.0,0.0
2015-02-20,261,1,1,0,0,0.0038314176245210726,3.8314176245210727,0.0038314176245210726,3.8314176245210727,0.0,0.0,0.0,0.0
2015-02-21,103,0,0,0,0,0.0,0.0,0.0,0.0,0.0,0.0,0.0,0.0
2015-02-22,86,0,0,0,0,0.0,0.0,0.0,0.0,0.0,0.0,0.0,0.0
2015-02-23,234,0,0,0,0,0.0,0.0,0.0,0.0,0.0,0.0,0.0,0.0
2015-02-24,273,1,0,0,1,0.003663003663003663,3.663003663003663,0.0,0.0,0.0,0.0,0.003663003663003663,3.663003663003663
2015-02-25,301,0,0,0,0,0.0,0.0,0.0,0.0,0.0,0.0,0.0,0.0
2015-02-26,289,2,0,0,2,0.006920415224913495,6.920415224913495,0.0,0.0,0.0,0.0,0.006920415224913495,6.920415224913495
2015-02-27,285,2,1,0,1,0.007017543859649123,7.017543859649123,0.0035087719298245615,3.5087719298245617,0.0,0.0,0.0035087719298245615,3.5087719298245617
2015-02-28,113,0,0,0,0,0.0,0.0,0.0,0.0,0.0,0.0,0.0,0.0
2015-03-01,112,0,0,0,0,0.0,0.0,0.0,0.0,0.0,0.0,0.0,0.0
2015-03-02,235,1,0,0,1,0.00425531914893617,4.25531914893617,0.0,0.0,0.0,0.0,0.00425531914893617,4.25531914893617
2015-03-03,229,0,0,0,0,0.0,0.0,0.0,0.0,0.0,0.0,0.0,0.0
2015-03-04,294,0,0,0,0,0.0,0.0,0.0,0.0,0.0,0.0,0.0,0.0
2015-03-05,301,0,0,0,0,0.0,0.0,0.0,0.0,0.0,0.0,0.0,0.0
2015-03-06,280,0,0,0,0,0.0,0.0,0.0,0.0,0.0,0.0,0.0,0.0
2015-03-07,123,0,0,0,0,0.0,0.0,0.0,0.0,0.0,0.0,0.0,0.0
2015-03-08,99,0,0,0,0,0.0,0.0,0.0,0.0,0.0,0.0,0.0,0.0
2015-03-09,220,1,0,1,0,0.004545454545454545,4.545454545454545,0.0,0.0,0.004545454545454545,4.545454545454545,0.0,0.0
2015-03-10,304,2,0,0,2,0.006578947368421052,6.578947368421052,0.0,0.0,0.0,0.0,0.006578947368421052,6.578947368421052
2015-03-11,300,0,0,0,0,0.0,0.0,0.0,0.0,0.0,0.0,0.0,0.0
2015-03-12,291,0,0,0,0,0.0,0.0,0.0,0.0,0.0,0.0,0.0,0.0
2015-03-13,279,0,0,0,0,0.0,0.0,0.0,0.0,0.0,0.0,0.0,0.0
2015-03-14,119,0,0,0,0,0.0,0.0,0.0,0.0,0.0,0.0,0.0,0.0
2015-03-15,108,0,0,0,0,0.0,0.0,0.0,0.0,0.0,0.0,0.0,0.0
2015-03-16,248,1,1,0,0,0.004032258064516129,4.032258064516129,0.004032258064516129,4.032258064516129,0.0,0.0,0.0,0.0
2015-03-17,287,1,0,1,0,0.003484320557491289,3.484320557491289,0.0,0.0,0.003484320557491289,3.484320557491289,0.0,0.0
2015-03-18,279,0,0,0,0,0.0,0.0,0.0,0.0,0.0,0.0,0.0,0.0
2015-03-19,294,0,0,0,0,0.0,0.0,0.0,0.0,0.0,0.0,0.0,0.0
2015-03-20,280,1,1,0,0,0.0035714285714285713,3.571428571428571,0.0035714285714285713,3.571428571428571,0.0,0.0,0.0,0.0
2015-03-21,105,0,0,0,0,0.0,0.0,0.0,0.0,0.0,0.0,0.0,0.0
2015-03-22,103,0,0,0,0,0.0,0.0,0.0,0.0,0.0,0.0,0.0,0.0
2015-03-23,294,0,0,0,0,0.0,0.0,0.0,0.0,0.0,0.0,0.0,0.0
2015-03-24,276,1,1,1,0,0.0036231884057971015,3.6231884057971016,0.0036231884057971015,3.6231884057971016,0.0036231884057971015,3.6231884057971016,0.0,0.0
2015-03-25,276,0,0,0,0,0.0,0.0,0.0,0.0,0.0,0.0,0.0,0.0
2015-03-26,270,0,0,0,0,0.0,0.0,0.0,0.0,0.0,0.0,0.0,0.0
2015-03-27,279,2,2,1,0,0.007168458781362007,7.168458781362007,0.007168458781362007,7.168458781362007,0.0035842293906810036,3.5842293906810037,0.0,0.0
2015-03-28,115,0,0,0,0,0.0,0.0,0.0,0.0,0.0,0.0,0.0,0.0
2015-03-29,93,0,0,0,0,0.0,0.0,0.0,0.0,0.0,0.0,0.0,0.0
2015-03-30,262,0,0,0,0,0.0,0.0,0.0,0.0,0.0,0.0,0.0,0.0
2015-03-31,256,0,0,0,0,0.0,0.0,0.0,0.0,0.0,0.0,0.0,0.0
2015-04-01,286,1,1,0,0,0.0034965034965034965,3.4965034965034967,0.0034965034965034965,3.4965034965034967,0.0,0.0,0.0,0.0
2015-04-02,261,0,0,0,0,0.0,0.0,0.0,0.0,0.0,0.0,0.0,0.0
2015-04-03,103,1,0,1,0,0.009708737864077669,9.70873786407767,0.0,0.0,0.009708737864077669,9.70873786407767,0.0,0.0
2015-04-04,105,0,0,0,0,0.0,0.0,0.0,0.0,0.0,0.0,0.0,0.0
2015-04-05,82,0,0,0,0,0.0,0.0,0.0,0.0,0.0,0.0,0.0,0.0
2015-04-06,174,0,0,0,0,0.0,0.0,0.0,0.0,0.0,0.0,0.0,0.0
2015-04-07,222,0,0,0,0,0.0,0.0,0.0,0.0,0.0,0.0,0.0,0.0
2015-04-08,282,1,0,1,0,0.0035460992907801418,3.5460992907801416,0.0,0.0,0.0035460992907801418,3.5460992907801416,0.0,0.0
2015-04-09,266,0,0,0,0,0.0,0.0,0.0,0.0,0.0,0.0,0.0,0.0
2015-04-10,294,2,2,0,0,0.006802721088435374,6.802721088435374,0.006802721088435374,6.802721088435374,0.0,0.0,0.0,0.0
2015-04-11,98,0,0,0,0,0.0,0.0,0.0,0.0,0.0,0.0,0.0,0.0
2015-04-12,87,0,0,0,0,0.0,0.0,0.0,0.0,0.0,0.0,0.0,0.0
2015-04-13,267,0,0,0,0,0.0,0.0,0.0,0.0,0.0,0.0,0.0,0.0
2015-04-14,253,0,0,0,0,0.0,0.0,0.0,0.0,0.0,0.0,0.0,0.0
2015-04-15,278,1,0,0,1,0.0035971223021582736,3.5971223021582737,0.0,0.0,0.0,0.0,0.0035971223021582736,3.5971223021582737
2015-04-16,281,1,1,0,0,0.0035587188612099642,3.558718861209964,0.0035587188612099642,3.558718861209964,0.0,0.0,0.0,0.0
2015-04-17,280,0,0,0,0,0.0,0.0,0.0,0.0,0.0,0.0,0.0,0.0
2015-04-18,113,0,0,0,0,0.0,0.0,0.0,0.0,0.0,0.0,0.0,0.0
2015-04-19,100,0,0,0,0,0.0,0.0,0.0,0.0,0.0,0.0,0.0,0.0
2015-04-20,260,0,0,0,0,0.0,0.0,0.0,0.0,0.0,0.0,0.0,0.0
2015-04-21,261,0,0,0,0,0.0,0.0,0.0,0.0,0.0,0.0,0.0,0.0
2015-04-22,260,0,0,0,0,0.0,0.0,0.0,0.0,0.0,0.0,0.0,0.0
2015-04-23,287,0,0,0,0,0.0,0.0,0.0,0.0,0.0,0.0,0.0,0.0
2015-04-24,262,1,1,0,0,0.003816793893129771,3.8167938931297707,0.003816793893129771,3.8167938931297707,0.0,0.0,0.0,0.0
2015-04-25,94,0,0,0,0,0.0,0.0,0.0,0.0,0.0,0.0,0.0,0.0
2015-04-26,89,1,0,0,1,0.011235955056179775,11.235955056179774,0.0,0.0,0.0,0.0,0.011235955056179775,11.235955056179774
2015-04-27,233,0,0,0,0,0.0,0.0,0.0,0.0,0.0,0.0,0.0,0.0
2015-04-28,285,0,0,0,0,0.0,0.0,0.0,0.0,0.0,0.0,0.0,0.0
2015-04-29,257,1,0,0,1,0.0038910505836575876,3.8910505836575875,0.0,0.0,0.0,0.0,0.0038910505836575876,3.8910505836575875
2015-04-30,302,0,0,0,0,0.0,0.0,0.0,0.0,0.0,0.0,0.0,0.0
2015-05-01,276,0,0,0,0,0.0,0.0,0.0,0.0,0.0,0.0,0.0,0.0
2015-05-02,90,0,0,0,0,0.0,0.0,0.0,0.0,0.0,0.0,0.0,0.0
2015-05-03,103,0,0,0,0,0.0,0.0,0.0,0.0,0.0,0.0,0.0,0.0
2015-05-04,292,0,0,0,0,0.0,0.0,0.0,0.0,0.0,0.0,0.0,0.0
2015-05-05,292,0,0,0,0,0.0,0.0,0.0,0.0,0.0,0.0,0.0,0.0
2015-05-06,266,0,0,0,0,0.0,0.0,0.0,0.0,0.0,0.0,0.0,0.0
2015-05-07,298,1,0,0,1,0.003355704697986577,3.3557046979865772,0.0,0.0,0.0,0.0,0.003355704697986577,3.3557046979865772
2015-05-08,272,2,0,0,2,0.007352941176470588,7.352941176470588,0.0,0.0,0.0,0.0,0.007352941176470588,7.352941176470588
2015-05-09,103,0,0,0,0,0.0,0.0,0.0,0.0,0.0,0.0,0.0,0.0
2015-05-10,97,0,0,0,0,0.0,0.0,0.0,0.0,0.0,0.0,0.0,0.0
2015-05-11,267,1,0,0,1,0.003745318352059925,3.745318352059925,0.0,0.0,0.0,0.0,0.003745318352059925,3.745318352059925
2015-05-12,306,5,0,0,5,0.016339869281045753,16.339869281045754,0.0,0.0,0.0,0.0,0.016339869281045753,16.339869281045754
2015-05-13,256,0,0,0,0,0.0,0.0,0.0,0.0,0.0,0.0,0.0,0.0
2015-05-14,270,0,0,0,0,0.0,0.0,0.0,0.0,0.0,0.0,0.0,0.0
2015-05-15,294,0,0,0,0,0.0,0.0,0.0,0.0,0.0,0.0,0.0,0.0
2015-05-16,96,1,0,1,0,0.010416666666666666,10.416666666666666,0.0,0.0,0.010416666666666666,10.416666666666666,0.0,0.0
2015-05-17,98,0,0,0,0,0.0,0.0,0.0,0.0,0.0,0.0,0.0,0.0
2015-05-18,247,1,0,0,1,0.004048582995951417,4.048582995951417,0.0,0.0,0.0,0.0,0.004048582995951417,4.048582995951417
2015-05-19,274,0,0,0,0,0.0,0.0,0.0,0.0,0.0,0.0,0.0,0.0
2015-05-20,283,0,0,0,0,0.0,0.0,0.0,0.0,0.0,0.0,0.0,0.0
2015-05-21,282,0,0,0,0,0.0,0.0,0.0,0.0,0.0,0.0,0.0,0.0
2015-05-22,282,0,0,0,0,0.0,0.0,0.0,0.0,0.0,0.0,0.0,0.0
2015-05-23,102,0,0,0,0,0.0,0.0,0.0,0.0,0.0,0.0,0.0,0.0
2015-05-24,88,0,0,0,0,0.0,0.0,0.0,0.0,0.0,0.0,0.0,0.0
2015-05-25,262,0,0,0,0,0.0,0.0,0.0,0.0,0.0,0.0,0.0,0.0
2015-05-26,272,0,0,0,0,0.0,0.0,0.0,0.0,0.0,0.0,0.0,0.0
2015-05-27,275,0,0,0,0,0.0,0.0,0.0,0.0,0.0,0.0,0.0,0.0
2015-05-28,266,0,0,0,0,0.0,0.0,0.0,0.0,0.0,0.0,0.0,0.0
2015-05-29,265,0,0,0,0,0.0,0.0,0.0,0.0,0.0,0.0,0.0,0.0
2015-05-30,97,0,0,0,0,0.0,0.0,0.0,0.0,0.0,0.0,0.0,0.0
2015-05-31,90,0,0,0,0,0.0,0.0,0.0,0.0,0.0,0.0,0.0,0.0
2015-06-01,251,0,0,0,0,0.0,0.0,0.0,0.0,0.0,0.0,0.0,0.0
2015-06-02,278,0,0,0,0,0.0,0.0,0.0,0.0,0.0,0.0,0.0,0.0
2015-06-03,296,0,0,0,0,0.0,0.0,0.0,0.0,0.0,0.0,0.0,0.0
2015-06-04,274,0,0,0,0,0.0,0.0,0.0,0.0,0.0,0.0,0.0,0.0
2015-06-05,331,0,0,0,0,0.0,0.0,0.0,0.0,0.0,0.0,0.0,0.0
2015-06-06,85,0,0,0,0,0.0,0.0,0.0,0.0,0.0,0.0,0.0,0.0
2015-06-07,81,0,0,0,0,0.0,0.0,0.0,0.0,0.0,0.0,0.0,0.0
2015-06-08,212,0,0,0,0,0.0,0.0,0.0,0.0,0.0,0.0,0.0,0.0
2015-06-09,276,0,0,0,0,0.0,0.0,0.0,0.0,0.0,0.0,0.0,0.0
2015-06-10,288,0,0,0,0,0.0,0.0,0.0,0.0,0.0,0.0,0.0,0.0
2015-06-11,303,0,0,0,0,0.0,0.0,0.0,0.0,0.0,0.0,0.0,0.0
2015-06-12,280,1,0,0,1,0.0035714285714285713,3.571428571428571,0.0,0.0,0.0,0.0,0.0035714285714285713,3.571428571428571
2015-06-13,87,0,0,0,0,0.0,0.0,0.0,0.0,0.0,0.0,0.0,0.0
2015-06-14,99,0,0,0,0,0.0,0.0,0.0,0.0,0.0,0.0,0.0,0.0
2015-06-15,260,1,0,0,1,0.0038461538461538464,3.8461538461538463,0.0,0.0,0.0,0.0,0.0038461538461538464,3.8461538461538463
2015-06-16,277,1,0,0,1,0.0036101083032490976,3.6101083032490977,0.0,0.0,0.0,0.0,0.0036101083032490976,3.6101083032490977
2015-06-17,280,0,0,0,0,0.0,0.0,0.0,0.0,0.0,0.0,0.0,0.0
2015-06-18,228,0,0,0,0,0.0,0.0,0.0,0.0,0.0,0.0,0.0,0.0
2015-06-19,272,0,0,0,0,0.0,0.0,0.0,0.0,0.0,0.0,0.0,0.0
2015-06-20,101,0,0,0,0,0.0,0.0,0.0,0.0,0.0,0.0,0.0,0.0
2015-06-21,96,0,0,0,0,0.0,0.0,0.0,0.0,0.0,0.0,0.0,0.0
2015-06-22,282,0,0,0,0,0.0,0.0,0.0,0.0,0.0,0.0,0.0,0.0
2015-06-23,283,1,0,0,1,0.0035335689045936395,3.5335689045936394,0.0,0.0,0.0,0.0,0.0035335689045936395,3.5335689045936394
2015-06-24,265,0,0,0,0,0.0,0.0,0.0,0.0,0.0,0.0,0.0,0.0
2015-06-25,251,0,0,0,0,0.0,0.0,0.0,0.0,0.0,0.0,0.0,0.0
2015-06-26,288,0,0,0,0,0.0,0.0,0.0,0.0,0.0,0.0,0.0,0.0
2015-06-27,100,0,0,0,0,0.0,0.0,0.0,0.0,0.0,0.0,0.0,0.0
2015-06-28,81,0,0,0,0,0.0,0.0,0.0,0.0,0.0,0.0,0.0,0.0
2015-06-29,272,0,0,0,0,0.0,0.0,0.0,0.0,0.0,0.0,0.0,0.0
2015-06-30,273,1,0,0,1,0.003663003663003663,3.663003663003663,0.0,0.0,0.0,0.0,0.003663003663003663,3.663003663003663
2015-07-01,289,0,0,0,0,0.0,0.0,0.0,0.0,0.0,0.0,0.0,0.0
2015-07-02,265,2,0,0,2,0.007547169811320755,7.547169811320755,0.0,0.0,0.0,0.0,0.007547169811320755,7.547169811320755
2015-07-03,260,0,0,0,0,0.0,0.0,0.0,0.0,0.0,0.0,0.0,0.0
2015-07-04,88,0,0,0,0,0.0,0.0,0.0,0.0,0.0,0.0,0.0,0.0
2015-07-05,98,0,0,0,0,0.0,0.0,0.0,0.0,0.0,0.0,0.0,0.0
2015-07-06,255,0,0,0,0,0.0,0.0,0.0,0.0,0.0,0.0,0.0,0.0
2015-07-07,271,0,0,0,0,0.0,0.0,0.0,0.0,0.0,0.0,0.0,0.0
2015-07-08,267,0,0,0,0,0.0,0.0,0.0,0.0,0.0,0.0,0.0,0.0
2015-07-09,283,0,0,0,0,0.0,0.0,0.0,0.0,0.0,0.0,0.0,0.0
2015-07-10,281,0,0,0,0,0.0,0.0,0.0,0.0,0.0,0.0,0.0,0.0
2015-07-11,93,0,0,0,0,0.0,0.0,0.0,0.0,0.0,0.0,0.0,0.0
2015-07-12,86,0,0,0,0,0.0,0.0,0.0,0.0,0.0,0.0,0.0,0.0
2015-07-13,269,0,0,0,0,0.0,0.0,0.0,0.0,0.0,0.0,0.0,0.0
2015-07-14,287,0,0,0,0,0.0,0.0,0.0,0.0,0.0,0.0,0.0,0.0
2015-07-15,291,0,0,0,0,0.0,0.0,0.0,0.0,0.0,0.0,0.0,0.0
2015-07-16,265,1,1,0,0,0.0037735849056603774,3.7735849056603774,0.0037735849056603774,3.7735849056603774,0.0,0.0,0.0,0.0
2015-07-17,283,1,1,1,0,0.0035335689045936395,3.5335689045936394,0.0035335689045936395,3.5335689045936394,0.0035335689045936395,3.5335689045936394,0.0,0.0
2015-07-18,103,0,0,0,0,0.0,0.0,0.0,0.0,0.0,0.0,0.0,0.0
2015-07-19,98,0,0,0,0,0.0,0.0,0.0,0.0,0.0,0.0,0.0,0.0
2015-07-20,280,0,0,0,0,0.0,0.0,0.0,0.0,0.0,0.0,0.0,0.0
2015-07-21,281,0,0,0,0,0.0,0.0,0.0,0.0,0.0,0.0,0.0,0.0
2015-07-22,306,0,0,0,0,0.0,0.0,0.0,0.0,0.0,0.0,0.0,0.0
2015-07-23,301,0,0,0,0,0.0,0.0,0.0,0.0,0.0,0.0,0.0,0.0
2015-07-24,279,0,0,0,0,0.0,0.0,0.0,0.0,0.0,0.0,0.0,0.0
2015-07-25,92,0,0,0,0,0.0,0.0,0.0,0.0,0.0,0.0,0.0,0.0
2015-07-26,79,0,0,0,0,0.0,0.0,0.0,0.0,0.0,0.0,0.0,0.0
2015-07-27,289,0,0,0,0,0.0,0.0,0.0,0.0,0.0,0.0,0.0,0.0
2015-07-28,271,0,0,0,0,0.0,0.0,0.0,0.0,0.0,0.0,0.0,0.0
2015-07-29,286,0,0,0,0,0.0,0.0,0.0,0.0,0.0,0.0,0.0,0.0
2015-07-30,297,0,0,0,0,0.0,0.0,0.0,0.0,0.0,0.0,0.0,0.0
2015-07-31,272,1,1,0,0,0.003676470588235294,3.676470588235294,0.003676470588235294,3.676470588235294,0.0,0.0,0.0,0.0
2015-08-01,100,0,0,0,0,0.0,0.0,0.0,0.0,0.0,0.0,0.0,0.0
2015-08-02,100,0,0,0,0,0.0,0.0,0.0,0.0,0.0,0.0,0.0,0.0
2015-08-03,258,0,0,0,0,0.0,0.0,0.0,0.0,0.0,0.0,0.0,0.0
2015-08-04,295,1,0,0,1,0.003389830508474576,3.389830508474576,0.0,0.0,0.0,0.0,0.003389830508474576,3.389830508474576
2015-08-05,277,0,0,0,0,0.0,0.0,0.0,0.0,0.0,0.0,0.0,0.0
2015-08-06,304,0,0,0,0,0.0,0.0,0.0,0.0,0.0,0.0,0.0,0.0
2015-08-07,288,0,0,0,0,0.0,0.0,0.0,0.0,0.0,0.0,0.0,0.0
2015-08-08,100,0,0,0,0,0.0,0.0,0.0,0.0,0.0,0.0,0.0,0.0
2015-08-09,85,0,0,0,0,0.0,0.0,0.0,0.0,0.0,0.0,0.0,0.0
2015-08-10,270,0,0,0,0,0.0,0.0,0.0,0.0,0.0,0.0,0.0,0.0
2015-08-11,271,2,0,1,1,0.007380073800738007,7.380073800738007,0.0,0.0,0.0036900369003690036,3.6900369003690034,0.0036900369003690036,3.6900369003690034
2015-08-12,299,0,0,0,0,0.0,0.0,0.0,0.0,0.0,0.0,0.0,0.0
2015-08-13,304,1,0,1,0,0.003289473684210526,3.289473684210526,0.0,0.0,0.003289473684210526,3.289473684210526,0.0,0.0
2015-08-14,257,0,0,0,0,0.0,0.0,0.0,0.0,0.0,0.0,0.0,0.0
2015-08-15,90,0,0,0,0,0.0,0.0,0.0,0.0,0.0,0.0,0.0,0.0
2015-08-16,79,0,0,0,0,0.0,0.0,0.0,0.0,0.0,0.0,0.0,0.0
2015-08-17,257,0,0,0,0,0.0,0.0,0.0,0.0,0.0,0.0,0.0,0.0
2015-08-18,275,0,0,0,0,0.0,0.0,0.0,0.0,0.0,0.0,0.0,0.0
2015-08-19,258,1,1,0,0,0.003875968992248062,3.875968992248062,0.003875968992248062,3.875968992248062,0.0,0.0,0.0,0.0
2015-08-20,270,2,1,0,1,0.007407407407407408,7.407407407407407,0.003703703703703704,3.7037037037037037,0.0,0.0,0.003703703703703704,3.7037037037037037
2015-08-21,267,1,1,0,0,0.003745318352059925,3.745318352059925,0.003745318352059925,3.745318352059925,0.0,0.0,0.0,0.0
2015-08-22,108,0,0,0,0,0.0,0.0,0.0,0.0,0.0,0.0,0.0,0.0
2015-08-23,104,0,0,0,0,0.0,0.0,0.0,0.0,0.0,0.0,0.0,0.0
2015-08-24,247,0,0,0,0,0.0,0.0,0.0,0.0,0.0,0.0,0.0,0.0
2015-08-25,252,0,0,0,0,0.0,0.0,0.0,0.0,0.0,0.0,0.0,0.0
2015-08-26,283,0,0,0,0,0.0,0.0,0.0,0.0,0.0,0.0,0.0,0.0
2015-08-27,281,0,0,0,0,0.0,0.0,0.0,0.0,0.0,0.0,0.0,0.0
2015-08-28,273,0,0,0,0,0.0,0.0,0.0,0.0,0.0,0.0,0.0,0.0
2015-08-29,102,1,0,0,1,0.00980392156862745,9.803921568627452,0.0,0.0,0.0,0.0,0.00980392156862745,9.803921568627452
2015-08-30,92,0,0,0,0,0.0,0.0,0.0,0.0,0.0,0.0,0.0,0.0
2015-08-31,234,0,0,0,0,0.0,0.0,0.0,0.0,0.0,0.0,0.0,0.0
2015-09-01,259,1,1,0,0,0.003861003861003861,3.8610038610038613,0.003861003861003861,3.8610038610038613,0.0,0.0,0.0,0.0
2015-09-02,263,0,0,0,0,0.0,0.0,0.0,0.0,0.0,0.0,0.0,0.0
2015-09-03,258,1,1,0,0,0.003875968992248062,3.875968992248062,0.003875968992248062,3.875968992248062,0.0,0.0,0.0,0.0
2015-09-04,273,0,0,0,0,0.0,0.0,0.0,0.0,0.0,0.0,0.0,0.0
2015-09-05,98,0,0,0,0,0.0,0.0,0.0,0.0,0.0,0.0,0.0,0.0
2015-09-06,88,0,0,0,0,0.0,0.0,0.0,0.0,0.0,0.0,0.0,0.0
2015-09-07,280,0,0,0,0,0.0,0.0,0.0,0.0,0.0,0.0,0.0,0.0
2015-09-08,278,1,1,0,0,0.0035971223021582736,3.5971223021582737,0.0035971223021582736,3.5971223021582737,0.0,0.0,0.0,0.0
2015-09-09,294,0,0,0,0,0.0,0.0,0.0,0.0,0.0,0.0,0.0,0.0
2015-09-10,293,0,0,0,0,0.0,0.0,0.0,0.0,0.0,0.0,0.0,0.0
2015-09-11,291,0,0,0,0,0.0,0.0,0.0,0.0,0.0,0.0,0.0,0.0
2015-09-12,97,0,0,0,0,0.0,0.0,0.0,0.0,0.0,0.0,0.0,0.0
2015-09-13,83,0,0,0,0,0.0,0.0,0.0,0.0,0.0,0.0,0.0,0.0
2015-09-14,247,0,0,0,0,0.0,0.0,0.0,0.0,0.0,0.0,0.0,0.0
2015-09-15,250,0,0,0,0,0.0,0.0,0.0,0.0,0.0,0.0,0.0,0.0
2015-09-16,303,0,0,0,0,0.0,0.0,0.0,0.0,0.0,0.0,0.0,0.0
2015-09-17,313,0,0,0,0,0.0,0.0,0.0,0.0,0.0,0.0,0.0,0.0
2015-09-18,303,0,0,0,0,0.0,0.0,0.0,0.0,0.0,0.0,0.0,0.0
2015-09-19,93,0,0,0,0,0.0,0.0,0.0,0.0,0.0,0.0,0.0,0.0
2015-09-20,76,0,0,0,0,0.0,0.0,0.0,0.0,0.0,0.0,0.0,0.0
2015-09-21,270,0,0,0,0,0.0,0.0,0.0,0.0,0.0,0.0,0.0,0.0
2015-09-22,270,0,0,0,0,0.0,0.0,0.0,0.0,0.0,0.0,0.0,0.0
2015-09-23,271,0,0,0,0,0.0,0.0,0.0,0.0,0.0,0.0,0.0,0.0
2015-09-24,257,1,0,1,0,0.0038910505836575876,3.8910505836575875,0.0,0.0,0.0038910505836575876,3.8910505836575875,0.0,0.0
2015-09-25,275,0,0,0,0,0.0,0.0,0.0,0.0,0.0,0.0,0.0,0.0
2015-09-26,93,0,0,0,0,0.0,0.0,0.0,0.0,0.0,0.0,0.0,0.0
2015-09-27,91,0,0,0,0,0.0,0.0,0.0,0.0,0.0,0.0,0.0,0.0
2015-09-28,251,0,0,0,0,0.0,0.0,0.0,0.0,0.0,0.0,0.0,0.0
2015-09-29,273,0,0,0,0,0.0,0.0,0.0,0.0,0.0,0.0,0.0,0.0
2015-09-30,274,0,0,0,0,0.0,0.0,0.0,0.0,0.0,0.0,0.0,0.0
2015-10-01,310,0,0,0,0,0.0,0.0,0.0,0.0,0.0,0.0,0.0,0.0
2015-10-02,262,0,0,0,0,0.0,0.0,0.0,0.0,0.0,0.0,0.0,0.0
2015-10-03,89,0,0,0,0,0.0,0.0,0.0,0.0,0.0,0.0,0.0,0.0
2015-10-04,80,0,0,0,0,0.0,0.0,0.0,0.0,0.0,0.0,0.0,0.0
2015-10-05,233,0,0,0,0,0.0,0.0,0.0,0.0,0.0,0.0,0.0,0.0
2015-10-06,277,0,0,0,0,0.0,0.0,0.0,0.0,0.0,0.0,0.0,0.0
2015-10-07,308,0,0,0,0,0.0,0.0,0.0,0.0,0.0,0.0,0.0,0.0
2015-10-08,318,0,0,0,0,0.0,0.0,0.0,0.0,0.0,0.0,0.0,0.0
2015-10-09,285,0,0,0,0,0.0,0.0,0.0,0.0,0.0,0.0,0.0,0.0
2015-10-10,88,0,0,0,0,0.0,0.0,0.0,0.0,0.0,0.0,0.0,0.0
2015-10-11,84,0,0,0,0,0.0,0.0,0.0,0.0,0.0,0.0,0.0,0.0
2015-10-12,303,0,0,0,0,0.0,0.0,0.0,0.0,0.0,0.0,0.0,0.0
2015-10-13,287,2,2,0,0,0.006968641114982578,6.968641114982578,0.006968641114982578,6.968641114982578,0.0,0.0,0.0,0.0
2015-10-14,303,0,0,0,0,0.0,0.0,0.0,0.0,0.0,0.0,0.0,0.0
2015-10-15,318,0,0,0,0,0.0,0.0,0.0,0.0,0.0,0.0,0.0,0.0
2015-10-16,305,0,0,0,0,0.0,0.0,0.0,0.0,0.0,0.0,0.0,0.0
2015-10-17,97,0,0,0,0,0.0,0.0,0.0,0.0,0.0,0.0,0.0,0.0
2015-10-18,91,0,0,0,0,0.0,0.0,0.0,0.0,0.0,0.0,0.0,0.0
2015-10-19,311,0,0,0,0,0.0,0.0,0.0,0.0,0.0,0.0,0.0,0.0
2015-10-20,315,0,0,0,0,0.0,0.0,0.0,0.0,0.0,0.0,0.0,0.0
2015-10-21,299,0,0,0,0,0.0,0.0,0.0,0.0,0.0,0.0,0.0,0.0
2015-10-22,305,1,0,1,0,0.003278688524590164,3.278688524590164,0.0,0.0,0.003278688524590164,3.278688524590164,0.0,0.0
2015-10-23,300,0,0,0,0,0.0,0.0,0.0,0.0,0.0,0.0,0.0,0.0
2015-10-24,96,0,0,0,0,0.0,0.0,0.0,0.0,0.0,0.0,0.0,0.0
2015-10-25,100,1,0,1,0,0.01,10.0,0.0,0.0,0.01,10.0,0.0,0.0
2015-10-26,265,0,0,0,0,0.0,0.0,0.0,0.0,0.0,0.0,0.0,0.0
2015-10-27,291,1,1,0,0,0.003436426116838488,3.4364261168384878,0.003436426116838488,3.4364261168384878,0.0,0.0,0.0,0.0
2015-10-28,303,0,0,0,0,0.0,0.0,0.0,0.0,0.0,0.0,0.0,0.0
2015-10-29,284,0,0,0,0,0.0,0.0,0.0,0.0,0.0,0.0,0.0,0.0
2015-10-30,289,0,0,0,0,0.0,0.0,0.0,0.0,0.0,0.0,0.0,0.0
2015-10-31,93,0,0,0,0,0.0,0.0,0.0,0.0,0.0,0.0,0.0,0.0
2015-11-01,85,0,0,0,0,0.0,0.0,0.0,0.0,0.0,0.0,0.0,0.0
2015-11-02,262,0,0,0,0,0.0,0.0,0.0,0.0,0.0,0.0,0.0,0.0
2015-11-03,229,0,0,0,0,0.0,0.0,0.0,0.0,0.0,0.0,0.0,0.0
2015-11-04,305,0,0,0,0,0.0,0.0,0.0,0.0,0.0,0.0,0.0,0.0
2015-11-05,253,0,0,0,0,0.0,0.0,0.0,0.0,0.0,0.0,0.0,0.0
2015-11-06,258,0,0,0,0,0.0,0.0,0.0,0.0,0.0,0.0,0.0,0.0
2015-11-07,88,0,0,0,0,0.0,0.0,0.0,0.0,0.0,0.0,0.0,0.0
2015-11-08,89,0,0,0,0,0.0,0.0,0.0,0.0,0.0,0.0,0.0,0.0
2015-11-09,248,0,0,0,0,0.0,0.0,0.0,0.0,0.0,0.0,0.0,0.0
2015-11-10,281,0,0,0,0,0.0,0.0,0.0,0.0,0.0,0.0,0.0,0.0
2015-11-11,312,0,0,0,0,0.0,0.0,0.0,0.0,0.0,0.0,0.0,0.0
2015-11-12,328,0,0,0,0,0.0,0.0,0.0,0.0,0.0,0.0,0.0,0.0
2015-11-13,277,1,1,0,0,0.0036101083032490976,3.6101083032490977,0.0036101083032490976,3.6101083032490977,0.0,0.0,0.0,0.0
2015-11-14,89,0,0,0,0,0.0,0.0,0.0,0.0,0.0,0.0,0.0,0.0
2015-11-15,82,0,0,0,0,0.0,0.0,0.0,0.0,0.0,0.0,0.0,0.0
2015-11-16,277,0,0,0,0,0.0,0.0,0.0,0.0,0.0,0.0,0.0,0.0
2015-11-17,309,0,0,0,0,0.0,0.0,0.0,0.0,0.0,0.0,0.0,0.0
2015-11-18,286,0,0,0,0,0.0,0.0,0.0,0.0,0.0,0.0,0.0,0.0
2015-11-19,297,0,0,0,0,0.0,0.0,0.0,0.0,0.0,0.0,0.0,0.0
2015-11-20,286,0,0,0,0,0.0,0.0,0.0,0.0,0.0,0.0,0.0,0.0
2015-11-21,95,0,0,0,0,0.0,0.0,0.0,0.0,0.0,0.0,0.0,0.0
2015-11-22,74,0,0,0,0,0.0,0.0,0.0,0.0,0.0,0.0,0.0,0.0
2015-11-23,269,1,0,0,1,0.0037174721189591076,3.717472118959108,0.0,0.0,0.0,0.0,0.0037174721189591076,3.717472118959108
2015-11-24,312,0,0,0,0,0.0,0.0,0.0,0.0,0.0,0.0,0.0,0.0
2015-11-25,286,0,0,0,0,0.0,0.0,0.0,0.0,0.0,0.0,0.0,0.0
2015-11-26,331,0,0,0,0,0.0,0.0,0.0,0.0,0.0,0.0,0.0,0.0
2015-11-27,299,0,0,0,0,0.0,0.0,0.0,0.0,0.0,0.0,0.0,0.0
2015-11-28,92,0,0,0,0,0.0,0.0,0.0,0.0,0.0,0.0,0.0,0.0
2015-11-29,82,0,0,0,0,0.0,0.0,0.0,0.0,0.0,0.0,0.0,0.0
2015-11-30,304,0,0,0,0,0.0,0.0,0.0,0.0,0.0,0.0,0.0,0.0
2015-12-01,329,0,0,0,0,0.0,0.0,0.0,0.0,0.0,0.0,0.0,0.0
2015-12-02,316,1,0,0,1,0.0031645569620253164,3.1645569620253164,0.0,0.0,0.0,0.0,0.0031645569620253164,3.1645569620253164
2015-12-03,316,2,1,1,0,0.006329113924050633,6.329113924050633,0.0031645569620253164,3.1645569620253164,0.0031645569620253164,3.1645569620253164,0.0,0.0
2015-12-04,301,0,0,0,0,0.0,0.0,0.0,0.0,0.0,0.0,0.0,0.0
2015-12-05,80,0,0,0,0,0.0,0.0,0.0,0.0,0.0,0.0,0.0,0.0
2015-12-06,94,0,0,0,0,0.0,0.0,0.0,0.0,0.0,0.0,0.0,0.0
2015-12-07,263,1,0,1,0,0.0038022813688212928,3.802281368821293,0.0,0.0,0.0038022813688212928,3.802281368821293,0.0,0.0
2015-12-08,303,0,0,0,0,0.0,0.0,0.0,0.0,0.0,0.0,0.0,0.0
2015-12-09,317,1,1,0,0,0.0031545741324921135,3.1545741324921135,0.0031545741324921135,3.1545741324921135,0.0,0.0,0.0,0.0
2015-12-10,283,0,0,0,0,0.0,0.0,0.0,0.0,0.0,0.0,0.0,0.0
2015-12-11,278,1,1,0,0,0.0035971223021582736,3.5971223021582737,0.0035971223021582736,3.5971223021582737,0.0,0.0,0.0,0.0
2015-12-12,95,0,0,0,0,0.0,0.0,0.0,0.0,0.0,0.0,0.0,0.0
2015-12-13,79,0,0,0,0,0.0,0.0,0.0,0.0,0.0,0.0,0.0,0.0
2015-12-14,266,1,1,0,0,0.0037593984962406013,3.7593984962406015,0.0037593984962406013,3.7593984962406015,0.0,0.0,0.0,0.0
2015-12-15,304,1,0,0,1,0.003289473684210526,3.289473684210526,0.0,0.0,0.0,0.0,0.003289473684210526,3.289473684210526
2015-12-16,276,3,2,0,2,0.010869565217391304,10.869565217391305,0.007246376811594203,7.246376811594203,0.0,0.0,0.007246376811594203,7.246376811594203
2015-12-17,294,0,0,0,0,0.0,0.0,0.0,0.0,0.0,0.0,0.0,0.0
2015-12-18,273,1,0,0,1,0.003663003663003663,3.663003663003663,0.0,0.0,0.0,0.0,0.003663003663003663,3.663003663003663
2015-12-19,74,0,0,0,0,0.0,0.0,0.0,0.0,0.0,0.0,0.0,0.0
2015-12-20,67,0,0,0,0,0.0,0.0,0.0,0.0,0.0,0.0,0.0,0.0
2015-12-21,205,0,0,0,0,0.0,0.0,0.0,0.0,0.0,0.0,0.0,0.0
2015-12-22,251,2,2,0,0,0.00796812749003984,7.968127490039841,0.00796812749003984,7.968127490039841,0.0,0.0,0.0,0.0
2015-12-23,222,1,0,0,1,0.0045045045045045045,4.504504504504505,0.0,0.0,0.0,0.0,0.0045045045045045045,4.504504504504505
2015-12-24,190,0,0,0,0,0.0,0.0,0.0,0.0,0.0,0.0,0.0,0.0
2015-12-25,50,0,0,0,0,0.0,0.0,0.0,0.0,0.0,0.0,0.0,0.0
2015-12-26,70,0,0,0,0,0.0,0.0,0.0,0.0,0.0,0.0,0.0,0.0
2015-12-27,67,0,0,0,0,0.0,0.0,0.0,0.0,0.0,0.0,0.0,0.0
2015-12-28,125,0,0,0,0,0.0,0.0,0.0,0.0,0.0,0.0,0.0,0.0
2015-12-29,149,2,1,0,1,0.013422818791946308,13.422818791946309,0.006711409395973154,6.7114093959731544,0.0,0.0,0.006711409395973154,6.7114093959731544
2015-12-30,160,0,0,0,0,0.0,0.0,0.0,0.0,0.0,0.0,0.0,0.0
2015-12-31,151,2,2,0,0,0.013245033112582781,13.245033112582782,0.013245033112582781,13.245033112582782,0.0,0.0,0.0,0.0
2016-01-01,100,0,0,0,0,0.0,0.0,0.0,0.0,0.0,0.0,0.0,0.0
2016-01-02,72,0,0,0,0,0.0,0.0,0.0,0.0,0.0,0.0,0.0,0.0
2016-01-03,64,0,0,0,0,0.0,0.0,0.0,0.0,0.0,0.0,0.0,0.0
2016-01-04,175,0,0,0,0,0.0,0.0,0.0,0.0,0.0,0.0,0.0,0.0
2016-01-05,208,1,0,0,1,0.004807692307692308,4.807692307692308,0.0,0.0,0.0,0.0,0.004807692307692308,4.807692307692308
2016-01-06,207,0,0,0,0,0.0,0.0,0.0,0.0,0.0,0.0,0.0,0.0
2016-01-07,205,0,0,0,0,0.0,0.0,0.0,0.0,0.0,0.0,0.0,0.0
2016-01-08,200,0,0,0,0,0.0,0.0,0.0,0.0,0.0,0.0,0.0,0.0
2016-01-09,86,0,0,0,0,0.0,0.0,0.0,0.0,0.0,0.0,0.0,0.0
2016-01-10,67,0,0,0,0,0.0,0.0,0.0,0.0,0.0,0.0,0.0,0.0
2016-01-11,209,0,0,0,0,0.0,0.0,0.0,0.0,0.0,0.0,0.0,0.0
2016-01-12,218,2,2,0,0,0.009174311926605505,9.174311926605505,0.009174311926605505,9.174311926605505,0.0,0.0,0.0,0.0
2016-01-13,217,2,2,0,0,0.009216589861751152,9.216589861751151,0.009216589861751152,9.216589861751151,0.0,0.0,0.0,0.0
2016-01-14,212,1,1,0,0,0.0047169811320754715,4.716981132075471,0.0047169811320754715,4.716981132075471,0.0,0.0,0.0,0.0
2016-01-15,218,2,1,1,0,0.009174311926605505,9.174311926605505,0.0045871559633027525,4.587155963302752,0.0045871559633027525,4.587155963302752,0.0,0.0
2016-01-16,79,1,1,0,0,0.012658227848101266,12.658227848101266,0.012658227848101266,12.658227848101266,0.0,0.0,0.0,0.0
2016-01-17,55,0,0,0,0,0.0,0.0,0.0,0.0,0.0,0.0,0.0,0.0
2016-01-18,215,1,0,0,1,0.004651162790697674,4.651162790697675,0.0,0.0,0.0,0.0,0.004651162790697674,4.651162790697675
2016-01-19,221,2,0,0,2,0.00904977375565611,9.04977375565611,0.0,0.0,0.0,0.0,0.00904977375565611,9.04977375565611
2016-01-20,224,2,0,0,2,0.008928571428571428,8.928571428571429,0.0,0.0,0.0,0.0,0.008928571428571428,8.928571428571429
2016-01-21,227,2,1,0,1,0.00881057268722467,8.81057268722467,0.004405286343612335,4.405286343612335,0.0,0.0,0.004405286343612335,4.405286343612335
2016-01-22,214,3,3,0,0,0.014018691588785047,14.018691588785046,0.014018691588785047,14.018691588785046,0.0,0.0,0.0,0.0
2016-01-23,82,0,0,0,0,0.0,0.0,0.0,0.0,0.0,0.0,0.0,0.0
2016-01-24,73,0,0,0,0,0.0,0.0,0.0,0.0,0.0,0.0,0.0,0.0
2016-01-25,211,1,1,0,0,0.004739336492890996,4.739336492890995,0.004739336492890996,4.739336492890995,0.0,0.0,0.0,0.0
2016-01-26,192,1,1,0,0,0.005208333333333333,5.208333333333333,0.005208333333333333,5.208333333333333,0.0,0.0,0.0,0.0
2016-01-27,225,1,1,0,0,0.0044444444444444444,4.444444444444445,0.0044444444444444444,4.444444444444445,0.0,0.0,0.0,0.0
2016-01-28,229,0,0,0,0,0.0,0.0,0.0,0.0,0.0,0.0,0.0,0.0
2016-01-29,234,0,0,0,0,0.0,0.0,0.0,0.0,0.0,0.0,0.0,0.0
2016-01-30,80,0,0,0,0,0.0,0.0,0.0,0.0,0.0,0.0,0.0,0.0
2016-01-31,83,0,0,0,0,0.0,0.0,0.0,0.0,0.0,0.0,0.0,0.0
2016-02-01,227,1,0,0,1,0.004405286343612335,4.405286343612335,0.0,0.0,0.0,0.0,0.004405286343612335,4.405286343612335
2016-02-02,226,1,0,0,1,0.004424778761061947,4.424778761061947,0.0,0.0,0.0,0.0,0.004424778761061947,4.424778761061947
2016-02-03,226,2,2,0,0,0.008849557522123894,8.849557522123893,0.008849557522123894,8.849557522123893,0.0,0.0,0.0,0.0
2016-02-04,222,1,1,1,0,0.0045045045045045045,4.504504504504505,0.0045045045045045045,4.504504504504505,0.0045045045045045045,4.504504504504505,0.0,0.0
2016-02-05,226,0,0,0,0,0.0,0.0,0.0,0.0,0.0,0.0,0.0,0.0
2016-02-06,78,0,0,0,0,0.0,0.0,0.0,0.0,0.0,0.0,0.0,0.0
2016-02-07,79,0,0,0,0,0.0,0.0,0.0,0.0,0.0,0.0,0.0,0.0
2016-02-08,226,0,0,0,0,0.0,0.0,0.0,0.0,0.0,0.0,0.0,0.0
2016-02-09,226,0,0,0,0,0.0,0.0,0.0,0.0,0.0,0.0,0.0,0.0
2016-02-10,227,0,0,0,0,0.0,0.0,0.0,0.0,0.0,0.0,0.0,0.0
2016-02-11,220,0,0,0,0,0.0,0.0,0.0,0.0,0.0,0.0,0.0,0.0
2016-02-12,227,0,0,0,0,0.0,0.0,0.0,0.0,0.0,0.0,0.0,0.0
2016-02-13,70,0,0,0,0,0.0,0.0,0.0,0.0,0.0,0.0,0.0,0.0
2016-02-14,86,0,0,0,0,0.0,0.0,0.0,0.0,0.0,0.0,0.0,0.0
2016-02-15,219,1,0,0,1,0.0045662100456621,4.5662100456621,0.0,0.0,0.0,0.0,0.0045662100456621,4.5662100456621
2016-02-16,220,3,0,2,1,0.013636363636363636,13.636363636363635,0.0,0.0,0.00909090909090909,9.09090909090909,0.004545454545454545,4.545454545454545
2016-02-17,233,1,1,0,0,0.004291845493562232,4.291845493562231,0.004291845493562232,4.291845493562231,0.0,0.0,0.0,0.0
2016-02-18,231,1,0,0,1,0.004329004329004329,4.329004329004329,0.0,0.0,0.0,0.0,0.004329004329004329,4.329004329004329
2016-02-19,226,1,1,0,0,0.004424778761061947,4.424778761061947,0.004424778761061947,4.424778761061947,0.0,0.0,0.0,0.0
2016-02-20,78,0,0,0,0,0.0,0.0,0.0,0.0,0.0,0.0,0.0,0.0
2016-02-21,69,0,0,0,0,0.0,0.0,0.0,0.0,0.0,0.0,0.0,0.0
2016-02-22,217,2,2,0,0,0.009216589861751152,9.216589861751151,0.009216589861751152,9.216589861751151,0.0,0.0,0.0,0.0
2016-02-23,222,4,1,1,2,0.018018018018018018,18.01801801801802,0.0045045045045045045,4.504504504504505,0.0045045045045045045,4.504504504504505,0.009009009009009009,9.00900900900901
2016-02-24,222,0,0,0,0,0.0,0.0,0.0,0.0,0.0,0.0,0.0,0.0
2016-02-25,226,0,0,0,0,0.0,0.0,0.0,0.0,0.0,0.0,0.0,0.0
2016-02-26,235,0,0,0,0,0.0,0.0,0.0,0.0,0.0,0.0,0.0,0.0
2016-02-27,76,0,0,0,0,0.0,0.0,0.0,0.0,0.0,0.0,0.0,0.0
2016-02-28,72,0,0,0,0,0.0,0.0,0.0,0.0,0.0,0.0,0.0,0.0
2016-02-29,220,0,0,0,0,0.0,0.0,0.0,0.0,0.0,0.0,0.0,0.0
2016-03-01,222,0,0,0,0,0.0,0.0,0.0,0.0,0.0,0.0,0.0,0.0
2016-03-02,225,2,0,0,2,0.008888888888888889,8.88888888888889,0.0,0.0,0.0,0.0,0.008888888888888889,8.88888888888889
2016-03-03,216,0,0,0,0,0.0,0.0,0.0,0.0,0.0,0.0,0.0,0.0
2016-03-04,227,0,0,0,0,0.0,0.0,0.0,0.0,0.0,0.0,0.0,0.0
2016-03-05,79,0,0,0,0,0.0,0.0,0.0,0.0,0.0,0.0,0.0,0.0
2016-03-06,72,0,0,0,0,0.0,0.0,0.0,0.0,0.0,0.0,0.0,0.0
2016-03-07,229,0,0,0,0,0.0,0.0,0.0,0.0,0.0,0.0,0.0,0.0
2016-03-08,226,0,0,0,0,0.0,0.0,0.0,0.0,0.0,0.0,0.0,0.0
2016-03-09,218,0,0,0,0,0.0,0.0,0.0,0.0,0.0,0.0,0.0,0.0
2016-03-10,225,0,0,0,0,0.0,0.0,0.0,0.0,0.0,0.0,0.0,0.0
2016-03-11,227,1,0,0,1,0.004405286343612335,4.405286343612335,0.0,0.0,0.0,0.0,0.004405286343612335,4.405286343612335
2016-03-12,69,0,0,0,0,0.0,0.0,0.0,0.0,0.0,0.0,0.0,0.0
2016-03-13,76,0,0,0,0,0.0,0.0,0.0,0.0,0.0,0.0,0.0,0.0
2016-03-14,215,0,0,0,0,0.0,0.0,0.0,0.0,0.0,0.0,0.0,0.0
2016-03-15,218,0,0,0,0,0.0,0.0,0.0,0.0,0.0,0.0,0.0,0.0
2016-03-16,223,0,0,0,0,0.0,0.0,0.0,0.0,0.0,0.0,0.0,0.0
2016-03-17,221,0,0,0,0,0.0,0.0,0.0,0.0,0.0,0.0,0.0,0.0
2016-03-18,224,1,0,1,0,0.004464285714285714,4.464285714285714,0.0,0.0,0.004464285714285714,4.464285714285714,0.0,0.0
2016-03-19,63,0,0,0,0,0.0,0.0,0.0,0.0,0.0,0.0,0.0,0.0
2016-03-20,85,0,0,0,0,0.0,0.0,0.0,0.0,0.0,0.0,0.0,0.0
2016-03-21,214,0,0,0,0,0.0,0.0,0.0,0.0,0.0,0.0,0.0,0.0
2016-03-22,222,1,1,0,0,0.0045045045045045045,4.504504504504505,0.0045045045045045045,4.504504504504505,0.0,0.0,0.0,0.0
2016-03-23,221,0,0,0,0,0.0,0.0,0.0,0.0,0.0,0.0,0.0,0.0
2016-03-24,222,0,0,0,0,0.0,0.0,0.0,0.0,0.0,0.0,0.0,0.0
2016-03-25,79,0,0,0,0,0.0,0.0,0.0,0.0,0.0,0.0,0.0,0.0
2016-03-26,57,0,0,0,0,0.0,0.0,0.0,0.0,0.0,0.0,0.0,0.0
2016-03-27,64,0,0,0,0,0.0,0.0,0.0,0.0,0.0,0.0,0.0,0.0
2016-03-28,137,0,0,0,0,0.0,0.0,0.0,0.0,0.0,0.0,0.0,0.0
2016-03-29,213,0,0,0,0,0.0,0.0,0.0,0.0,0.0,0.0,0.0,0.0
2016-03-30,217,0,0,0,0,0.0,0.0,0.0,0.0,0.0,0.0,0.0,0.0
2016-03-31,218,0,0,0,0,0.0,0.0,0.0,0.0,0.0,0.0,0.0,0.0
2016-04-01,226,0,0,0,0,0.0,0.0,0.0,0.0,0.0,0.0,0.0,0.0
2016-04-02,89,0,0,0,0,0.0,0.0,0.0,0.0,0.0,0.0,0.0,0.0
2016-04-03,64,0,0,0,0,0.0,0.0,0.0,0.0,0.0,0.0,0.0,0.0
2016-04-04,222,0,0,0,0,0.0,0.0,0.0,0.0,0.0,0.0,0.0,0.0
2016-04-05,221,1,1,0,0,0.004524886877828055,4.524886877828055,0.004524886877828055,4.524886877828055,0.0,0.0,0.0,0.0
2016-04-06,226,1,1,0,0,0.004424778761061947,4.424778761061947,0.004424778761061947,4.424778761061947,0.0,0.0,0.0,0.0
2016-04-07,229,0,0,0,0,0.0,0.0,0.0,0.0,0.0,0.0,0.0,0.0
2016-04-08,216,0,0,0,0,0.0,0.0,0.0,0.0,0.0,0.0,0.0,0.0
2016-04-09,78,0,0,0,0,0.0,0.0,0.0,0.0,0.0,0.0,0.0,0.0
2016-04-10,76,0,0,0,0,0.0,0.0,0.0,0.0,0.0,0.0,0.0,0.0
2016-04-11,229,1,1,0,0,0.004366812227074236,4.366812227074235,0.004366812227074236,4.366812227074235,0.0,0.0,0.0,0.0
2016-04-12,220,3,1,2,0,0.013636363636363636,13.636363636363635,0.004545454545454545,4.545454545454545,0.00909090909090909,9.09090909090909,0.0,0.0
2016-04-13,215,2,1,1,0,0.009302325581395349,9.30232558139535,0.004651162790697674,4.651162790697675,0.004651162790697674,4.651162790697675,0.0,0.0
2016-04-14,222,0,0,0,0,0.0,0.0,0.0,0.0,0.0,0.0,0.0,0.0
2016-04-15,226,1,0,1,0,0.004424778761061947,4.424778761061947,0.0,0.0,0.004424778761061947,4.424778761061947,0.0,0.0
2016-04-16,70,0,0,0,0,0.0,0.0,0.0,0.0,0.0,0.0,0.0,0.0
2016-04-17,76,0,0,0,0,0.0,0.0,0.0,0.0,0.0,0.0,0.0,0.0
2016-04-18,217,4,4,3,0,0.018433179723502304,18.433179723502302,0.018433179723502304,18.433179723502302,0.013824884792626729,13.82488479262673,0.0,0.0
2016-04-19,218,1,1,0,0,0.0045871559633027525,4.587155963302752,0.0045871559633027525,4.587155963302752,0.0,0.0,0.0,0.0
2016-04-20,221,1,1,0,0,0.004524886877828055,4.524886877828055,0.004524886877828055,4.524886877828055,0.0,0.0,0.0,0.0
2016-04-21,220,1,1,0,0,0.004545454545454545,4.545454545454545,0.004545454545454545,4.545454545454545,0.0,0.0,0.0,0.0
2016-04-22,220,0,0,0,0,0.0,0.0,0.0,0.0,0.0,0.0,0.0,0.0
2016-04-23,81,0,0,0,0,0.0,0.0,0.0,0.0,0.0,0.0,0.0,0.0
2016-04-24,79,0,0,0,0,0.0,0.0,0.0,0.0,0.0,0.0,0.0,0.0
2016-04-25,153,0,0,0,0,0.0,0.0,0.0,0.0,0.0,0.0,0.0,0.0
2016-04-26,216,2,1,1,0,0.009259259259259259,9.25925925925926,0.004629629629629629,4.62962962962963,0.004629629629629629,4.62962962962963,0.0,0.0
2016-04-27,235,1,1,0,0,0.00425531914893617,4.25531914893617,0.00425531914893617,4.25531914893617,0.0,0.0,0.0,0.0
2016-04-28,217,0,0,0,0,0.0,0.0,0.0,0.0,0.0,0.0,0.0,0.0
2016-04-29,227,1,1,0,0,0.004405286343612335,4.405286343612335,0.004405286343612335,4.405286343612335,0.0,0.0,0.0,0.0
2016-04-30,68,0,0,0,0,0.0,0.0,0.0,0.0,0.0,0.0,0.0,0.0
2016-05-01,60,0,0,0,0,0.0,0.0,0.0,0.0,0.0,0.0,0.0,0.0
2016-05-02,217,0,0,0,0,0.0,0.0,0.0,0.0,0.0,0.0,0.0,0.0
2016-05-03,214,0,0,0,0,0.0,0.0,0.0,0.0,0.0,0.0,0.0,0.0
2016-05-04,220,0,0,0,0,0.0,0.0,0.0,0.0,0.0,0.0,0.0,0.0
2016-05-05,224,0,0,0,0,0.0,0.0,0.0,0.0,0.0,0.0,0.0,0.0
2016-05-06,217,0,0,0,0,0.0,0.0,0.0,0.0,0.0,0.0,0.0,0.0
2016-05-07,73,0,0,0,0,0.0,0.0,0.0,0.0,0.0,0.0,0.0,0.0
2016-05-08,71,0,0,0,0,0.0,0.0,0.0,0.0,0.0,0.0,0.0,0.0
2016-05-09,210,0,0,0,0,0.0,0.0,0.0,0.0,0.0,0.0,0.0,0.0
2016-05-10,219,0,0,0,0,0.0,0.0,0.0,0.0,0.0,0.0,0.0,0.0
2016-05-11,215,1,1,0,0,0.004651162790697674,4.651162790697675,0.004651162790697674,4.651162790697675,0.0,0.0,0.0,0.0
2016-05-12,223,1,0,1,0,0.004484304932735426,4.484304932735426,0.0,0.0,0.004484304932735426,4.484304932735426,0.0,0.0
2016-05-13,219,1,1,0,0,0.0045662100456621,4.5662100456621,0.0045662100456621,4.5662100456621,0.0,0.0,0.0,0.0
2016-05-14,77,0,0,0,0,0.0,0.0,0.0,0.0,0.0,0.0,0.0,0.0
2016-05-15,93,0,0,0,0,0.0,0.0,0.0,0.0,0.0,0.0,0.0,0.0
2016-05-16,222,0,0,0,0,0.0,0.0,0.0,0.0,0.0,0.0,0.0,0.0
2016-05-17,220,2,2,0,0,0.00909090909090909,9.09090909090909,0.00909090909090909,9.09090909090909,0.0,0.0,0.0,0.0
2016-05-18,221,0,0,0,0,0.0,0.0,0.0,0.0,0.0,0.0,0.0,0.0
2016-05-19,217,0,0,0,0,0.0,0.0,0.0,0.0,0.0,0.0,0.0,0.0
2016-05-20,220,0,0,0,0,0.0,0.0,0.0,0.0,0.0,0.0,0.0,0.0
2016-05-21,77,0,0,0,0,0.0,0.0,0.0,0.0,0.0,0.0,0.0,0.0
2016-05-22,84,0,0,0,0,0.0,0.0,0.0,0.0,0.0,0.0,0.0,0.0
2016-05-23,223,0,0,0,0,0.0,0.0,0.0,0.0,0.0,0.0,0.0,0.0
2016-05-24,222,0,0,0,0,0.0,0.0,0.0,0.0,0.0,0.0,0.0,0.0
2016-05-25,222,0,0,0,0,0.0,0.0,0.0,0.0,0.0,0.0,0.0,0.0
2016-05-26,224,2,2,0,0,0.008928571428571428,8.928571428571429,0.008928571428571428,8.928571428571429,0.0,0.0,0.0,0.0
2016-05-27,221,1,1,0,0,0.004524886877828055,4.524886877828055,0.004524886877828055,4.524886877828055,0.0,0.0,0.0,0.0
2016-05-28,82,0,0,0,0,0.0,0.0,0.0,0.0,0.0,0.0,0.0,0.0
2016-05-29,90,0,0,0,0,0.0,0.0,0.0,0.0,0.0,0.0,0.0,0.0
2016-05-30,223,1,0,0,1,0.004484304932735426,4.484304932735426,0.0,0.0,0.0,0.0,0.004484304932735426,4.484304932735426
2016-05-31,221,0,0,0,0,0.0,0.0,0.0,0.0,0.0,0.0,0.0,0.0
2016-06-01,214,0,0,0,0,0.0,0.0,0.0,0.0,0.0,0.0,0.0,0.0
2016-06-02,226,0,0,0,0,0.0,0.0,0.0,0.0,0.0,0.0,0.0,0.0
2016-06-03,218,0,0,0,0,0.0,0.0,0.0,0.0,0.0,0.0,0.0,0.0
2016-06-04,90,0,0,0,0,0.0,0.0,0.0,0.0,0.0,0.0,0.0,0.0
2016-06-05,72,0,0,0,0,0.0,0.0,0.0,0.0,0.0,0.0,0.0,0.0
2016-06-06,208,1,0,0,1,0.004807692307692308,4.807692307692308,0.0,0.0,0.0,0.0,0.004807692307692308,4.807692307692308
2016-06-07,223,0,0,0,0,0.0,0.0,0.0,0.0,0.0,0.0,0.0,0.0
2016-06-08,216,1,1,0,0,0.004629629629629629,4.62962962962963,0.004629629629629629,4.62962962962963,0.0,0.0,0.0,0.0
2016-06-09,220,0,0,0,0,0.0,0.0,0.0,0.0,0.0,0.0,0.0,0.0
2016-06-10,219,0,0,0,0,0.0,0.0,0.0,0.0,0.0,0.0,0.0,0.0
2016-06-11,75,0,0,0,0,0.0,0.0,0.0,0.0,0.0,0.0,0.0,0.0
2016-06-12,70,0,0,0,0,0.0,0.0,0.0,0.0,0.0,0.0,0.0,0.0
2016-06-13,203,0,0,0,0,0.0,0.0,0.0,0.0,0.0,0.0,0.0,0.0
2016-06-14,221,0,0,0,0,0.0,0.0,0.0,0.0,0.0,0.0,0.0,0.0
2016-06-15,215,0,0,0,0,0.0,0.0,0.0,0.0,0.0,0.0,0.0,0.0
2016-06-16,223,0,0,0,0,0.0,0.0,0.0,0.0,0.0,0.0,0.0,0.0
2016-06-17,222,0,0,0,0,0.0,0.0,0.0,0.0,0.0,0.0,0.0,0.0
2016-06-18,94,0,0,0,0,0.0,0.0,0.0,0.0,0.0,0.0,0.0,0.0
2016-06-19,79,0,0,0,0,0.0,0.0,0.0,0.0,0.0,0.0,0.0,0.0
2016-06-20,209,0,0,0,0,0.0,0.0,0.0,0.0,0.0,0.0,0.0,0.0
2016-06-21,217,0,0,0,0,0.0,0.0,0.0,0.0,0.0,0.0,0.0,0.0
2016-06-22,218,0,0,0,0,0.0,0.0,0.0,0.0,0.0,0.0,0.0,0.0
2016-06-23,222,0,0,0,0,0.0,0.0,0.0,0.0,0.0,0.0,0.0,0.0
2016-06-24,224,0,0,0,0,0.0,0.0,0.0,0.0,0.0,0.0,0.0,0.0
2016-06-25,88,0,0,0,0,0.0,0.0,0.0,0.0,0.0,0.0,0.0,0.0
2016-06-26,86,0,0,0,0,0.0,0.0,0.0,0.0,0.0,0.0,0.0,0.0
2016-06-27,212,0,0,0,0,0.0,0.0,0.0,0.0,0.0,0.0,0.0,0.0
2016-06-28,204,0,0,0,0,0.0,0.0,0.0,0.0,0.0,0.0,0.0,0.0
2016-06-29,216,0,0,0,0,0.0,0.0,0.0,0.0,0.0,0.0,0.0,0.0
2016-06-30,215,0,0,0,0,0.0,0.0,0.0,0.0,0.0,0.0,0.0,0.0
2016-07-01,206,0,0,0,0,0.0,0.0,0.0,0.0,0.0,0.0,0.0,0.0
2016-07-02,94,0,0,0,0,0.0,0.0,0.0,0.0,0.0,0.0,0.0,0.0
2016-07-03,87,0,0,0,0,0.0,0.0,0.0,0.0,0.0,0.0,0.0,0.0
2016-07-04,194,0,0,0,0,0.0,0.0,0.0,0.0,0.0,0.0,0.0,0.0
2016-07-05,217,0,0,0,0,0.0,0.0,0.0,0.0,0.0,0.0,0.0,0.0
2016-07-06,218,0,0,0,0,0.0,0.0,0.0,0.0,0.0,0.0,0.0,0.0
2016-07-07,208,0,0,0,0,0.0,0.0,0.0,0.0,0.0,0.0,0.0,0.0
2016-07-08,227,1,1,0,0,0.004405286343612335,4.405286343612335,0.004405286343612335,4.405286343612335,0.0,0.0,0.0,0.0
2016-07-09,74,0,0,0,0,0.0,0.0,0.0,0.0,0.0,0.0,0.0,0.0
2016-07-10,75,0,0,0,0,0.0,0.0,0.0,0.0,0.0,0.0,0.0,0.0
2016-07-11,197,0,0,0,0,0.0,0.0,0.0,0.0,0.0,0.0,0.0,0.0
2016-07-12,194,0,0,0,0,0.0,0.0,0.0,0.0,0.0,0.0,0.0,0.0
2016-07-13,216,0,0,0,0,0.0,0.0,0.0,0.0,0.0,0.0,0.0,0.0
2016-07-14,215,2,2,1,0,0.009302325581395349,9.30232558139535,0.009302325581395349,9.30232558139535,0.004651162790697674,4.651162790697675,0.0,0.0
2016-07-15,207,0,0,0,0,0.0,0.0,0.0,0.0,0.0,0.0,0.0,0.0
2016-07-16,73,0,0,0,0,0.0,0.0,0.0,0.0,0.0,0.0,0.0,0.0
2016-07-17,72,0,0,0,0,0.0,0.0,0.0,0.0,0.0,0.0,0.0,0.0
2016-07-18,198,0,0,0,0,0.0,0.0,0.0,0.0,0.0,0.0,0.0,0.0
2016-07-19,214,0,0,0,0,0.0,0.0,0.0,0.0,0.0,0.0,0.0,0.0
2016-07-20,211,2,0,0,2,0.009478672985781991,9.47867298578199,0.0,0.0,0.0,0.0,0.009478672985781991,9.47867298578199
2016-07-21,220,0,0,0,0,0.0,0.0,0.0,0.0,0.0,0.0,0.0,0.0
2016-07-22,225,1,0,1,0,0.0044444444444444444,4.444444444444445,0.0,0.0,0.0044444444444444444,4.444444444444445,0.0,0.0
2016-07-23,81,0,0,0,0,0.0,0.0,0.0,0.0,0.0,0.0,0.0,0.0
2016-07-24,75,0,0,0,0,0.0,0.0,0.0,0.0,0.0,0.0,0.0,0.0
2016-07-25,215,0,0,0,0,0.0,0.0,0.0,0.0,0.0,0.0,0.0,0.0
2016-07-26,214,1,1,0,0,0.004672897196261682,4.672897196261682,0.004672897196261682,4.672897196261682,0.0,0.0,0.0,0.0
2016-07-27,211,0,0,0,0,0.0,0.0,0.0,0.0,0.0,0.0,0.0,0.0
2016-07-28,218,0,0,0,0,0.0,0.0,0.0,0.0,0.0,0.0,0.0,0.0
2016-07-29,216,0,0,0,0,0.0,0.0,0.0,0.0,0.0,0.0,0.0,0.0
2016-07-30,82,0,0,0,0,0.0,0.0,0.0,0.0,0.0,0.0,0.0,0.0
2016-07-31,79,0,0,0,0,0.0,0.0,0.0,0.0,0.0,0.0,0.0,0.0
2016-08-01,206,0,0,0,0,0.0,0.0,0.0,0.0,0.0,0.0,0.0,0.0
2016-08-02,213,1,1,0,0,0.004694835680751174,4.694835680751174,0.004694835680751174,4.694835680751174,0.0,0.0,0.0,0.0
2016-08-03,211,0,0,0,0,0.0,0.0,0.0,0.0,0.0,0.0,0.0,0.0
2016-08-04,215,1,1,0,0,0.004651162790697674,4.651162790697675,0.004651162790697674,4.651162790697675,0.0,0.0,0.0,0.0
2016-08-05,216,0,0,0,0,0.0,0.0,0.0,0.0,0.0,0.0,0.0,0.0
2016-08-06,81,0,0,0,0,0.0,0.0,0.0,0.0,0.0,0.0,0.0,0.0
2016-08-07,89,0,0,0,0,0.0,0.0,0.0,0.0,0.0,0.0,0.0,0.0
2016-08-08,191,0,0,0,0,0.0,0.0,0.0,0.0,0.0,0.0,0.0,0.0
2016-08-09,200,1,1,0,0,0.005,5.0,0.005,5.0,0.0,0.0,0.0,0.0
2016-08-10,216,0,0,0,0,0.0,0.0,0.0,0.0,0.0,0.0,0.0,0.0
2016-08-11,220,1,0,0,1,0.004545454545454545,4.545454545454545,0.0,0.0,0.0,0.0,0.004545454545454545,4.545454545454545
2016-08-12,196,1,1,0,0,0.00510204081632653,5.1020408163265305,0.00510204081632653,5.1020408163265305,0.0,0.0,0.0,0.0
2016-08-13,81,0,0,0,0,0.0,0.0,0.0,0.0,0.0,0.0,0.0,0.0
2016-08-14,88,0,0,0,0,0.0,0.0,0.0,0.0,0.0,0.0,0.0,0.0
2016-08-15,205,0,0,0,0,0.0,0.0,0.0,0.0,0.0,0.0,0.0,0.0
2016-08-16,208,0,0,0,0,0.0,0.0,0.0,0.0,0.0,0.0,0.0,0.0
2016-08-17,217,0,0,0,0,0.0,0.0,0.0,0.0,0.0,0.0,0.0,0.0
2016-08-18,223,0,0,0,0,0.0,0.0,0.0,0.0,0.0,0.0,0.0,0.0
2016-08-19,217,0,0,0,0,0.0,0.0,0.0,0.0,0.0,0.0,0.0,0.0
2016-08-20,82,0,0,0,0,0.0,0.0,0.0,0.0,0.0,0.0,0.0,0.0
2016-08-21,73,0,0,0,0,0.0,0.0,0.0,0.0,0.0,0.0,0.0,0.0
2016-08-22,193,1,0,0,1,0.0051813471502590676,5.181347150259067,0.0,0.0,0.0,0.0,0.0051813471502590676,5.181347150259067
2016-08-23,188,2,0,2,0,0.010638297872340425,10.638297872340425,0.0,0.0,0.010638297872340425,10.638297872340425,0.0,0.0
2016-08-24,223,0,0,0,0,0.0,0.0,0.0,0.0,0.0,0.0,0.0,0.0
2016-08-25,223,0,0,0,0,0.0,0.0,0.0,0.0,0.0,0.0,0.0,0.0
2016-08-26,217,1,0,1,0,0.004608294930875576,4.608294930875576,0.0,0.0,0.004608294930875576,4.608294930875576,0.0,0.0
2016-08-27,84,0,0,0,0,0.0,0.0,0.0,0.0,0.0,0.0,0.0,0.0
2016-08-28,87,0,0,0,0,0.0,0.0,0.0,0.0,0.0,0.0,0.0,0.0
2016-08-29,210,0,0,0,0,0.0,0.0,0.0,0.0,0.0,0.0,0.0,0.0
2016-08-30,206,0,0,0,0,0.0,0.0,0.0,0.0,0.0,0.0,0.0,0.0
2016-08-31,214,0,0,0,0,0.0,0.0,0.0,0.0,0.0,0.0,0.0,0.0
2016-09-01,224,1,1,0,0,0.004464285714285714,4.464285714285714,0.004464285714285714,4.464285714285714,0.0,0.0,0.0,0.0
2016-09-02,222,1,1,0,0,0.0045045045045045045,4.504504504504505,0.0045045045045045045,4.504504504504505,0.0,0.0,0.0,0.0
2016-09-03,89,0,0,0,0,0.0,0.0,0.0,0.0,0.0,0.0,0.0,0.0
2016-09-04,86,1,0,1,0,0.011627906976744186,11.627906976744185,0.0,0.0,0.011627906976744186,11.627906976744185,0.0,0.0
2016-09-05,212,1,1,1,0,0.0047169811320754715,4.716981132075471,0.0047169811320754715,4.716981132075471,0.0047169811320754715,4.716981132075471,0.0,0.0
2016-09-06,225,0,0,0,0,0.0,0.0,0.0,0.0,0.0,0.0,0.0,0.0
2016-09-07,220,0,0,0,0,0.0,0.0,0.0,0.0,0.0,0.0,0.0,0.0
2016-09-08,216,0,0,0,0,0.0,0.0,0.0,0.0,0.0,0.0,0.0,0.0
2016-09-09,218,1,0,1,0,0.0045871559633027525,4.587155963302752,0.0,0.0,0.0045871559633027525,4.587155963302752,0.0,0.0
2016-09-10,91,0,0,0,0,0.0,0.0,0.0,0.0,0.0,0.0,0.0,0.0
2016-09-11,74,0,0,0,0,0.0,0.0,0.0,0.0,0.0,0.0,0.0,0.0
2016-09-12,189,0,0,0,0,0.0,0.0,0.0,0.0,0.0,0.0,0.0,0.0
2016-09-13,218,0,0,0,0,0.0,0.0,0.0,0.0,0.0,0.0,0.0,0.0
2016-09-14,201,2,1,1,0,0.009950248756218905,9.950248756218905,0.004975124378109453,4.975124378109452,0.004975124378109453,4.975124378109452,0.0,0.0
2016-09-15,222,1,1,0,0,0.0045045045045045045,4.504504504504505,0.0045045045045045045,4.504504504504505,0.0,0.0,0.0,0.0
2016-09-16,193,0,0,0,0,0.0,0.0,0.0,0.0,0.0,0.0,0.0,0.0
2016-09-17,70,1,0,0,1,0.014285714285714285,14.285714285714285,0.0,0.0,0.0,0.0,0.014285714285714285,14.285714285714285
2016-09-18,70,0,0,0,0,0.0,0.0,0.0,0.0,0.0,0.0,0.0,0.0
2016-09-19,196,0,0,0,0,0.0,0.0,0.0,0.0,0.0,0.0,0.0,0.0
2016-09-20,182,0,0,0,0,0.0,0.0,0.0,0.0,0.0,0.0,0.0,0.0
2016-09-21,187,1,0,1,0,0.0053475935828877,5.347593582887701,0.0,0.0,0.0053475935828877,5.347593582887701,0.0,0.0
2016-09-22,211,0,0,0,0,0.0,0.0,0.0,0.0,0.0,0.0,0.0,0.0
2016-09-23,201,0,0,0,0,0.0,0.0,0.0,0.0,0.0,0.0,0.0,0.0
2016-09-24,80,0,0,0,0,0.0,0.0,0.0,0.0,0.0,0.0,0.0,0.0
2016-09-25,59,1,1,0,0,0.01694915254237288,16.949152542372882,0.01694915254237288,16.949152542372882,0.0,0.0,0.0,0.0
2016-09-26,166,1,0,0,1,0.006024096385542169,6.024096385542169,0.0,0.0,0.0,0.0,0.006024096385542169,6.024096385542169
2016-09-27,185,0,0,0,0,0.0,0.0,0.0,0.0,0.0,0.0,0.0,0.0
2016-09-28,202,0,0,0,0,0.0,0.0,0.0,0.0,0.0,0.0,0.0,0.0
2016-09-29,191,3,2,2,0,0.015706806282722512,15.706806282722512,0.010471204188481676,10.471204188481677,0.010471204188481676,10.471204188481677,0.0,0.0
2016-09-30,185,0,0,0,0,0.0,0.0,0.0,0.0,0.0,0.0,0.0,0.0
2016-10-01,68,0,0,0,0,0.0,0.0,0.0,0.0,0.0,0.0,0.0,0.0
2016-10-02,65,1,1,0,0,0.015384615384615385,15.384615384615385,0.015384615384615385,15.384615384615385,0.0,0.0,0.0,0.0
2016-10-03,162,0,0,0,0,0.0,0.0,0.0,0.0,0.0,0.0,0.0,0.0
2016-10-04,189,0,0,0,0,0.0,0.0,0.0,0.0,0.0,0.0,0.0,0.0
2016-10-05,188,0,0,0,0,0.0,0.0,0.0,0.0,0.0,0.0,0.0,0.0
2016-10-06,210,1,1,0,0,0.004761904761904762,4.761904761904763,0.004761904761904762,4.761904761904763,0.0,0.0,0.0,0.0
2016-10-07,186,0,0,0,0,0.0,0.0,0.0,0.0,0.0,0.0,0.0,0.0
2016-10-08,82,0,0,0,0,0.0,0.0,0.0,0.0,0.0,0.0,0.0,0.0
2016-10-09,65,0,0,0,0,0.0,0.0,0.0,0.0,0.0,0.0,0.0,0.0
2016-10-10,194,0,0,0,0,0.0,0.0,0.0,0.0,0.0,0.0,0.0,0.0
2016-10-11,185,2,2,0,0,0.010810810810810811,10.81081081081081,0.010810810810810811,10.81081081081081,0.0,0.0,0.0,0.0
2016-10-12,210,1,1,0,0,0.004761904761904762,4.761904761904763,0.004761904761904762,4.761904761904763,0.0,0.0,0.0,0.0
2016-10-13,216,0,0,0,0,0.0,0.0,0.0,0.0,0.0,0.0,0.0,0.0
2016-10-14,184,0,0,0,0,0.0,0.0,0.0,0.0,0.0,0.0,0.0,0.0
2016-10-15,76,0,0,0,0,0.0,0.0,0.0,0.0,0.0,0.0,0.0,0.0
2016-10-16,69,0,0,0,0,0.0,0.0,0.0,0.0,0.0,0.0,0.0,0.0
2016-10-17,181,0,0,0,0,0.0,0.0,0.0,0.0,0.0,0.0,0.0,0.0
2016-10-18,206,0,0,0,0,0.0,0.0,0.0,0.0,0.0,0.0,0.0,0.0
2016-10-19,203,0,0,0,0,0.0,0.0,0.0,0.0,0.0,0.0,0.0,0.0
2016-10-20,214,1,1,0,0,0.004672897196261682,4.672897196261682,0.004672897196261682,4.672897196261682,0.0,0.0,0.0,0.0
2016-10-21,205,1,1,0,0,0.004878048780487805,4.878048780487805,0.004878048780487805,4.878048780487805,0.0,0.0,0.0,0.0
2016-10-22,78,0,0,0,0,0.0,0.0,0.0,0.0,0.0,0.0,0.0,0.0
2016-10-23,63,0,0,0,0,0.0,0.0,0.0,0.0,0.0,0.0,0.0,0.0
2016-10-24,164,1,1,0,0,0.006097560975609756,6.097560975609756,0.006097560975609756,6.097560975609756,0.0,0.0,0.0,0.0
2016-10-25,198,0,0,0,0,0.0,0.0,0.0,0.0,0.0,0.0,0.0,0.0
2016-10-26,203,1,1,0,0,0.0049261083743842365,4.926108374384237,0.0049261083743842365,4.926108374384237,0.0,0.0,0.0,0.0
2016-10-27,198,0,0,0,0,0.0,0.0,0.0,0.0,0.0,0.0,0.0,0.0
2016-10-28,216,0,0,0,0,0.0,0.0,0.0,0.0,0.0,0.0,0.0,0.0
2016-10-29,68,0,0,0,0,0.0,0.0,0.0,0.0,0.0,0.0,0.0,0.0
2016-10-30,69,0,0,0,0,0.0,0.0,0.0,0.0,0.0,0.0,0.0,0.0
2016-10-31,180,0,0,0,0,0.0,0.0,0.0,0.0,0.0,0.0,0.0,0.0
2016-11-01,180,0,0,0,0,0.0,0.0,0.0,0.0,0.0,0.0,0.0,0.0
2016-11-02,186,1,0,0,1,0.005376344086021506,5.376344086021506,0.0,0.0,0.0,0.0,0.005376344086021506,5.376344086021506
2016-11-03,205,0,0,0,0,0.0,0.0,0.0,0.0,0.0,0.0,0.0,0.0
2016-11-04,176,0,0,0,0,0.0,0.0,0.0,0.0,0.0,0.0,0.0,0.0
2016-11-05,70,0,0,0,0,0.0,0.0,0.0,0.0,0.0,0.0,0.0,0.0
2016-11-06,70,0,0,0,0,0.0,0.0,0.0,0.0,0.0,0.0,0.0,0.0
2016-11-07,183,0,0,0,0,0.0,0.0,0.0,0.0,0.0,0.0,0.0,0.0
2016-11-08,217,1,0,1,0,0.004608294930875576,4.608294930875576,0.0,0.0,0.004608294930875576,4.608294930875576,0.0,0.0
2016-11-09,182,0,0,0,0,0.0,0.0,0.0,0.0,0.0,0.0,0.0,0.0
2016-11-10,221,0,0,0,0,0.0,0.0,0.0,0.0,0.0,0.0,0.0,0.0
2016-11-11,213,0,0,0,0,0.0,0.0,0.0,0.0,0.0,0.0,0.0,0.0
2016-11-12,71,0,0,0,0,0.0,0.0,0.0,0.0,0.0,0.0,0.0,0.0
2016-11-13,73,0,0,0,0,0.0,0.0,0.0,0.0,0.0,0.0,0.0,0.0
2016-11-14,163,0,0,0,0,0.0,0.0,0.0,0.0,0.0,0.0,0.0,0.0
2016-11-15,194,0,0,0,0,0.0,0.0,0.0,0.0,0.0,0.0,0.0,0.0
2016-11-16,190,0,0,0,0,0.0,0.0,0.0,0.0,0.0,0.0,0.0,0.0
2016-11-17,218,0,0,0,0,0.0,0.0,0.0,0.0,0.0,0.0,0.0,0.0
2016-11-18,185,0,0,0,0,0.0,0.0,0.0,0.0,0.0,0.0,0.0,0.0
2016-11-19,80,0,0,0,0,0.0,0.0,0.0,0.0,0.0,0.0,0.0,0.0
2016-11-20,61,0,0,0,0,0.0,0.0,0.0,0.0,0.0,0.0,0.0,0.0
2016-11-21,185,0,0,0,0,0.0,0.0,0.0,0.0,0.0,0.0,0.0,0.0
2016-11-22,210,3,2,1,0,0.014285714285714285,14.285714285714285,0.009523809523809525,9.523809523809526,0.004761904761904762,4.761904761904763,0.0,0.0
2016-11-23,219,0,0,0,0,0.0,0.0,0.0,0.0,0.0,0.0,0.0,0.0
2016-11-24,199,0,0,0,0,0.0,0.0,0.0,0.0,0.0,0.0,0.0,0.0
2016-11-25,188,2,0,2,0,0.010638297872340425,10.638297872340425,0.0,0.0,0.010638297872340425,10.638297872340425,0.0,0.0
2016-11-26,84,0,0,0,0,0.0,0.0,0.0,0.0,0.0,0.0,0.0,0.0
2016-11-27,65,1,0,1,0,0.015384615384615385,15.384615384615385,0.0,0.0,0.015384615384615385,15.384615384615385,0.0,0.0
2016-11-28,192,1,0,0,1,0.005208333333333333,5.208333333333333,0.0,0.0,0.0,0.0,0.005208333333333333,5.208333333333333
2016-11-29,192,2,0,2,0,0.010416666666666666,10.416666666666666,0.0,0.0,0.010416666666666666,10.416666666666666,0.0,0.0
2016-11-30,220,1,0,1,0,0.004545454545454545,4.545454545454545,0.0,0.0,0.004545454545454545,4.545454545454545,0.0,0.0
2016-12-01,194,2,1,2,0,0.010309278350515464,10.309278350515465,0.005154639175257732,5.154639175257732,0.010309278350515464,10.309278350515465,0.0,0.0
2016-12-02,181,1,1,1,0,0.0055248618784530384,5.524861878453039,0.0055248618784530384,5.524861878453039,0.0055248618784530384,5.524861878453039,0.0,0.0
2016-12-03,75,0,0,0,0,0.0,0.0,0.0,0.0,0.0,0.0,0.0,0.0
2016-12-04,66,0,0,0,0,0.0,0.0,0.0,0.0,0.0,0.0,0.0,0.0
2016-12-05,180,0,0,0,0,0.0,0.0,0.0,0.0,0.0,0.0,0.0,0.0
2016-12-06,186,0,0,0,0,0.0,0.0,0.0,0.0,0.0,0.0,0.0,0.0
2016-12-07,192,0,0,0,0,0.0,0.0,0.0,0.0,0.0,0.0,0.0,0.0
2016-12-08,188,0,0,0,0,0.0,0.0,0.0,0.0,0.0,0.0,0.0,0.0
2016-12-09,175,0,0,0,0,0.0,0.0,0.0,0.0,0.0,0.0,0.0,0.0
2016-12-10,64,0,0,0,0,0.0,0.0,0.0,0.0,0.0,0.0,0.0,0.0
2016-12-11,57,0,0,0,0,0.0,0.0,0.0,0.0,0.0,0.0,0.0,0.0
2016-12-12,171,2,1,1,1,0.011695906432748537,11.695906432748536,0.005847953216374269,5.847953216374268,0.005847953216374269,5.847953216374268,0.005847953216374269,5.847953216374268
2016-12-13,184,0,0,0,0,0.0,0.0,0.0,0.0,0.0,0.0,0.0,0.0
2016-12-14,201,0,0,0,0,0.0,0.0,0.0,0.0,0.0,0.0,0.0,0.0
2016-12-15,192,0,0,0,0,0.0,0.0,0.0,0.0,0.0,0.0,0.0,0.0
2016-12-16,165,1,0,0,1,0.006060606060606061,6.0606060606060606,0.0,0.0,0.0,0.0,0.006060606060606061,6.0606060606060606
2016-12-17,74,0,0,0,0,0.0,0.0,0.0,0.0,0.0,0.0,0.0,0.0
2016-12-18,66,0,0,0,0,0.0,0.0,0.0,0.0,0.0,0.0,0.0,0.0
2016-12-19,140,0,0,0,0,0.0,0.0,0.0,0.0,0.0,0.0,0.0,0.0
2016-12-20,169,0,0,0,0,0.0,0.0,0.0,0.0,0.0,0.0,0.0,0.0
2016-12-21,163,0,0,0,0,0.0,0.0,0.0,0.0,0.0,0.0,0.0,0.0
2016-12-22,155,0,0,0,0,0.0,0.0,0.0,0.0,0.0,0.0,0.0,0.0
2016-12-23,152,0,0,0,0,0.0,0.0,0.0,0.0,0.0,0.0,0.0,0.0
2016-12-24,59,0,0,0,0,0.0,0.0,0.0,0.0,0.0,0.0,0.0,0.0
2016-12-25,44,0,0,0,0,0.0,0.0,0.0,0.0,0.0,0.0,0.0,0.0
2016-12-26,68,0,0,0,0,0.0,0.0,0.0,0.0,0.0,0.0,0.0,0.0
2016-12-27,76,0,0,0,0,0.0,0.0,0.0,0.0,0.0,0.0,0.0,0.0
2016-12-28,76,0,0,0,0,0.0,0.0,0.0,0.0,0.0,0.0,0.0,0.0
2016-12-29,98,0,0,0,0,0.0,0.0,0.0,0.0,0.0,0.0,0.0,0.0
2016-12-30,107,0,0,0,0,0.0,0.0,0.0,0.0,0.0,0.0,0.0,0.0
2016-12-31,63,0,0,0,0,0.0,0.0,0.0,0.0,0.0,0.0,0.0,0.0
2017-01-01,60,0,0,0,0,0.0,0.0,0.0,0.0,0.0,0.0,0.0,0.0
2017-01-02,77,0,0,0,0,0.0,0.0,0.0,0.0,0.0,0.0,0.0,0.0
2017-01-03,119,0,0,0,0,0.0,0.0,0.0,0.0,0.0,0.0,0.0,0.0
2017-01-04,140,0,0,0,0,0.0,0.0,0.0,0.0,0.0,0.0,0.0,0.0
2017-01-05,133,0,0,0,0,0.0,0.0,0.0,0.0,0.0,0.0,0.0,0.0
2017-01-06,125,0,0,0,0,0.0,0.0,0.0,0.0,0.0,0.0,0.0,0.0
2017-01-07,58,0,0,0,0,0.0,0.0,0.0,0.0,0.0,0.0,0.0,0.0
2017-01-08,55,0,0,0,0,0.0,0.0,0.0,0.0,0.0,0.0,0.0,0.0
2017-01-09,132,0,0,0,0,0.0,0.0,0.0,0.0,0.0,0.0,0.0,0.0
2017-01-10,135,1,0,0,1,0.007407407407407408,7.407407407407407,0.0,0.0,0.0,0.0,0.007407407407407408,7.407407407407407
2017-01-11,146,0,0,0,0,0.0,0.0,0.0,0.0,0.0,0.0,0.0,0.0
2017-01-12,139,1,0,0,1,0.007194244604316547,7.194244604316547,0.0,0.0,0.0,0.0,0.007194244604316547,7.194244604316547
2017-01-13,146,0,0,0,0,0.0,0.0,0.0,0.0,0.0,0.0,0.0,0.0
2017-01-14,63,0,0,0,0,0.0,0.0,0.0,0.0,0.0,0.0,0.0,0.0
2017-01-15,67,0,0,0,0,0.0,0.0,0.0,0.0,0.0,0.0,0.0,0.0
2017-01-16,122,0,0,0,0,0.0,0.0,0.0,0.0,0.0,0.0,0.0,0.0
2017-01-17,162,0,0,0,0,0.0,0.0,0.0,0.0,0.0,0.0,0.0,0.0
2017-01-18,161,0,0,0,0,0.0,0.0,0.0,0.0,0.0,0.0,0.0,0.0
2017-01-19,154,0,0,0,0,0.0,0.0,0.0,0.0,0.0,0.0,0.0,0.0
2017-01-20,167,0,0,0,0,0.0,0.0,0.0,0.0,0.0,0.0,0.0,0.0
2017-01-21,80,0,0,0,0,0.0,0.0,0.0,0.0,0.0,0.0,0.0,0.0
2017-01-22,63,0,0,0,0,0.0,0.0,0.0,0.0,0.0,0.0,0.0,0.0
2017-01-23,143,0,0,0,0,0.0,0.0,0.0,0.0,0.0,0.0,0.0,0.0
2017-01-24,163,0,0,0,0,0.0,0.0,0.0,0.0,0.0,0.0,0.0,0.0
2017-01-25,159,0,0,0,0,0.0,0.0,0.0,0.0,0.0,0.0,0.0,0.0
2017-01-26,124,0,0,0,0,0.0,0.0,0.0,0.0,0.0,0.0,0.0,0.0
2017-01-27,143,0,0,0,0,0.0,0.0,0.0,0.0,0.0,0.0,0.0,0.0
2017-01-28,68,0,0,0,0,0.0,0.0,0.0,0.0,0.0,0.0,0.0,0.0
2017-01-29,63,0,0,0,0,0.0,0.0,0.0,0.0,0.0,0.0,0.0,0.0
2017-01-30,147,0,0,0,0,0.0,0.0,0.0,0.0,0.0,0.0,0.0,0.0
2017-01-31,176,0,0,0,0,0.0,0.0,0.0,0.0,0.0,0.0,0.0,0.0
2017-02-01,165,0,0,0,0,0.0,0.0,0.0,0.0,0.0,0.0,0.0,0.0
2017-02-02,193,0,0,0,0,0.0,0.0,0.0,0.0,0.0,0.0,0.0,0.0
2017-02-03,176,0,0,0,0,0.0,0.0,0.0,0.0,0.0,0.0,0.0,0.0
2017-02-04,66,0,0,0,0,0.0,0.0,0.0,0.0,0.0,0.0,0.0,0.0
2017-02-05,57,0,0,0,0,0.0,0.0,0.0,0.0,0.0,0.0,0.0,0.0
2017-02-06,156,0,0,0,0,0.0,0.0,0.0,0.0,0.0,0.0,0.0,0.0
2017-02-07,181,0,0,0,0,0.0,0.0,0.0,0.0,0.0,0.0,0.0,0.0
2017-02-08,190,2,1,0,1,0.010526315789473684,10.526315789473683,0.005263157894736842,5.263157894736842,0.0,0.0,0.005263157894736842,5.263157894736842
2017-02-09,1,0,0,0,0,0.0,0.0,0.0,0.0,0.0,0.0,0.0,0.0
2017-02-10,186,0,0,0,0,0.0,0.0,0.0,0.0,0.0,0.0,0.0,0.0
2017-02-11,69,0,0,0,0,0.0,0.0,0.0,0.0,0.0,0.0,0.0,0.0
2017-02-12,75,0,0,0,0,0.0,0.0,0.0,0.0,0.0,0.0,0.0,0.0
2017-02-13,162,0,0,0,0,0.0,0.0,0.0,0.0,0.0,0.0,0.0,0.0
2017-02-14,177,0,0,0,0,0.0,0.0,0.0,0.0,0.0,0.0,0.0,0.0
2017-02-15,188,1,1,0,0,0.005319148936170213,5.319148936170213,0.005319148936170213,5.319148936170213,0.0,0.0,0.0,0.0
2017-02-16,166,0,0,0,0,0.0,0.0,0.0,0.0,0.0,0.0,0.0,0.0
2017-02-17,167,0,0,0,0,0.0,0.0,0.0,0.0,0.0,0.0,0.0,0.0
2017-02-18,65,0,0,0,0,0.0,0.0,0.0,0.0,0.0,0.0,0.0,0.0
2017-02-19,69,0,0,0,0,0.0,0.0,0.0,0.0,0.0,0.0,0.0,0.0
2017-02-20,156,0,0,0,0,0.0,0.0,0.0,0.0,0.0,0.0,0.0,0.0
2017-02-21,152,0,0,0,0,0.0,0.0,0.0,0.0,0.0,0.0,0.0,0.0
2017-02-22,177,0,0,0,0,0.0,0.0,0.0,0.0,0.0,0.0,0.0,0.0
2017-02-23,194,1,0,0,1,0.005154639175257732,5.154639175257732,0.0,0.0,0.0,0.0,0.005154639175257732,5.154639175257732
2017-02-24,204,1,1,0,0,0.004901960784313725,4.901960784313726,0.004901960784313725,4.901960784313726,0.0,0.0,0.0,0.0
2017-02-25,70,0,0,0,0,0.0,0.0,0.0,0.0,0.0,0.0,0.0,0.0
2017-02-26,54,0,0,0,0,0.0,0.0,0.0,0.0,0.0,0.0,0.0,0.0
2017-02-27,155,0,0,0,0,0.0,0.0,0.0,0.0,0.0,0.0,0.0,0.0
2017-02-28,185,0,0,0,0,0.0,0.0,0.0,0.0,0.0,0.0,0.0,0.0
2017-03-01,196,0,0,0,0,0.0,0.0,0.0,0.0,0.0,0.0,0.0,0.0
2017-03-02,183,0,0,0,0,0.0,0.0,0.0,0.0,0.0,0.0,0.0,0.0
2017-03-03,186,0,0,0,0,0.0,0.0,0.0,0.0,0.0,0.0,0.0,0.0
2017-03-04,68,0,0,0,0,0.0,0.0,0.0,0.0,0.0,0.0,0.0,0.0
2017-03-05,76,0,0,0,0,0.0,0.0,0.0,0.0,0.0,0.0,0.0,0.0
2017-03-06,157,0,0,0,0,0.0,0.0,0.0,0.0,0.0,0.0,0.0,0.0
2017-03-07,160,0,0,0,0,0.0,0.0,0.0,0.0,0.0,0.0,0.0,0.0
2017-03-08,195,0,0,0,0,0.0,0.0,0.0,0.0,0.0,0.0,0.0,0.0
2017-03-09,186,1,1,0,0,0.005376344086021506,5.376344086021506,0.005376344086021506,5.376344086021506,0.0,0.0,0.0,0.0
2017-03-10,184,0,0,0,0,0.0,0.0,0.0,0.0,0.0,0.0,0.0,0.0
2017-03-11,77,0,0,0,0,0.0,0.0,0.0,0.0,0.0,0.0,0.0,0.0
2017-03-12,59,0,0,0,0,0.0,0.0,0.0,0.0,0.0,0.0,0.0,0.0
2017-03-13,154,0,0,0,0,0.0,0.0,0.0,0.0,0.0,0.0,0.0,0.0
2017-03-14,166,0,0,0,0,0.0,0.0,0.0,0.0,0.0,0.0,0.0,0.0
2017-03-15,171,1,1,0,0,0.005847953216374269,5.847953216374268,0.005847953216374269,5.847953216374268,0.0,0.0,0.0,0.0
2017-03-16,191,0,0,0,0,0.0,0.0,0.0,0.0,0.0,0.0,0.0,0.0
2017-03-17,184,1,0,1,0,0.005434782608695652,5.434782608695652,0.0,0.0,0.005434782608695652,5.434782608695652,0.0,0.0
2017-03-18,77,0,0,0,0,0.0,0.0,0.0,0.0,0.0,0.0,0.0,0.0
2017-03-19,64,0,0,0,0,0.0,0.0,0.0,0.0,0.0,0.0,0.0,0.0
2017-03-20,171,0,0,0,0,0.0,0.0,0.0,0.0,0.0,0.0,0.0,0.0
2017-03-21,168,0,0,0,0,0.0,0.0,0.0,0.0,0.0,0.0,0.0,0.0
2017-03-22,178,1,1,0,0,0.0056179775280898875,5.617977528089887,0.0056179775280898875,5.617977528089887,0.0,0.0,0.0,0.0
2017-03-23,173,0,0,0,0,0.0,0.0,0.0,0.0,0.0,0.0,0.0,0.0
2017-03-24,194,0,0,0,0,0.0,0.0,0.0,0.0,0.0,0.0,0.0,0.0
2017-03-25,75,0,0,0,0,0.0,0.0,0.0,0.0,0.0,0.0,0.0,0.0
2017-03-26,64,0,0,0,0,0.0,0.0,0.0,0.0,0.0,0.0,0.0,0.0
2017-03-27,170,0,0,0,0,0.0,0.0,0.0,0.0,0.0,0.0,0.0,0.0
2017-03-28,158,0,0,0,0,0.0,0.0,0.0,0.0,0.0,0.0,0.0,0.0
2017-03-29,158,0,0,0,0,0.0,0.0,0.0,0.0,0.0,0.0,0.0,0.0
2017-03-30,148,0,0,0,0,0.0,0.0,0.0,0.0,0.0,0.0,0.0,0.0
2017-03-31,196,0,0,0,0,0.0,0.0,0.0,0.0,0.0,0.0,0.0,0.0
2017-04-01,63,0,0,0,0,0.0,0.0,0.0,0.0,0.0,0.0,0.0,0.0
2017-04-02,73,0,0,0,0,0.0,0.0,0.0,0.0,0.0,0.0,0.0,0.0
2017-04-03,144,0,0,0,0,0.0,0.0,0.0,0.0,0.0,0.0,0.0,0.0
2017-04-04,156,0,0,0,0,0.0,0.0,0.0,0.0,0.0,0.0,0.0,0.0
2017-04-05,151,0,0,0,0,0.0,0.0,0.0,0.0,0.0,0.0,0.0,0.0
2017-04-06,168,0,0,0,0,0.0,0.0,0.0,0.0,0.0,0.0,0.0,0.0
2017-04-07,176,1,1,0,0,0.005681818181818182,5.681818181818182,0.005681818181818182,5.681818181818182,0.0,0.0,0.0,0.0
2017-04-08,65,0,0,0,0,0.0,0.0,0.0,0.0,0.0,0.0,0.0,0.0
2017-04-09,73,0,0,0,0,0.0,0.0,0.0,0.0,0.0,0.0,0.0,0.0
2017-04-10,153,1,0,1,0,0.006535947712418301,6.5359477124183005,0.0,0.0,0.006535947712418301,6.5359477124183005,0.0,0.0
2017-04-11,152,0,0,0,0,0.0,0.0,0.0,0.0,0.0,0.0,0.0,0.0
2017-04-12,162,0,0,0,0,0.0,0.0,0.0,0.0,0.0,0.0,0.0,0.0
2017-04-13,153,0,0,0,0,0.0,0.0,0.0,0.0,0.0,0.0,0.0,0.0
2017-04-14,71,0,0,0,0,0.0,0.0,0.0,0.0,0.0,0.0,0.0,0.0
2017-04-15,56,0,0,0,0,0.0,0.0,0.0,0.0,0.0,0.0,0.0,0.0
2017-04-16,47,0,0,0,0,0.0,0.0,0.0,0.0,0.0,0.0,0.0,0.0
2017-04-17,93,0,0,0,0,0.0,0.0,0.0,0.0,0.0,0.0,0.0,0.0
2017-04-18,109,0,0,0,0,0.0,0.0,0.0,0.0,0.0,0.0,0.0,0.0
2017-04-19,144,0,0,0,0,0.0,0.0,0.0,0.0,0.0,0.0,0.0,0.0
2017-04-20,160,1,1,0,0,0.00625,6.25,0.00625,6.25,0.0,0.0,0.0,0.0
2017-04-21,167,0,0,0,0,0.0,0.0,0.0,0.0,0.0,0.0,0.0,0.0
2017-04-22,62,0,0,0,0,0.0,0.0,0.0,0.0,0.0,0.0,0.0,0.0
2017-04-23,62,0,0,0,0,0.0,0.0,0.0,0.0,0.0,0.0,0.0,0.0
2017-04-24,136,0,0,0,0,0.0,0.0,0.0,0.0,0.0,0.0,0.0,0.0
2017-04-25,127,0,0,0,0,0.0,0.0,0.0,0.0,0.0,0.0,0.0,0.0
2017-04-26,142,0,0,0,0,0.0,0.0,0.0,0.0,0.0,0.0,0.0,0.0
2017-04-27,161,0,0,0,0,0.0,0.0,0.0,0.0,0.0,0.0,0.0,0.0
2017-04-28,175,0,0,0,0,0.0,0.0,0.0,0.0,0.0,0.0,0.0,0.0
2017-04-29,52,0,0,0,0,0.0,0.0,0.0,0.0,0.0,0.0,0.0,0.0
2017-04-30,64,0,0,0,0,0.0,0.0,0.0,0.0,0.0,0.0,0.0,0.0
2017-05-01,135,0,0,0,0,0.0,0.0,0.0,0.0,0.0,0.0,0.0,0.0
2017-05-02,158,0,0,0,0,0.0,0.0,0.0,0.0,0.0,0.0,0.0,0.0
2017-05-03,165,0,0,0,0,0.0,0.0,0.0,0.0,0.0,0.0,0.0,0.0
2017-05-04,160,0,0,0,0,0.0,0.0,0.0,0.0,0.0,0.0,0.0,0.0
2017-05-05,158,0,0,0,0,0.0,0.0,0.0,0.0,0.0,0.0,0.0,0.0
2017-05-06,70,0,0,0,0,0.0,0.0,0.0,0.0,0.0,0.0,0.0,0.0
2017-05-07,66,0,0,0,0,0.0,0.0,0.0,0.0,0.0,0.0,0.0,0.0
2017-05-08,147,0,0,0,0,0.0,0.0,0.0,0.0,0.0,0.0,0.0,0.0
2017-05-09,193,0,0,0,0,0.0,0.0,0.0,0.0,0.0,0.0,0.0,0.0
2017-05-10,155,0,0,0,0,0.0,0.0,0.0,0.0,0.0,0.0,0.0,0.0
2017-05-11,164,0,0,0,0,0.0,0.0,0.0,0.0,0.0,0.0,0.0,0.0
2017-05-12,171,0,0,0,0,0.0,0.0,0.0,0.0,0.0,0.0,0.0,0.0
2017-05-13,55,0,0,0,0,0.0,0.0,0.0,0.0,0.0,0.0,0.0,0.0
2017-05-14,75,0,0,0,0,0.0,0.0,0.0,0.0,0.0,0.0,0.0,0.0
2017-05-15,143,0,0,0,0,0.0,0.0,0.0,0.0,0.0,0.0,0.0,0.0
2017-05-16,170,0,0,0,0,0.0,0.0,0.0,0.0,0.0,0.0,0.0,0.0
2017-05-17,164,1,1,0,0,0.006097560975609756,6.097560975609756,0.006097560975609756,6.097560975609756,0.0,0.0,0.0,0.0
2017-05-18,167,1,0,1,0,0.005988023952095809,5.9880239520958085,0.0,0.0,0.005988023952095809,5.9880239520958085,0.0,0.0
2017-05-19,153,0,0,0,0,0.0,0.0,0.0,0.0,0.0,0.0,0.0,0.0
2017-05-20,63,0,0,0,0,0.0,0.0,0.0,0.0,0.0,0.0,0.0,0.0
2017-05-21,57,0,0,0,0,0.0,0.0,0.0,0.0,0.0,0.0,0.0,0.0
2017-05-22,146,0,0,0,0,0.0,0.0,0.0,0.0,0.0,0.0,0.0,0.0
2017-05-23,156,0,0,0,0,0.0,0.0,0.0,0.0,0.0,0.0,0.0,0.0
2017-05-24,147,0,0,0,0,0.0,0.0,0.0,0.0,0.0,0.0,0.0,0.0
2017-05-25,167,1,0,1,0,0.005988023952095809,5.9880239520958085,0.0,0.0,0.005988023952095809,5.9880239520958085,0.0,0.0
2017-05-26,189,2,2,0,0,0.010582010582010581,10.582010582010582,0.010582010582010581,10.582010582010582,0.0,0.0,0.0,0.0
2017-05-27,63,0,0,0,0,0.0,0.0,0.0,0.0,0.0,0.0,0.0,0.0
2017-05-28,65,0,0,0,0,0.0,0.0,0.0,0.0,0.0,0.0,0.0,0.0
2017-05-29,140,1,1,0,0,0.007142857142857143,7.142857142857142,0.007142857142857143,7.142857142857142,0.0,0.0,0.0,0.0
2017-05-30,151,0,0,0,0,0.0,0.0,0.0,0.0,0.0,0.0,0.0,0.0
2017-05-31,174,0,0,0,0,0.0,0.0,0.0,0.0,0.0,0.0,0.0,0.0
2017-06-01,159,0,0,0,0,0.0,0.0,0.0,0.0,0.0,0.0,0.0,0.0
2017-06-02,157,0,0,0,0,0.0,0.0,0.0,0.0,0.0,0.0,0.0,0.0
2017-06-03,78,0,0,0,0,0.0,0.0,0.0,0.0,0.0,0.0,0.0,0.0
2017-06-04,56,0,0,0,0,0.0,0.0,0.0,0.0,0.0,0.0,0.0,0.0
2017-06-05,140,0,0,0,0,0.0,0.0,0.0,0.0,0.0,0.0,0.0,0.0
2017-06-06,150,0,0,0,0,0.0,0.0,0.0,0.0,0.0,0.0,0.0,0.0
2017-06-07,149,0,0,0,0,0.0,0.0,0.0,0.0,0.0,0.0,0.0,0.0
2017-06-08,185,0,0,0,0,0.0,0.0,0.0,0.0,0.0,0.0,0.0,0.0
2017-06-09,155,1,0,0,1,0.0064516129032258064,6.451612903225806,0.0,0.0,0.0,0.0,0.0064516129032258064,6.451612903225806
2017-06-10,66,0,0,0,0,0.0,0.0,0.0,0.0,0.0,0.0,0.0,0.0
2017-06-11,66,0,0,0,0,0.0,0.0,0.0,0.0,0.0,0.0,0.0,0.0
2017-06-12,118,0,0,0,0,0.0,0.0,0.0,0.0,0.0,0.0,0.0,0.0
2017-06-13,164,0,0,0,0,0.0,0.0,0.0,0.0,0.0,0.0,0.0,0.0
2017-06-14,150,0,0,0,0,0.0,0.0,0.0,0.0,0.0,0.0,0.0,0.0
2017-06-15,152,0,0,0,0,0.0,0.0,0.0,0.0,0.0,0.0,0.0,0.0
2017-06-16,156,0,0,0,0,0.0,0.0,0.0,0.0,0.0,0.0,0.0,0.0
2017-06-17,68,0,0,0,0,0.0,0.0,0.0,0.0,0.0,0.0,0.0,0.0
2017-06-18,60,0,0,0,0,0.0,0.0,0.0,0.0,0.0,0.0,0.0,0.0
2017-06-19,154,0,0,0,0,0.0,0.0,0.0,0.0,0.0,0.0,0.0,0.0
2017-06-20,166,0,0,0,0,0.0,0.0,0.0,0.0,0.0,0.0,0.0,0.0
2017-06-21,144,1,1,0,0,0.006944444444444444,6.944444444444444,0.006944444444444444,6.944444444444444,0.0,0.0,0.0,0.0
2017-06-22,180,1,1,0,0,0.005555555555555556,5.555555555555555,0.005555555555555556,5.555555555555555,0.0,0.0,0.0,0.0
2017-06-23,163,0,0,0,0,0.0,0.0,0.0,0.0,0.0,0.0,0.0,0.0
2017-06-24,76,0,0,0,0,0.0,0.0,0.0,0.0,0.0,0.0,0.0,0.0
2017-06-25,68,0,0,0,0,0.0,0.0,0.0,0.0,0.0,0.0,0.0,0.0
2017-06-26,139,0,0,0,0,0.0,0.0,0.0,0.0,0.0,0.0,0.0,0.0
2017-06-27,163,0,0,0,0,0.0,0.0,0.0,0.0,0.0,0.0,0.0,0.0
2017-06-28,148,1,1,0,0,0.006756756756756757,6.756756756756757,0.006756756756756757,6.756756756756757,0.0,0.0,0.0,0.0
2017-06-29,145,0,0,0,0,0.0,0.0,0.0,0.0,0.0,0.0,0.0,0.0
2017-06-30,143,0,0,0,0,0.0,0.0,0.0,0.0,0.0,0.0,0.0,0.0
2017-07-01,72,0,0,0,0,0.0,0.0,0.0,0.0,0.0,0.0,0.0,0.0
2017-07-02,74,0,0,0,0,0.0,0.0,0.0,0.0,0.0,0.0,0.0,0.0
2017-07-03,169,0,0,0,0,0.0,0.0,0.0,0.0,0.0,0.0,0.0,0.0
2017-07-04,143,0,0,0,0,0.0,0.0,0.0,0.0,0.0,0.0,0.0,0.0
2017-07-05,173,0,0,0,0,0.0,0.0,0.0,0.0,0.0,0.0,0.0,0.0
2017-07-06,154,1,1,0,0,0.006493506493506494,6.493506493506494,0.006493506493506494,6.493506493506494,0.0,0.0,0.0,0.0
2017-07-07,164,0,0,0,0,0.0,0.0,0.0,0.0,0.0,0.0,0.0,0.0
2017-07-08,68,0,0,0,0,0.0,0.0,0.0,0.0,0.0,0.0,0.0,0.0
2017-07-09,70,0,0,0,0,0.0,0.0,0.0,0.0,0.0,0.0,0.0,0.0
2017-07-10,161,0,0,0,0,0.0,0.0,0.0,0.0,0.0,0.0,0.0,0.0
2017-07-11,160,0,0,0,0,0.0,0.0,0.0,0.0,0.0,0.0,0.0,0.0
2017-07-12,157,1,0,0,1,0.006369426751592357,6.369426751592357,0.0,0.0,0.0,0.0,0.006369426751592357,6.369426751592357
2017-07-13,152,0,0,0,0,0.0,0.0,0.0,0.0,0.0,0.0,0.0,0.0
2017-07-14,158,0,0,0,0,0.0,0.0,0.0,0.0,0.0,0.0,0.0,0.0
2017-07-15,69,0,0,0,0,0.0,0.0,0.0,0.0,0.0,0.0,0.0,0.0
2017-07-16,76,0,0,0,0,0.0,0.0,0.0,0.0,0.0,0.0,0.0,0.0
2017-07-17,159,0,0,0,0,0.0,0.0,0.0,0.0,0.0,0.0,0.0,0.0
2017-07-18,174,0,0,0,0,0.0,0.0,0.0,0.0,0.0,0.0,0.0,0.0
2017-07-19,152,0,0,0,0,0.0,0.0,0.0,0.0,0.0,0.0,0.0,0.0
2017-07-20,160,0,0,0,0,0.0,0.0,0.0,0.0,0.0,0.0,0.0,0.0
2017-07-21,166,0,0,0,0,0.0,0.0,0.0,0.0,0.0,0.0,0.0,0.0
2017-07-22,72,0,0,0,0,0.0,0.0,0.0,0.0,0.0,0.0,0.0,0.0
2017-07-23,73,0,0,0,0,0.0,0.0,0.0,0.0,0.0,0.0,0.0,0.0
2017-07-24,150,0,0,0,0,0.0,0.0,0.0,0.0,0.0,0.0,0.0,0.0
2017-07-25,179,0,0,0,0,0.0,0.0,0.0,0.0,0.0,0.0,0.0,0.0
2017-07-26,182,1,0,0,1,0.005494505494505495,5.4945054945054945,0.0,0.0,0.0,0.0,0.005494505494505495,5.4945054945054945
2017-07-27,168,0,0,0,0,0.0,0.0,0.0,0.0,0.0,0.0,0.0,0.0
2017-07-28,165,0,0,0,0,0.0,0.0,0.0,0.0,0.0,0.0,0.0,0.0
2017-07-29,71,0,0,0,0,0.0,0.0,0.0,0.0,0.0,0.0,0.0,0.0
2017-07-30,69,0,0,0,0,0.0,0.0,0.0,0.0,0.0,0.0,0.0,0.0
2017-07-31,165,0,0,0,0,0.0,0.0,0.0,0.0,0.0,0.0,0.0,0.0
2017-08-01,163,0,0,0,0,0.0,0.0,0.0,0.0,0.0,0.0,0.0,0.0
2017-08-02,157,0,0,0,0,0.0,0.0,0.0,0.0,0.0,0.0,0.0,0.0
2017-08-03,172,0,0,0,0,0.0,0.0,0.0,0.0,0.0,0.0,0.0,0.0
2017-08-04,166,0,0,0,0,0.0,0.0,0.0,0.0,0.0,0.0,0.0,0.0
2017-08-05,72,1,0,0,1,0.013888888888888888,13.888888888888888,0.0,0.0,0.0,0.0,0.013888888888888888,13.888888888888888
2017-08-06,83,0,0,0,0,0.0,0.0,0.0,0.0,0.0,0.0,0.0,0.0
2017-08-07,156,0,0,0,0,0.0,0.0,0.0,0.0,0.0,0.0,0.0,0.0
2017-08-08,171,0,0,0,0,0.0,0.0,0.0,0.0,0.0,0.0,0.0,0.0
2017-08-09,198,0,0,0,0,0.0,0.0,0.0,0.0,0.0,0.0,0.0,0.0
2017-08-10,169,0,0,0,0,0.0,0.0,0.0,0.0,0.0,0.0,0.0,0.0
2017-08-11,172,0,0,0,0,0.0,0.0,0.0,0.0,0.0,0.0,0.0,0.0
2017-08-12,70,0,0,0,0,0.0,0.0,0.0,0.0,0.0,0.0,0.0,0.0
2017-08-13,63,0,0,0,0,0.0,0.0,0.0,0.0,0.0,0.0,0.0,0.0
2017-08-14,159,0,0,0,0,0.0,0.0,0.0,0.0,0.0,0.0,0.0,0.0
2017-08-15,164,0,0,0,0,0.0,0.0,0.0,0.0,0.0,0.0,0.0,0.0
2017-08-16,158,0,0,0,0,0.0,0.0,0.0,0.0,0.0,0.0,0.0,0.0
2017-08-17,167,0,0,0,0,0.0,0.0,0.0,0.0,0.0,0.0,0.0,0.0
2017-08-18,181,0,0,0,0,0.0,0.0,0.0,0.0,0.0,0.0,0.0,0.0
2017-08-19,63,0,0,0,0,0.0,0.0,0.0,0.0,0.0,0.0,0.0,0.0
2017-08-20,77,1,0,1,0,0.012987012987012988,12.987012987012989,0.0,0.0,0.012987012987012988,12.987012987012989,0.0,0.0
2017-08-21,147,0,0,0,0,0.0,0.0,0.0,0.0,0.0,0.0,0.0,0.0
2017-08-22,152,0,0,0,0,0.0,0.0,0.0,0.0,0.0,0.0,0.0,0.0
2017-08-23,168,1,0,1,0,0.005952380952380952,5.952380952380952,0.0,0.0,0.005952380952380952,5.952380952380952,0.0,0.0
2017-08-24,177,0,0,0,0,0.0,0.0,0.0,0.0,0.0,0.0,0.0,0.0
2017-08-25,170,0,0,0,0,0.0,0.0,0.0,0.0,0.0,0.0,0.0,0.0
2017-08-26,87,0,0,0,0,0.0,0.0,0.0,0.0,0.0,0.0,0.0,0.0
2017-08-27,82,0,0,0,0,0.0,0.0,0.0,0.0,0.0,0.0,0.0,0.0
2017-08-28,144,0,0,0,0,0.0,0.0,0.0,0.0,0.0,0.0,0.0,0.0
2017-08-29,150,0,0,0,0,0.0,0.0,0.0,0.0,0.0,0.0,0.0,0.0
2017-08-30,142,0,0,0,0,0.0,0.0,0.0,0.0,0.0,0.0,0.0,0.0
2017-08-31,169,0,0,0,0,0.0,0.0,0.0,0.0,0.0,0.0,0.0,0.0
2017-09-01,162,0,0,0,0,0.0,0.0,0.0,0.0,0.0,0.0,0.0,0.0
2017-09-02,71,0,0,0,0,0.0,0.0,0.0,0.0,0.0,0.0,0.0,0.0
2017-09-03,71,0,0,0,0,0.0,0.0,0.0,0.0,0.0,0.0,0.0,0.0
2017-09-04,156,1,1,1,0,0.00641025641025641,6.41025641025641,0.00641025641025641,6.41025641025641,0.00641025641025641,6.41025641025641,0.0,0.0
2017-09-05,158,1,0,0,1,0.006329113924050633,6.329113924050633,0.0,0.0,0.0,0.0,0.006329113924050633,6.329113924050633
2017-09-06,169,0,0,0,0,0.0,0.0,0.0,0.0,0.0,0.0,0.0,0.0
2017-09-07,185,0,0,0,0,0.0,0.0,0.0,0.0,0.0,0.0,0.0,0.0
2017-09-08,172,1,0,1,0,0.005813953488372093,5.813953488372093,0.0,0.0,0.005813953488372093,5.813953488372093,0.0,0.0
2017-09-09,66,0,0,0,0,0.0,0.0,0.0,0.0,0.0,0.0,0.0,0.0
2017-09-10,58,0,0,0,0,0.0,0.0,0.0,0.0,0.0,0.0,0.0,0.0
2017-09-11,164,0,0,0,0,0.0,0.0,0.0,0.0,0.0,0.0,0.0,0.0
2017-09-12,148,0,0,0,0,0.0,0.0,0.0,0.0,0.0,0.0,0.0,0.0
2017-09-13,171,0,0,0,0,0.0,0.0,0.0,0.0,0.0,0.0,0.0,0.0
2017-09-14,187,0,0,0,0,0.0,0.0,0.0,0.0,0.0,0.0,0.0,0.0
2017-09-15,176,0,0,0,0,0.0,0.0,0.0,0.0,0.0,0.0,0.0,0.0
2017-09-16,78,0,0,0,0,0.0,0.0,0.0,0.0,0.0,0.0,0.0,0.0
2017-09-17,60,1,0,1,0,0.016666666666666666,16.666666666666668,0.0,0.0,0.016666666666666666,16.666666666666668,0.0,0.0
2017-09-18,148,0,0,0,0,0.0,0.0,0.0,0.0,0.0,0.0,0.0,0.0
2017-09-19,164,0,0,0,0,0.0,0.0,0.0,0.0,0.0,0.0,0.0,0.0
2017-09-20,168,0,0,0,0,0.0,0.0,0.0,0.0,0.0,0.0,0.0,0.0
2017-09-21,158,0,0,0,0,0.0,0.0,0.0,0.0,0.0,0.0,0.0,0.0
2017-09-22,150,0,0,0,0,0.0,0.0,0.0,0.0,0.0,0.0,0.0,0.0
2017-09-23,70,1,0,1,0,0.014285714285714285,14.285714285714285,0.0,0.0,0.014285714285714285,14.285714285714285,0.0,0.0
2017-09-24,68,0,0,0,0,0.0,0.0,0.0,0.0,0.0,0.0,0.0,0.0
2017-09-25,169,0,0,0,0,0.0,0.0,0.0,0.0,0.0,0.0,0.0,0.0
2017-09-26,150,0,0,0,0,0.0,0.0,0.0,0.0,0.0,0.0,0.0,0.0
2017-09-27,168,0,0,0,0,0.0,0.0,0.0,0.0,0.0,0.0,0.0,0.0
2017-09-28,166,0,0,0,0,0.0,0.0,0.0,0.0,0.0,0.0,0.0,0.0
2017-09-29,173,0,0,0,0,0.0,0.0,0.0,0.0,0.0,0.0,0.0,0.0
2017-09-30,76,0,0,0,0,0.0,0.0,0.0,0.0,0.0,0.0,0.0,0.0
2017-10-01,77,1,1,0,0,0.012987012987012988,12.987012987012989,0.012987012987012988,12.987012987012989,0.0,0.0,0.0,0.0
2017-10-02,127,0,0,0,0,0.0,0.0,0.0,0.0,0.0,0.0,0.0,0.0
2017-10-03,125,0,0,0,0,0.0,0.0,0.0,0.0,0.0,0.0,0.0,0.0
2017-10-04,148,0,0,0,0,0.0,0.0,0.0,0.0,0.0,0.0,0.0,0.0
2017-10-05,156,0,0,0,0,0.0,0.0,0.0,0.0,0.0,0.0,0.0,0.0
2017-10-06,142,0,0,0,0,0.0,0.0,0.0,0.0,0.0,0.0,0.0,0.0
2017-10-07,91,0,0,0,0,0.0,0.0,0.0,0.0,0.0,0.0,0.0,0.0
2017-10-08,71,0,0,0,0,0.0,0.0,0.0,0.0,0.0,0.0,0.0,0.0
2017-10-09,148,1,0,0,1,0.006756756756756757,6.756756756756757,0.0,0.0,0.0,0.0,0.006756756756756757,6.756756756756757
2017-10-10,149,0,0,0,0,0.0,0.0,0.0,0.0,0.0,0.0,0.0,0.0
2017-10-11,167,0,0,0,0,0.0,0.0,0.0,0.0,0.0,0.0,0.0,0.0
2017-10-12,179,0,0,0,0,0.0,0.0,0.0,0.0,0.0,0.0,0.0,0.0
2017-10-13,140,1,0,1,0,0.007142857142857143,7.142857142857142,0.0,0.0,0.007142857142857143,7.142857142857142,0.0,0.0
2017-10-14,84,0,0,0,0,0.0,0.0,0.0,0.0,0.0,0.0,0.0,0.0
2017-10-15,72,0,0,0,0,0.0,0.0,0.0,0.0,0.0,0.0,0.0,0.0
2017-10-16,162,0,0,0,0,0.0,0.0,0.0,0.0,0.0,0.0,0.0,0.0
2017-10-17,145,0,0,0,0,0.0,0.0,0.0,0.0,0.0,0.0,0.0,0.0
2017-10-18,182,0,0,0,0,0.0,0.0,0.0,0.0,0.0,0.0,0.0,0.0
2017-10-19,157,0,0,0,0,0.0,0.0,0.0,0.0,0.0,0.0,0.0,0.0
2017-10-20,147,0,0,0,0,0.0,0.0,0.0,0.0,0.0,0.0,0.0,0.0
2017-10-21,75,0,0,0,0,0.0,0.0,0.0,0.0,0.0,0.0,0.0,0.0
2017-10-22,76,0,0,0,0,0.0,0.0,0.0,0.0,0.0,0.0,0.0,0.0
2017-10-23,153,0,0,0,0,0.0,0.0,0.0,0.0,0.0,0.0,0.0,0.0
2017-10-24,161,0,0,0,0,0.0,0.0,0.0,0.0,0.0,0.0,0.0,0.0
2017-10-25,172,1,0,0,1,0.005813953488372093,5.813953488372093,0.0,0.0,0.0,0.0,0.005813953488372093,5.813953488372093
2017-10-26,172,0,0,0,0,0.0,0.0,0.0,0.0,0.0,0.0,0.0,0.0
2017-10-27,147,0,0,0,0,0.0,0.0,0.0,0.0,0.0,0.0,0.0,0.0
2017-10-28,78,0,0,0,0,0.0,0.0,0.0,0.0,0.0,0.0,0.0,0.0
2017-10-29,79,0,0,0,0,0.0,0.0,0.0,0.0,0.0,0.0,0.0,0.0
2017-10-30,124,2,0,0,2,0.016129032258064516,16.129032258064516,0.0,0.0,0.0,0.0,0.016129032258064516,16.129032258064516
2017-10-31,147,0,0,0,0,0.0,0.0,0.0,0.0,0.0,0.0,0.0,0.0
2017-11-01,144,0,0,0,0,0.0,0.0,0.0,0.0,0.0,0.0,0.0,0.0
2017-11-02,169,0,0,0,0,0.0,0.0,0.0,0.0,0.0,0.0,0.0,0.0
2017-11-03,148,0,0,0,0,0.0,0.0,0.0,0.0,0.0,0.0,0.0,0.0
2017-11-04,83,0,0,0,0,0.0,0.0,0.0,0.0,0.0,0.0,0.0,0.0
2017-11-05,72,0,0,0,0,0.0,0.0,0.0,0.0,0.0,0.0,0.0,0.0
2017-11-06,131,0,0,0,0,0.0,0.0,0.0,0.0,0.0,0.0,0.0,0.0
2017-11-07,143,0,0,0,0,0.0,0.0,0.0,0.0,0.0,0.0,0.0,0.0
2017-11-08,152,0,0,0,0,0.0,0.0,0.0,0.0,0.0,0.0,0.0,0.0
2017-11-09,154,0,0,0,0,0.0,0.0,0.0,0.0,0.0,0.0,0.0,0.0
2017-11-10,153,0,0,0,0,0.0,0.0,0.0,0.0,0.0,0.0,0.0,0.0
2017-11-11,68,0,0,0,0,0.0,0.0,0.0,0.0,0.0,0.0,0.0,0.0
2017-11-12,64,0,0,0,0,0.0,0.0,0.0,0.0,0.0,0.0,0.0,0.0
2017-11-13,147,0,0,0,0,0.0,0.0,0.0,0.0,0.0,0.0,0.0,0.0
2017-11-14,157,0,0,0,0,0.0,0.0,0.0,0.0,0.0,0.0,0.0,0.0
2017-11-15,132,1,1,0,0,0.007575757575757576,7.575757575757576,0.007575757575757576,7.575757575757576,0.0,0.0,0.0,0.0
2017-11-16,167,1,1,0,0,0.005988023952095809,5.9880239520958085,0.005988023952095809,5.9880239520958085,0.0,0.0,0.0,0.0
2017-11-17,154,0,0,0,0,0.0,0.0,0.0,0.0,0.0,0.0,0.0,0.0
2017-11-18,77,0,0,0,0,0.0,0.0,0.0,0.0,0.0,0.0,0.0,0.0
2017-11-19,68,0,0,0,0,0.0,0.0,0.0,0.0,0.0,0.0,0.0,0.0
2017-11-20,136,0,0,0,0,0.0,0.0,0.0,0.0,0.0,0.0,0.0,0.0
2017-11-21,158,0,0,0,0,0.0,0.0,0.0,0.0,0.0,0.0,0.0,0.0
2017-11-22,164,0,0,0,0,0.0,0.0,0.0,0.0,0.0,0.0,0.0,0.0
2017-11-23,168,0,0,0,0,0.0,0.0,0.0,0.0,0.0,0.0,0.0,0.0
2017-11-24,155,0,0,0,0,0.0,0.0,0.0,0.0,0.0,0.0,0.0,0.0
2017-11-25,69,0,0,0,0,0.0,0.0,0.0,0.0,0.0,0.0,0.0,0.0
2017-11-26,69,0,0,0,0,0.0,0.0,0.0,0.0,0.0,0.0,0.0,0.0
2017-11-27,137,0,0,0,0,0.0,0.0,0.0,0.0,0.0,0.0,0.0,0.0
2017-11-28,156,1,1,0,0,0.00641025641025641,6.41025641025641,0.00641025641025641,6.41025641025641,0.0,0.0,0.0,0.0
2017-11-29,156,0,0,0,0,0.0,0.0,0.0,0.0,0.0,0.0,0.0,0.0
2017-11-30,170,1,0,1,0,0.0058823529411764705,5.88235294117647,0.0,0.0,0.0058823529411764705,5.88235294117647,0.0,0.0
2017-12-01,154,0,0,0,0,0.0,0.0,0.0,0.0,0.0,0.0,0.0,0.0
2017-12-02,68,0,0,0,0,0.0,0.0,0.0,0.0,0.0,0.0,0.0,0.0
2017-12-03,71,0,0,0,0,0.0,0.0,0.0,0.0,0.0,0.0,0.0,0.0
2017-12-04,138,1,0,1,0,0.007246376811594203,7.246376811594203,0.0,0.0,0.007246376811594203,7.246376811594203,0.0,0.0
2017-12-05,149,0,0,0,0,0.0,0.0,0.0,0.0,0.0,0.0,0.0,0.0
2017-12-06,171,0,0,0,0,0.0,0.0,0.0,0.0,0.0,0.0,0.0,0.0
2017-12-07,163,1,1,0,0,0.006134969325153374,6.134969325153374,0.006134969325153374,6.134969325153374,0.0,0.0,0.0,0.0
2017-12-08,129,0,0,0,0,0.0,0.0,0.0,0.0,0.0,0.0,0.0,0.0
2017-12-09,70,0,0,0,0,0.0,0.0,0.0,0.0,0.0,0.0,0.0,0.0
2017-12-10,79,0,0,0,0,0.0,0.0,0.0,0.0,0.0,0.0,0.0,0.0
2017-12-11,131,0,0,0,0,0.0,0.0,0.0,0.0,0.0,0.0,0.0,0.0
2017-12-12,129,0,0,0,0,0.0,0.0,0.0,0.0,0.0,0.0,0.0,0.0
2017-12-13,149,0,0,0,0,0.0,0.0,0.0,0.0,0.0,0.0,0.0,0.0
2017-12-14,130,0,0,0,0,0.0,0.0,0.0,0.0,0.0,0.0,0.0,0.0
2017-12-15,129,0,0,0,0,0.0,0.0,0.0,0.0,0.0,0.0,0.0,0.0
2017-12-16,64,0,0,0,0,0.0,0.0,0.0,0.0,0.0,0.0,0.0,0.0
2017-12-17,78,0,0,0,0,0.0,0.0,0.0,0.0,0.0,0.0,0.0,0.0
2017-12-18,128,0,0,0,0,0.0,0.0,0.0,0.0,0.0,0.0,0.0,0.0
2017-12-19,134,0,0,0,0,0.0,0.0,0.0,0.0,0.0,0.0,0.0,0.0
2017-12-20,118,0,0,0,0,0.0,0.0,0.0,0.0,0.0,0.0,0.0,0.0
2017-12-21,125,0,0,0,0,0.0,0.0,0.0,0.0,0.0,0.0,0.0,0.0
2017-12-22,140,0,0,0,0,0.0,0.0,0.0,0.0,0.0,0.0,0.0,0.0
2017-12-23,66,1,0,1,0,0.015151515151515152,15.151515151515152,0.0,0.0,0.015151515151515152,15.151515151515152,0.0,0.0
2017-12-24,50,0,0,0,0,0.0,0.0,0.0,0.0,0.0,0.0,0.0,0.0
2017-12-25,24,0,0,0,0,0.0,0.0,0.0,0.0,0.0,0.0,0.0,0.0
2017-12-26,56,0,0,0,0,0.0,0.0,0.0,0.0,0.0,0.0,0.0,0.0
2017-12-27,71,1,0,1,1,0.014084507042253521,14.084507042253522,0.0,0.0,0.014084507042253521,14.084507042253522,0.014084507042253521,14.084507042253522
2017-12-28,78,0,0,0,0,0.0,0.0,0.0,0.0,0.0,0.0,0.0,0.0
2017-12-29,99,1,0,1,0,0.010101010101010102,10.101010101010102,0.0,0.0,0.010101010101010102,10.101010101010102,0.0,0.0
2017-12-30,61,0,0,0,0,0.0,0.0,0.0,0.0,0.0,0.0,0.0,0.0
2017-12-31,56,0,0,0,0,0.0,0.0,0.0,0.0,0.0,0.0,0.0,0.0
2018-01-01,69,0,0,0,0,0.0,0.0,0.0,0.0,0.0,0.0,0.0,0.0
2018-01-02,99,0,0,0,0,0.0,0.0,0.0,0.0,0.0,0.0,0.0,0.0
2018-01-03,101,0,0,0,0,0.0,0.0,0.0,0.0,0.0,0.0,0.0,0.0
2018-01-04,108,0,0,0,0,0.0,0.0,0.0,0.0,0.0,0.0,0.0,0.0
2018-01-05,56,0,0,0,0,0.0,0.0,0.0,0.0,0.0,0.0,0.0,0.0
2018-01-06,58,0,0,0,0,0.0,0.0,0.0,0.0,0.0,0.0,0.0,0.0
2018-01-07,65,0,0,0,0,0.0,0.0,0.0,0.0,0.0,0.0,0.0,0.0
2018-01-08,107,0,0,0,0,0.0,0.0,0.0,0.0,0.0,0.0,0.0,0.0
2018-01-09,104,0,0,0,0,0.0,0.0,0.0,0.0,0.0,0.0,0.0,0.0
2018-01-10,117,0,0,0,0,0.0,0.0,0.0,0.0,0.0,0.0,0.0,0.0
2018-01-11,108,0,0,0,0,0.0,0.0,0.0,0.0,0.0,0.0,0.0,0.0
2018-01-12,100,1,1,0,0,0.01,10.0,0.01,10.0,0.0,0.0,0.0,0.0
2018-01-13,59,0,0,0,0,0.0,0.0,0.0,0.0,0.0,0.0,0.0,0.0
2018-01-14,59,0,0,0,0,0.0,0.0,0.0,0.0,0.0,0.0,0.0,0.0
2018-01-15,123,0,0,0,0,0.0,0.0,0.0,0.0,0.0,0.0,0.0,0.0
2018-01-16,120,0,0,0,0,0.0,0.0,0.0,0.0,0.0,0.0,0.0,0.0
2018-01-17,138,0,0,0,0,0.0,0.0,0.0,0.0,0.0,0.0,0.0,0.0
2018-01-18,127,0,0,0,0,0.0,0.0,0.0,0.0,0.0,0.0,0.0,0.0
2018-01-19,114,0,0,0,0,0.0,0.0,0.0,0.0,0.0,0.0,0.0,0.0
2018-01-20,51,0,0,0,0,0.0,0.0,0.0,0.0,0.0,0.0,0.0,0.0
2018-01-21,63,0,0,0,0,0.0,0.0,0.0,0.0,0.0,0.0,0.0,0.0
2018-01-22,110,1,0,0,1,0.00909090909090909,9.09090909090909,0.0,0.0,0.0,0.0,0.00909090909090909,9.09090909090909
2018-01-23,116,1,0,0,1,0.008620689655172414,8.620689655172413,0.0,0.0,0.0,0.0,0.008620689655172414,8.620689655172413
2018-01-24,117,0,0,0,0,0.0,0.0,0.0,0.0,0.0,0.0,0.0,0.0
2018-01-25,138,0,0,0,0,0.0,0.0,0.0,0.0,0.0,0.0,0.0,0.0
2018-01-26,86,0,0,0,0,0.0,0.0,0.0,0.0,0.0,0.0,0.0,0.0
2018-01-27,54,0,0,0,0,0.0,0.0,0.0,0.0,0.0,0.0,0.0,0.0
2018-01-28,66,0,0,0,0,0.0,0.0,0.0,0.0,0.0,0.0,0.0,0.0
2018-01-29,122,0,0,0,0,0.0,0.0,0.0,0.0,0.0,0.0,0.0,0.0
2018-01-30,131,0,0,0,0,0.0,0.0,0.0,0.0,0.0,0.0,0.0,0.0
2018-01-31,128,0,0,0,0,0.0,0.0,0.0,0.0,0.0,0.0,0.0,0.0
2018-02-01,148,0,0,0,0,0.0,0.0,0.0,0.0,0.0,0.0,0.0,0.0
2018-02-02,134,0,0,0,0,0.0,0.0,0.0,0.0,0.0,0.0,0.0,0.0
2018-02-03,68,0,0,0,0,0.0,0.0,0.0,0.0,0.0,0.0,0.0,0.0
2018-02-04,72,0,0,0,0,0.0,0.0,0.0,0.0,0.0,0.0,0.0,0.0
2018-02-05,120,0,0,0,0,0.0,0.0,0.0,0.0,0.0,0.0,0.0,0.0
2018-02-06,136,1,0,0,1,0.007352941176470588,7.352941176470588,0.0,0.0,0.0,0.0,0.007352941176470588,7.352941176470588
2018-02-07,148,0,0,0,0,0.0,0.0,0.0,0.0,0.0,0.0,0.0,0.0
2018-02-08,166,0,0,0,0,0.0,0.0,0.0,0.0,0.0,0.0,0.0,0.0
2018-02-09,134,0,0,0,0,0.0,0.0,0.0,0.0,0.0,0.0,0.0,0.0
2018-02-10,72,0,0,0,0,0.0,0.0,0.0,0.0,0.0,0.0,0.0,0.0
2018-02-11,85,0,0,0,0,0.0,0.0,0.0,0.0,0.0,0.0,0.0,0.0
2018-02-12,121,0,0,0,0,0.0,0.0,0.0,0.0,0.0,0.0,0.0,0.0
2018-02-13,146,0,0,0,0,0.0,0.0,0.0,0.0,0.0,0.0,0.0,0.0
2018-02-14,160,0,0,0,0,0.0,0.0,0.0,0.0,0.0,0.0,0.0,0.0
2018-02-15,163,0,0,0,0,0.0,0.0,0.0,0.0,0.0,0.0,0.0,0.0
2018-02-16,146,0,0,0,0,0.0,0.0,0.0,0.0,0.0,0.0,0.0,0.0
2018-02-17,64,0,0,0,0,0.0,0.0,0.0,0.0,0.0,0.0,0.0,0.0
2018-02-18,88,0,0,0,0,0.0,0.0,0.0,0.0,0.0,0.0,0.0,0.0
2018-02-19,131,0,0,0,0,0.0,0.0,0.0,0.0,0.0,0.0,0.0,0.0
2018-02-20,139,0,0,0,0,0.0,0.0,0.0,0.0,0.0,0.0,0.0,0.0
2018-02-21,157,0,0,0,0,0.0,0.0,0.0,0.0,0.0,0.0,0.0,0.0
2018-02-22,135,0,0,0,0,0.0,0.0,0.0,0.0,0.0,0.0,0.0,0.0
2018-02-23,146,0,0,0,0,0.0,0.0,0.0,0.0,0.0,0.0,0.0,0.0
2018-02-24,76,0,0,0,0,0.0,0.0,0.0,0.0,0.0,0.0,0.0,0.0
2018-02-25,81,0,0,0,0,0.0,0.0,0.0,0.0,0.0,0.0,0.0,0.0
2018-02-26,99,0,0,0,0,0.0,0.0,0.0,0.0,0.0,0.0,0.0,0.0
2018-02-27,133,0,0,0,0,0.0,0.0,0.0,0.0,0.0,0.0,0.0,0.0
2018-02-28,148,0,0,0,0,0.0,0.0,0.0,0.0,0.0,0.0,0.0,0.0
2018-03-01,156,0,0,0,0,0.0,0.0,0.0,0.0,0.0,0.0,0.0,0.0
2018-03-02,143,0,0,0,0,0.0,0.0,0.0,0.0,0.0,0.0,0.0,0.0
2018-03-03,77,0,0,0,0,0.0,0.0,0.0,0.0,0.0,0.0,0.0,0.0
2018-03-04,75,0,0,0,0,0.0,0.0,0.0,0.0,0.0,0.0,0.0,0.0
2018-03-05,120,0,0,0,0,0.0,0.0,0.0,0.0,0.0,0.0,0.0,0.0
2018-03-06,150,0,0,0,0,0.0,0.0,0.0,0.0,0.0,0.0,0.0,0.0
2018-03-07,162,0,0,0,0,0.0,0.0,0.0,0.0,0.0,0.0,0.0,0.0
2018-03-08,164,0,0,0,0,0.0,0.0,0.0,0.0,0.0,0.0,0.0,0.0
2018-03-09,151,0,0,0,0,0.0,0.0,0.0,0.0,0.0,0.0,0.0,0.0
2018-03-10,70,0,0,0,0,0.0,0.0,0.0,0.0,0.0,0.0,0.0,0.0
2018-03-11,89,0,0,0,0,0.0,0.0,0.0,0.0,0.0,0.0,0.0,0.0
2018-03-12,111,0,0,0,0,0.0,0.0,0.0,0.0,0.0,0.0,0.0,0.0
2018-03-13,132,0,0,0,0,0.0,0.0,0.0,0.0,0.0,0.0,0.0,0.0
2018-03-14,128,0,0,0,0,0.0,0.0,0.0,0.0,0.0,0.0,0.0,0.0
2018-03-15,160,0,0,0,0,0.0,0.0,0.0,0.0,0.0,0.0,0.0,0.0
2018-03-16,157,0,0,0,0,0.0,0.0,0.0,0.0,0.0,0.0,0.0,0.0
2018-03-17,89,0,0,0,0,0.0,0.0,0.0,0.0,0.0,0.0,0.0,0.0
2018-03-18,96,0,0,0,0,0.0,0.0,0.0,0.0,0.0,0.0,0.0,0.0
2018-03-19,124,0,0,0,0,0.0,0.0,0.0,0.0,0.0,0.0,0.0,0.0
2018-03-20,156,0,0,0,0,0.0,0.0,0.0,0.0,0.0,0.0,0.0,0.0
2018-03-21,155,0,0,0,0,0.0,0.0,0.0,0.0,0.0,0.0,0.0,0.0
2018-03-22,160,0,0,0,0,0.0,0.0,0.0,0.0,0.0,0.0,0.0,0.0
2018-03-23,148,0,0,0,0,0.0,0.0,0.0,0.0,0.0,0.0,0.0,0.0
2018-03-24,91,0,0,0,0,0.0,0.0,0.0,0.0,0.0,0.0,0.0,0.0
2018-03-25,98,0,0,0,0,0.0,0.0,0.0,0.0,0.0,0.0,0.0,0.0
2018-03-26,131,0,0,0,0,0.0,0.0,0.0,0.0,0.0,0.0,0.0,0.0
2018-03-27,154,0,0,0,0,0.0,0.0,0.0,0.0,0.0,0.0,0.0,0.0
2018-03-28,136,0,0,0,0,0.0,0.0,0.0,0.0,0.0,0.0,0.0,0.0
2018-03-29,139,0,0,0,0,0.0,0.0,0.0,0.0,0.0,0.0,0.0,0.0
2018-03-30,67,0,0,0,0,0.0,0.0,0.0,0.0,0.0,0.0,0.0,0.0
2018-03-31,59,0,0,0,0,0.0,0.0,0.0,0.0,0.0,0.0,0.0,0.0
2018-04-01,70,0,0,0,0,0.0,0.0,0.0,0.0,0.0,0.0,0.0,0.0
2018-04-02,90,0,0,0,0,0.0,0.0,0.0,0.0,0.0,0.0,0.0,0.0
2018-04-03,127,0,0,0,0,0.0,0.0,0.0,0.0,0.0,0.0,0.0,0.0
2018-04-04,162,0,0,0,0,0.0,0.0,0.0,0.0,0.0,0.0,0.0,0.0
2018-04-05,125,0,0,0,0,0.0,0.0,0.0,0.0,0.0,0.0,0.0,0.0
2018-04-06,132,0,0,0,0,0.0,0.0,0.0,0.0,0.0,0.0,0.0,0.0
2018-04-07,84,0,0,0,0,0.0,0.0,0.0,0.0,0.0,0.0,0.0,0.0
2018-04-08,74,0,0,0,0,0.0,0.0,0.0,0.0,0.0,0.0,0.0,0.0
2018-04-09,120,0,0,0,0,0.0,0.0,0.0,0.0,0.0,0.0,0.0,0.0
2018-04-10,127,0,0,0,0,0.0,0.0,0.0,0.0,0.0,0.0,0.0,0.0
2018-04-11,136,0,0,0,0,0.0,0.0,0.0,0.0,0.0,0.0,0.0,0.0
2018-04-12,141,2,0,2,0,0.014184397163120567,14.184397163120567,0.0,0.0,0.014184397163120567,14.184397163120567,0.0,0.0
2018-04-13,136,0,0,0,0,0.0,0.0,0.0,0.0,0.0,0.0,0.0,0.0
2018-04-14,80,0,0,0,0,0.0,0.0,0.0,0.0,0.0,0.0,0.0,0.0
2018-04-15,74,0,0,0,0,0.0,0.0,0.0,0.0,0.0,0.0,0.0,0.0
2018-04-16,112,0,0,0,0,0.0,0.0,0.0,0.0,0.0,0.0,0.0,0.0
2018-04-17,131,0,0,0,0,0.0,0.0,0.0,0.0,0.0,0.0,0.0,0.0
2018-04-18,141,0,0,0,0,0.0,0.0,0.0,0.0,0.0,0.0,0.0,0.0
2018-04-19,153,1,1,0,0,0.006535947712418301,6.5359477124183005,0.006535947712418301,6.5359477124183005,0.0,0.0,0.0,0.0
2018-04-20,140,0,0,0,0,0.0,0.0,0.0,0.0,0.0,0.0,0.0,0.0
2018-04-21,80,0,0,0,0,0.0,0.0,0.0,0.0,0.0,0.0,0.0,0.0
2018-04-22,87,0,0,0,0,0.0,0.0,0.0,0.0,0.0,0.0,0.0,0.0
2018-04-23,126,0,0,0,0,0.0,0.0,0.0,0.0,0.0,0.0,0.0,0.0
2018-04-24,130,0,0,0,0,0.0,0.0,0.0,0.0,0.0,0.0,0.0,0.0
2018-04-25,102,0,0,0,0,0.0,0.0,0.0,0.0,0.0,0.0,0.0,0.0
2018-04-26,137,0,0,0,0,0.0,0.0,0.0,0.0,0.0,0.0,0.0,0.0
2018-04-27,136,0,0,0,0,0.0,0.0,0.0,0.0,0.0,0.0,0.0,0.0
2018-04-28,84,0,0,0,0,0.0,0.0,0.0,0.0,0.0,0.0,0.0,0.0
2018-04-29,75,0,0,0,0,0.0,0.0,0.0,0.0,0.0,0.0,0.0,0.0
2018-04-30,120,0,0,0,0,0.0,0.0,0.0,0.0,0.0,0.0,0.0,0.0
2018-05-01,134,1,1,0,0,0.007462686567164179,7.462686567164179,0.007462686567164179,7.462686567164179,0.0,0.0,0.0,0.0
2018-05-02,121,0,0,0,0,0.0,0.0,0.0,0.0,0.0,0.0,0.0,0.0
2018-05-03,138,0,0,0,0,0.0,0.0,0.0,0.0,0.0,0.0,0.0,0.0
2018-05-04,139,0,0,0,0,0.0,0.0,0.0,0.0,0.0,0.0,0.0,0.0
2018-05-05,64,0,0,0,0,0.0,0.0,0.0,0.0,0.0,0.0,0.0,0.0
2018-05-06,79,0,0,0,0,0.0,0.0,0.0,0.0,0.0,0.0,0.0,0.0
2018-05-07,112,0,0,0,0,0.0,0.0,0.0,0.0,0.0,0.0,0.0,0.0
2018-05-08,136,0,0,0,0,0.0,0.0,0.0,0.0,0.0,0.0,0.0,0.0
2018-05-09,120,0,0,0,0,0.0,0.0,0.0,0.0,0.0,0.0,0.0,0.0
2018-05-10,147,1,1,1,0,0.006802721088435374,6.802721088435374,0.006802721088435374,6.802721088435374,0.006802721088435374,6.802721088435374,0.0,0.0
2018-05-11,144,0,0,0,0,0.0,0.0,0.0,0.0,0.0,0.0,0.0,0.0
2018-05-12,64,0,0,0,0,0.0,0.0,0.0,0.0,0.0,0.0,0.0,0.0
2018-05-13,80,1,0,0,1,0.0125,12.5,0.0,0.0,0.0,0.0,0.0125,12.5
2018-05-14,109,0,0,0,0,0.0,0.0,0.0,0.0,0.0,0.0,0.0,0.0
2018-05-15,121,3,2,1,0,0.024793388429752067,24.793388429752067,0.01652892561983471,16.528925619834713,0.008264462809917356,8.264462809917356,0.0,0.0
2018-05-16,133,0,0,0,0,0.0,0.0,0.0,0.0,0.0,0.0,0.0,0.0
2018-05-17,152,0,0,0,0,0.0,0.0,0.0,0.0,0.0,0.0,0.0,0.0
2018-05-18,114,0,0,0,0,0.0,0.0,0.0,0.0,0.0,0.0,0.0,0.0
2018-05-19,71,0,0,0,0,0.0,0.0,0.0,0.0,0.0,0.0,0.0,0.0
2018-05-20,74,0,0,0,0,0.0,0.0,0.0,0.0,0.0,0.0,0.0,0.0
2018-05-21,133,0,0,0,0,0.0,0.0,0.0,0.0,0.0,0.0,0.0,0.0
2018-05-22,143,0,0,0,0,0.0,0.0,0.0,0.0,0.0,0.0,0.0,0.0
2018-05-23,134,1,0,1,0,0.007462686567164179,7.462686567164179,0.0,0.0,0.007462686567164179,7.462686567164179,0.0,0.0
2018-05-24,151,0,0,0,0,0.0,0.0,0.0,0.0,0.0,0.0,0.0,0.0
2018-05-25,133,0,0,0,0,0.0,0.0,0.0,0.0,0.0,0.0,0.0,0.0
2018-05-26,67,0,0,0,0,0.0,0.0,0.0,0.0,0.0,0.0,0.0,0.0
2018-05-27,70,0,0,0,0,0.0,0.0,0.0,0.0,0.0,0.0,0.0,0.0
2018-05-28,120,0,0,0,0,0.0,0.0,0.0,0.0,0.0,0.0,0.0,0.0
2018-05-29,128,0,0,0,0,0.0,0.0,0.0,0.0,0.0,0.0,0.0,0.0
2018-05-30,135,0,0,0,0,0.0,0.0,0.0,0.0,0.0,0.0,0.0,0.0
2018-05-31,153,0,0,0,0,0.0,0.0,0.0,0.0,0.0,0.0,0.0,0.0
2018-06-01,136,0,0,0,0,0.0,0.0,0.0,0.0,0.0,0.0,0.0,0.0
2018-06-02,74,0,0,0,0,0.0,0.0,0.0,0.0,0.0,0.0,0.0,0.0
2018-06-03,79,0,0,0,0,0.0,0.0,0.0,0.0,0.0,0.0,0.0,0.0
2018-06-04,122,0,0,0,0,0.0,0.0,0.0,0.0,0.0,0.0,0.0,0.0
2018-06-05,149,1,0,0,1,0.006711409395973154,6.7114093959731544,0.0,0.0,0.0,0.0,0.006711409395973154,6.7114093959731544
2018-06-06,139,0,0,0,0,0.0,0.0,0.0,0.0,0.0,0.0,0.0,0.0
2018-06-07,137,0,0,0,0,0.0,0.0,0.0,0.0,0.0,0.0,0.0,0.0
2018-06-08,128,0,0,0,0,0.0,0.0,0.0,0.0,0.0,0.0,0.0,0.0
2018-06-09,68,0,0,0,0,0.0,0.0,0.0,0.0,0.0,0.0,0.0,0.0
2018-06-10,88,0,0,0,0,0.0,0.0,0.0,0.0,0.0,0.0,0.0,0.0
2018-06-11,100,0,0,0,0,0.0,0.0,0.0,0.0,0.0,0.0,0.0,0.0
2018-06-12,123,0,0,0,0,0.0,0.0,0.0,0.0,0.0,0.0,0.0,0.0
2018-06-13,134,0,0,0,0,0.0,0.0,0.0,0.0,0.0,0.0,0.0,0.0
2018-06-14,150,0,0,0,0,0.0,0.0,0.0,0.0,0.0,0.0,0.0,0.0
2018-06-15,131,0,0,0,0,0.0,0.0,0.0,0.0,0.0,0.0,0.0,0.0
2018-06-16,76,0,0,0,0,0.0,0.0,0.0,0.0,0.0,0.0,0.0,0.0
2018-06-17,73,0,0,0,0,0.0,0.0,0.0,0.0,0.0,0.0,0.0,0.0
2018-06-18,120,0,0,0,0,0.0,0.0,0.0,0.0,0.0,0.0,0.0,0.0
2018-06-19,134,0,0,0,0,0.0,0.0,0.0,0.0,0.0,0.0,0.0,0.0
2018-06-20,131,0,0,0,0,0.0,0.0,0.0,0.0,0.0,0.0,0.0,0.0
2018-06-21,153,0,0,0,0,0.0,0.0,0.0,0.0,0.0,0.0,0.0,0.0
2018-06-22,120,0,0,0,0,0.0,0.0,0.0,0.0,0.0,0.0,0.0,0.0
2018-06-23,75,0,0,0,0,0.0,0.0,0.0,0.0,0.0,0.0,0.0,0.0
2018-06-24,86,0,0,0,0,0.0,0.0,0.0,0.0,0.0,0.0,0.0,0.0
2018-06-25,118,0,0,0,0,0.0,0.0,0.0,0.0,0.0,0.0,0.0,0.0
2018-06-26,151,0,0,0,0,0.0,0.0,0.0,0.0,0.0,0.0,0.0,0.0
2018-06-27,146,1,1,1,0,0.00684931506849315,6.8493150684931505,0.00684931506849315,6.8493150684931505,0.00684931506849315,6.8493150684931505,0.0,0.0
2018-06-28,160,0,0,0,0,0.0,0.0,0.0,0.0,0.0,0.0,0.0,0.0
2018-06-29,164,0,0,0,0,0.0,0.0,0.0,0.0,0.0,0.0,0.0,0.0
2018-06-30,79,0,0,0,0,0.0,0.0,0.0,0.0,0.0,0.0,0.0,0.0
2018-07-01,85,0,0,0,0,0.0,0.0,0.0,0.0,0.0,0.0,0.0,0.0
2018-07-02,113,0,0,0,0,0.0,0.0,0.0,0.0,0.0,0.0,0.0,0.0
2018-07-03,134,0,0,0,0,0.0,0.0,0.0,0.0,0.0,0.0,0.0,0.0
2018-07-04,125,0,0,0,0,0.0,0.0,0.0,0.0,0.0,0.0,0.0,0.0
2018-07-05,117,0,0,0,0,0.0,0.0,0.0,0.0,0.0,0.0,0.0,0.0
2018-07-06,120,0,0,0,0,0.0,0.0,0.0,0.0,0.0,0.0,0.0,0.0
2018-07-07,78,0,0,0,0,0.0,0.0,0.0,0.0,0.0,0.0,0.0,0.0
2018-07-08,84,0,0,0,0,0.0,0.0,0.0,0.0,0.0,0.0,0.0,0.0
2018-07-09,133,0,0,0,0,0.0,0.0,0.0,0.0,0.0,0.0,0.0,0.0
2018-07-10,121,0,0,0,0,0.0,0.0,0.0,0.0,0.0,0.0,0.0,0.0
2018-07-11,135,1,1,0,0,0.007407407407407408,7.407407407407407,0.007407407407407408,7.407407407407407,0.0,0.0,0.0,0.0
2018-07-12,132,0,0,0,0,0.0,0.0,0.0,0.0,0.0,0.0,0.0,0.0
2018-07-13,135,0,0,0,0,0.0,0.0,0.0,0.0,0.0,0.0,0.0,0.0
2018-07-14,71,0,0,0,0,0.0,0.0,0.0,0.0,0.0,0.0,0.0,0.0
2018-07-15,96,0,0,0,0,0.0,0.0,0.0,0.0,0.0,0.0,0.0,0.0
2018-07-16,111,0,0,0,0,0.0,0.0,0.0,0.0,0.0,0.0,0.0,0.0
2018-07-17,115,0,0,0,0,0.0,0.0,0.0,0.0,0.0,0.0,0.0,0.0
2018-07-18,126,0,0,0,0,0.0,0.0,0.0,0.0,0.0,0.0,0.0,0.0
2018-07-19,143,0,0,0,0,0.0,0.0,0.0,0.0,0.0,0.0,0.0,0.0
2018-07-20,120,0,0,0,0,0.0,0.0,0.0,0.0,0.0,0.0,0.0,0.0
2018-07-21,79,0,0,0,0,0.0,0.0,0.0,0.0,0.0,0.0,0.0,0.0
2018-07-22,71,0,0,0,0,0.0,0.0,0.0,0.0,0.0,0.0,0.0,0.0
2018-07-23,118,0,0,0,0,0.0,0.0,0.0,0.0,0.0,0.0,0.0,0.0
2018-07-24,131,1,0,1,0,0.007633587786259542,7.633587786259541,0.0,0.0,0.007633587786259542,7.633587786259541,0.0,0.0
2018-07-25,142,1,0,0,1,0.007042253521126761,7.042253521126761,0.0,0.0,0.0,0.0,0.007042253521126761,7.042253521126761
2018-07-26,144,0,0,0,0,0.0,0.0,0.0,0.0,0.0,0.0,0.0,0.0
2018-07-27,127,0,0,0,0,0.0,0.0,0.0,0.0,0.0,0.0,0.0,0.0
2018-07-28,84,0,0,0,0,0.0,0.0,0.0,0.0,0.0,0.0,0.0,0.0
2018-07-29,79,0,0,0,0,0.0,0.0,0.0,0.0,0.0,0.0,0.0,0.0
2018-07-30,105,0,0,0,0,0.0,0.0,0.0,0.0,0.0,0.0,0.0,0.0
2018-07-31,123,0,0,0,0,0.0,0.0,0.0,0.0,0.0,0.0,0.0,0.0
2018-08-01,123,0,0,0,0,0.0,0.0,0.0,0.0,0.0,0.0,0.0,0.0
2018-08-02,140,0,0,0,0,0.0,0.0,0.0,0.0,0.0,0.0,0.0,0.0
2018-08-03,119,0,0,0,0,0.0,0.0,0.0,0.0,0.0,0.0,0.0,0.0
2018-08-04,60,0,0,0,0,0.0,0.0,0.0,0.0,0.0,0.0,0.0,0.0
2018-08-05,68,0,0,0,0,0.0,0.0,0.0,0.0,0.0,0.0,0.0,0.0
2018-08-06,104,0,0,0,0,0.0,0.0,0.0,0.0,0.0,0.0,0.0,0.0
2018-08-07,140,0,0,0,0,0.0,0.0,0.0,0.0,0.0,0.0,0.0,0.0
2018-08-08,139,0,0,0,0,0.0,0.0,0.0,0.0,0.0,0.0,0.0,0.0
2018-08-09,125,1,1,1,0,0.008,8.0,0.008,8.0,0.008,8.0,0.0,0.0
2018-08-10,140,0,0,0,0,0.0,0.0,0.0,0.0,0.0,0.0,0.0,0.0
2018-08-11,72,0,0,0,0,0.0,0.0,0.0,0.0,0.0,0.0,0.0,0.0
2018-08-12,73,0,0,0,0,0.0,0.0,0.0,0.0,0.0,0.0,0.0,0.0
2018-08-13,123,1,0,1,0,0.008130081300813009,8.130081300813009,0.0,0.0,0.008130081300813009,8.130081300813009,0.0,0.0
2018-08-14,127,1,0,1,0,0.007874015748031496,7.874015748031496,0.0,0.0,0.007874015748031496,7.874015748031496,0.0,0.0
2018-08-15,115,0,0,0,0,0.0,0.0,0.0,0.0,0.0,0.0,0.0,0.0
2018-08-16,136,0,0,0,0,0.0,0.0,0.0,0.0,0.0,0.0,0.0,0.0
2018-08-17,131,0,0,0,0,0.0,0.0,0.0,0.0,0.0,0.0,0.0,0.0
2018-08-18,68,0,0,0,0,0.0,0.0,0.0,0.0,0.0,0.0,0.0,0.0
2018-08-19,72,0,0,0,0,0.0,0.0,0.0,0.0,0.0,0.0,0.0,0.0
2018-08-20,101,0,0,0,0,0.0,0.0,0.0,0.0,0.0,0.0,0.0,0.0
2018-08-21,104,2,0,1,1,0.019230769230769232,19.230769230769234,0.0,0.0,0.009615384615384616,9.615384615384617,0.009615384615384616,9.615384615384617
2018-08-22,145,0,0,0,0,0.0,0.0,0.0,0.0,0.0,0.0,0.0,0.0
2018-08-23,117,1,0,0,1,0.008547008547008548,8.547008547008549,0.0,0.0,0.0,0.0,0.008547008547008548,8.547008547008549
2018-08-24,126,0,0,0,0,0.0,0.0,0.0,0.0,0.0,0.0,0.0,0.0
2018-08-25,50,0,0,0,0,0.0,0.0,0.0,0.0,0.0,0.0,0.0,0.0
2018-08-26,78,0,0,0,0,0.0,0.0,0.0,0.0,0.0,0.0,0.0,0.0
2018-08-27,94,0,0,0,0,0.0,0.0,0.0,0.0,0.0,0.0,0.0,0.0
2018-08-28,116,2,0,0,2,0.017241379310344827,17.241379310344826,0.0,0.0,0.0,0.0,0.017241379310344827,17.241379310344826
2018-08-29,126,0,0,0,0,0.0,0.0,0.0,0.0,0.0,0.0,0.0,0.0
2018-08-30,138,0,0,0,0,0.0,0.0,0.0,0.0,0.0,0.0,0.0,0.0
2018-08-31,118,0,0,0,0,0.0,0.0,0.0,0.0,0.0,0.0,0.0,0.0
2018-09-01,71,0,0,0,0,0.0,0.0,0.0,0.0,0.0,0.0,0.0,0.0
2018-09-02,71,0,0,0,0,0.0,0.0,0.0,0.0,0.0,0.0,0.0,0.0
2018-09-03,92,0,0,0,0,0.0,0.0,0.0,0.0,0.0,0.0,0.0,0.0
2018-09-04,114,0,0,0,0,0.0,0.0,0.0,0.0,0.0,0.0,0.0,0.0
2018-09-05,108,1,0,1,0,0.009259259259259259,9.25925925925926,0.0,0.0,0.009259259259259259,9.25925925925926,0.0,0.0
2018-09-06,146,0,0,0,0,0.0,0.0,0.0,0.0,0.0,0.0,0.0,0.0
2018-09-07,127,0,0,0,0,0.0,0.0,0.0,0.0,0.0,0.0,0.0,0.0
2018-09-08,71,0,0,0,0,0.0,0.0,0.0,0.0,0.0,0.0,0.0,0.0
2018-09-09,74,0,0,0,0,0.0,0.0,0.0,0.0,0.0,0.0,0.0,0.0
2018-09-10,109,0,0,0,0,0.0,0.0,0.0,0.0,0.0,0.0,0.0,0.0
2018-09-11,109,0,0,0,0,0.0,0.0,0.0,0.0,0.0,0.0,0.0,0.0
2018-09-12,134,0,0,0,0,0.0,0.0,0.0,0.0,0.0,0.0,0.0,0.0
2018-09-13,129,0,0,0,0,0.0,0.0,0.0,0.0,0.0,0.0,0.0,0.0
2018-09-14,116,0,0,0,0,0.0,0.0,0.0,0.0,0.0,0.0,0.0,0.0
2018-09-15,69,0,0,0,0,0.0,0.0,0.0,0.0,0.0,0.0,0.0,0.0
2018-09-16,79,0,0,0,0,0.0,0.0,0.0,0.0,0.0,0.0,0.0,0.0
2018-09-17,101,0,0,0,0,0.0,0.0,0.0,0.0,0.0,0.0,0.0,0.0
2018-09-18,122,0,0,0,0,0.0,0.0,0.0,0.0,0.0,0.0,0.0,0.0
2018-09-19,127,0,0,0,0,0.0,0.0,0.0,0.0,0.0,0.0,0.0,0.0
2018-09-20,121,0,0,0,0,0.0,0.0,0.0,0.0,0.0,0.0,0.0,0.0
2018-09-21,120,0,0,0,0,0.0,0.0,0.0,0.0,0.0,0.0,0.0,0.0
2018-09-22,57,0,0,0,0,0.0,0.0,0.0,0.0,0.0,0.0,0.0,0.0
2018-09-23,63,0,0,0,0,0.0,0.0,0.0,0.0,0.0,0.0,0.0,0.0
2018-09-24,98,0,0,0,0,0.0,0.0,0.0,0.0,0.0,0.0,0.0,0.0
2018-09-25,101,0,0,0,0,0.0,0.0,0.0,0.0,0.0,0.0,0.0,0.0
2018-09-26,99,0,0,0,0,0.0,0.0,0.0,0.0,0.0,0.0,0.0,0.0
2018-09-27,110,1,1,0,1,0.00909090909090909,9.09090909090909,0.00909090909090909,9.09090909090909,0.0,0.0,0.00909090909090909,9.09090909090909
2018-09-28,130,0,0,0,0,0.0,0.0,0.0,0.0,0.0,0.0,0.0,0.0
2018-09-29,67,0,0,0,0,0.0,0.0,0.0,0.0,0.0,0.0,0.0,0.0
2018-09-30,71,0,0,0,0,0.0,0.0,0.0,0.0,0.0,0.0,0.0,0.0
2018-10-01,100,0,0,0,0,0.0,0.0,0.0,0.0,0.0,0.0,0.0,0.0
2018-10-02,108,1,0,0,1,0.009259259259259259,9.25925925925926,0.0,0.0,0.0,0.0,0.009259259259259259,9.25925925925926
2018-10-03,124,0,0,0,0,0.0,0.0,0.0,0.0,0.0,0.0,0.0,0.0
2018-10-04,99,0,0,0,0,0.0,0.0,0.0,0.0,0.0,0.0,0.0,0.0
2018-10-05,127,0,0,0,0,0.0,0.0,0.0,0.0,0.0,0.0,0.0,0.0
2018-10-06,60,0,0,0,0,0.0,0.0,0.0,0.0,0.0,0.0,0.0,0.0
2018-10-07,70,0,0,0,0,0.0,0.0,0.0,0.0,0.0,0.0,0.0,0.0
2018-10-08,102,0,0,0,0,0.0,0.0,0.0,0.0,0.0,0.0,0.0,0.0
2018-10-09,119,0,0,0,0,0.0,0.0,0.0,0.0,0.0,0.0,0.0,0.0
2018-10-10,117,0,0,0,0,0.0,0.0,0.0,0.0,0.0,0.0,0.0,0.0
2018-10-11,141,0,0,0,0,0.0,0.0,0.0,0.0,0.0,0.0,0.0,0.0
2018-10-12,125,0,0,0,0,0.0,0.0,0.0,0.0,0.0,0.0,0.0,0.0
2018-10-13,62,0,0,0,0,0.0,0.0,0.0,0.0,0.0,0.0,0.0,0.0
2018-10-14,69,0,0,0,0,0.0,0.0,0.0,0.0,0.0,0.0,0.0,0.0
2018-10-15,92,0,0,0,0,0.0,0.0,0.0,0.0,0.0,0.0,0.0,0.0
2018-10-16,118,0,0,0,0,0.0,0.0,0.0,0.0,0.0,0.0,0.0,0.0
2018-10-17,133,0,0,0,0,0.0,0.0,0.0,0.0,0.0,0.0,0.0,0.0
2018-10-18,129,1,0,0,1,0.007751937984496124,7.751937984496124,0.0,0.0,0.0,0.0,0.007751937984496124,7.751937984496124
2018-10-19,124,1,0,1,0,0.008064516129032258,8.064516129032258,0.0,0.0,0.008064516129032258,8.064516129032258,0.0,0.0
2018-10-20,77,0,0,0,0,0.0,0.0,0.0,0.0,0.0,0.0,0.0,0.0
2018-10-21,85,0,0,0,0,0.0,0.0,0.0,0.0,0.0,0.0,0.0,0.0
2018-10-22,109,0,0,0,0,0.0,0.0,0.0,0.0,0.0,0.0,0.0,0.0
2018-10-23,109,0,0,0,0,0.0,0.0,0.0,0.0,0.0,0.0,0.0,0.0
2018-10-24,115,0,0,0,0,0.0,0.0,0.0,0.0,0.0,0.0,0.0,0.0
2018-10-25,130,0,0,0,0,0.0,0.0,0.0,0.0,0.0,0.0,0.0,0.0
2018-10-26,115,0,0,0,0,0.0,0.0,0.0,0.0,0.0,0.0,0.0,0.0
2018-10-27,68,0,0,0,0,0.0,0.0,0.0,0.0,0.0,0.0,0.0,0.0
2018-10-28,85,0,0,0,0,0.0,0.0,0.0,0.0,0.0,0.0,0.0,0.0
2018-10-29,111,1,1,0,0,0.009009009009009009,9.00900900900901,0.009009009009009009,9.00900900900901,0.0,0.0,0.0,0.0
2018-10-30,122,0,0,0,0,0.0,0.0,0.0,0.0,0.0,0.0,0.0,0.0
2018-10-31,128,0,0,0,0,0.0,0.0,0.0,0.0,0.0,0.0,0.0,0.0
2018-11-01,140,0,0,0,0,0.0,0.0,0.0,0.0,0.0,0.0,0.0,0.0
2018-11-02,129,0,0,0,0,0.0,0.0,0.0,0.0,0.0,0.0,0.0,0.0
2018-11-03,63,0,0,0,0,0.0,0.0,0.0,0.0,0.0,0.0,0.0,0.0
2018-11-04,67,0,0,0,0,0.0,0.0,0.0,0.0,0.0,0.0,0.0,0.0
2018-11-05,115,2,0,1,1,0.017391304347826087,17.391304347826086,0.0,0.0,0.008695652173913044,8.695652173913043,0.008695652173913044,8.695652173913043
2018-11-06,122,0,0,0,0,0.0,0.0,0.0,0.0,0.0,0.0,0.0,0.0
2018-11-07,130,0,0,0,0,0.0,0.0,0.0,0.0,0.0,0.0,0.0,0.0
2018-11-08,137,0,0,0,0,0.0,0.0,0.0,0.0,0.0,0.0,0.0,0.0
2018-11-09,148,0,0,0,0,0.0,0.0,0.0,0.0,0.0,0.0,0.0,0.0
2018-11-10,59,0,0,0,0,0.0,0.0,0.0,0.0,0.0,0.0,0.0,0.0
2018-11-11,78,0,0,0,0,0.0,0.0,0.0,0.0,0.0,0.0,0.0,0.0
2018-11-12,106,0,0,0,0,0.0,0.0,0.0,0.0,0.0,0.0,0.0,0.0
2018-11-13,112,1,0,0,1,0.008928571428571428,8.928571428571429,0.0,0.0,0.0,0.0,0.008928571428571428,8.928571428571429
2018-11-14,143,1,1,0,0,0.006993006993006993,6.993006993006993,0.006993006993006993,6.993006993006993,0.0,0.0,0.0,0.0
2018-11-15,143,0,0,0,0,0.0,0.0,0.0,0.0,0.0,0.0,0.0,0.0
2018-11-16,126,0,0,0,0,0.0,0.0,0.0,0.0,0.0,0.0,0.0,0.0
2018-11-17,69,0,0,0,0,0.0,0.0,0.0,0.0,0.0,0.0,0.0,0.0
2018-11-18,81,1,0,0,1,0.012345679012345678,12.345679012345679,0.0,0.0,0.0,0.0,0.012345679012345678,12.345679012345679
2018-11-19,96,0,0,0,0,0.0,0.0,0.0,0.0,0.0,0.0,0.0,0.0
2018-11-20,127,0,0,0,0,0.0,0.0,0.0,0.0,0.0,0.0,0.0,0.0
2018-11-21,129,4,3,0,1,0.031007751937984496,31.007751937984494,0.023255813953488372,23.25581395348837,0.0,0.0,0.007751937984496124,7.751937984496124
2018-11-22,140,0,0,0,0,0.0,0.0,0.0,0.0,0.0,0.0,0.0,0.0
2018-11-23,141,0,0,0,0,0.0,0.0,0.0,0.0,0.0,0.0,0.0,0.0
2018-11-24,68,0,0,0,0,0.0,0.0,0.0,0.0,0.0,0.0,0.0,0.0
2018-11-25,71,0,0,0,0,0.0,0.0,0.0,0.0,0.0,0.0,0.0,0.0
2018-11-26,118,0,0,0,0,0.0,0.0,0.0,0.0,0.0,0.0,0.0,0.0
2018-11-27,119,0,0,0,0,0.0,0.0,0.0,0.0,0.0,0.0,0.0,0.0
2018-11-28,126,0,0,0,0,0.0,0.0,0.0,0.0,0.0,0.0,0.0,0.0
2018-11-29,129,0,0,0,0,0.0,0.0,0.0,0.0,0.0,0.0,0.0,0.0
2018-11-30,131,0,0,0,0,0.0,0.0,0.0,0.0,0.0,0.0,0.0,0.0
2018-12-01,71,0,0,0,0,0.0,0.0,0.0,0.0,0.0,0.0,0.0,0.0
2018-12-02,59,0,0,0,0,0.0,0.0,0.0,0.0,0.0,0.0,0.0,0.0
2018-12-03,119,0,0,0,0,0.0,0.0,0.0,0.0,0.0,0.0,0.0,0.0
2018-12-04,129,1,0,0,1,0.007751937984496124,7.751937984496124,0.0,0.0,0.0,0.0,0.007751937984496124,7.751937984496124
2018-12-05,129,0,0,0,0,0.0,0.0,0.0,0.0,0.0,0.0,0.0,0.0
2018-12-06,134,0,0,0,0,0.0,0.0,0.0,0.0,0.0,0.0,0.0,0.0
2018-12-07,119,0,0,0,0,0.0,0.0,0.0,0.0,0.0,0.0,0.0,0.0
2018-12-08,65,0,0,0,0,0.0,0.0,0.0,0.0,0.0,0.0,0.0,0.0
2018-12-09,66,0,0,0,0,0.0,0.0,0.0,0.0,0.0,0.0,0.0,0.0
2018-12-10,106,0,0,0,0,0.0,0.0,0.0,0.0,0.0,0.0,0.0,0.0
2018-12-11,123,1,0,1,0,0.008130081300813009,8.130081300813009,0.0,0.0,0.008130081300813009,8.130081300813009,0.0,0.0
2018-12-12,120,0,0,0,0,0.0,0.0,0.0,0.0,0.0,0.0,0.0,0.0
2018-12-13,112,0,0,0,0,0.0,0.0,0.0,0.0,0.0,0.0,0.0,0.0
2018-12-14,113,0,0,0,0,0.0,0.0,0.0,0.0,0.0,0.0,0.0,0.0
2018-12-15,61,1,0,1,0,0.01639344262295082,16.393442622950822,0.0,0.0,0.01639344262295082,16.393442622950822,0.0,0.0
2018-12-16,63,0,0,0,0,0.0,0.0,0.0,0.0,0.0,0.0,0.0,0.0
2018-12-17,103,0,0,0,0,0.0,0.0,0.0,0.0,0.0,0.0,0.0,0.0
2018-12-18,114,0,0,0,0,0.0,0.0,0.0,0.0,0.0,0.0,0.0,0.0
2018-12-19,118,1,1,0,0,0.00847457627118644,8.474576271186441,0.00847457627118644,8.474576271186441,0.0,0.0,0.0,0.0
2018-12-20,119,1,0,0,1,0.008403361344537815,8.403361344537815,0.0,0.0,0.0,0.0,0.008403361344537815,8.403361344537815
2018-12-21,98,0,0,0,0,0.0,0.0,0.0,0.0,0.0,0.0,0.0,0.0
2018-12-22,73,0,0,0,0,0.0,0.0,0.0,0.0,0.0,0.0,0.0,0.0
2018-12-23,47,0,0,0,0,0.0,0.0,0.0,0.0,0.0,0.0,0.0,0.0
2018-12-24,59,0,0,0,0,0.0,0.0,0.0,0.0,0.0,0.0,0.0,0.0
2018-12-25,36,0,0,0,0,0.0,0.0,0.0,0.0,0.0,0.0,0.0,0.0
2018-12-26,58,0,0,0,0,0.0,0.0,0.0,0.0,0.0,0.0,0.0,0.0
2018-12-27,61,0,0,0,0,0.0,0.0,0.0,0.0,0.0,0.0,0.0,0.0
2018-12-28,73,0,0,0,0,0.0,0.0,0.0,0.0,0.0,0.0,0.0,0.0
2018-12-29,51,0,0,0,0,0.0,0.0,0.0,0.0,0.0,0.0,0.0,0.0
2018-12-30,51,0,0,0,0,0.0,0.0,0.0,0.0,0.0,0.0,0.0,0.0
2018-12-31,52,0,0,0,0,0.0,0.0,0.0,0.0,0.0,0.0,0.0,0.0
2019-01-01,61,0,0,0,0,0.0,0.0,0.0,0.0,0.0,0.0,0.0,0.0
2019-01-02,67,0,0,0,0,0.0,0.0,0.0,0.0,0.0,0.0,0.0,0.0
2019-01-03,73,0,0,0,0,0.0,0.0,0.0,0.0,0.0,0.0,0.0,0.0
2019-01-04,79,0,0,0,0,0.0,0.0,0.0,0.0,0.0,0.0,0.0,0.0
2019-01-05,63,0,0,0,0,0.0,0.0,0.0,0.0,0.0,0.0,0.0,0.0
2019-01-06,44,0,0,0,0,0.0,0.0,0.0,0.0,0.0,0.0,0.0,0.0
2019-01-07,67,0,0,0,0,0.0,0.0,0.0,0.0,0.0,0.0,0.0,0.0
2019-01-08,89,0,0,0,0,0.0,0.0,0.0,0.0,0.0,0.0,0.0,0.0
2019-01-09,94,0,0,0,0,0.0,0.0,0.0,0.0,0.0,0.0,0.0,0.0
2019-01-10,89,0,0,0,0,0.0,0.0,0.0,0.0,0.0,0.0,0.0,0.0
2019-01-11,92,1,0,0,1,0.010869565217391304,10.869565217391305,0.0,0.0,0.0,0.0,0.010869565217391304,10.869565217391305
2019-01-12,64,0,0,0,0,0.0,0.0,0.0,0.0,0.0,0.0,0.0,0.0
2019-01-13,48,0,0,0,0,0.0,0.0,0.0,0.0,0.0,0.0,0.0,0.0
2019-01-14,88,0,0,0,0,0.0,0.0,0.0,0.0,0.0,0.0,0.0,0.0
2019-01-15,109,1,0,0,1,0.009174311926605505,9.174311926605505,0.0,0.0,0.0,0.0,0.009174311926605505,9.174311926605505
2019-01-16,108,0,0,0,0,0.0,0.0,0.0,0.0,0.0,0.0,0.0,0.0
2019-01-17,102,0,0,0,0,0.0,0.0,0.0,0.0,0.0,0.0,0.0,0.0
2019-01-18,100,0,0,0,0,0.0,0.0,0.0,0.0,0.0,0.0,0.0,0.0
2019-01-19,68,0,0,0,0,0.0,0.0,0.0,0.0,0.0,0.0,0.0,0.0
2019-01-20,61,0,0,0,0,0.0,0.0,0.0,0.0,0.0,0.0,0.0,0.0
2019-01-21,97,0,0,0,0,0.0,0.0,0.0,0.0,0.0,0.0,0.0,0.0
2019-01-22,107,1,0,0,1,0.009345794392523364,9.345794392523365,0.0,0.0,0.0,0.0,0.009345794392523364,9.345794392523365
2019-01-23,112,1,0,1,0,0.008928571428571428,8.928571428571429,0.0,0.0,0.008928571428571428,8.928571428571429,0.0,0.0
2019-01-24,116,0,0,0,0,0.0,0.0,0.0,0.0,0.0,0.0,0.0,0.0
2019-01-25,105,0,0,0,0,0.0,0.0,0.0,0.0,0.0,0.0,0.0,0.0
2019-01-26,61,0,0,0,0,0.0,0.0,0.0,0.0,0.0,0.0,0.0,0.0
2019-01-27,51,0,0,0,0,0.0,0.0,0.0,0.0,0.0,0.0,0.0,0.0
2019-01-28,56,0,0,0,0,0.0,0.0,0.0,0.0,0.0,0.0,0.0,0.0
2019-01-29,107,0,0,0,0,0.0,0.0,0.0,0.0,0.0,0.0,0.0,0.0
2019-01-30,110,0,0,0,0,0.0,0.0,0.0,0.0,0.0,0.0,0.0,0.0
2019-01-31,119,0,0,0,0,0.0,0.0,0.0,0.0,0.0,0.0,0.0,0.0
2019-02-01,122,0,0,0,0,0.0,0.0,0.0,0.0,0.0,0.0,0.0,0.0
2019-02-02,72,0,0,0,0,0.0,0.0,0.0,0.0,0.0,0.0,0.0,0.0
2019-02-03,70,0,0,0,0,0.0,0.0,0.0,0.0,0.0,0.0,0.0,0.0
2019-02-04,98,0,0,0,0,0.0,0.0,0.0,0.0,0.0,0.0,0.0,0.0
2019-02-05,109,0,0,0,0,0.0,0.0,0.0,0.0,0.0,0.0,0.0,0.0
2019-02-06,108,0,0,0,0,0.0,0.0,0.0,0.0,0.0,0.0,0.0,0.0
2019-02-07,130,0,0,0,0,0.0,0.0,0.0,0.0,0.0,0.0,0.0,0.0
2019-02-08,118,0,0,0,0,0.0,0.0,0.0,0.0,0.0,0.0,0.0,0.0
2019-02-09,60,0,0,0,0,0.0,0.0,0.0,0.0,0.0,0.0,0.0,0.0
2019-02-10,61,0,0,0,0,0.0,0.0,0.0,0.0,0.0,0.0,0.0,0.0
2019-02-11,111,0,0,0,0,0.0,0.0,0.0,0.0,0.0,0.0,0.0,0.0
2019-02-12,101,0,0,0,0,0.0,0.0,0.0,0.0,0.0,0.0,0.0,0.0
2019-02-13,120,0,0,0,0,0.0,0.0,0.0,0.0,0.0,0.0,0.0,0.0
2019-02-14,140,0,0,0,0,0.0,0.0,0.0,0.0,0.0,0.0,0.0,0.0
2019-02-15,125,0,0,0,0,0.0,0.0,0.0,0.0,0.0,0.0,0.0,0.0
2019-02-16,70,0,0,0,0,0.0,0.0,0.0,0.0,0.0,0.0,0.0,0.0
2019-02-17,60,0,0,0,0,0.0,0.0,0.0,0.0,0.0,0.0,0.0,0.0
2019-02-18,93,0,0,0,0,0.0,0.0,0.0,0.0,0.0,0.0,0.0,0.0
2019-02-19,120,0,0,0,0,0.0,0.0,0.0,0.0,0.0,0.0,0.0,0.0
2019-02-20,121,0,0,0,0,0.0,0.0,0.0,0.0,0.0,0.0,0.0,0.0
2019-02-21,121,0,0,0,0,0.0,0.0,0.0,0.0,0.0,0.0,0.0,0.0
2019-02-22,121,0,0,0,0,0.0,0.0,0.0,0.0,0.0,0.0,0.0,0.0
2019-02-23,69,0,0,0,0,0.0,0.0,0.0,0.0,0.0,0.0,0.0,0.0
2019-02-24,68,0,0,0,0,0.0,0.0,0.0,0.0,0.0,0.0,0.0,0.0
2019-02-25,102,0,0,0,0,0.0,0.0,0.0,0.0,0.0,0.0,0.0,0.0
2019-02-26,119,0,0,0,0,0.0,0.0,0.0,0.0,0.0,0.0,0.0,0.0
2019-02-27,108,0,0,0,0,0.0,0.0,0.0,0.0,0.0,0.0,0.0,0.0
2019-02-28,121,0,0,0,0,0.0,0.0,0.0,0.0,0.0,0.0,0.0,0.0
2019-03-01,108,0,0,0,0,0.0,0.0,0.0,0.0,0.0,0.0,0.0,0.0
2019-03-02,80,0,0,0,0,0.0,0.0,0.0,0.0,0.0,0.0,0.0,0.0
2019-03-03,70,0,0,0,0,0.0,0.0,0.0,0.0,0.0,0.0,0.0,0.0
2019-03-04,96,0,0,0,0,0.0,0.0,0.0,0.0,0.0,0.0,0.0,0.0
2019-03-05,110,0,0,0,0,0.0,0.0,0.0,0.0,0.0,0.0,0.0,0.0
2019-03-06,107,0,0,0,0,0.0,0.0,0.0,0.0,0.0,0.0,0.0,0.0
2019-03-07,102,0,0,0,0,0.0,0.0,0.0,0.0,0.0,0.0,0.0,0.0
2019-03-08,115,0,0,0,0,0.0,0.0,0.0,0.0,0.0,0.0,0.0,0.0
2019-03-09,68,0,0,0,0,0.0,0.0,0.0,0.0,0.0,0.0,0.0,0.0
2019-03-10,59,0,0,0,0,0.0,0.0,0.0,0.0,0.0,0.0,0.0,0.0
2019-03-11,95,1,0,1,0,0.010526315789473684,10.526315789473683,0.0,0.0,0.010526315789473684,10.526315789473683,0.0,0.0
2019-03-12,98,0,0,0,0,0.0,0.0,0.0,0.0,0.0,0.0,0.0,0.0
2019-03-13,112,0,0,0,0,0.0,0.0,0.0,0.0,0.0,0.0,0.0,0.0
2019-03-14,117,0,0,0,0,0.0,0.0,0.0,0.0,0.0,0.0,0.0,0.0
2019-03-15,114,0,0,0,0,0.0,0.0,0.0,0.0,0.0,0.0,0.0,0.0
2019-03-16,67,0,0,0,0,0.0,0.0,0.0,0.0,0.0,0.0,0.0,0.0
2019-03-17,72,0,0,0,0,0.0,0.0,0.0,0.0,0.0,0.0,0.0,0.0
2019-03-18,110,0,0,0,0,0.0,0.0,0.0,0.0,0.0,0.0,0.0,0.0
2019-03-19,111,0,0,0,0,0.0,0.0,0.0,0.0,0.0,0.0,0.0,0.0
2019-03-20,119,0,0,0,0,0.0,0.0,0.0,0.0,0.0,0.0,0.0,0.0
2019-03-21,112,0,0,0,0,0.0,0.0,0.0,0.0,0.0,0.0,0.0,0.0
2019-03-22,111,0,0,0,0,0.0,0.0,0.0,0.0,0.0,0.0,0.0,0.0
2019-03-23,72,0,0,0,0,0.0,0.0,0.0,0.0,0.0,0.0,0.0,0.0
2019-03-24,77,0,0,0,0,0.0,0.0,0.0,0.0,0.0,0.0,0.0,0.0
2019-03-25,102,0,0,0,0,0.0,0.0,0.0,0.0,0.0,0.0,0.0,0.0
2019-03-26,115,0,0,0,0,0.0,0.0,0.0,0.0,0.0,0.0,0.0,0.0
2019-03-27,117,0,0,0,0,0.0,0.0,0.0,0.0,0.0,0.0,0.0,0.0
2019-03-28,120,0,0,0,0,0.0,0.0,0.0,0.0,0.0,0.0,0.0,0.0
2019-03-29,118,0,0,0,0,0.0,0.0,0.0,0.0,0.0,0.0,0.0,0.0
2019-03-30,68,0,0,0,0,0.0,0.0,0.0,0.0,0.0,0.0,0.0,0.0
2019-03-31,63,0,0,0,0,0.0,0.0,0.0,0.0,0.0,0.0,0.0,0.0
2019-04-01,96,1,0,1,0,0.010416666666666666,10.416666666666666,0.0,0.0,0.010416666666666666,10.416666666666666,0.0,0.0
2019-04-02,120,0,0,0,0,0.0,0.0,0.0,0.0,0.0,0.0,0.0,0.0
2019-04-03,96,0,0,0,0,0.0,0.0,0.0,0.0,0.0,0.0,0.0,0.0
2019-04-04,101,0,0,0,0,0.0,0.0,0.0,0.0,0.0,0.0,0.0,0.0
2019-04-05,115,0,0,0,0,0.0,0.0,0.0,0.0,0.0,0.0,0.0,0.0
2019-04-06,68,0,0,0,0,0.0,0.0,0.0,0.0,0.0,0.0,0.0,0.0
2019-04-07,66,0,0,0,0,0.0,0.0,0.0,0.0,0.0,0.0,0.0,0.0
2019-04-08,99,0,0,0,0,0.0,0.0,0.0,0.0,0.0,0.0,0.0,0.0
2019-04-09,103,0,0,0,0,0.0,0.0,0.0,0.0,0.0,0.0,0.0,0.0
2019-04-10,132,0,0,0,0,0.0,0.0,0.0,0.0,0.0,0.0,0.0,0.0
2019-04-11,124,0,0,0,0,0.0,0.0,0.0,0.0,0.0,0.0,0.0,0.0
2019-04-12,121,0,0,0,0,0.0,0.0,0.0,0.0,0.0,0.0,0.0,0.0
2019-04-13,73,0,0,0,0,0.0,0.0,0.0,0.0,0.0,0.0,0.0,0.0
2019-04-14,66,0,0,0,0,0.0,0.0,0.0,0.0,0.0,0.0,0.0,0.0
2019-04-15,98,0,0,0,0,0.0,0.0,0.0,0.0,0.0,0.0,0.0,0.0
2019-04-16,102,0,0,0,0,0.0,0.0,0.0,0.0,0.0,0.0,0.0,0.0
2019-04-17,115,0,0,0,0,0.0,0.0,0.0,0.0,0.0,0.0,0.0,0.0
2019-04-18,124,1,0,0,1,0.008064516129032258,8.064516129032258,0.0,0.0,0.0,0.0,0.008064516129032258,8.064516129032258
2019-04-19,61,0,0,0,0,0.0,0.0,0.0,0.0,0.0,0.0,0.0,0.0
2019-04-20,57,0,0,0,0,0.0,0.0,0.0,0.0,0.0,0.0,0.0,0.0
2019-04-21,57,0,0,0,0,0.0,0.0,0.0,0.0,0.0,0.0,0.0,0.0
2019-04-22,78,0,0,0,0,0.0,0.0,0.0,0.0,0.0,0.0,0.0,0.0
2019-04-23,85,1,1,1,0,0.011764705882352941,11.76470588235294,0.011764705882352941,11.76470588235294,0.011764705882352941,11.76470588235294,0.0,0.0
2019-04-24,118,0,0,0,0,0.0,0.0,0.0,0.0,0.0,0.0,0.0,0.0
2019-04-25,77,0,0,0,0,0.0,0.0,0.0,0.0,0.0,0.0,0.0,0.0
2019-04-26,94,0,0,0,0,0.0,0.0,0.0,0.0,0.0,0.0,0.0,0.0
2019-04-27,57,0,0,0,0,0.0,0.0,0.0,0.0,0.0,0.0,0.0,0.0
2019-04-28,69,0,0,0,0,0.0,0.0,0.0,0.0,0.0,0.0,0.0,0.0
2019-04-29,105,0,0,0,0,0.0,0.0,0.0,0.0,0.0,0.0,0.0,0.0
2019-04-30,96,0,0,0,0,0.0,0.0,0.0,0.0,0.0,0.0,0.0,0.0
2019-05-01,118,0,0,0,0,0.0,0.0,0.0,0.0,0.0,0.0,0.0,0.0
2019-05-02,119,0,0,0,0,0.0,0.0,0.0,0.0,0.0,0.0,0.0,0.0
2019-05-03,134,0,0,0,0,0.0,0.0,0.0,0.0,0.0,0.0,0.0,0.0
2019-05-04,55,0,0,0,0,0.0,0.0,0.0,0.0,0.0,0.0,0.0,0.0
2019-05-05,72,0,0,0,0,0.0,0.0,0.0,0.0,0.0,0.0,0.0,0.0
2019-05-06,104,0,0,0,0,0.0,0.0,0.0,0.0,0.0,0.0,0.0,0.0
2019-05-07,113,0,0,0,0,0.0,0.0,0.0,0.0,0.0,0.0,0.0,0.0
2019-05-08,117,0,0,0,0,0.0,0.0,0.0,0.0,0.0,0.0,0.0,0.0
2019-05-09,130,0,0,0,0,0.0,0.0,0.0,0.0,0.0,0.0,0.0,0.0
2019-05-10,114,0,0,0,0,0.0,0.0,0.0,0.0,0.0,0.0,0.0,0.0
2019-05-11,54,0,0,0,0,0.0,0.0,0.0,0.0,0.0,0.0,0.0,0.0
2019-05-12,78,0,0,0,0,0.0,0.0,0.0,0.0,0.0,0.0,0.0,0.0
2019-05-13,104,1,0,1,0,0.009615384615384616,9.615384615384617,0.0,0.0,0.009615384615384616,9.615384615384617,0.0,0.0
2019-05-14,102,0,0,0,0,0.0,0.0,0.0,0.0,0.0,0.0,0.0,0.0
2019-05-15,137,0,0,0,0,0.0,0.0,0.0,0.0,0.0,0.0,0.0,0.0
2019-05-16,133,0,0,0,0,0.0,0.0,0.0,0.0,0.0,0.0,0.0,0.0
2019-05-17,123,0,0,0,0,0.0,0.0,0.0,0.0,0.0,0.0,0.0,0.0
2019-05-18,71,0,0,0,0,0.0,0.0,0.0,0.0,0.0,0.0,0.0,0.0
2019-05-19,69,0,0,0,0,0.0,0.0,0.0,0.0,0.0,0.0,0.0,0.0
2019-05-20,100,0,0,0,0,0.0,0.0,0.0,0.0,0.0,0.0,0.0,0.0
2019-05-21,110,0,0,0,0,0.0,0.0,0.0,0.0,0.0,0.0,0.0,0.0
2019-05-22,112,0,0,0,0,0.0,0.0,0.0,0.0,0.0,0.0,0.0,0.0
2019-05-23,112,0,0,0,0,0.0,0.0,0.0,0.0,0.0,0.0,0.0,0.0
2019-05-24,105,0,0,0,0,0.0,0.0,0.0,0.0,0.0,0.0,0.0,0.0
2019-05-25,81,0,0,0,0,0.0,0.0,0.0,0.0,0.0,0.0,0.0,0.0
2019-05-26,83,0,0,0,0,0.0,0.0,0.0,0.0,0.0,0.0,0.0,0.0
2019-05-27,93,0,0,0,0,0.0,0.0,0.0,0.0,0.0,0.0,0.0,0.0
2019-05-28,94,0,0,0,0,0.0,0.0,0.0,0.0,0.0,0.0,0.0,0.0
2019-05-29,120,0,0,0,0,0.0,0.0,0.0,0.0,0.0,0.0,0.0,0.0
2019-05-30,101,0,0,0,0,0.0,0.0,0.0,0.0,0.0,0.0,0.0,0.0
2019-05-31,107,0,0,0,0,0.0,0.0,0.0,0.0,0.0,0.0,0.0,0.0
2019-06-01,67,0,0,0,0,0.0,0.0,0.0,0.0,0.0,0.0,0.0,0.0
2019-06-02,58,0,0,0,0,0.0,0.0,0.0,0.0,0.0,0.0,0.0,0.0
2019-06-03,82,0,0,0,0,0.0,0.0,0.0,0.0,0.0,0.0,0.0,0.0
2019-06-04,114,0,0,0,0,0.0,0.0,0.0,0.0,0.0,0.0,0.0,0.0
2019-06-05,120,0,0,0,0,0.0,0.0,0.0,0.0,0.0,0.0,0.0,0.0
2019-06-06,108,0,0,0,0,0.0,0.0,0.0,0.0,0.0,0.0,0.0,0.0
2019-06-07,110,2,1,1,1,0.01818181818181818,18.18181818181818,0.00909090909090909,9.09090909090909,0.00909090909090909,9.09090909090909,0.00909090909090909,9.09090909090909
2019-06-08,76,0,0,0,0,0.0,0.0,0.0,0.0,0.0,0.0,0.0,0.0
2019-06-09,64,0,0,0,0,0.0,0.0,0.0,0.0,0.0,0.0,0.0,0.0
2019-06-10,80,0,0,0,0,0.0,0.0,0.0,0.0,0.0,0.0,0.0,0.0
2019-06-11,95,1,1,1,0,0.010526315789473684,10.526315789473683,0.010526315789473684,10.526315789473683,0.010526315789473684,10.526315789473683,0.0,0.0
2019-06-12,110,0,0,0,0,0.0,0.0,0.0,0.0,0.0,0.0,0.0,0.0
2019-06-13,114,1,1,0,0,0.008771929824561403,8.771929824561402,0.008771929824561403,8.771929824561402,0.0,0.0,0.0,0.0
2019-06-14,107,3,1,2,0,0.028037383177570093,28.037383177570092,0.009345794392523364,9.345794392523365,0.018691588785046728,18.69158878504673,0.0,0.0
2019-06-15,61,1,0,1,0,0.01639344262295082,16.393442622950822,0.0,0.0,0.01639344262295082,16.393442622950822,0.0,0.0
2019-06-16,61,1,0,1,0,0.01639344262295082,16.393442622950822,0.0,0.0,0.01639344262295082,16.393442622950822,0.0,0.0
2019-06-17,104,0,0,0,0,0.0,0.0,0.0,0.0,0.0,0.0,0.0,0.0
2019-06-18,109,1,0,1,0,0.009174311926605505,9.174311926605505,0.0,0.0,0.009174311926605505,9.174311926605505,0.0,0.0
2019-06-19,97,0,0,0,0,0.0,0.0,0.0,0.0,0.0,0.0,0.0,0.0
2019-06-20,122,0,0,0,0,0.0,0.0,0.0,0.0,0.0,0.0,0.0,0.0
2019-06-21,95,0,0,0,0,0.0,0.0,0.0,0.0,0.0,0.0,0.0,0.0
2019-06-22,74,0,0,0,0,0.0,0.0,0.0,0.0,0.0,0.0,0.0,0.0
2019-06-23,69,0,0,0,0,0.0,0.0,0.0,0.0,0.0,0.0,0.0,0.0
2019-06-24,90,0,0,0,0,0.0,0.0,0.0,0.0,0.0,0.0,0.0,0.0
2019-06-25,89,0,0,0,0,0.0,0.0,0.0,0.0,0.0,0.0,0.0,0.0
2019-06-26,111,1,0,1,0,0.009009009009009009,9.00900900900901,0.0,0.0,0.009009009009009009,9.00900900900901,0.0,0.0
2019-06-27,112,0,0,0,0,0.0,0.0,0.0,0.0,0.0,0.0,0.0,0.0
2019-06-28,108,0,0,0,0,0.0,0.0,0.0,0.0,0.0,0.0,0.0,0.0
2019-06-29,57,0,0,0,0,0.0,0.0,0.0,0.0,0.0,0.0,0.0,0.0
2019-06-30,63,0,0,0,0,0.0,0.0,0.0,0.0,0.0,0.0,0.0,0.0
2019-07-01,97,0,0,0,0,0.0,0.0,0.0,0.0,0.0,0.0,0.0,0.0
2019-07-02,90,0,0,0,0,0.0,0.0,0.0,0.0,0.0,0.0,0.0,0.0
2019-07-03,102,0,0,0,0,0.0,0.0,0.0,0.0,0.0,0.0,0.0,0.0
2019-07-04,116,0,0,0,0,0.0,0.0,0.0,0.0,0.0,0.0,0.0,0.0
2019-07-05,101,1,0,1,0,0.009900990099009901,9.900990099009901,0.0,0.0,0.009900990099009901,9.900990099009901,0.0,0.0
2019-07-06,71,1,0,1,0,0.014084507042253521,14.084507042253522,0.0,0.0,0.014084507042253521,14.084507042253522,0.0,0.0
2019-07-07,67,0,0,0,0,0.0,0.0,0.0,0.0,0.0,0.0,0.0,0.0
2019-07-08,81,0,0,0,0,0.0,0.0,0.0,0.0,0.0,0.0,0.0,0.0
2019-07-09,94,0,0,0,0,0.0,0.0,0.0,0.0,0.0,0.0,0.0,0.0
2019-07-10,93,0,0,0,0,0.0,0.0,0.0,0.0,0.0,0.0,0.0,0.0
2019-07-11,108,0,0,0,0,0.0,0.0,0.0,0.0,0.0,0.0,0.0,0.0
2019-07-12,102,0,0,0,0,0.0,0.0,0.0,0.0,0.0,0.0,0.0,0.0
2019-07-13,68,0,0,0,0,0.0,0.0,0.0,0.0,0.0,0.0,0.0,0.0
2019-07-14,72,0,0,0,0,0.0,0.0,0.0,0.0,0.0,0.0,0.0,0.0
2019-07-15,99,0,0,0,0,0.0,0.0,0.0,0.0,0.0,0.0,0.0,0.0
2019-07-16,84,0,0,0,0,0.0,0.0,0.0,0.0,0.0,0.0,0.0,0.0
2019-07-17,122,0,0,0,0,0.0,0.0,0.0,0.0,0.0,0.0,0.0,0.0
2019-07-18,104,0,0,0,0,0.0,0.0,0.0,0.0,0.0,0.0,0.0,0.0
2019-07-19,114,1,0,1,0,0.008771929824561403,8.771929824561402,0.0,0.0,0.008771929824561403,8.771929824561402,0.0,0.0
2019-07-20,58,0,0,0,0,0.0,0.0,0.0,0.0,0.0,0.0,0.0,0.0
2019-07-21,58,0,0,0,0,0.0,0.0,0.0,0.0,0.0,0.0,0.0,0.0
2019-07-22,85,0,0,0,0,0.0,0.0,0.0,0.0,0.0,0.0,0.0,0.0
2019-07-23,96,0,0,0,0,0.0,0.0,0.0,0.0,0.0,0.0,0.0,0.0
2019-07-24,126,0,0,0,0,0.0,0.0,0.0,0.0,0.0,0.0,0.0,0.0
2019-07-25,127,0,0,0,0,0.0,0.0,0.0,0.0,0.0,0.0,0.0,0.0
2019-07-26,112,0,0,0,0,0.0,0.0,0.0,0.0,0.0,0.0,0.0,0.0
2019-07-27,72,0,0,0,0,0.0,0.0,0.0,0.0,0.0,0.0,0.0,0.0
2019-07-28,74,0,0,0,0,0.0,0.0,0.0,0.0,0.0,0.0,0.0,0.0
2019-07-29,95,0,0,0,0,0.0,0.0,0.0,0.0,0.0,0.0,0.0,0.0
2019-07-30,105,0,0,0,0,0.0,0.0,0.0,0.0,0.0,0.0,0.0,0.0
2019-07-31,116,0,0,0,0,0.0,0.0,0.0,0.0,0.0,0.0,0.0,0.0
2019-08-01,127,0,0,0,0,0.0,0.0,0.0,0.0,0.0,0.0,0.0,0.0
2019-08-02,115,0,0,0,0,0.0,0.0,0.0,0.0,0.0,0.0,0.0,0.0
2019-08-03,73,0,0,0,0,0.0,0.0,0.0,0.0,0.0,0.0,0.0,0.0
2019-08-04,68,0,0,0,0,0.0,0.0,0.0,0.0,0.0,0.0,0.0,0.0
2019-08-05,80,0,0,0,0,0.0,0.0,0.0,0.0,0.0,0.0,0.0,0.0
2019-08-06,108,0,0,0,0,0.0,0.0,0.0,0.0,0.0,0.0,0.0,0.0
2019-08-07,109,0,0,0,0,0.0,0.0,0.0,0.0,0.0,0.0,0.0,0.0
2019-08-08,117,0,0,0,0,0.0,0.0,0.0,0.0,0.0,0.0,0.0,0.0
2019-08-09,94,0,0,0,0,0.0,0.0,0.0,0.0,0.0,0.0,0.0,0.0
2019-08-10,72,0,0,0,0,0.0,0.0,0.0,0.0,0.0,0.0,0.0,0.0
2019-08-11,65,0,0,0,0,0.0,0.0,0.0,0.0,0.0,0.0,0.0,0.0
2019-08-12,90,1,0,1,0,0.011111111111111112,11.11111111111111,0.0,0.0,0.011111111111111112,11.11111111111111,0.0,0.0
2019-08-13,119,0,0,0,0,0.0,0.0,0.0,0.0,0.0,0.0,0.0,0.0
2019-08-14,100,0,0,0,0,0.0,0.0,0.0,0.0,0.0,0.0,0.0,0.0
2019-08-15,117,0,0,0,0,0.0,0.0,0.0,0.0,0.0,0.0,0.0,0.0
2019-08-16,124,0,0,0,0,0.0,0.0,0.0,0.0,0.0,0.0,0.0,0.0
2019-08-17,64,0,0,0,0,0.0,0.0,0.0,0.0,0.0,0.0,0.0,0.0
2019-08-18,69,0,0,0,0,0.0,0.0,0.0,0.0,0.0,0.0,0.0,0.0
2019-08-19,92,1,0,1,0,0.010869565217391304,10.869565217391305,0.0,0.0,0.010869565217391304,10.869565217391305,0.0,0.0
2019-08-20,101,0,0,0,0,0.0,0.0,0.0,0.0,0.0,0.0,0.0,0.0
2019-08-21,106,0,0,0,0,0.0,0.0,0.0,0.0,0.0,0.0,0.0,0.0
2019-08-22,108,1,0,0,1,0.009259259259259259,9.25925925925926,0.0,0.0,0.0,0.0,0.009259259259259259,9.25925925925926
2019-08-23,107,0,0,0,0,0.0,0.0,0.0,0.0,0.0,0.0,0.0,0.0
2019-08-24,67,0,0,0,0,0.0,0.0,0.0,0.0,0.0,0.0,0.0,0.0
2019-08-25,78,0,0,0,0,0.0,0.0,0.0,0.0,0.0,0.0,0.0,0.0
2019-08-26,79,0,0,0,0,0.0,0.0,0.0,0.0,0.0,0.0,0.0,0.0
2019-08-27,100,0,0,0,0,0.0,0.0,0.0,0.0,0.0,0.0,0.0,0.0
2019-08-28,107,0,0,0,0,0.0,0.0,0.0,0.0,0.0,0.0,0.0,0.0
2019-08-29,119,0,0,0,0,0.0,0.0,0.0,0.0,0.0,0.0,0.0,0.0
2019-08-30,108,0,0,0,0,0.0,0.0,0.0,0.0,0.0,0.0,0.0,0.0
2019-08-31,70,0,0,0,0,0.0,0.0,0.0,0.0,0.0,0.0,0.0,0.0
2019-09-01,83,0,0,0,0,0.0,0.0,0.0,0.0,0.0,0.0,0.0,0.0
2019-09-02,91,0,0,0,0,0.0,0.0,0.0,0.0,0.0,0.0,0.0,0.0
2019-09-03,100,0,0,0,0,0.0,0.0,0.0,0.0,0.0,0.0,0.0,0.0
2019-09-04,126,0,0,0,0,0.0,0.0,0.0,0.0,0.0,0.0,0.0,0.0
2019-09-05,112,0,0,0,0,0.0,0.0,0.0,0.0,0.0,0.0,0.0,0.0
2019-09-06,114,0,0,0,0,0.0,0.0,0.0,0.0,0.0,0.0,0.0,0.0
2019-09-07,61,0,0,0,0,0.0,0.0,0.0,0.0,0.0,0.0,0.0,0.0
2019-09-08,65,0,0,0,0,0.0,0.0,0.0,0.0,0.0,0.0,0.0,0.0
2019-09-09,98,0,0,0,0,0.0,0.0,0.0,0.0,0.0,0.0,0.0,0.0
2019-09-10,128,0,0,0,0,0.0,0.0,0.0,0.0,0.0,0.0,0.0,0.0
2019-09-11,102,0,0,0,0,0.0,0.0,0.0,0.0,0.0,0.0,0.0,0.0
2019-09-12,113,0,0,0,0,0.0,0.0,0.0,0.0,0.0,0.0,0.0,0.0
2019-09-13,104,0,0,0,0,0.0,0.0,0.0,0.0,0.0,0.0,0.0,0.0
2019-09-14,67,1,0,1,0,0.014925373134328358,14.925373134328359,0.0,0.0,0.014925373134328358,14.925373134328359,0.0,0.0
2019-09-15,63,1,0,1,0,0.015873015873015872,15.873015873015872,0.0,0.0,0.015873015873015872,15.873015873015872,0.0,0.0
2019-09-16,90,1,1,1,0,0.011111111111111112,11.11111111111111,0.011111111111111112,11.11111111111111,0.011111111111111112,11.11111111111111,0.0,0.0
2019-09-17,99,2,1,1,0,0.020202020202020204,20.202020202020204,0.010101010101010102,10.101010101010102,0.010101010101010102,10.101010101010102,0.0,0.0
2019-09-18,103,3,2,2,0,0.02912621359223301,29.12621359223301,0.019417475728155338,19.41747572815534,0.019417475728155338,19.41747572815534,0.0,0.0
2019-09-19,120,1,0,1,0,0.008333333333333333,8.333333333333334,0.0,0.0,0.008333333333333333,8.333333333333334,0.0,0.0
2019-09-20,112,0,0,0,0,0.0,0.0,0.0,0.0,0.0,0.0,0.0,0.0
2019-09-21,60,0,0,0,0,0.0,0.0,0.0,0.0,0.0,0.0,0.0,0.0
2019-09-22,67,1,0,1,0,0.014925373134328358,14.925373134328359,0.0,0.0,0.014925373134328358,14.925373134328359,0.0,0.0
2019-09-23,92,0,0,0,0,0.0,0.0,0.0,0.0,0.0,0.0,0.0,0.0
2019-09-24,124,0,0,0,0,0.0,0.0,0.0,0.0,0.0,0.0,0.0,0.0
2019-09-25,99,0,0,0,0,0.0,0.0,0.0,0.0,0.0,0.0,0.0,0.0
2019-09-26,107,0,0,0,0,0.0,0.0,0.0,0.0,0.0,0.0,0.0,0.0
2019-09-27,105,1,0,0,1,0.009523809523809525,9.523809523809526,0.0,0.0,0.0,0.0,0.009523809523809525,9.523809523809526
2019-09-28,65,0,0,0,0,0.0,0.0,0.0,0.0,0.0,0.0,0.0,0.0
2019-09-29,62,0,0,0,0,0.0,0.0,0.0,0.0,0.0,0.0,0.0,0.0
2019-09-30,96,1,1,1,0,0.010416666666666666,10.416666666666666,0.010416666666666666,10.416666666666666,0.010416666666666666,10.416666666666666,0.0,0.0
2019-10-01,109,0,0,0,0,0.0,0.0,0.0,0.0,0.0,0.0,0.0,0.0
2019-10-02,119,0,0,0,0,0.0,0.0,0.0,0.0,0.0,0.0,0.0,0.0
2019-10-03,100,0,0,0,0,0.0,0.0,0.0,0.0,0.0,0.0,0.0,0.0
2019-10-04,98,1,0,0,1,0.01020408163265306,10.204081632653061,0.0,0.0,0.0,0.0,0.01020408163265306,10.204081632653061
2019-10-05,63,0,0,0,0,0.0,0.0,0.0,0.0,0.0,0.0,0.0,0.0
2019-10-06,54,0,0,0,0,0.0,0.0,0.0,0.0,0.0,0.0,0.0,0.0
2019-10-07,77,0,0,0,0,0.0,0.0,0.0,0.0,0.0,0.0,0.0,0.0
2019-10-08,96,0,0,0,0,0.0,0.0,0.0,0.0,0.0,0.0,0.0,0.0
2019-10-09,96,0,0,0,0,0.0,0.0,0.0,0.0,0.0,0.0,0.0,0.0
2019-10-10,105,0,0,0,0,0.0,0.0,0.0,0.0,0.0,0.0,0.0,0.0
2019-10-11,120,0,0,0,0,0.0,0.0,0.0,0.0,0.0,0.0,0.0,0.0
2019-10-12,64,0,0,0,0,0.0,0.0,0.0,0.0,0.0,0.0,0.0,0.0
2019-10-13,56,0,0,0,0,0.0,0.0,0.0,0.0,0.0,0.0,0.0,0.0
2019-10-14,100,0,0,0,0,0.0,0.0,0.0,0.0,0.0,0.0,0.0,0.0
2019-10-15,115,0,0,0,0,0.0,0.0,0.0,0.0,0.0,0.0,0.0,0.0
2019-10-16,96,0,0,0,0,0.0,0.0,0.0,0.0,0.0,0.0,0.0,0.0
2019-10-17,127,0,0,0,0,0.0,0.0,0.0,0.0,0.0,0.0,0.0,0.0
2019-10-18,104,0,0,0,0,0.0,0.0,0.0,0.0,0.0,0.0,0.0,0.0
2019-10-19,83,0,0,0,0,0.0,0.0,0.0,0.0,0.0,0.0,0.0,0.0
2019-10-20,78,0,0,0,0,0.0,0.0,0.0,0.0,0.0,0.0,0.0,0.0
2019-10-21,91,0,0,0,0,0.0,0.0,0.0,0.0,0.0,0.0,0.0,0.0
2019-10-22,118,0,0,0,0,0.0,0.0,0.0,0.0,0.0,0.0,0.0,0.0
2019-10-23,125,0,0,0,0,0.0,0.0,0.0,0.0,0.0,0.0,0.0,0.0
2019-10-24,120,0,0,0,0,0.0,0.0,0.0,0.0,0.0,0.0,0.0,0.0
2019-10-25,107,1,0,1,0,0.009345794392523364,9.345794392523365,0.0,0.0,0.009345794392523364,9.345794392523365,0.0,0.0
2019-10-26,77,0,0,0,0,0.0,0.0,0.0,0.0,0.0,0.0,0.0,0.0
2019-10-27,74,0,0,0,0,0.0,0.0,0.0,0.0,0.0,0.0,0.0,0.0
2019-10-28,94,0,0,0,0,0.0,0.0,0.0,0.0,0.0,0.0,0.0,0.0
2019-10-29,117,0,0,0,0,0.0,0.0,0.0,0.0,0.0,0.0,0.0,0.0
2019-10-30,128,0,0,0,0,0.0,0.0,0.0,0.0,0.0,0.0,0.0,0.0
2019-10-31,105,0,0,0,0,0.0,0.0,0.0,0.0,0.0,0.0,0.0,0.0
2019-11-01,115,0,0,0,0,0.0,0.0,0.0,0.0,0.0,0.0,0.0,0.0
2019-11-02,66,0,0,0,0,0.0,0.0,0.0,0.0,0.0,0.0,0.0,0.0
2019-11-03,63,0,0,0,0,0.0,0.0,0.0,0.0,0.0,0.0,0.0,0.0
2019-11-04,90,1,0,1,0,0.011111111111111112,11.11111111111111,0.0,0.0,0.011111111111111112,11.11111111111111,0.0,0.0
2019-11-05,108,0,0,0,0,0.0,0.0,0.0,0.0,0.0,0.0,0.0,0.0
2019-11-06,108,0,0,0,0,0.0,0.0,0.0,0.0,0.0,0.0,0.0,0.0
2019-11-07,114,0,0,0,0,0.0,0.0,0.0,0.0,0.0,0.0,0.0,0.0
2019-11-08,114,0,0,0,0,0.0,0.0,0.0,0.0,0.0,0.0,0.0,0.0
2019-11-09,63,0,0,0,0,0.0,0.0,0.0,0.0,0.0,0.0,0.0,0.0
2019-11-10,77,0,0,0,0,0.0,0.0,0.0,0.0,0.0,0.0,0.0,0.0
2019-11-11,101,1,0,1,0,0.009900990099009901,9.900990099009901,0.0,0.0,0.009900990099009901,9.900990099009901,0.0,0.0
2019-11-12,103,0,0,0,0,0.0,0.0,0.0,0.0,0.0,0.0,0.0,0.0
2019-11-13,93,0,0,0,0,0.0,0.0,0.0,0.0,0.0,0.0,0.0,0.0
2019-11-14,106,0,0,0,0,0.0,0.0,0.0,0.0,0.0,0.0,0.0,0.0
2019-11-15,110,0,0,0,0,0.0,0.0,0.0,0.0,0.0,0.0,0.0,0.0
2019-11-16,63,0,0,0,0,0.0,0.0,0.0,0.0,0.0,0.0,0.0,0.0
2019-11-17,63,2,0,0,2,0.031746031746031744,31.746031746031743,0.0,0.0,0.0,0.0,0.031746031746031744,31.746031746031743
2019-11-18,87,0,0,0,0,0.0,0.0,0.0,0.0,0.0,0.0,0.0,0.0
2019-11-19,107,0,0,0,0,0.0,0.0,0.0,0.0,0.0,0.0,0.0,0.0
2019-11-20,100,1,0,0,1,0.01,10.0,0.0,0.0,0.0,0.0,0.01,10.0
2019-11-21,103,0,0,0,0,0.0,0.0,0.0,0.0,0.0,0.0,0.0,0.0
2019-11-22,105,0,0,0,0,0.0,0.0,0.0,0.0,0.0,0.0,0.0,0.0
2019-11-23,63,0,0,0,0,0.0,0.0,0.0,0.0,0.0,0.0,0.0,0.0
2019-11-24,67,0,0,0,0,0.0,0.0,0.0,0.0,0.0,0.0,0.0,0.0
2019-11-25,88,0,0,0,0,0.0,0.0,0.0,0.0,0.0,0.0,0.0,0.0
2019-11-26,128,0,0,0,0,0.0,0.0,0.0,0.0,0.0,0.0,0.0,0.0
2019-11-27,90,0,0,0,0,0.0,0.0,0.0,0.0,0.0,0.0,0.0,0.0
2019-11-28,110,0,0,0,0,0.0,0.0,0.0,0.0,0.0,0.0,0.0,0.0
2019-11-29,111,0,0,0,0,0.0,0.0,0.0,0.0,0.0,0.0,0.0,0.0
2019-11-30,52,0,0,0,0,0.0,0.0,0.0,0.0,0.0,0.0,0.0,0.0
2019-12-01,64,0,0,0,0,0.0,0.0,0.0,0.0,0.0,0.0,0.0,0.0
2019-12-02,92,0,0,0,0,0.0,0.0,0.0,0.0,0.0,0.0,0.0,0.0
2019-12-03,115,0,0,0,0,0.0,0.0,0.0,0.0,0.0,0.0,0.0,0.0
2019-12-04,123,0,0,0,0,0.0,0.0,0.0,0.0,0.0,0.0,0.0,0.0
2019-12-05,121,0,0,0,0,0.0,0.0,0.0,0.0,0.0,0.0,0.0,0.0
2019-12-06,115,0,0,0,0,0.0,0.0,0.0,0.0,0.0,0.0,0.0,0.0
2019-12-07,62,0,0,0,0,0.0,0.0,0.0,0.0,0.0,0.0,0.0,0.0
2019-12-08,61,0,0,0,0,0.0,0.0,0.0,0.0,0.0,0.0,0.0,0.0
2019-12-09,108,0,0,0,0,0.0,0.0,0.0,0.0,0.0,0.0,0.0,0.0
2019-12-10,98,0,0,0,0,0.0,0.0,0.0,0.0,0.0,0.0,0.0,0.0
2019-12-11,100,0,0,0,0,0.0,0.0,0.0,0.0,0.0,0.0,0.0,0.0
2019-12-12,103,0,0,0,0,0.0,0.0,0.0,0.0,0.0,0.0,0.0,0.0
2019-12-13,103,0,0,0,0,0.0,0.0,0.0,0.0,0.0,0.0,0.0,0.0
2019-12-14,64,0,0,0,0,0.0,0.0,0.0,0.0,0.0,0.0,0.0,0.0
2019-12-15,48,0,0,0,0,0.0,0.0,0.0,0.0,0.0,0.0,0.0,0.0
2019-12-16,93,0,0,0,0,0.0,0.0,0.0,0.0,0.0,0.0,0.0,0.0
2019-12-17,91,0,0,0,0,0.0,0.0,0.0,0.0,0.0,0.0,0.0,0.0
2019-12-18,100,0,0,0,0,0.0,0.0,0.0,0.0,0.0,0.0,0.0,0.0
2019-12-19,109,0,0,0,0,0.0,0.0,0.0,0.0,0.0,0.0,0.0,0.0
2019-12-20,106,0,0,0,0,0.0,0.0,0.0,0.0,0.0,0.0,0.0,0.0
2019-12-21,67,0,0,0,0,0.0,0.0,0.0,0.0,0.0,0.0,0.0,0.0
2019-12-22,48,0,0,0,0,0.0,0.0,0.0,0.0,0.0,0.0,0.0,0.0
2019-12-23,66,0,0,0,0,0.0,0.0,0.0,0.0,0.0,0.0,0.0,0.0
2019-12-24,69,0,0,0,0,0.0,0.0,0.0,0.0,0.0,0.0,0.0,0.0
2019-12-25,27,0,0,0,0,0.0,0.0,0.0,0.0,0.0,0.0,0.0,0.0
2019-12-26,46,0,0,0,0,0.0,0.0,0.0,0.0,0.0,0.0,0.0,0.0
2019-12-27,52,0,0,0,0,0.0,0.0,0.0,0.0,0.0,0.0,0.0,0.0
2019-12-28,60,0,0,0,0,0.0,0.0,0.0,0.0,0.0,0.0,0.0,0.0
2019-12-29,43,0,0,0,0,0.0,0.0,0.0,0.0,0.0,0.0,0.0,0.0
2019-12-30,46,0,0,0,0,0.0,0.0,0.0,0.0,0.0,0.0,0.0,0.0
2019-12-31,71,0,0,0,0,0.0,0.0,0.0,0.0,0.0,0.0,0.0,0.0
2020-01-01,59,0,0,0,0,0.0,0.0,0.0,0.0,0.0,0.0,0.0,0.0
2020-01-02,67,0,0,0,0,0.0,0.0,0.0,0.0,0.0,0.0,0.0,0.0
2020-01-03,67,0,0,0,0,0.0,0.0,0.0,0.0,0.0,0.0,0.0,0.0
2020-01-04,57,0,0,0,0,0.0,0.0,0.0,0.0,0.0,0.0,0.0,0.0
2020-01-05,58,0,0,0,0,0.0,0.0,0.0,0.0,0.0,0.0,0.0,0.0
2020-01-06,94,0,0,0,0,0.0,0.0,0.0,0.0,0.0,0.0,0.0,0.0
2020-01-07,92,0,0,0,0,0.0,0.0,0.0,0.0,0.0,0.0,0.0,0.0
2020-01-08,89,0,0,0,0,0.0,0.0,0.0,0.0,0.0,0.0,0.0,0.0
2020-01-09,86,0,0,0,0,0.0,0.0,0.0,0.0,0.0,0.0,0.0,0.0
2020-01-11,49,0,0,0,0,0.0,0.0,0.0,0.0,0.0,0.0,0.0,0.0
2020-01-12,48,0,0,0,0,0.0,0.0,0.0,0.0,0.0,0.0,0.0,0.0
2020-01-13,81,0,0,0,0,0.0,0.0,0.0,0.0,0.0,0.0,0.0,0.0
2020-01-14,98,0,0,0,0,0.0,0.0,0.0,0.0,0.0,0.0,0.0,0.0
2020-01-15,110,0,0,0,0,0.0,0.0,0.0,0.0,0.0,0.0,0.0,0.0
2020-01-16,103,0,0,0,0,0.0,0.0,0.0,0.0,0.0,0.0,0.0,0.0
2020-01-17,90,0,0,0,0,0.0,0.0,0.0,0.0,0.0,0.0,0.0,0.0
2020-01-18,64,0,0,0,0,0.0,0.0,0.0,0.0,0.0,0.0,0.0,0.0
2020-01-19,37,0,0,0,0,0.0,0.0,0.0,0.0,0.0,0.0,0.0,0.0
2020-01-20,92,0,0,0,0,0.0,0.0,0.0,0.0,0.0,0.0,0.0,0.0
2020-01-21,88,0,0,0,0,0.0,0.0,0.0,0.0,0.0,0.0,0.0,0.0
2020-01-22,112,0,0,0,0,0.0,0.0,0.0,0.0,0.0,0.0,0.0,0.0
2020-01-23,108,0,0,0,0,0.0,0.0,0.0,0.0,0.0,0.0,0.0,0.0
2020-01-24,96,0,0,0,0,0.0,0.0,0.0,0.0,0.0,0.0,0.0,0.0
2020-01-25,84,0,0,0,0,0.0,0.0,0.0,0.0,0.0,0.0,0.0,0.0
2020-01-26,51,0,0,0,0,0.0,0.0,0.0,0.0,0.0,0.0,0.0,0.0
2020-01-27,71,0,0,0,0,0.0,0.0,0.0,0.0,0.0,0.0,0.0,0.0
2020-01-28,90,0,0,0,0,0.0,0.0,0.0,0.0,0.0,0.0,0.0,0.0
2020-01-29,117,0,0,0,0,0.0,0.0,0.0,0.0,0.0,0.0,0.0,0.0
2020-01-30,91,0,0,0,0,0.0,0.0,0.0,0.0,0.0,0.0,0.0,0.0
2020-01-31,98,0,0,0,0,0.0,0.0,0.0,0.0,0.0,0.0,0.0,0.0
2020-02-01,79,0,0,0,0,0.0,0.0,0.0,0.0,0.0,0.0,0.0,0.0
2020-02-02,64,0,0,0,0,0.0,0.0,0.0,0.0,0.0,0.0,0.0,0.0
2020-02-03,95,0,0,0,0,0.0,0.0,0.0,0.0,0.0,0.0,0.0,0.0
2020-02-04,112,0,0,0,0,0.0,0.0,0.0,0.0,0.0,0.0,0.0,0.0
2020-02-05,108,0,0,0,0,0.0,0.0,0.0,0.0,0.0,0.0,0.0,0.0
2020-02-06,121,0,0,0,0,0.0,0.0,0.0,0.0,0.0,0.0,0.0,0.0
2020-02-07,114,0,0,0,0,0.0,0.0,0.0,0.0,0.0,0.0,0.0,0.0
2020-02-08,71,0,0,0,0,0.0,0.0,0.0,0.0,0.0,0.0,0.0,0.0
2020-02-09,70,0,0,0,0,0.0,0.0,0.0,0.0,0.0,0.0,0.0,0.0
2020-02-10,91,0,0,0,0,0.0,0.0,0.0,0.0,0.0,0.0,0.0,0.0
2020-02-11,115,0,0,0,0,0.0,0.0,0.0,0.0,0.0,0.0,0.0,0.0
2020-02-12,110,0,0,0,0,0.0,0.0,0.0,0.0,0.0,0.0,0.0,0.0
2020-02-13,115,0,0,0,0,0.0,0.0,0.0,0.0,0.0,0.0,0.0,0.0
2020-02-14,100,0,0,0,0,0.0,0.0,0.0,0.0,0.0,0.0,0.0,0.0
2020-02-15,51,0,0,0,0,0.0,0.0,0.0,0.0,0.0,0.0,0.0,0.0
2020-02-16,66,0,0,0,0,0.0,0.0,0.0,0.0,0.0,0.0,0.0,0.0
2020-02-17,104,0,0,0,0,0.0,0.0,0.0,0.0,0.0,0.0,0.0,0.0
2020-02-18,108,0,0,0,0,0.0,0.0,0.0,0.0,0.0,0.0,0.0,0.0
2020-02-19,119,0,0,0,0,0.0,0.0,0.0,0.0,0.0,0.0,0.0,0.0
2020-02-20,122,0,0,0,0,0.0,0.0,0.0,0.0,0.0,0.0,0.0,0.0
2020-02-21,106,0,0,0,0,0.0,0.0,0.0,0.0,0.0,0.0,0.0,0.0
2020-02-22,65,0,0,0,0,0.0,0.0,0.0,0.0,0.0,0.0,0.0,0.0
2020-02-23,59,0,0,0,0,0.0,0.0,0.0,0.0,0.0,0.0,0.0,0.0
2020-02-24,95,0,0,0,0,0.0,0.0,0.0,0.0,0.0,0.0,0.0,0.0
2020-02-25,112,0,0,0,0,0.0,0.0,0.0,0.0,0.0,0.0,0.0,0.0
2020-02-26,122,0,0,0,0,0.0,0.0,0.0,0.0,0.0,0.0,0.0,0.0
2020-02-27,106,0,0,0,0,0.0,0.0,0.0,0.0,0.0,0.0,0.0,0.0
2020-02-28,101,0,0,0,0,0.0,0.0,0.0,0.0,0.0,0.0,0.0,0.0
2020-02-29,69,0,0,0,0,0.0,0.0,0.0,0.0,0.0,0.0,0.0,0.0
2020-03-01,60,0,0,0,0,0.0,0.0,0.0,0.0,0.0,0.0,0.0,0.0
2020-03-02,98,0,0,0,0,0.0,0.0,0.0,0.0,0.0,0.0,0.0,0.0
2020-03-03,113,0,0,0,0,0.0,0.0,0.0,0.0,0.0,0.0,0.0,0.0
2020-03-04,96,0,0,0,0,0.0,0.0,0.0,0.0,0.0,0.0,0.0,0.0
2020-03-05,128,0,0,0,0,0.0,0.0,0.0,0.0,0.0,0.0,0.0,0.0
2020-03-06,95,0,0,0,0,0.0,0.0,0.0,0.0,0.0,0.0,0.0,0.0
2020-03-07,74,0,0,0,0,0.0,0.0,0.0,0.0,0.0,0.0,0.0,0.0
2020-03-08,69,0,0,0,0,0.0,0.0,0.0,0.0,0.0,0.0,0.0,0.0
2020-03-09,72,1,1,0,1,0.013888888888888888,13.888888888888888,0.013888888888888888,13.888888888888888,0.0,0.0,0.013888888888888888,13.888888888888888
2020-03-10,92,1,1,0,0,0.010869565217391304,10.869565217391305,0.010869565217391304,10.869565217391305,0.0,0.0,0.0,0.0
2020-03-11,108,1,1,1,0,0.009259259259259259,9.25925925925926,0.009259259259259259,9.25925925925926,0.009259259259259259,9.25925925925926,0.0,0.0
2020-03-12,106,0,0,0,0,0.0,0.0,0.0,0.0,0.0,0.0,0.0,0.0
2020-03-13,91,0,0,0,0,0.0,0.0,0.0,0.0,0.0,0.0,0.0,0.0
2020-03-14,69,0,0,0,0,0.0,0.0,0.0,0.0,0.0,0.0,0.0,0.0
2020-03-15,61,0,0,0,0,0.0,0.0,0.0,0.0,0.0,0.0,0.0,0.0
2020-03-16,88,0,0,0,0,0.0,0.0,0.0,0.0,0.0,0.0,0.0,0.0
2020-03-17,113,0,0,0,0,0.0,0.0,0.0,0.0,0.0,0.0,0.0,0.0
2020-03-18,124,0,0,0,0,0.0,0.0,0.0,0.0,0.0,0.0,0.0,0.0
2020-03-19,118,1,0,0,1,0.00847457627118644,8.474576271186441,0.0,0.0,0.0,0.0,0.00847457627118644,8.474576271186441
2020-03-20,110,0,0,0,0,0.0,0.0,0.0,0.0,0.0,0.0,0.0,0.0
2020-03-21,82,0,0,0,0,0.0,0.0,0.0,0.0,0.0,0.0,0.0,0.0
2020-03-22,66,0,0,0,0,0.0,0.0,0.0,0.0,0.0,0.0,0.0,0.0
2020-03-23,99,0,0,0,0,0.0,0.0,0.0,0.0,0.0,0.0,0.0,0.0
2020-03-24,121,0,0,0,0,0.0,0.0,0.0,0.0,0.0,0.0,0.0,0.0
2020-03-25,121,0,0,0,0,0.0,0.0,0.0,0.0,0.0,0.0,0.0,0.0
2020-03-26,102,0,0,0,0,0.0,0.0,0.0,0.0,0.0,0.0,0.0,0.0
2020-03-27,116,0,0,0,0,0.0,0.0,0.0,0.0,0.0,0.0,0.0,0.0
2020-03-28,77,0,0,0,0,0.0,0.0,0.0,0.0,0.0,0.0,0.0,0.0
2020-03-29,81,0,0,0,0,0.0,0.0,0.0,0.0,0.0,0.0,0.0,0.0
2020-03-30,87,0,0,0,0,0.0,0.0,0.0,0.0,0.0,0.0,0.0,0.0
2020-03-31,122,0,0,0,0,0.0,0.0,0.0,0.0,0.0,0.0,0.0,0.0
2020-04-01,105,1,0,0,1,0.009523809523809525,9.523809523809526,0.0,0.0,0.0,0.0,0.009523809523809525,9.523809523809526
2020-04-02,108,0,0,0,0,0.0,0.0,0.0,0.0,0.0,0.0,0.0,0.0
2020-04-03,106,0,0,0,0,0.0,0.0,0.0,0.0,0.0,0.0,0.0,0.0
2020-04-04,75,0,0,0,0,0.0,0.0,0.0,0.0,0.0,0.0,0.0,0.0
2020-04-05,87,0,0,0,0,0.0,0.0,0.0,0.0,0.0,0.0,0.0,0.0
2020-04-06,82,0,0,0,0,0.0,0.0,0.0,0.0,0.0,0.0,0.0,0.0
2020-04-07,122,0,0,0,0,0.0,0.0,0.0,0.0,0.0,0.0,0.0,0.0
2020-04-08,118,1,0,0,1,0.00847457627118644,8.474576271186441,0.0,0.0,0.0,0.0,0.00847457627118644,8.474576271186441
2020-04-09,122,0,0,0,0,0.0,0.0,0.0,0.0,0.0,0.0,0.0,0.0
2020-04-10,61,0,0,0,0,0.0,0.0,0.0,0.0,0.0,0.0,0.0,0.0
2020-04-11,65,0,0,0,0,0.0,0.0,0.0,0.0,0.0,0.0,0.0,0.0
2020-04-12,51,0,0,0,0,0.0,0.0,0.0,0.0,0.0,0.0,0.0,0.0
2020-04-13,82,0,0,0,0,0.0,0.0,0.0,0.0,0.0,0.0,0.0,0.0
2020-04-14,89,0,0,0,0,0.0,0.0,0.0,0.0,0.0,0.0,0.0,0.0
2020-04-15,96,0,0,0,0,0.0,0.0,0.0,0.0,0.0,0.0,0.0,0.0
2020-04-16,112,0,0,0,0,0.0,0.0,0.0,0.0,0.0,0.0,0.0,0.0
2020-04-17,106,1,0,0,1,0.009433962264150943,9.433962264150942,0.0,0.0,0.0,0.0,0.009433962264150943,9.433962264150942
2020-04-18,85,0,0,0,0,0.0,0.0,0.0,0.0,0.0,0.0,0.0,0.0
2020-04-19,83,0,0,0,0,0.0,0.0,0.0,0.0,0.0,0.0,0.0,0.0
2020-04-20,118,0,0,0,0,0.0,0.0,0.0,0.0,0.0,0.0,0.0,0.0
2020-04-21,124,4,3,0,2,0.03225806451612903,32.25806451612903,0.024193548387096774,24.193548387096772,0.0,0.0,0.016129032258064516,16.129032258064516
2020-04-22,128,3,3,1,1,0.0234375,23.4375,0.0234375,23.4375,0.0078125,7.8125,0.0078125,7.8125
2020-04-23,124,2,2,0,0,0.016129032258064516,16.129032258064516,0.016129032258064516,16.129032258064516,0.0,0.0,0.0,0.0
2020-04-24,127,1,0,0,1,0.007874015748031496,7.874015748031496,0.0,0.0,0.0,0.0,0.007874015748031496,7.874015748031496
2020-04-25,81,0,0,0,0,0.0,0.0,0.0,0.0,0.0,0.0,0.0,0.0
2020-04-26,78,1,1,0,0,0.01282051282051282,12.82051282051282,0.01282051282051282,12.82051282051282,0.0,0.0,0.0,0.0
2020-04-27,100,0,0,0,0,0.0,0.0,0.0,0.0,0.0,0.0,0.0,0.0
2020-04-28,142,0,0,0,0,0.0,0.0,0.0,0.0,0.0,0.0,0.0,0.0
2020-04-29,125,2,1,0,1,0.016,16.0,0.008,8.0,0.0,0.0,0.008,8.0
2020-04-30,128,0,0,0,0,0.0,0.0,0.0,0.0,0.0,0.0,0.0,0.0
2020-05-01,135,0,0,0,0,0.0,0.0,0.0,0.0,0.0,0.0,0.0,0.0
2020-05-02,75,0,0,0,0,0.0,0.0,0.0,0.0,0.0,0.0,0.0,0.0
2020-05-03,82,0,0,0,0,0.0,0.0,0.0,0.0,0.0,0.0,0.0,0.0
2020-05-04,112,2,1,0,2,0.017857142857142856,17.857142857142858,0.008928571428571428,8.928571428571429,0.0,0.0,0.017857142857142856,17.857142857142858
2020-05-05,129,2,0,0,2,0.015503875968992248,15.503875968992247,0.0,0.0,0.0,0.0,0.015503875968992248,15.503875968992247
2020-05-06,163,2,0,1,1,0.012269938650306749,12.269938650306749,0.0,0.0,0.006134969325153374,6.134969325153374,0.006134969325153374,6.134969325153374
2020-05-07,132,0,0,0,0,0.0,0.0,0.0,0.0,0.0,0.0,0.0,0.0
2020-05-08,120,0,0,0,0,0.0,0.0,0.0,0.0,0.0,0.0,0.0,0.0
2020-05-09,82,0,0,0,0,0.0,0.0,0.0,0.0,0.0,0.0,0.0,0.0
2020-05-10,69,0,0,0,0,0.0,0.0,0.0,0.0,0.0,0.0,0.0,0.0
2020-05-11,110,0,0,0,0,0.0,0.0,0.0,0.0,0.0,0.0,0.0,0.0
2020-05-12,159,0,0,0,0,0.0,0.0,0.0,0.0,0.0,0.0,0.0,0.0
2020-05-13,136,0,0,0,0,0.0,0.0,0.0,0.0,0.0,0.0,0.0,0.0
2020-05-14,123,0,0,0,0,0.0,0.0,0.0,0.0,0.0,0.0,0.0,0.0
2020-05-15,141,0,0,0,0,0.0,0.0,0.0,0.0,0.0,0.0,0.0,0.0
2020-05-16,81,0,0,0,0,0.0,0.0,0.0,0.0,0.0,0.0,0.0,0.0
2020-05-17,85,0,0,0,0,0.0,0.0,0.0,0.0,0.0,0.0,0.0,0.0
2020-05-18,130,1,0,0,1,0.007692307692307693,7.6923076923076925,0.0,0.0,0.0,0.0,0.007692307692307693,7.6923076923076925
2020-05-19,136,0,0,0,0,0.0,0.0,0.0,0.0,0.0,0.0,0.0,0.0
2020-05-20,141,0,0,0,0,0.0,0.0,0.0,0.0,0.0,0.0,0.0,0.0
2020-05-21,158,0,0,0,0,0.0,0.0,0.0,0.0,0.0,0.0,0.0,0.0
2020-05-22,128,0,0,0,0,0.0,0.0,0.0,0.0,0.0,0.0,0.0,0.0
2020-05-23,76,0,0,0,0,0.0,0.0,0.0,0.0,0.0,0.0,0.0,0.0
2020-05-24,84,0,0,0,0,0.0,0.0,0.0,0.0,0.0,0.0,0.0,0.0
2020-05-25,122,0,0,0,0,0.0,0.0,0.0,0.0,0.0,0.0,0.0,0.0
2020-05-26,131,1,0,0,1,0.007633587786259542,7.633587786259541,0.0,0.0,0.0,0.0,0.007633587786259542,7.633587786259541
2020-05-27,160,0,0,0,0,0.0,0.0,0.0,0.0,0.0,0.0,0.0,0.0
2020-05-28,143,0,0,0,0,0.0,0.0,0.0,0.0,0.0,0.0,0.0,0.0
2020-05-29,131,0,0,0,0,0.0,0.0,0.0,0.0,0.0,0.0,0.0,0.0
2020-05-30,86,0,0,0,0,0.0,0.0,0.0,0.0,0.0,0.0,0.0,0.0
2020-05-31,105,0,0,0,0,0.0,0.0,0.0,0.0,0.0,0.0,0.0,0.0
2020-06-01,129,0,0,0,0,0.0,0.0,0.0,0.0,0.0,0.0,0.0,0.0
2020-06-02,157,0,0,0,0,0.0,0.0,0.0,0.0,0.0,0.0,0.0,0.0
2020-06-03,157,0,0,0,0,0.0,0.0,0.0,0.0,0.0,0.0,0.0,0.0
2020-06-04,142,0,0,0,0,0.0,0.0,0.0,0.0,0.0,0.0,0.0,0.0
2020-06-05,137,0,0,0,0,0.0,0.0,0.0,0.0,0.0,0.0,0.0,0.0
2020-06-06,88,0,0,0,0,0.0,0.0,0.0,0.0,0.0,0.0,0.0,0.0
2020-06-07,85,0,0,0,0,0.0,0.0,0.0,0.0,0.0,0.0,0.0,0.0
2020-06-08,117,0,0,0,0,0.0,0.0,0.0,0.0,0.0,0.0,0.0,0.0
2020-06-09,132,0,0,0,0,0.0,0.0,0.0,0.0,0.0,0.0,0.0,0.0
2020-06-10,148,0,0,0,0,0.0,0.0,0.0,0.0,0.0,0.0,0.0,0.0
2020-06-11,150,0,0,0,0,0.0,0.0,0.0,0.0,0.0,0.0,0.0,0.0
2020-06-12,143,0,0,0,0,0.0,0.0,0.0,0.0,0.0,0.0,0.0,0.0
2020-06-13,99,0,0,0,0,0.0,0.0,0.0,0.0,0.0,0.0,0.0,0.0
2020-06-14,77,0,0,0,0,0.0,0.0,0.0,0.0,0.0,0.0,0.0,0.0
2020-06-15,123,0,0,0,0,0.0,0.0,0.0,0.0,0.0,0.0,0.0,0.0
2020-06-16,154,0,0,0,0,0.0,0.0,0.0,0.0,0.0,0.0,0.0,0.0
2020-06-17,177,0,0,0,0,0.0,0.0,0.0,0.0,0.0,0.0,0.0,0.0
2020-06-18,161,0,0,0,0,0.0,0.0,0.0,0.0,0.0,0.0,0.0,0.0
2020-06-19,149,0,0,0,0,0.0,0.0,0.0,0.0,0.0,0.0,0.0,0.0
2020-06-20,82,0,0,0,0,0.0,0.0,0.0,0.0,0.0,0.0,0.0,0.0
2020-06-21,75,0,0,0,0,0.0,0.0,0.0,0.0,0.0,0.0,0.0,0.0
2020-06-22,134,0,0,0,0,0.0,0.0,0.0,0.0,0.0,0.0,0.0,0.0
2020-06-23,141,0,0,0,0,0.0,0.0,0.0,0.0,0.0,0.0,0.0,0.0
2020-06-24,147,0,0,0,0,0.0,0.0,0.0,0.0,0.0,0.0,0.0,0.0
2020-06-25,136,0,0,0,0,0.0,0.0,0.0,0.0,0.0,0.0,0.0,0.0
2020-06-26,147,0,0,0,0,0.0,0.0,0.0,0.0,0.0,0.0,0.0,0.0
2020-06-27,89,0,0,0,0,0.0,0.0,0.0,0.0,0.0,0.0,0.0,0.0
2020-06-28,74,0,0,0,0,0.0,0.0,0.0,0.0,0.0,0.0,0.0,0.0
2020-06-29,118,0,0,0,0,0.0,0.0,0.0,0.0,0.0,0.0,0.0,0.0
2020-06-30,141,0,0,0,0,0.0,0.0,0.0,0.0,0.0,0.0,0.0,0.0
2020-07-01,142,0,0,0,0,0.0,0.0,0.0,0.0,0.0,0.0,0.0,0.0
2020-07-02,144,0,0,0,0,0.0,0.0,0.0,0.0,0.0,0.0,0.0,0.0
2020-07-03,144,0,0,0,0,0.0,0.0,0.0,0.0,0.0,0.0,0.0,0.0
2020-07-04,95,0,0,0,0,0.0,0.0,0.0,0.0,0.0,0.0,0.0,0.0
2020-07-05,70,0,0,0,0,0.0,0.0,0.0,0.0,0.0,0.0,0.0,0.0
2020-07-06,115,0,0,0,0,0.0,0.0,0.0,0.0,0.0,0.0,0.0,0.0
2020-07-07,137,1,0,0,1,0.0072992700729927005,7.299270072992701,0.0,0.0,0.0,0.0,0.0072992700729927005,7.299270072992701
2020-07-08,143,0,0,0,0,0.0,0.0,0.0,0.0,0.0,0.0,0.0,0.0
2020-07-09,138,0,0,0,0,0.0,0.0,0.0,0.0,0.0,0.0,0.0,0.0
2020-07-10,134,1,1,0,0,0.007462686567164179,7.462686567164179,0.007462686567164179,7.462686567164179,0.0,0.0,0.0,0.0
2020-07-11,75,0,0,0,0,0.0,0.0,0.0,0.0,0.0,0.0,0.0,0.0
2020-07-12,77,0,0,0,0,0.0,0.0,0.0,0.0,0.0,0.0,0.0,0.0
2020-07-13,126,0,0,0,0,0.0,0.0,0.0,0.0,0.0,0.0,0.0,0.0
2020-07-14,139,0,0,0,0,0.0,0.0,0.0,0.0,0.0,0.0,0.0,0.0
2020-07-15,146,0,0,0,0,0.0,0.0,0.0,0.0,0.0,0.0,0.0,0.0
2020-07-16,140,0,0,0,0,0.0,0.0,0.0,0.0,0.0,0.0,0.0,0.0
2020-07-17,133,1,0,0,1,0.007518796992481203,7.518796992481203,0.0,0.0,0.0,0.0,0.007518796992481203,7.518796992481203
2020-07-18,79,0,0,0,0,0.0,0.0,0.0,0.0,0.0,0.0,0.0,0.0
2020-07-19,83,0,0,0,0,0.0,0.0,0.0,0.0,0.0,0.0,0.0,0.0
2020-07-20,120,0,0,0,0,0.0,0.0,0.0,0.0,0.0,0.0,0.0,0.0
2020-07-21,127,0,0,0,0,0.0,0.0,0.0,0.0,0.0,0.0,0.0,0.0
2020-07-22,139,0,0,0,0,0.0,0.0,0.0,0.0,0.0,0.0,0.0,0.0
2020-07-23,129,0,0,0,0,0.0,0.0,0.0,0.0,0.0,0.0,0.0,0.0
2020-07-24,136,0,0,0,0,0.0,0.0,0.0,0.0,0.0,0.0,0.0,0.0
2020-07-25,76,0,0,0,0,0.0,0.0,0.0,0.0,0.0,0.0,0.0,0.0
2020-07-26,80,0,0,0,0,0.0,0.0,0.0,0.0,0.0,0.0,0.0,0.0
2020-07-27,105,0,0,0,0,0.0,0.0,0.0,0.0,0.0,0.0,0.0,0.0
2020-07-28,133,0,0,0,0,0.0,0.0,0.0,0.0,0.0,0.0,0.0,0.0
2020-07-29,132,0,0,0,0,0.0,0.0,0.0,0.0,0.0,0.0,0.0,0.0
2020-07-30,154,0,0,0,0,0.0,0.0,0.0,0.0,0.0,0.0,0.0,0.0
2020-07-31,152,0,0,0,0,0.0,0.0,0.0,0.0,0.0,0.0,0.0,0.0
2020-08-01,89,0,0,0,0,0.0,0.0,0.0,0.0,0.0,0.0,0.0,0.0
2020-08-02,71,0,0,0,0,0.0,0.0,0.0,0.0,0.0,0.0,0.0,0.0
2020-08-03,114,0,0,0,0,0.0,0.0,0.0,0.0,0.0,0.0,0.0,0.0
2020-08-04,142,0,0,0,0,0.0,0.0,0.0,0.0,0.0,0.0,0.0,0.0
2020-08-05,128,0,0,0,0,0.0,0.0,0.0,0.0,0.0,0.0,0.0,0.0
2020-08-06,131,0,0,0,0,0.0,0.0,0.0,0.0,0.0,0.0,0.0,0.0
2020-08-07,126,0,0,0,0,0.0,0.0,0.0,0.0,0.0,0.0,0.0,0.0
2020-08-08,91,0,0,0,0,0.0,0.0,0.0,0.0,0.0,0.0,0.0,0.0
2020-08-09,79,0,0,0,0,0.0,0.0,0.0,0.0,0.0,0.0,0.0,0.0
2020-08-10,130,0,0,0,0,0.0,0.0,0.0,0.0,0.0,0.0,0.0,0.0
2020-08-11,131,0,0,0,0,0.0,0.0,0.0,0.0,0.0,0.0,0.0,0.0
2020-08-12,152,0,0,0,0,0.0,0.0,0.0,0.0,0.0,0.0,0.0,0.0
2020-08-13,152,0,0,0,0,0.0,0.0,0.0,0.0,0.0,0.0,0.0,0.0
2020-08-14,148,0,0,0,0,0.0,0.0,0.0,0.0,0.0,0.0,0.0,0.0
2020-08-15,97,0,0,0,0,0.0,0.0,0.0,0.0,0.0,0.0,0.0,0.0
2020-08-16,83,0,0,0,0,0.0,0.0,0.0,0.0,0.0,0.0,0.0,0.0
2020-08-17,126,0,0,0,0,0.0,0.0,0.0,0.0,0.0,0.0,0.0,0.0
2020-08-18,140,0,0,0,0,0.0,0.0,0.0,0.0,0.0,0.0,0.0,0.0
2020-08-19,150,0,0,0,0,0.0,0.0,0.0,0.0,0.0,0.0,0.0,0.0
2020-08-20,156,0,0,0,0,0.0,0.0,0.0,0.0,0.0,0.0,0.0,0.0
2020-08-21,140,0,0,0,0,0.0,0.0,0.0,0.0,0.0,0.0,0.0,0.0
2020-08-22,95,0,0,0,0,0.0,0.0,0.0,0.0,0.0,0.0,0.0,0.0
2020-08-23,84,0,0,0,0,0.0,0.0,0.0,0.0,0.0,0.0,0.0,0.0
2020-08-24,124,0,0,0,0,0.0,0.0,0.0,0.0,0.0,0.0,0.0,0.0
2020-08-25,148,0,0,0,0,0.0,0.0,0.0,0.0,0.0,0.0,0.0,0.0
2020-08-26,139,0,0,0,0,0.0,0.0,0.0,0.0,0.0,0.0,0.0,0.0
2020-08-27,167,0,0,0,0,0.0,0.0,0.0,0.0,0.0,0.0,0.0,0.0
2020-08-28,145,0,0,0,0,0.0,0.0,0.0,0.0,0.0,0.0,0.0,0.0
2020-08-29,81,0,0,0,0,0.0,0.0,0.0,0.0,0.0,0.0,0.0,0.0
2020-08-30,81,0,0,0,0,0.0,0.0,0.0,0.0,0.0,0.0,0.0,0.0
2020-08-31,128,0,0,0,0,0.0,0.0,0.0,0.0,0.0,0.0,0.0,0.0
2020-09-01,143,0,0,0,0,0.0,0.0,0.0,0.0,0.0,0.0,0.0,0.0
2020-09-02,146,0,0,0,0,0.0,0.0,0.0,0.0,0.0,0.0,0.0,0.0
2020-09-03,148,0,0,0,0,0.0,0.0,0.0,0.0,0.0,0.0,0.0,0.0
2020-09-04,132,0,0,0,0,0.0,0.0,0.0,0.0,0.0,0.0,0.0,0.0
2020-09-05,87,0,0,0,0,0.0,0.0,0.0,0.0,0.0,0.0,0.0,0.0
2020-09-06,79,0,0,0,0,0.0,0.0,0.0,0.0,0.0,0.0,0.0,0.0
2020-09-07,121,0,0,0,0,0.0,0.0,0.0,0.0,0.0,0.0,0.0,0.0
2020-09-08,144,0,0,0,0,0.0,0.0,0.0,0.0,0.0,0.0,0.0,0.0
2020-09-09,128,0,0,0,0,0.0,0.0,0.0,0.0,0.0,0.0,0.0,0.0
2020-09-10,150,0,0,0,0,0.0,0.0,0.0,0.0,0.0,0.0,0.0,0.0
2020-09-11,129,0,0,0,0,0.0,0.0,0.0,0.0,0.0,0.0,0.0,0.0
2020-09-12,81,0,0,0,0,0.0,0.0,0.0,0.0,0.0,0.0,0.0,0.0
2020-09-13,96,0,0,0,0,0.0,0.0,0.0,0.0,0.0,0.0,0.0,0.0
2020-09-14,127,0,0,0,0,0.0,0.0,0.0,0.0,0.0,0.0,0.0,0.0
2020-09-15,133,0,0,0,0,0.0,0.0,0.0,0.0,0.0,0.0,0.0,0.0
2020-09-16,135,0,0,0,0,0.0,0.0,0.0,0.0,0.0,0.0,0.0,0.0
2020-09-17,130,0,0,0,0,0.0,0.0,0.0,0.0,0.0,0.0,0.0,0.0
2020-09-18,127,0,0,0,0,0.0,0.0,0.0,0.0,0.0,0.0,0.0,0.0
2020-09-19,95,0,0,0,0,0.0,0.0,0.0,0.0,0.0,0.0,0.0,0.0
2020-09-20,86,0,0,0,0,0.0,0.0,0.0,0.0,0.0,0.0,0.0,0.0
2020-09-21,126,0,0,0,0,0.0,0.0,0.0,0.0,0.0,0.0,0.0,0.0
2020-09-22,135,0,0,0,0,0.0,0.0,0.0,0.0,0.0,0.0,0.0,0.0
2020-09-23,151,0,0,0,0,0.0,0.0,0.0,0.0,0.0,0.0,0.0,0.0
2020-09-24,163,1,0,1,0,0.006134969325153374,6.134969325153374,0.0,0.0,0.006134969325153374,6.134969325153374,0.0,0.0
2020-09-25,148,0,0,0,0,0.0,0.0,0.0,0.0,0.0,0.0,0.0,0.0
2020-09-26,80,0,0,0,0,0.0,0.0,0.0,0.0,0.0,0.0,0.0,0.0
2020-09-27,80,0,0,0,0,0.0,0.0,0.0,0.0,0.0,0.0,0.0,0.0
2020-09-28,107,0,0,0,0,0.0,0.0,0.0,0.0,0.0,0.0,0.0,0.0
2020-09-29,119,0,0,0,0,0.0,0.0,0.0,0.0,0.0,0.0,0.0,0.0
2020-09-30,131,0,0,0,0,0.0,0.0,0.0,0.0,0.0,0.0,0.0,0.0
2020-10-01,130,0,0,0,0,0.0,0.0,0.0,0.0,0.0,0.0,0.0,0.0
2020-10-02,121,0,0,0,0,0.0,0.0,0.0,0.0,0.0,0.0,0.0,0.0
2020-10-03,89,0,0,0,0,0.0,0.0,0.0,0.0,0.0,0.0,0.0,0.0
2020-10-04,74,0,0,0,0,0.0,0.0,0.0,0.0,0.0,0.0,0.0,0.0
2020-10-05,105,0,0,0,0,0.0,0.0,0.0,0.0,0.0,0.0,0.0,0.0
2020-10-06,134,0,0,0,0,0.0,0.0,0.0,0.0,0.0,0.0,0.0,0.0
2020-10-07,126,0,0,0,0,0.0,0.0,0.0,0.0,0.0,0.0,0.0,0.0
2020-10-08,146,0,0,0,0,0.0,0.0,0.0,0.0,0.0,0.0,0.0,0.0
2020-10-09,126,0,0,0,0,0.0,0.0,0.0,0.0,0.0,0.0,0.0,0.0
2020-10-10,69,0,0,0,0,0.0,0.0,0.0,0.0,0.0,0.0,0.0,0.0
2020-10-11,93,0,0,0,0,0.0,0.0,0.0,0.0,0.0,0.0,0.0,0.0
2020-10-12,125,0,0,0,0,0.0,0.0,0.0,0.0,0.0,0.0,0.0,0.0
2020-10-13,131,0,0,0,0,0.0,0.0,0.0,0.0,0.0,0.0,0.0,0.0
2020-10-14,124,0,0,0,0,0.0,0.0,0.0,0.0,0.0,0.0,0.0,0.0
2020-10-15,141,0,0,0,0,0.0,0.0,0.0,0.0,0.0,0.0,0.0,0.0
2020-10-16,133,0,0,0,0,0.0,0.0,0.0,0.0,0.0,0.0,0.0,0.0
2020-10-17,97,0,0,0,0,0.0,0.0,0.0,0.0,0.0,0.0,0.0,0.0
2020-10-18,101,0,0,0,0,0.0,0.0,0.0,0.0,0.0,0.0,0.0,0.0
2020-10-19,116,0,0,0,0,0.0,0.0,0.0,0.0,0.0,0.0,0.0,0.0
2020-10-20,133,0,0,0,0,0.0,0.0,0.0,0.0,0.0,0.0,0.0,0.0
2020-10-21,124,0,0,0,0,0.0,0.0,0.0,0.0,0.0,0.0,0.0,0.0
2020-10-22,146,0,0,0,0,0.0,0.0,0.0,0.0,0.0,0.0,0.0,0.0
2020-10-23,136,0,0,0,0,0.0,0.0,0.0,0.0,0.0,0.0,0.0,0.0
2020-10-24,75,0,0,0,0,0.0,0.0,0.0,0.0,0.0,0.0,0.0,0.0
2020-10-25,85,0,0,0,0,0.0,0.0,0.0,0.0,0.0,0.0,0.0,0.0
2020-10-26,130,0,0,0,0,0.0,0.0,0.0,0.0,0.0,0.0,0.0,0.0
2020-10-27,126,0,0,0,0,0.0,0.0,0.0,0.0,0.0,0.0,0.0,0.0
2020-10-28,135,0,0,0,0,0.0,0.0,0.0,0.0,0.0,0.0,0.0,0.0
2020-10-29,149,0,0,0,0,0.0,0.0,0.0,0.0,0.0,0.0,0.0,0.0
2020-10-30,121,0,0,0,0,0.0,0.0,0.0,0.0,0.0,0.0,0.0,0.0
2020-10-31,96,0,0,0,0,0.0,0.0,0.0,0.0,0.0,0.0,0.0,0.0
2020-11-01,80,0,0,0,0,0.0,0.0,0.0,0.0,0.0,0.0,0.0,0.0
2020-11-02,135,0,0,0,0,0.0,0.0,0.0,0.0,0.0,0.0,0.0,0.0
2020-11-03,134,0,0,0,0,0.0,0.0,0.0,0.0,0.0,0.0,0.0,0.0
2020-11-04,142,0,0,0,0,0.0,0.0,0.0,0.0,0.0,0.0,0.0,0.0
2020-11-05,130,0,0,0,0,0.0,0.0,0.0,0.0,0.0,0.0,0.0,0.0
2020-11-06,121,0,0,0,0,0.0,0.0,0.0,0.0,0.0,0.0,0.0,0.0
2020-11-07,76,0,0,0,0,0.0,0.0,0.0,0.0,0.0,0.0,0.0,0.0
2020-11-08,102,0,0,0,0,0.0,0.0,0.0,0.0,0.0,0.0,0.0,0.0
2020-11-09,127,0,0,0,0,0.0,0.0,0.0,0.0,0.0,0.0,0.0,0.0
2020-11-10,147,0,0,0,0,0.0,0.0,0.0,0.0,0.0,0.0,0.0,0.0
2020-11-11,141,0,0,0,0,0.0,0.0,0.0,0.0,0.0,0.0,0.0,0.0
2020-11-12,139,0,0,0,0,0.0,0.0,0.0,0.0,0.0,0.0,0.0,0.0
2020-11-13,134,0,0,0,0,0.0,0.0,0.0,0.0,0.0,0.0,0.0,0.0
2020-11-14,88,0,0,0,0,0.0,0.0,0.0,0.0,0.0,0.0,0.0,0.0
2020-11-15,84,0,0,0,0,0.0,0.0,0.0,0.0,0.0,0.0,0.0,0.0
2020-11-16,133,0,0,0,0,0.0,0.0,0.0,0.0,0.0,0.0,0.0,0.0
2020-11-17,139,0,0,0,0,0.0,0.0,0.0,0.0,0.0,0.0,0.0,0.0
2020-11-18,143,0,0,0,0,0.0,0.0,0.0,0.0,0.0,0.0,0.0,0.0
2020-11-19,161,0,0,0,0,0.0,0.0,0.0,0.0,0.0,0.0,0.0,0.0
2020-11-20,114,0,0,0,0,0.0,0.0,0.0,0.0,0.0,0.0,0.0,0.0
2020-11-21,75,0,0,0,0,0.0,0.0,0.0,0.0,0.0,0.0,0.0,0.0
2020-11-22,79,0,0,0,0,0.0,0.0,0.0,0.0,0.0,0.0,0.0,0.0
2020-11-23,128,0,0,0,0,0.0,0.0,0.0,0.0,0.0,0.0,0.0,0.0
2020-11-24,135,0,0,0,0,0.0,0.0,0.0,0.0,0.0,0.0,0.0,0.0
2020-11-25,140,0,0,0,0,0.0,0.0,0.0,0.0,0.0,0.0,0.0,0.0
2020-11-26,135,0,0,0,0,0.0,0.0,0.0,0.0,0.0,0.0,0.0,0.0
2020-11-27,134,0,0,0,0,0.0,0.0,0.0,0.0,0.0,0.0,0.0,0.0
2020-11-28,60,0,0,0,0,0.0,0.0,0.0,0.0,0.0,0.0,0.0,0.0
2020-11-29,85,0,0,0,0,0.0,0.0,0.0,0.0,0.0,0.0,0.0,0.0
2020-11-30,145,0,0,0,0,0.0,0.0,0.0,0.0,0.0,0.0,0.0,0.0
2020-12-01,144,0,0,0,0,0.0,0.0,0.0,0.0,0.0,0.0,0.0,0.0
2020-12-02,149,0,0,0,0,0.0,0.0,0.0,0.0,0.0,0.0,0.0,0.0
2020-12-03,145,0,0,0,0,0.0,0.0,0.0,0.0,0.0,0.0,0.0,0.0
2020-12-04,118,0,0,0,0,0.0,0.0,0.0,0.0,0.0,0.0,0.0,0.0
2020-12-05,62,0,0,0,0,0.0,0.0,0.0,0.0,0.0,0.0,0.0,0.0
2020-12-06,71,0,0,0,0,0.0,0.0,0.0,0.0,0.0,0.0,0.0,0.0
2020-12-07,128,0,0,0,0,0.0,0.0,0.0,0.0,0.0,0.0,0.0,0.0
2020-12-08,131,0,0,0,0,0.0,0.0,0.0,0.0,0.0,0.0,0.0,0.0
2020-12-09,132,0,0,0,0,0.0,0.0,0.0,0.0,0.0,0.0,0.0,0.0
2020-12-10,151,0,0,0,0,0.0,0.0,0.0,0.0,0.0,0.0,0.0,0.0
2020-12-11,128,0,0,0,0,0.0,0.0,0.0,0.0,0.0,0.0,0.0,0.0
2020-12-12,70,0,0,0,0,0.0,0.0,0.0,0.0,0.0,0.0,0.0,0.0
2020-12-13,82,0,0,0,0,0.0,0.0,0.0,0.0,0.0,0.0,0.0,0.0
2020-12-14,130,0,0,0,0,0.0,0.0,0.0,0.0,0.0,0.0,0.0,0.0
2020-12-15,129,0,0,0,0,0.0,0.0,0.0,0.0,0.0,0.0,0.0,0.0
2020-12-16,133,0,0,0,0,0.0,0.0,0.0,0.0,0.0,0.0,0.0,0.0
2020-12-17,138,0,0,0,0,0.0,0.0,0.0,0.0,0.0,0.0,0.0,0.0
2020-12-18,132,0,0,0,0,0.0,0.0,0.0,0.0,0.0,0.0,0.0,0.0
2020-12-19,75,0,0,0,0,0.0,0.0,0.0,0.0,0.0,0.0,0.0,0.0
2020-12-20,69,0,0,0,0,0.0,0.0,0.0,0.0,0.0,0.0,0.0,0.0
2020-12-21,100,0,0,0,0,0.0,0.0,0.0,0.0,0.0,0.0,0.0,0.0
2020-12-22,112,0,0,0,0,0.0,0.0,0.0,0.0,0.0,0.0,0.0,0.0
2020-12-23,100,0,0,0,0,0.0,0.0,0.0,0.0,0.0,0.0,0.0,0.0
2020-12-24,89,0,0,0,0,0.0,0.0,0.0,0.0,0.0,0.0,0.0,0.0
2020-12-25,38,0,0,0,0,0.0,0.0,0.0,0.0,0.0,0.0,0.0,0.0
2020-12-26,51,0,0,0,0,0.0,0.0,0.0,0.0,0.0,0.0,0.0,0.0
2020-12-27,50,0,0,0,0,0.0,0.0,0.0,0.0,0.0,0.0,0.0,0.0
2020-12-28,64,0,0,0,0,0.0,0.0,0.0,0.0,0.0,0.0,0.0,0.0
2020-12-29,84,0,0,0,0,0.0,0.0,0.0,0.0,0.0,0.0,0.0,0.0
2020-12-30,84,0,0,0,0,0.0,0.0,0.0,0.0,0.0,0.0,0.0,0.0
2020-12-31,80,0,0,0,0,0.0,0.0,0.0,0.0,0.0,0.0,0.0,0.0
2021-01-01,73,0,0,0,0,0.0,0.0,0.0,0.0,0.0,0.0,0.0,0.0
2021-01-02,65,0,0,0,0,0.0,0.0,0.0,0.0,0.0,0.0,0.0,0.0
2021-01-03,42,0,0,0,0,0.0,0.0,0.0,0.0,0.0,0.0,0.0,0.0
2021-01-04,73,0,0,0,0,0.0,0.0,0.0,0.0,0.0,0.0,0.0,0.0
2021-01-05,111,0,0,0,0,0.0,0.0,0.0,0.0,0.0,0.0,0.0,0.0
2021-01-06,109,1,0,0,1,0.009174311926605505,9.174311926605505,0.0,0.0,0.0,0.0,0.009174311926605505,9.174311926605505
2021-01-07,117,0,0,0,0,0.0,0.0,0.0,0.0,0.0,0.0,0.0,0.0
2021-01-08,113,0,0,0,0,0.0,0.0,0.0,0.0,0.0,0.0,0.0,0.0
2021-01-09,74,1,1,0,0,0.013513513513513514,13.513513513513514,0.013513513513513514,13.513513513513514,0.0,0.0,0.0,0.0
2021-01-10,71,0,0,0,0,0.0,0.0,0.0,0.0,0.0,0.0,0.0,0.0
2021-01-11,113,0,0,0,0,0.0,0.0,0.0,0.0,0.0,0.0,0.0,0.0
2021-01-12,115,0,0,0,0,0.0,0.0,0.0,0.0,0.0,0.0,0.0,0.0
2021-01-13,119,0,0,0,0,0.0,0.0,0.0,0.0,0.0,0.0,0.0,0.0
2021-01-14,124,0,0,0,0,0.0,0.0,0.0,0.0,0.0,0.0,0.0,0.0
2021-01-15,102,0,0,0,0,0.0,0.0,0.0,0.0,0.0,0.0,0.0,0.0
2021-01-16,70,0,0,0,0,0.0,0.0,0.0,0.0,0.0,0.0,0.0,0.0
2021-01-17,69,0,0,0,0,0.0,0.0,0.0,0.0,0.0,0.0,0.0,0.0
2021-01-18,112,0,0,0,0,0.0,0.0,0.0,0.0,0.0,0.0,0.0,0.0
2021-01-19,119,0,0,0,0,0.0,0.0,0.0,0.0,0.0,0.0,0.0,0.0
2021-01-20,142,0,0,0,0,0.0,0.0,0.0,0.0,0.0,0.0,0.0,0.0
2021-01-21,129,0,0,0,0,0.0,0.0,0.0,0.0,0.0,0.0,0.0,0.0
2021-01-22,135,0,0,0,0,0.0,0.0,0.0,0.0,0.0,0.0,0.0,0.0
2021-01-23,86,0,0,0,0,0.0,0.0,0.0,0.0,0.0,0.0,0.0,0.0
2021-01-24,79,0,0,0,0,0.0,0.0,0.0,0.0,0.0,0.0,0.0,0.0
2021-01-25,108,0,0,0,0,0.0,0.0,0.0,0.0,0.0,0.0,0.0,0.0
2021-01-26,89,0,0,0,0,0.0,0.0,0.0,0.0,0.0,0.0,0.0,0.0
2021-01-27,119,0,0,0,0,0.0,0.0,0.0,0.0,0.0,0.0,0.0,0.0
2021-01-28,135,1,0,1,0,0.007407407407407408,7.407407407407407,0.0,0.0,0.007407407407407408,7.407407407407407,0.0,0.0
2021-01-29,124,0,0,0,0,0.0,0.0,0.0,0.0,0.0,0.0,0.0,0.0
2021-01-30,56,0,0,0,0,0.0,0.0,0.0,0.0,0.0,0.0,0.0,0.0
2021-01-31,78,0,0,0,0,0.0,0.0,0.0,0.0,0.0,0.0,0.0,0.0
2021-02-01,110,0,0,0,0,0.0,0.0,0.0,0.0,0.0,0.0,0.0,0.0
2021-02-02,121,0,0,0,0,0.0,0.0,0.0,0.0,0.0,0.0,0.0,0.0
2021-02-03,158,0,0,0,0,0.0,0.0,0.0,0.0,0.0,0.0,0.0,0.0
2021-02-04,136,0,0,0,0,0.0,0.0,0.0,0.0,0.0,0.0,0.0,0.0
2021-02-05,122,0,0,0,0,0.0,0.0,0.0,0.0,0.0,0.0,0.0,0.0
2021-02-06,86,0,0,0,0,0.0,0.0,0.0,0.0,0.0,0.0,0.0,0.0
2021-02-07,75,0,0,0,0,0.0,0.0,0.0,0.0,0.0,0.0,0.0,0.0
2021-02-08,120,0,0,0,0,0.0,0.0,0.0,0.0,0.0,0.0,0.0,0.0
2021-02-09,140,0,0,0,0,0.0,0.0,0.0,0.0,0.0,0.0,0.0,0.0
2021-02-10,142,1,0,1,0,0.007042253521126761,7.042253521126761,0.0,0.0,0.007042253521126761,7.042253521126761,0.0,0.0
2021-02-11,162,2,0,2,0,0.012345679012345678,12.345679012345679,0.0,0.0,0.012345679012345678,12.345679012345679,0.0,0.0
2021-02-12,133,0,0,0,0,0.0,0.0,0.0,0.0,0.0,0.0,0.0,0.0
2021-02-13,86,0,0,0,0,0.0,0.0,0.0,0.0,0.0,0.0,0.0,0.0
2021-02-14,89,0,0,0,0,0.0,0.0,0.0,0.0,0.0,0.0,0.0,0.0
2021-02-15,114,0,0,0,0,0.0,0.0,0.0,0.0,0.0,0.0,0.0,0.0
2021-02-16,130,0,0,0,0,0.0,0.0,0.0,0.0,0.0,0.0,0.0,0.0
2021-02-17,137,0,0,0,0,0.0,0.0,0.0,0.0,0.0,0.0,0.0,0.0
2021-02-18,153,0,0,0,0,0.0,0.0,0.0,0.0,0.0,0.0,0.0,0.0
2021-02-19,125,0,0,0,0,0.0,0.0,0.0,0.0,0.0,0.0,0.0,0.0
2021-02-20,74,0,0,0,0,0.0,0.0,0.0,0.0,0.0,0.0,0.0,0.0
2021-02-21,83,0,0,0,0,0.0,0.0,0.0,0.0,0.0,0.0,0.0,0.0
2021-02-22,126,0,0,0,0,0.0,0.0,0.0,0.0,0.0,0.0,0.0,0.0
2021-02-23,150,0,0,0,0,0.0,0.0,0.0,0.0,0.0,0.0,0.0,0.0
2021-02-24,138,0,0,0,0,0.0,0.0,0.0,0.0,0.0,0.0,0.0,0.0
2021-02-25,162,0,0,0,0,0.0,0.0,0.0,0.0,0.0,0.0,0.0,0.0
2021-02-26,136,0,0,0,0,0.0,0.0,0.0,0.0,0.0,0.0,0.0,0.0
2021-02-27,88,0,0,0,0,0.0,0.0,0.0,0.0,0.0,0.0,0.0,0.0
2021-02-28,85,0,0,0,0,0.0,0.0,0.0,0.0,0.0,0.0,0.0,0.0
2021-03-01,117,0,0,0,0,0.0,0.0,0.0,0.0,0.0,0.0,0.0,0.0
2021-03-02,122,0,0,0,0,0.0,0.0,0.0,0.0,0.0,0.0,0.0,0.0
2021-03-03,142,0,0,0,0,0.0,0.0,0.0,0.0,0.0,0.0,0.0,0.0
2021-03-04,140,1,0,1,0,0.007142857142857143,7.142857142857142,0.0,0.0,0.007142857142857143,7.142857142857142,0.0,0.0
2021-03-05,121,0,0,0,0,0.0,0.0,0.0,0.0,0.0,0.0,0.0,0.0
2021-03-06,72,0,0,0,0,0.0,0.0,0.0,0.0,0.0,0.0,0.0,0.0
2021-03-07,76,0,0,0,0,0.0,0.0,0.0,0.0,0.0,0.0,0.0,0.0
2021-03-08,91,0,0,0,0,0.0,0.0,0.0,0.0,0.0,0.0,0.0,0.0
2021-03-09,119,0,0,0,0,0.0,0.0,0.0,0.0,0.0,0.0,0.0,0.0
2021-03-10,138,0,0,0,0,0.0,0.0,0.0,0.0,0.0,0.0,0.0,0.0
2021-03-11,150,0,0,0,0,0.0,0.0,0.0,0.0,0.0,0.0,0.0,0.0
2021-03-12,116,0,0,0,0,0.0,0.0,0.0,0.0,0.0,0.0,0.0,0.0
2021-03-13,68,0,0,0,0,0.0,0.0,0.0,0.0,0.0,0.0,0.0,0.0
2021-03-14,79,0,0,0,0,0.0,0.0,0.0,0.0,0.0,0.0,0.0,0.0
2021-03-15,128,0,0,0,0,0.0,0.0,0.0,0.0,0.0,0.0,0.0,0.0
2021-03-16,111,0,0,0,0,0.0,0.0,0.0,0.0,0.0,0.0,0.0,0.0
2021-03-17,95,0,0,0,0,0.0,0.0,0.0,0.0,0.0,0.0,0.0,0.0
2021-03-18,90,0,0,0,0,0.0,0.0,0.0,0.0,0.0,0.0,0.0,0.0
2021-03-19,65,0,0,0,0,0.0,0.0,0.0,0.0,0.0,0.0,0.0,0.0
2021-03-20,51,0,0,0,0,0.0,0.0,0.0,0.0,0.0,0.0,0.0,0.0
2021-03-21,44,0,0,0,0,0.0,0.0,0.0,0.0,0.0,0.0,0.0,0.0
2021-03-22,81,0,0,0,0,0.0,0.0,0.0,0.0,0.0,0.0,0.0,0.0
2021-03-23,68,0,0,0,0,0.0,0.0,0.0,0.0,0.0,0.0,0.0,0.0
2021-03-24,60,1,1,0,0,0.016666666666666666,16.666666666666668,0.016666666666666666,16.666666666666668,0.0,0.0,0.0,0.0
2021-03-25,40,0,0,0,0,0.0,0.0,0.0,0.0,0.0,0.0,0.0,0.0
2021-03-26,27,0,0,0,0,0.0,0.0,0.0,0.0,0.0,0.0,0.0,0.0
2021-03-27,12,0,0,0,0,0.0,0.0,0.0,0.0,0.0,0.0,0.0,0.0
2021-03-28,24,0,0,0,0,0.0,0.0,0.0,0.0,0.0,0.0,0.0,0.0
2021-03-29,28,0,0,0,0,0.0,0.0,0.0,0.0,0.0,0.0,0.0,0.0
2021-03-30,54,0,0,0,0,0.0,0.0,0.0,0.0,0.0,0.0,0.0,0.0
2021-03-31,42,0,0,0,0,0.0,0.0,0.0,0.0,0.0,0.0,0.0,0.0
2021-04-01,34,0,0,0,0,0.0,0.0,0.0,0.0,0.0,0.0,0.0,0.0
2021-04-02,17,0,0,0,0,0.0,0.0,0.0,0.0,0.0,0.0,0.0,0.0
2021-04-03,17,0,0,0,0,0.0,0.0,0.0,0.0,0.0,0.0,0.0,0.0
2021-04-04,18,0,0,0,0,0.0,0.0,0.0,0.0,0.0,0.0,0.0,0.0
2021-04-05,22,0,0,0,0,0.0,0.0,0.0,0.0,0.0,0.0,0.0,0.0
2021-04-06,25,0,0,0,0,0.0,0.0,0.0,0.0,0.0,0.0,0.0,0.0
2021-04-07,34,0,0,0,0,0.0,0.0,0.0,0.0,0.0,0.0,0.0,0.0
2021-04-08,36,0,0,0,0,0.0,0.0,0.0,0.0,0.0,0.0,0.0,0.0
2021-04-09,47,0,0,0,0,0.0,0.0,0.0,0.0,0.0,0.0,0.0,0.0
2021-04-10,17,0,0,0,0,0.0,0.0,0.0,0.0,0.0,0.0,0.0,0.0
2021-04-11,18,0,0,0,0,0.0,0.0,0.0,0.0,0.0,0.0,0.0,0.0
2021-04-12,30,0,0,0,0,0.0,0.0,0.0,0.0,0.0,0.0,0.0,0.0
2021-04-13,38,0,0,0,0,0.0,0.0,0.0,0.0,0.0,0.0,0.0,0.0
2021-04-14,34,0,0,0,0,0.0,0.0,0.0,0.0,0.0,0.0,0.0,0.0
2021-04-15,38,0,0,0,0,0.0,0.0,0.0,0.0,0.0,0.0,0.0,0.0
2021-04-16,21,0,0,0,0,0.0,0.0,0.0,0.0,0.0,0.0,0.0,0.0
2021-04-17,9,0,0,0,0,0.0,0.0,0.0,0.0,0.0,0.0,0.0,0.0
2021-04-18,13,0,0,0,0,0.0,0.0,0.0,0.0,0.0,0.0,0.0,0.0
2021-04-19,36,0,0,0,0,0.0,0.0,0.0,0.0,0.0,0.0,0.0,0.0
2021-04-20,29,0,0,0,0,0.0,0.0,0.0,0.0,0.0,0.0,0.0,0.0
2021-04-21,29,0,0,0,0,0.0,0.0,0.0,0.0,0.0,0.0,0.0,0.0
2021-04-22,41,0,0,0,0,0.0,0.0,0.0,0.0,0.0,0.0,0.0,0.0
2021-04-23,20,0,0,0,0,0.0,0.0,0.0,0.0,0.0,0.0,0.0,0.0
2021-04-24,8,0,0,0,0,0.0,0.0,0.0,0.0,0.0,0.0,0.0,0.0
2021-04-25,21,0,0,0,0,0.0,0.0,0.0,0.0,0.0,0.0,0.0,0.0
2021-04-26,35,0,0,0,0,0.0,0.0,0.0,0.0,0.0,0.0,0.0,0.0
2021-04-27,30,0,0,0,0,0.0,0.0,0.0,0.0,0.0,0.0,0.0,0.0
2021-04-28,38,0,0,0,0,0.0,0.0,0.0,0.0,0.0,0.0,0.0,0.0
2021-04-29,41,0,0,0,0,0.0,0.0,0.0,0.0,0.0,0.0,0.0,0.0
2021-04-30,27,0,0,0,0,0.0,0.0,0.0,0.0,0.0,0.0,0.0,0.0
2021-05-01,12,0,0,0,0,0.0,0.0,0.0,0.0,0.0,0.0,0.0,0.0
2021-05-02,17,0,0,0,0,0.0,0.0,0.0,0.0,0.0,0.0,0.0,0.0
2021-05-03,33,0,0,0,0,0.0,0.0,0.0,0.0,0.0,0.0,0.0,0.0
2021-05-04,39,0,0,0,0,0.0,0.0,0.0,0.0,0.0,0.0,0.0,0.0
2021-05-05,40,0,0,0,0,0.0,0.0,0.0,0.0,0.0,0.0,0.0,0.0
2021-05-06,33,0,0,0,0,0.0,0.0,0.0,0.0,0.0,0.0,0.0,0.0
2021-05-07,32,0,0,0,0,0.0,0.0,0.0,0.0,0.0,0.0,0.0,0.0
2021-05-08,15,0,0,0,0,0.0,0.0,0.0,0.0,0.0,0.0,0.0,0.0
2021-05-09,15,0,0,0,0,0.0,0.0,0.0,0.0,0.0,0.0,0.0,0.0
2021-05-10,30,0,0,0,0,0.0,0.0,0.0,0.0,0.0,0.0,0.0,0.0
2021-05-11,62,0,0,0,0,0.0,0.0,0.0,0.0,0.0,0.0,0.0,0.0
2021-05-12,47,0,0,0,0,0.0,0.0,0.0,0.0,0.0,0.0,0.0,0.0
2021-05-13,49,0,0,0,0,0.0,0.0,0.0,0.0,0.0,0.0,0.0,0.0
2021-05-14,26,0,0,0,0,0.0,0.0,0.0,0.0,0.0,0.0,0.0,0.0
2021-05-15,5,0,0,0,0,0.0,0.0,0.0,0.0,0.0,0.0,0.0,0.0
2021-05-16,21,0,0,0,0,0.0,0.0,0.0,0.0,0.0,0.0,0.0,0.0
2021-05-17,26,0,0,0,0,0.0,0.0,0.0,0.0,0.0,0.0,0.0,0.0
2021-05-18,46,0,0,0,0,0.0,0.0,0.0,0.0,0.0,0.0,0.0,0.0
2021-05-19,38,0,0,0,0,0.0,0.0,0.0,0.0,0.0,0.0,0.0,0.0
2021-05-20,40,0,0,0,0,0.0,0.0,0.0,0.0,0.0,0.0,0.0,0.0
2021-05-21,18,0,0,0,0,0.0,0.0,0.0,0.0,0.0,0.0,0.0,0.0
2021-05-22,10,0,0,0,0,0.0,0.0,0.0,0.0,0.0,0.0,0.0,0.0
2021-05-23,16,0,0,0,0,0.0,0.0,0.0,0.0,0.0,0.0,0.0,0.0
2021-05-24,33,0,0,0,0,0.0,0.0,0.0,0.0,0.0,0.0,0.0,0.0
2021-05-25,39,0,0,0,0,0.0,0.0,0.0,0.0,0.0,0.0,0.0,0.0
2021-05-26,45,0,0,0,0,0.0,0.0,0.0,0.0,0.0,0.0,0.0,0.0
2021-05-27,46,0,0,0,0,0.0,0.0,0.0,0.0,0.0,0.0,0.0,0.0
2021-05-28,40,0,0,0,0,0.0,0.0,0.0,0.0,0.0,0.0,0.0,0.0
2021-05-29,6,0,0,0,0,0.0,0.0,0.0,0.0,0.0,0.0,0.0,0.0
2021-05-30,17,0,0,0,0,0.0,0.0,0.0,0.0,0.0,0.0,0.0,0.0
2021-05-31,37,0,0,0,0,0.0,0.0,0.0,0.0,0.0,0.0,0.0,0.0
2021-06-01,35,0,0,0,0,0.0,0.0,0.0,0.0,0.0,0.0,0.0,0.0
2021-06-02,43,0,0,0,0,0.0,0.0,0.0,0.0,0.0,0.0,0.0,0.0
2021-06-03,42,0,0,0,0,0.0,0.0,0.0,0.0,0.0,0.0,0.0,0.0
2021-06-04,32,0,0,0,0,0.0,0.0,0.0,0.0,0.0,0.0,0.0,0.0
2021-06-05,6,0,0,0,0,0.0,0.0,0.0,0.0,0.0,0.0,0.0,0.0
2021-06-06,15,0,0,0,0,0.0,0.0,0.0,0.0,0.0,0.0,0.0,0.0
2021-06-07,31,0,0,0,0,0.0,0.0,0.0,0.0,0.0,0.0,0.0,0.0
2021-06-08,41,0,0,0,0,0.0,0.0,0.0,0.0,0.0,0.0,0.0,0.0
2021-06-09,46,0,0,0,0,0.0,0.0,0.0,0.0,0.0,0.0,0.0,0.0
2021-06-10,33,0,0,0,0,0.0,0.0,0.0,0.0,0.0,0.0,0.0,0.0
2021-06-11,32,0,0,0,0,0.0,0.0,0.0,0.0,0.0,0.0,0.0,0.0
2021-06-12,11,0,0,0,0,0.0,0.0,0.0,0.0,0.0,0.0,0.0,0.0
2021-06-13,18,0,0,0,0,0.0,0.0,0.0,0.0,0.0,0.0,0.0,0.0
2021-06-14,37,0,0,0,0,0.0,0.0,0.0,0.0,0.0,0.0,0.0,0.0
2021-06-15,36,0,0,0,0,0.0,0.0,0.0,0.0,0.0,0.0,0.0,0.0
2021-06-16,50,0,0,0,0,0.0,0.0,0.0,0.0,0.0,0.0,0.0,0.0
2021-06-17,40,0,0,0,0,0.0,0.0,0.0,0.0,0.0,0.0,0.0,0.0
2021-06-18,32,0,0,0,0,0.0,0.0,0.0,0.0,0.0,0.0,0.0,0.0
2021-06-19,9,0,0,0,0,0.0,0.0,0.0,0.0,0.0,0.0,0.0,0.0
2021-06-20,15,0,0,0,0,0.0,0.0,0.0,0.0,0.0,0.0,0.0,0.0
2021-06-21,33,0,0,0,0,0.0,0.0,0.0,0.0,0.0,0.0,0.0,0.0
2021-06-22,45,0,0,0,0,0.0,0.0,0.0,0.0,0.0,0.0,0.0,0.0
2021-06-23,42,0,0,0,0,0.0,0.0,0.0,0.0,0.0,0.0,0.0,0.0
2021-06-24,51,0,0,0,0,0.0,0.0,0.0,0.0,0.0,0.0,0.0,0.0
2021-06-25,29,0,0,0,0,0.0,0.0,0.0,0.0,0.0,0.0,0.0,0.0
2021-06-26,13,0,0,0,0,0.0,0.0,0.0,0.0,0.0,0.0,0.0,0.0
2021-06-27,22,0,0,0,0,0.0,0.0,0.0,0.0,0.0,0.0,0.0,0.0
2021-06-28,45,0,0,0,0,0.0,0.0,0.0,0.0,0.0,0.0,0.0,0.0
2021-06-29,58,0,0,0,0,0.0,0.0,0.0,0.0,0.0,0.0,0.0,0.0
2021-06-30,47,0,0,0,0,0.0,0.0,0.0,0.0,0.0,0.0,0.0,0.0
2021-07-01,38,0,0,0,0,0.0,0.0,0.0,0.0,0.0,0.0,0.0,0.0
2021-07-02,36,0,0,0,0,0.0,0.0,0.0,0.0,0.0,0.0,0.0,0.0
2021-07-03,18,0,0,0,0,0.0,0.0,0.0,0.0,0.0,0.0,0.0,0.0
2021-07-04,18,0,0,0,0,0.0,0.0,0.0,0.0,0.0,0.0,0.0,0.0
2021-07-05,37,0,0,0,0,0.0,0.0,0.0,0.0,0.0,0.0,0.0,0.0
2021-07-06,42,0,0,0,0,0.0,0.0,0.0,0.0,0.0,0.0,0.0,0.0
2021-07-07,45,0,0,0,0,0.0,0.0,0.0,0.0,0.0,0.0,0.0,0.0
2021-07-08,52,1,0,0,1,0.019230769230769232,19.230769230769234,0.0,0.0,0.0,0.0,0.019230769230769232,19.230769230769234
2021-07-09,33,0,0,0,0,0.0,0.0,0.0,0.0,0.0,0.0,0.0,0.0
2021-07-10,8,0,0,0,0,0.0,0.0,0.0,0.0,0.0,0.0,0.0,0.0
2021-07-11,17,0,0,0,0,0.0,0.0,0.0,0.0,0.0,0.0,0.0,0.0
2021-07-12,40,0,0,0,0,0.0,0.0,0.0,0.0,0.0,0.0,0.0,0.0
2021-07-13,38,0,0,0,0,0.0,0.0,0.0,0.0,0.0,0.0,0.0,0.0
2021-07-14,52,0,0,0,0,0.0,0.0,0.0,0.0,0.0,0.0,0.0,0.0
2021-07-15,40,0,0,0,0,0.0,0.0,0.0,0.0,0.0,0.0,0.0,0.0
2021-07-16,28,0,0,0,0,0.0,0.0,0.0,0.0,0.0,0.0,0.0,0.0
2021-07-17,10,0,0,0,0,0.0,0.0,0.0,0.0,0.0,0.0,0.0,0.0
2021-07-18,19,0,0,0,0,0.0,0.0,0.0,0.0,0.0,0.0,0.0,0.0
2021-07-19,33,0,0,0,0,0.0,0.0,0.0,0.0,0.0,0.0,0.0,0.0
2021-07-20,37,0,0,0,0,0.0,0.0,0.0,0.0,0.0,0.0,0.0,0.0
2021-07-21,41,0,0,0,0,0.0,0.0,0.0,0.0,0.0,0.0,0.0,0.0
2021-07-22,45,0,0,0,0,0.0,0.0,0.0,0.0,0.0,0.0,0.0,0.0
2021-07-23,33,0,0,0,0,0.0,0.0,0.0,0.0,0.0,0.0,0.0,0.0
2021-07-24,13,0,0,0,0,0.0,0.0,0.0,0.0,0.0,0.0,0.0,0.0
2021-07-25,16,0,0,0,0,0.0,0.0,0.0,0.0,0.0,0.0,0.0,0.0
2021-07-26,34,0,0,0,0,0.0,0.0,0.0,0.0,0.0,0.0,0.0,0.0
2021-07-27,45,0,0,0,0,0.0,0.0,0.0,0.0,0.0,0.0,0.0,0.0
2021-07-28,37,0,0,0,0,0.0,0.0,0.0,0.0,0.0,0.0,0.0,0.0
2021-07-29,42,0,0,0,0,0.0,0.0,0.0,0.0,0.0,0.0,0.0,0.0
2021-07-30,28,0,0,0,0,0.0,0.0,0.0,0.0,0.0,0.0,0.0,0.0
2021-07-31,10,0,0,0,0,0.0,0.0,0.0,0.0,0.0,0.0,0.0,0.0
2021-08-01,19,0,0,0,0,0.0,0.0,0.0,0.0,0.0,0.0,0.0,0.0
2021-08-02,44,1,0,1,0,0.022727272727272728,22.727272727272727,0.0,0.0,0.022727272727272728,22.727272727272727,0.0,0.0
2021-08-03,45,0,0,0,0,0.0,0.0,0.0,0.0,0.0,0.0,0.0,0.0
2021-08-04,54,0,0,0,0,0.0,0.0,0.0,0.0,0.0,0.0,0.0,0.0
2021-08-05,51,0,0,0,0,0.0,0.0,0.0,0.0,0.0,0.0,0.0,0.0
2021-08-06,1,0,0,0,0,0.0,0.0,0.0,0.0,0.0,0.0,0.0,0.0
2021-08-07,12,0,0,0,0,0.0,0.0,0.0,0.0,0.0,0.0,0.0,0.0
2021-08-08,13,0,0,0,0,0.0,0.0,0.0,0.0,0.0,0.0,0.0,0.0
2021-08-09,43,0,0,0,0,0.0,0.0,0.0,0.0,0.0,0.0,0.0,0.0
2021-08-10,39,0,0,0,0,0.0,0.0,0.0,0.0,0.0,0.0,0.0,0.0
2021-08-11,43,0,0,0,0,0.0,0.0,0.0,0.0,0.0,0.0,0.0,0.0
2021-08-12,41,0,0,0,0,0.0,0.0,0.0,0.0,0.0,0.0,0.0,0.0
2021-08-13,27,0,0,0,0,0.0,0.0,0.0,0.0,0.0,0.0,0.0,0.0
2021-08-14,14,0,0,0,0,0.0,0.0,0.0,0.0,0.0,0.0,0.0,0.0
2021-08-15,29,0,0,0,0,0.0,0.0,0.0,0.0,0.0,0.0,0.0,0.0
2021-08-16,53,0,0,0,0,0.0,0.0,0.0,0.0,0.0,0.0,0.0,0.0
2021-08-17,45,0,0,0,0,0.0,0.0,0.0,0.0,0.0,0.0,0.0,0.0
2021-08-18,47,0,0,0,0,0.0,0.0,0.0,0.0,0.0,0.0,0.0,0.0
2021-08-19,45,0,0,0,0,0.0,0.0,0.0,0.0,0.0,0.0,0.0,0.0
2021-08-20,34,0,0,0,0,0.0,0.0,0.0,0.0,0.0,0.0,0.0,0.0
2021-08-21,16,0,0,0,0,0.0,0.0,0.0,0.0,0.0,0.0,0.0,0.0
2021-08-22,17,0,0,0,0,0.0,0.0,0.0,0.0,0.0,0.0,0.0,0.0
2021-08-23,57,0,0,0,0,0.0,0.0,0.0,0.0,0.0,0.0,0.0,0.0
2021-08-24,52,0,0,0,0,0.0,0.0,0.0,0.0,0.0,0.0,0.0,0.0
2021-08-25,51,0,0,0,0,0.0,0.0,0.0,0.0,0.0,0.0,0.0,0.0
2021-08-26,40,0,0,0,0,0.0,0.0,0.0,0.0,0.0,0.0,0.0,0.0
2021-08-27,34,0,0,0,0,0.0,0.0,0.0,0.0,0.0,0.0,0.0,0.0
2021-08-28,10,0,0,0,0,0.0,0.0,0.0,0.0,0.0,0.0,0.0,0.0
2021-08-29,26,0,0,0,0,0.0,0.0,0.0,0.0,0.0,0.0,0.0,0.0
2021-08-30,36,0,0,0,0,0.0,0.0,0.0,0.0,0.0,0.0,0.0,0.0
2021-08-31,32,0,0,0,0,0.0,0.0,0.0,0.0,0.0,0.0,0.0,0.0
2021-09-01,39,0,0,0,0,0.0,0.0,0.0,0.0,0.0,0.0,0.0,0.0
2021-09-02,43,0,0,0,0,0.0,0.0,0.0,0.0,0.0,0.0,0.0,0.0
2021-09-03,37,0,0,0,0,0.0,0.0,0.0,0.0,0.0,0.0,0.0,0.0
2021-09-04,8,0,0,0,0,0.0,0.0,0.0,0.0,0.0,0.0,0.0,0.0
2021-09-05,16,0,0,0,0,0.0,0.0,0.0,0.0,0.0,0.0,0.0,0.0
2021-09-06,38,0,0,0,0,0.0,0.0,0.0,0.0,0.0,0.0,0.0,0.0
2021-09-07,46,0,0,0,0,0.0,0.0,0.0,0.0,0.0,0.0,0.0,0.0
2021-09-08,43,0,0,0,0,0.0,0.0,0.0,0.0,0.0,0.0,0.0,0.0
2021-09-09,45,0,0,0,0,0.0,0.0,0.0,0.0,0.0,0.0,0.0,0.0
2021-09-10,28,0,0,0,0,0.0,0.0,0.0,0.0,0.0,0.0,0.0,0.0
2021-09-11,7,0,0,0,0,0.0,0.0,0.0,0.0,0.0,0.0,0.0,0.0
2021-09-12,19,0,0,0,0,0.0,0.0,0.0,0.0,0.0,0.0,0.0,0.0
2021-09-13,41,0,0,0,0,0.0,0.0,0.0,0.0,0.0,0.0,0.0,0.0
2021-09-14,42,0,0,0,0,0.0,0.0,0.0,0.0,0.0,0.0,0.0,0.0
2021-09-15,37,0,0,0,0,0.0,0.0,0.0,0.0,0.0,0.0,0.0,0.0
2021-09-16,44,0,0,0,0,0.0,0.0,0.0,0.0,0.0,0.0,0.0,0.0
2021-09-17,28,0,0,0,0,0.0,0.0,0.0,0.0,0.0,0.0,0.0,0.0
2021-09-18,15,0,0,0,0,0.0,0.0,0.0,0.0,0.0,0.0,0.0,0.0
2021-09-19,23,0,0,0,0,0.0,0.0,0.0,0.0,0.0,0.0,0.0,0.0
2021-09-20,35,0,0,0,0,0.0,0.0,0.0,0.0,0.0,0.0,0.0,0.0
2021-09-21,50,0,0,0,0,0.0,0.0,0.0,0.0,0.0,0.0,0.0,0.0
2021-09-22,59,0,0,0,0,0.0,0.0,0.0,0.0,0.0,0.0,0.0,0.0
2021-09-23,54,0,0,0,0,0.0,0.0,0.0,0.0,0.0,0.0,0.0,0.0
2021-09-24,27,0,0,0,0,0.0,0.0,0.0,0.0,0.0,0.0,0.0,0.0
2021-09-25,15,0,0,0,0,0.0,0.0,0.0,0.0,0.0,0.0,0.0,0.0
2021-09-26,24,0,0,0,0,0.0,0.0,0.0,0.0,0.0,0.0,0.0,0.0
2021-09-27,41,0,0,0,0,0.0,0.0,0.0,0.0,0.0,0.0,0.0,0.0
2021-09-28,45,1,0,1,0,0.022222222222222223,22.22222222222222,0.0,0.0,0.022222222222222223,22.22222222222222,0.0,0.0
2021-09-29,49,0,0,0,0,0.0,0.0,0.0,0.0,0.0,0.0,0.0,0.0
2021-09-30,53,0,0,0,0,0.0,0.0,0.0,0.0,0.0,0.0,0.0,0.0
2021-10-01,38,0,0,0,0,0.0,0.0,0.0,0.0,0.0,0.0,0.0,0.0
2021-10-02,10,0,0,0,0,0.0,0.0,0.0,0.0,0.0,0.0,0.0,0.0
2021-10-03,28,0,0,0,0,0.0,0.0,0.0,0.0,0.0,0.0,0.0,0.0
2021-10-04,44,0,0,0,0,0.0,0.0,0.0,0.0,0.0,0.0,0.0,0.0
2021-10-05,46,0,0,0,0,0.0,0.0,0.0,0.0,0.0,0.0,0.0,0.0
2021-10-06,43,0,0,0,0,0.0,0.0,0.0,0.0,0.0,0.0,0.0,0.0
2021-10-07,34,0,0,0,0,0.0,0.0,0.0,0.0,0.0,0.0,0.0,0.0
2021-10-08,35,0,0,0,0,0.0,0.0,0.0,0.0,0.0,0.0,0.0,0.0
2021-10-09,6,0,0,0,0,0.0,0.0,0.0,0.0,0.0,0.0,0.0,0.0
2021-10-10,8,0,0,0,0,0.0,0.0,0.0,0.0,0.0,0.0,0.0,0.0
2021-10-11,47,0,0,0,0,0.0,0.0,0.0,0.0,0.0,0.0,0.0,0.0
2021-10-12,51,0,0,0,0,0.0,0.0,0.0,0.0,0.0,0.0,0.0,0.0
2021-10-13,35,0,0,0,0,0.0,0.0,0.0,0.0,0.0,0.0,0.0,0.0
2021-10-14,44,0,0,0,0,0.0,0.0,0.0,0.0,0.0,0.0,0.0,0.0
2021-10-15,40,0,0,0,0,0.0,0.0,0.0,0.0,0.0,0.0,0.0,0.0
2021-10-16,11,0,0,0,0,0.0,0.0,0.0,0.0,0.0,0.0,0.0,0.0
2021-10-17,21,0,0,0,0,0.0,0.0,0.0,0.0,0.0,0.0,0.0,0.0
2021-10-18,36,0,0,0,0,0.0,0.0,0.0,0.0,0.0,0.0,0.0,0.0
2021-10-19,42,0,0,0,0,0.0,0.0,0.0,0.0,0.0,0.0,0.0,0.0
2021-10-20,44,1,0,0,1,0.022727272727272728,22.727272727272727,0.0,0.0,0.0,0.0,0.022727272727272728,22.727272727272727
2021-10-21,46,0,0,0,0,0.0,0.0,0.0,0.0,0.0,0.0,0.0,0.0
2021-10-22,36,0,0,0,0,0.0,0.0,0.0,0.0,0.0,0.0,0.0,0.0
2021-10-23,5,0,0,0,0,0.0,0.0,0.0,0.0,0.0,0.0,0.0,0.0
2021-10-24,13,0,0,0,0,0.0,0.0,0.0,0.0,0.0,0.0,0.0,0.0
2021-10-25,41,0,0,0,0,0.0,0.0,0.0,0.0,0.0,0.0,0.0,0.0
2021-10-26,37,0,0,0,0,0.0,0.0,0.0,0.0,0.0,0.0,0.0,0.0
2021-10-27,38,1,0,0,1,0.02631578947368421,26.31578947368421,0.0,0.0,0.0,0.0,0.02631578947368421,26.31578947368421
2021-10-28,45,0,0,0,0,0.0,0.0,0.0,0.0,0.0,0.0,0.0,0.0
2021-10-29,34,0,0,0,0,0.0,0.0,0.0,0.0,0.0,0.0,0.0,0.0
2021-10-30,9,0,0,0,0,0.0,0.0,0.0,0.0,0.0,0.0,0.0,0.0
2021-10-31,21,0,0,0,0,0.0,0.0,0.0,0.0,0.0,0.0,0.0,0.0
2021-11-01,43,0,0,0,0,0.0,0.0,0.0,0.0,0.0,0.0,0.0,0.0
2021-11-02,35,0,0,0,0,0.0,0.0,0.0,0.0,0.0,0.0,0.0,0.0
2021-11-03,31,0,0,0,0,0.0,0.0,0.0,0.0,0.0,0.0,0.0,0.0
2021-11-04,43,0,0,0,0,0.0,0.0,0.0,0.0,0.0,0.0,0.0,0.0
2021-11-05,30,0,0,0,0,0.0,0.0,0.0,0.0,0.0,0.0,0.0,0.0
2021-11-06,15,0,0,0,0,0.0,0.0,0.0,0.0,0.0,0.0,0.0,0.0
2021-11-07,13,0,0,0,0,0.0,0.0,0.0,0.0,0.0,0.0,0.0,0.0
2021-11-08,33,0,0,0,0,0.0,0.0,0.0,0.0,0.0,0.0,0.0,0.0
2021-11-09,45,0,0,0,0,0.0,0.0,0.0,0.0,0.0,0.0,0.0,0.0
2021-11-10,40,0,0,0,0,0.0,0.0,0.0,0.0,0.0,0.0,0.0,0.0
2021-11-11,35,0,0,0,0,0.0,0.0,0.0,0.0,0.0,0.0,0.0,0.0
2021-11-12,36,0,0,0,0,0.0,0.0,0.0,0.0,0.0,0.0,0.0,0.0
2021-11-13,13,0,0,0,0,0.0,0.0,0.0,0.0,0.0,0.0,0.0,0.0
2021-11-14,23,0,0,0,0,0.0,0.0,0.0,0.0,0.0,0.0,0.0,0.0
2021-11-15,36,0,0,0,0,0.0,0.0,0.0,0.0,0.0,0.0,0.0,0.0
2021-11-16,43,0,0,0,0,0.0,0.0,0.0,0.0,0.0,0.0,0.0,0.0
2021-11-17,43,0,0,0,0,0.0,0.0,0.0,0.0,0.0,0.0,0.0,0.0
2021-11-18,37,0,0,0,0,0.0,0.0,0.0,0.0,0.0,0.0,0.0,0.0
2021-11-19,32,0,0,0,0,0.0,0.0,0.0,0.0,0.0,0.0,0.0,0.0
2021-11-20,12,0,0,0,0,0.0,0.0,0.0,0.0,0.0,0.0,0.0,0.0
2021-11-21,21,0,0,0,0,0.0,0.0,0.0,0.0,0.0,0.0,0.0,0.0
2021-11-22,40,0,0,0,0,0.0,0.0,0.0,0.0,0.0,0.0,0.0,0.0
2021-11-23,48,0,0,0,0,0.0,0.0,0.0,0.0,0.0,0.0,0.0,0.0
2021-11-24,42,0,0,0,0,0.0,0.0,0.0,0.0,0.0,0.0,0.0,0.0
2021-11-25,44,0,0,0,0,0.0,0.0,0.0,0.0,0.0,0.0,0.0,0.0
2021-11-26,31,0,0,0,0,0.0,0.0,0.0,0.0,0.0,0.0,0.0,0.0
2021-11-27,10,0,0,0,0,0.0,0.0,0.0,0.0,0.0,0.0,0.0,0.0
2021-11-28,15,0,0,0,0,0.0,0.0,0.0,0.0,0.0,0.0,0.0,0.0
2021-11-29,41,0,0,0,0,0.0,0.0,0.0,0.0,0.0,0.0,0.0,0.0
2021-11-30,38,0,0,0,0,0.0,0.0,0.0,0.0,0.0,0.0,0.0,0.0
2021-12-01,60,0,0,0,0,0.0,0.0,0.0,0.0,0.0,0.0,0.0,0.0
2021-12-02,67,0,0,0,0,0.0,0.0,0.0,0.0,0.0,0.0,0.0,0.0
2021-12-03,44,0,0,0,0,0.0,0.0,0.0,0.0,0.0,0.0,0.0,0.0
2021-12-04,26,0,0,0,0,0.0,0.0,0.0,0.0,0.0,0.0,0.0,0.0
2021-12-05,20,0,0,0,0,0.0,0.0,0.0,0.0,0.0,0.0,0.0,0.0
2021-12-06,52,0,0,0,0,0.0,0.0,0.0,0.0,0.0,0.0,0.0,0.0
2021-12-07,52,0,0,0,0,0.0,0.0,0.0,0.0,0.0,0.0,0.0,0.0
2021-12-08,50,1,0,0,1,0.02,20.0,0.0,0.0,0.0,0.0,0.02,20.0
2021-12-09,57,1,0,0,1,0.017543859649122806,17.543859649122805,0.0,0.0,0.0,0.0,0.017543859649122806,17.543859649122805
2021-12-10,47,0,0,0,0,0.0,0.0,0.0,0.0,0.0,0.0,0.0,0.0
2021-12-11,7,0,0,0,0,0.0,0.0,0.0,0.0,0.0,0.0,0.0,0.0
2021-12-12,11,0,0,0,0,0.0,0.0,0.0,0.0,0.0,0.0,0.0,0.0
2021-12-13,57,0,0,0,0,0.0,0.0,0.0,0.0,0.0,0.0,0.0,0.0
2021-12-14,54,0,0,0,0,0.0,0.0,0.0,0.0,0.0,0.0,0.0,0.0
2021-12-15,45,0,0,0,0,0.0,0.0,0.0,0.0,0.0,0.0,0.0,0.0
2021-12-16,37,0,0,0,0,0.0,0.0,0.0,0.0,0.0,0.0,0.0,0.0
2021-12-17,37,0,0,0,0,0.0,0.0,0.0,0.0,0.0,0.0,0.0,0.0
2021-12-18,11,0,0,0,0,0.0,0.0,0.0,0.0,0.0,0.0,0.0,0.0
2021-12-19,20,0,0,0,0,0.0,0.0,0.0,0.0,0.0,0.0,0.0,0.0
2021-12-20,25,0,0,0,0,0.0,0.0,0.0,0.0,0.0,0.0,0.0,0.0
2021-12-21,34,0,0,0,0,0.0,0.0,0.0,0.0,0.0,0.0,0.0,0.0
2021-12-22,43,0,0,0,0,0.0,0.0,0.0,0.0,0.0,0.0,0.0,0.0
2021-12-23,31,0,0,0,0,0.0,0.0,0.0,0.0,0.0,0.0,0.0,0.0
2021-12-24,31,0,0,0,0,0.0,0.0,0.0,0.0,0.0,0.0,0.0,0.0
2021-12-25,9,0,0,0,0,0.0,0.0,0.0,0.0,0.0,0.0,0.0,0.0
2021-12-26,9,0,0,0,0,0.0,0.0,0.0,0.0,0.0,0.0,0.0,0.0
2021-12-27,31,0,0,0,0,0.0,0.0,0.0,0.0,0.0,0.0,0.0,0.0
2021-12-28,34,0,0,0,0,0.0,0.0,0.0,0.0,0.0,0.0,0.0,0.0
2021-12-29,28,0,0,0,0,0.0,0.0,0.0,0.0,0.0,0.0,0.0,0.0
2021-12-30,28,0,0,0,0,0.0,0.0,0.0,0.0,0.0,0.0,0.0,0.0
2021-12-31,37,0,0,0,0,0.0,0.0,0.0,0.0,0.0,0.0,0.0,0.0
