date,brent_price,total_headlines,oil_headlines,market_price_headlines,supply_geopolitics_headlines,consumer_fuel_headlines,oil_share,oil_share_per_1000,market_price_share,market_price_share_per_1000,supply_geopolitics_share,supply_geopolitics_share_per_1000,consumer_fuel_share,consumer_fuel_share_per_1000
2003-02-19,33.16,198,0,0,0,0,0.0,0.0,0.0,0.0,0.0,0.0,0.0,0.0
2003-02-20,32.76,250,2,1,0,1,0.008,8.0,0.004,4.0,0.0,0.0,0.004,4.0
2003-02-21,32.76,250,3,0,0,3,0.012,12.0,0.0,0.0,0.0,0.0,0.012,12.0
2003-02-24,33.41,250,0,0,0,0,0.0,0.0,0.0,0.0,0.0,0.0,0.0,0.0
2003-02-25,33.64,250,0,0,0,0,0.0,0.0,0.0,0.0,0.0,0.0,0.0,0.0
2003-02-26,33.46,250,4,0,1,3,0.016,16.0,0.0,0.0,0.004,4.0,0.012,12.0
2003-02-27,34.09,221,2,2,0,0,0.00904977375565611,9.04977375565611,0.00904977375565611,9.04977375565611,0.0,0.0,0.0,0.0
2003-02-28,34.0,249,3,2,0,1,0.012048192771084338,12.048192771084338,0.008032128514056224,8.032128514056224,0.0,0.0,0.004016064257028112,4.016064257028112
2003-03-03,33.4,232,1,0,0,1,0.004310344827586207,4.310344827586206,0.0,0.0,0.0,0.0,0.004310344827586207,4.310344827586206
2003-03-04,34.37,215,1,0,0,1,0.004651162790697674,4.651162790697675,0.0,0.0,0.0,0.0,0.004651162790697674,4.651162790697675
2003-03-05,33.92,239,0,0,0,0,0.0,0.0,0.0,0.0,0.0,0.0,0.0,0.0
2003-03-06,34.39,214,1,0,1,0,0.004672897196261682,4.672897196261682,0.0,0.0,0.004672897196261682,4.672897196261682,0.0,0.0
2003-03-07,34.47,209,0,0,0,0,0.0,0.0,0.0,0.0,0.0,0.0,0.0,0.0
2003-03-10,34.94,217,0,0,0,0,0.0,0.0,0.0,0.0,0.0,0.0,0.0,0.0
2003-03-11,34.06,220,1,0,1,0,0.004545454545454545,4.545454545454545,0.0,0.0,0.004545454545454545,4.545454545454545,0.0,0.0
2003-03-12,34.16,226,0,0,0,0,0.0,0.0,0.0,0.0,0.0,0.0,0.0,0.0
2003-03-13,33.98,224,0,0,0,0,0.0,0.0,0.0,0.0,0.0,0.0,0.0,0.0
2003-03-14,31.48,229,1,0,0,1,0.004366812227074236,4.366812227074235,0.0,0.0,0.0,0.0,0.004366812227074236,4.366812227074235
2003-03-17,30.35,226,0,0,0,0,0.0,0.0,0.0,0.0,0.0,0.0,0.0,0.0
2003-03-18,28.55,226,0,0,0,0,0.0,0.0,0.0,0.0,0.0,0.0,0.0,0.0
2003-03-19,28.4,225,2,1,0,1,0.008888888888888889,8.88888888888889,0.0044444444444444444,4.444444444444445,0.0,0.0,0.0044444444444444444,4.444444444444445
2003-03-20,28.0,219,4,0,3,1,0.0182648401826484,18.2648401826484,0.0,0.0,0.0136986301369863,13.698630136986301,0.0045662100456621,4.5662100456621
2003-03-21,25.59,215,2,1,2,0,0.009302325581395349,9.30232558139535,0.004651162790697674,4.651162790697675,0.009302325581395349,9.30232558139535,0.0,0.0
2003-03-24,26.54,233,4,1,4,0,0.017167381974248927,17.167381974248926,0.004291845493562232,4.291845493562231,0.017167381974248927,17.167381974248926,0.0,0.0
2003-03-25,27.28,234,2,0,1,1,0.008547008547008548,8.547008547008549,0.0,0.0,0.004273504273504274,4.273504273504274,0.004273504273504274,4.273504273504274
2003-03-26,25.98,224,0,0,0,0,0.0,0.0,0.0,0.0,0.0,0.0,0.0,0.0
2003-03-27,27.29,228,0,0,0,0,0.0,0.0,0.0,0.0,0.0,0.0,0.0,0.0
2003-03-28,27.66,223,4,0,3,1,0.017937219730941704,17.937219730941703,0.0,0.0,0.013452914798206279,13.45291479820628,0.004484304932735426,4.484304932735426
2003-03-31,28.05,234,3,0,2,1,0.01282051282051282,12.82051282051282,0.0,0.0,0.008547008547008548,8.547008547008549,0.004273504273504274,4.273504273504274
2003-04-01,27.94,215,0,0,0,0,0.0,0.0,0.0,0.0,0.0,0.0,0.0,0.0
2003-04-02,26.29,226,1,0,0,1,0.004424778761061947,4.424778761061947,0.0,0.0,0.0,0.0,0.004424778761061947,4.424778761061947
2003-04-03,26.75,219,0,0,0,0,0.0,0.0,0.0,0.0,0.0,0.0,0.0,0.0
2003-04-04,25.62,207,0,0,0,0,0.0,0.0,0.0,0.0,0.0,0.0,0.0,0.0
2003-04-07,25.27,216,1,0,1,0,0.004629629629629629,4.62962962962963,0.0,0.0,0.004629629629629629,4.62962962962963,0.0,0.0
2003-04-08,24.88,212,1,0,1,0,0.0047169811320754715,4.716981132075471,0.0,0.0,0.0047169811320754715,4.716981132075471,0.0,0.0
2003-04-09,25.11,219,0,0,0,0,0.0,0.0,0.0,0.0,0.0,0.0,0.0,0.0
2003-04-10,25.16,215,0,0,0,0,0.0,0.0,0.0,0.0,0.0,0.0,0.0,0.0
2003-04-11,24.39,202,0,0,0,0,0.0,0.0,0.0,0.0,0.0,0.0,0.0,0.0
2003-04-14,24.72,210,0,0,0,0,0.0,0.0,0.0,0.0,0.0,0.0,0.0,0.0
2003-04-15,24.74,234,1,0,1,0,0.004273504273504274,4.273504273504274,0.0,0.0,0.004273504273504274,4.273504273504274,0.0,0.0
2003-04-16,24.86,221,1,0,1,0,0.004524886877828055,4.524886877828055,0.0,0.0,0.004524886877828055,4.524886877828055,0.0,0.0
2003-04-17,25.36,237,0,0,0,0,0.0,0.0,0.0,0.0,0.0,0.0,0.0,0.0
2003-04-18,25.76,195,1,0,0,1,0.005128205128205128,5.128205128205129,0.0,0.0,0.0,0.0,0.005128205128205128,5.128205128205129
2003-04-21,25.76,210,1,0,1,0,0.004761904761904762,4.761904761904763,0.0,0.0,0.004761904761904762,4.761904761904763,0.0,0.0
2003-04-22,25.72,220,0,0,0,0,0.0,0.0,0.0,0.0,0.0,0.0,0.0,0.0
2003-04-23,24.56,214,0,0,0,0,0.0,0.0,0.0,0.0,0.0,0.0,0.0,0.0
2003-04-24,24.06,221,1,1,0,0,0.004524886877828055,4.524886877828055,0.004524886877828055,4.524886877828055,0.0,0.0,0.0,0.0
2003-04-25,24.29,226,1,1,1,0,0.004424778761061947,4.424778761061947,0.004424778761061947,4.424778761061947,0.004424778761061947,4.424778761061947,0.0,0.0
2003-04-28,23.42,218,0,0,0,0,0.0,0.0,0.0,0.0,0.0,0.0,0.0,0.0
2003-04-29,23.23,213,0,0,0,0,0.0,0.0,0.0,0.0,0.0,0.0,0.0,0.0
2003-04-30,23.6,211,0,0,0,0,0.0,0.0,0.0,0.0,0.0,0.0,0.0,0.0
2003-05-01,23.79,221,0,0,0,0,0.0,0.0,0.0,0.0,0.0,0.0,0.0,0.0
2003-05-02,23.73,216,0,0,0,0,0.0,0.0,0.0,0.0,0.0,0.0,0.0,0.0
2003-05-05,23.59,231,0,0,0,0,0.0,0.0,0.0,0.0,0.0,0.0,0.0,0.0
2003-05-06,23.91,232,2,0,1,1,0.008620689655172414,8.620689655172413,0.0,0.0,0.004310344827586207,4.310344827586206,0.004310344827586207,4.310344827586206
2003-05-07,24.01,222,0,0,0,0,0.0,0.0,0.0,0.0,0.0,0.0,0.0,0.0
2003-05-08,24.48,238,1,0,0,1,0.004201680672268907,4.201680672268908,0.0,0.0,0.0,0.0,0.004201680672268907,4.201680672268908
2003-05-09,25.55,230,0,0,0,0,0.0,0.0,0.0,0.0,0.0,0.0,0.0,0.0
2003-05-12,25.69,221,0,0,0,0,0.0,0.0,0.0,0.0,0.0,0.0,0.0,0.0
2003-05-13,25.45,212,0,0,0,0,0.0,0.0,0.0,0.0,0.0,0.0,0.0,0.0
2003-05-14,25.98,222,0,0,0,0,0.0,0.0,0.0,0.0,0.0,0.0,0.0,0.0
2003-05-15,26.77,233,0,0,0,0,0.0,0.0,0.0,0.0,0.0,0.0,0.0,0.0
2003-05-16,27.18,220,1,0,0,1,0.004545454545454545,4.545454545454545,0.0,0.0,0.0,0.0,0.004545454545454545,4.545454545454545
2003-05-19,27.23,238,0,0,0,0,0.0,0.0,0.0,0.0,0.0,0.0,0.0,0.0
2003-05-20,26.69,243,0,0,0,0,0.0,0.0,0.0,0.0,0.0,0.0,0.0,0.0
2003-05-21,27.58,246,0,0,0,0,0.0,0.0,0.0,0.0,0.0,0.0,0.0,0.0
2003-05-22,27.32,245,2,0,1,1,0.00816326530612245,8.16326530612245,0.0,0.0,0.004081632653061225,4.081632653061225,0.004081632653061225,4.081632653061225
2003-05-23,27.14,245,1,0,0,1,0.004081632653061225,4.081632653061225,0.0,0.0,0.0,0.0,0.004081632653061225,4.081632653061225
2003-05-26,26.78,244,1,0,1,0,0.004098360655737705,4.0983606557377055,0.0,0.0,0.004098360655737705,4.0983606557377055,0.0,0.0
2003-05-27,26.55,238,0,0,0,0,0.0,0.0,0.0,0.0,0.0,0.0,0.0,0.0
2003-05-28,26.48,240,1,0,0,1,0.004166666666666667,4.166666666666667,0.0,0.0,0.0,0.0,0.004166666666666667,4.166666666666667
2003-05-29,26.39,238,1,0,0,1,0.004201680672268907,4.201680672268908,0.0,0.0,0.0,0.0,0.004201680672268907,4.201680672268908
2003-05-30,26.58,241,0,0,0,0,0.0,0.0,0.0,0.0,0.0,0.0,0.0,0.0
2003-06-02,27.56,240,0,0,0,0,0.0,0.0,0.0,0.0,0.0,0.0,0.0,0.0
2003-06-03,27.99,239,0,0,0,0,0.0,0.0,0.0,0.0,0.0,0.0,0.0,0.0
2003-06-04,27.49,241,0,0,0,0,0.0,0.0,0.0,0.0,0.0,0.0,0.0,0.0
2003-06-05,28.16,241,0,0,0,0,0.0,0.0,0.0,0.0,0.0,0.0,0.0,0.0
2003-06-06,28.38,240,1,0,0,1,0.004166666666666667,4.166666666666667,0.0,0.0,0.0,0.0,0.004166666666666667,4.166666666666667
2003-06-09,28.62,234,0,0,0,0,0.0,0.0,0.0,0.0,0.0,0.0,0.0,0.0
2003-06-10,28.44,235,0,0,0,0,0.0,0.0,0.0,0.0,0.0,0.0,0.0,0.0
2003-06-11,28.97,241,1,0,1,0,0.004149377593360996,4.149377593360996,0.0,0.0,0.004149377593360996,4.149377593360996,0.0,0.0
2003-06-12,28.48,237,1,0,0,1,0.004219409282700422,4.219409282700422,0.0,0.0,0.0,0.0,0.004219409282700422,4.219409282700422
2003-06-13,27.39,241,1,0,1,0,0.004149377593360996,4.149377593360996,0.0,0.0,0.004149377593360996,4.149377593360996,0.0,0.0
2003-06-16,27.5,240,0,0,0,0,0.0,0.0,0.0,0.0,0.0,0.0,0.0,0.0
2003-06-17,27.14,243,0,0,0,0,0.0,0.0,0.0,0.0,0.0,0.0,0.0,0.0
2003-06-18,26.43,237,1,0,1,0,0.004219409282700422,4.219409282700422,0.0,0.0,0.004219409282700422,4.219409282700422,0.0,0.0
2003-06-19,26.21,239,1,0,1,0,0.0041841004184100415,4.184100418410042,0.0,0.0,0.0041841004184100415,4.184100418410042,0.0,0.0
2003-06-20,27.13,245,0,0,0,0,0.0,0.0,0.0,0.0,0.0,0.0,0.0,0.0
2003-06-23,27.13,236,0,0,0,0,0.0,0.0,0.0,0.0,0.0,0.0,0.0,0.0
2003-06-24,26.96,246,0,0,0,0,0.0,0.0,0.0,0.0,0.0,0.0,0.0,0.0
2003-06-25,27.34,243,0,0,0,0,0.0,0.0,0.0,0.0,0.0,0.0,0.0,0.0
2003-06-26,27.06,239,1,0,1,0,0.0041841004184100415,4.184100418410042,0.0,0.0,0.0041841004184100415,4.184100418410042,0.0,0.0
2003-06-27,27.45,243,0,0,0,0,0.0,0.0,0.0,0.0,0.0,0.0,0.0,0.0
2003-06-30,28.88,210,0,0,0,0,0.0,0.0,0.0,0.0,0.0,0.0,0.0,0.0
2003-07-01,28.33,229,1,0,0,1,0.004366812227074236,4.366812227074235,0.0,0.0,0.0,0.0,0.004366812227074236,4.366812227074235
2003-07-02,28.2,215,1,0,0,1,0.004651162790697674,4.651162790697675,0.0,0.0,0.0,0.0,0.004651162790697674,4.651162790697675
2003-07-03,28.63,196,0,0,0,0,0.0,0.0,0.0,0.0,0.0,0.0,0.0,0.0
2003-07-04,27.97,238,1,0,0,1,0.004201680672268907,4.201680672268908,0.0,0.0,0.0,0.0,0.004201680672268907,4.201680672268908
2003-07-07,27.23,233,0,0,0,0,0.0,0.0,0.0,0.0,0.0,0.0,0.0,0.0
2003-07-08,27.95,238,1,0,1,0,0.004201680672268907,4.201680672268908,0.0,0.0,0.004201680672268907,4.201680672268908,0.0,0.0
2003-07-09,28.21,236,0,0,0,0,0.0,0.0,0.0,0.0,0.0,0.0,0.0,0.0
2003-07-10,29.37,242,1,0,0,1,0.004132231404958678,4.132231404958678,0.0,0.0,0.0,0.0,0.004132231404958678,4.132231404958678
2003-07-11,29.36,233,0,0,0,0,0.0,0.0,0.0,0.0,0.0,0.0,0.0,0.0
2003-07-14,28.52,231,1,0,1,0,0.004329004329004329,4.329004329004329,0.0,0.0,0.004329004329004329,4.329004329004329,0.0,0.0
2003-07-15,28.87,236,0,0,0,0,0.0,0.0,0.0,0.0,0.0,0.0,0.0,0.0
2003-07-16,28.51,242,0,0,0,0,0.0,0.0,0.0,0.0,0.0,0.0,0.0,0.0
2003-07-17,28.59,240,0,0,0,0,0.0,0.0,0.0,0.0,0.0,0.0,0.0,0.0
2003-07-18,29.2,242,1,0,1,0,0.004132231404958678,4.132231404958678,0.0,0.0,0.004132231404958678,4.132231404958678,0.0,0.0
2003-07-21,28.01,240,1,0,0,1,0.004166666666666667,4.166666666666667,0.0,0.0,0.0,0.0,0.004166666666666667,4.166666666666667
2003-07-22,28.4,239,0,0,0,0,0.0,0.0,0.0,0.0,0.0,0.0,0.0,0.0
2003-07-23,27.67,242,1,0,1,0,0.004132231404958678,4.132231404958678,0.0,0.0,0.004132231404958678,4.132231404958678,0.0,0.0
2003-07-24,27.73,244,0,0,0,0,0.0,0.0,0.0,0.0,0.0,0.0,0.0,0.0
2003-07-25,28.3,241,0,0,0,0,0.0,0.0,0.0,0.0,0.0,0.0,0.0,0.0
2003-07-28,27.71,227,0,0,0,0,0.0,0.0,0.0,0.0,0.0,0.0,0.0,0.0
2003-07-29,28.27,239,0,0,0,0,0.0,0.0,0.0,0.0,0.0,0.0,0.0,0.0
2003-07-30,28.31,227,0,0,0,0,0.0,0.0,0.0,0.0,0.0,0.0,0.0,0.0
2003-07-31,28.68,245,0,0,0,0,0.0,0.0,0.0,0.0,0.0,0.0,0.0,0.0
2003-08-01,29.63,241,1,0,1,0,0.004149377593360996,4.149377593360996,0.0,0.0,0.004149377593360996,4.149377593360996,0.0,0.0
2003-08-04,29.91,244,0,0,0,0,0.0,0.0,0.0,0.0,0.0,0.0,0.0,0.0
2003-08-05,30.37,244,0,0,0,0,0.0,0.0,0.0,0.0,0.0,0.0,0.0,0.0
2003-08-06,30.01,246,0,0,0,0,0.0,0.0,0.0,0.0,0.0,0.0,0.0,0.0
2003-08-07,30.06,239,1,0,0,1,0.0041841004184100415,4.184100418410042,0.0,0.0,0.0,0.0,0.0041841004184100415,4.184100418410042
2003-08-08,30.59,231,0,0,0,0,0.0,0.0,0.0,0.0,0.0,0.0,0.0,0.0
2003-08-11,30.05,236,0,0,0,0,0.0,0.0,0.0,0.0,0.0,0.0,0.0,0.0
2003-08-12,30.13,245,0,0,0,0,0.0,0.0,0.0,0.0,0.0,0.0,0.0,0.0
2003-08-13,29.66,242,0,0,0,0,0.0,0.0,0.0,0.0,0.0,0.0,0.0,0.0
2003-08-14,28.96,219,0,0,0,0,0.0,0.0,0.0,0.0,0.0,0.0,0.0,0.0
2003-08-15,29.18,244,0,0,0,0,0.0,0.0,0.0,0.0,0.0,0.0,0.0,0.0
2003-08-18,29.88,240,0,0,0,0,0.0,0.0,0.0,0.0,0.0,0.0,0.0,0.0
2003-08-19,29.18,245,1,0,1,0,0.004081632653061225,4.081632653061225,0.0,0.0,0.004081632653061225,4.081632653061225,0.0,0.0
2003-08-20,29.28,233,1,0,0,1,0.004291845493562232,4.291845493562231,0.0,0.0,0.0,0.0,0.004291845493562232,4.291845493562231
2003-08-21,29.95,226,1,1,0,0,0.004424778761061947,4.424778761061947,0.004424778761061947,4.424778761061947,0.0,0.0,0.0,0.0
2003-08-22,30.22,206,0,0,0,0,0.0,0.0,0.0,0.0,0.0,0.0,0.0,0.0
2003-08-25,29.98,222,1,0,1,0,0.0045045045045045045,4.504504504504505,0.0,0.0,0.0045045045045045045,4.504504504504505,0.0,0.0
2003-08-26,30.08,225,1,0,1,0,0.0044444444444444444,4.444444444444445,0.0,0.0,0.0044444444444444444,4.444444444444445,0.0,0.0
2003-08-27,30.05,206,0,0,0,0,0.0,0.0,0.0,0.0,0.0,0.0,0.0,0.0
2003-08-28,30.1,215,0,0,0,0,0.0,0.0,0.0,0.0,0.0,0.0,0.0,0.0
2003-08-29,30.38,208,0,0,0,0,0.0,0.0,0.0,0.0,0.0,0.0,0.0,0.0
2003-09-01,29.64,235,0,0,0,0,0.0,0.0,0.0,0.0,0.0,0.0,0.0,0.0
2003-09-02,28.08,226,0,0,0,0,0.0,0.0,0.0,0.0,0.0,0.0,0.0,0.0
2003-09-03,27.89,216,0,0,0,0,0.0,0.0,0.0,0.0,0.0,0.0,0.0,0.0
2003-09-04,27.49,225,0,0,0,0,0.0,0.0,0.0,0.0,0.0,0.0,0.0,0.0
2003-09-05,27.72,222,0,0,0,0,0.0,0.0,0.0,0.0,0.0,0.0,0.0,0.0
2003-09-08,28.47,236,0,0,0,0,0.0,0.0,0.0,0.0,0.0,0.0,0.0,0.0
2003-09-09,27.64,244,0,0,0,0,0.0,0.0,0.0,0.0,0.0,0.0,0.0,0.0
2003-09-10,27.76,220,0,0,0,0,0.0,0.0,0.0,0.0,0.0,0.0,0.0,0.0
2003-09-11,27.48,218,0,0,0,0,0.0,0.0,0.0,0.0,0.0,0.0,0.0,0.0
2003-09-12,26.52,229,0,0,0,0,0.0,0.0,0.0,0.0,0.0,0.0,0.0,0.0
2003-09-15,26.38,216,1,0,1,0,0.004629629629629629,4.62962962962963,0.0,0.0,0.004629629629629629,4.62962962962963,0.0,0.0
2003-09-16,26.28,200,1,0,1,0,0.005,5.0,0.0,0.0,0.005,5.0,0.0,0.0
2003-09-17,25.76,235,1,0,1,0,0.00425531914893617,4.25531914893617,0.0,0.0,0.00425531914893617,4.25531914893617,0.0,0.0
2003-09-18,25.56,232,0,0,0,0,0.0,0.0,0.0,0.0,0.0,0.0,0.0,0.0
2003-09-19,25.51,226,1,0,0,1,0.004424778761061947,4.424778761061947,0.0,0.0,0.0,0.0,0.004424778761061947,4.424778761061947
2003-09-22,25.82,208,0,0,0,0,0.0,0.0,0.0,0.0,0.0,0.0,0.0,0.0
2003-09-23,25.74,227,0,0,0,0,0.0,0.0,0.0,0.0,0.0,0.0,0.0,0.0
2003-09-24,26.81,223,1,1,1,0,0.004484304932735426,4.484304932735426,0.004484304932735426,4.484304932735426,0.004484304932735426,4.484304932735426,0.0,0.0
2003-09-25,27.04,228,3,1,3,0,0.013157894736842105,13.157894736842104,0.0043859649122807015,4.385964912280701,0.013157894736842105,13.157894736842104,0.0,0.0
2003-09-26,27.02,201,5,1,5,0,0.024875621890547265,24.875621890547265,0.004975124378109453,4.975124378109452,0.024875621890547265,24.875621890547265,0.0,0.0
2003-09-29,27.77,199,0,0,0,0,0.0,0.0,0.0,0.0,0.0,0.0,0.0,0.0
2003-09-30,28.09,226,2,0,2,0,0.008849557522123894,8.849557522123893,0.0,0.0,0.008849557522123894,8.849557522123893,0.0,0.0
2003-10-01,27.98,248,0,0,0,0,0.0,0.0,0.0,0.0,0.0,0.0,0.0,0.0
2003-10-02,28.9,230,0,0,0,0,0.0,0.0,0.0,0.0,0.0,0.0,0.0,0.0
2003-10-03,29.14,237,0,0,0,0,0.0,0.0,0.0,0.0,0.0,0.0,0.0,0.0
2003-10-06,29.75,211,1,0,0,1,0.004739336492890996,4.739336492890995,0.0,0.0,0.0,0.0,0.004739336492890996,4.739336492890995
2003-10-07,29.35,248,0,0,0,0,0.0,0.0,0.0,0.0,0.0,0.0,0.0,0.0
2003-10-08,28.96,241,0,0,0,0,0.0,0.0,0.0,0.0,0.0,0.0,0.0,0.0
2003-10-09,30.21,242,0,0,0,0,0.0,0.0,0.0,0.0,0.0,0.0,0.0,0.0
2003-10-10,31.13,234,1,0,1,0,0.004273504273504274,4.273504273504274,0.0,0.0,0.004273504273504274,4.273504273504274,0.0,0.0
2003-10-13,31.0,212,0,0,0,0,0.0,0.0,0.0,0.0,0.0,0.0,0.0,0.0
2003-10-14,31.45,238,0,0,0,0,0.0,0.0,0.0,0.0,0.0,0.0,0.0,0.0
2003-10-15,31.23,245,0,0,0,0,0.0,0.0,0.0,0.0,0.0,0.0,0.0,0.0
2003-10-16,31.05,245,0,0,0,0,0.0,0.0,0.0,0.0,0.0,0.0,0.0,0.0
2003-10-17,30.27,247,2,0,2,0,0.008097165991902834,8.097165991902834,0.0,0.0,0.008097165991902834,8.097165991902834,0.0,0.0
2003-10-20,29.78,245,0,0,0,0,0.0,0.0,0.0,0.0,0.0,0.0,0.0,0.0
2003-10-21,29.61,245,0,0,0,0,0.0,0.0,0.0,0.0,0.0,0.0,0.0,0.0
2003-10-22,29.25,246,0,0,0,0,0.0,0.0,0.0,0.0,0.0,0.0,0.0,0.0
2003-10-23,29.63,241,0,0,0,0,0.0,0.0,0.0,0.0,0.0,0.0,0.0,0.0
2003-10-24,30.01,242,0,0,0,0,0.0,0.0,0.0,0.0,0.0,0.0,0.0,0.0
2003-10-27,29.38,244,0,0,0,0,0.0,0.0,0.0,0.0,0.0,0.0,0.0,0.0
2003-10-28,28.99,246,0,0,0,0,0.0,0.0,0.0,0.0,0.0,0.0,0.0,0.0
2003-10-29,28.56,246,1,0,1,0,0.0040650406504065045,4.065040650406504,0.0,0.0,0.0040650406504065045,4.065040650406504,0.0,0.0
2003-10-30,27.47,245,0,0,0,0,0.0,0.0,0.0,0.0,0.0,0.0,0.0,0.0
2003-10-31,27.88,233,0,0,0,0,0.0,0.0,0.0,0.0,0.0,0.0,0.0,0.0
2003-11-03,27.78,242,1,0,1,0,0.004132231404958678,4.132231404958678,0.0,0.0,0.004132231404958678,4.132231404958678,0.0,0.0
2003-11-04,27.32,151,1,0,1,0,0.006622516556291391,6.622516556291391,0.0,0.0,0.006622516556291391,6.622516556291391,0.0,0.0
2003-11-05,27.9,160,0,0,0,0,0.0,0.0,0.0,0.0,0.0,0.0,0.0,0.0
2003-11-06,28.52,228,0,0,0,0,0.0,0.0,0.0,0.0,0.0,0.0,0.0,0.0
2003-11-07,28.73,235,0,0,0,0,0.0,0.0,0.0,0.0,0.0,0.0,0.0,0.0
2003-11-10,28.82,222,0,0,0,0,0.0,0.0,0.0,0.0,0.0,0.0,0.0,0.0
2003-11-11,28.88,196,0,0,0,0,0.0,0.0,0.0,0.0,0.0,0.0,0.0,0.0
2003-11-12,28.58,229,0,0,0,0,0.0,0.0,0.0,0.0,0.0,0.0,0.0,0.0
2003-11-13,29.01,241,0,0,0,0,0.0,0.0,0.0,0.0,0.0,0.0,0.0,0.0
2003-11-14,29.78,240,0,0,0,0,0.0,0.0,0.0,0.0,0.0,0.0,0.0,0.0
2003-11-17,28.98,231,1,0,0,1,0.004329004329004329,4.329004329004329,0.0,0.0,0.0,0.0,0.004329004329004329,4.329004329004329
2003-11-18,29.26,221,1,0,1,0,0.004524886877828055,4.524886877828055,0.0,0.0,0.004524886877828055,4.524886877828055,0.0,0.0
2003-11-19,30.13,195,1,1,0,0,0.005128205128205128,5.128205128205129,0.005128205128205128,5.128205128205129,0.0,0.0,0.0,0.0
2003-11-20,29.88,247,0,0,0,0,0.0,0.0,0.0,0.0,0.0,0.0,0.0,0.0
2003-11-21,29.79,244,1,0,0,1,0.004098360655737705,4.0983606557377055,0.0,0.0,0.0,0.0,0.004098360655737705,4.0983606557377055
2003-11-24,27.99,214,0,0,0,0,0.0,0.0,0.0,0.0,0.0,0.0,0.0,0.0
2003-11-25,27.62,240,0,0,0,0,0.0,0.0,0.0,0.0,0.0,0.0,0.0,0.0
2003-11-26,28.23,244,0,0,0,0,0.0,0.0,0.0,0.0,0.0,0.0,0.0,0.0
2003-11-27,28.9,239,0,0,0,0,0.0,0.0,0.0,0.0,0.0,0.0,0.0,0.0
2003-11-28,28.95,227,0,0,0,0,0.0,0.0,0.0,0.0,0.0,0.0,0.0,0.0
2003-12-01,28.17,246,0,0,0,0,0.0,0.0,0.0,0.0,0.0,0.0,0.0,0.0
2003-12-02,29.1,240,1,0,1,0,0.004166666666666667,4.166666666666667,0.0,0.0,0.004166666666666667,4.166666666666667,0.0,0.0
2003-12-03,29.26,240,0,0,0,0,0.0,0.0,0.0,0.0,0.0,0.0,0.0,0.0
2003-12-04,29.25,248,0,0,0,0,0.0,0.0,0.0,0.0,0.0,0.0,0.0,0.0
2003-12-05,28.87,246,1,0,1,0,0.0040650406504065045,4.065040650406504,0.0,0.0,0.0040650406504065045,4.065040650406504,0.0,0.0
2003-12-08,30.52,242,1,0,1,0,0.004132231404958678,4.132231404958678,0.0,0.0,0.004132231404958678,4.132231404958678,0.0,0.0
2003-12-09,30.27,238,1,0,0,1,0.004201680672268907,4.201680672268908,0.0,0.0,0.0,0.0,0.004201680672268907,4.201680672268908
2003-12-10,30.02,245,0,0,0,0,0.0,0.0,0.0,0.0,0.0,0.0,0.0,0.0
2003-12-11,29.79,244,0,0,0,0,0.0,0.0,0.0,0.0,0.0,0.0,0.0,0.0
2003-12-12,30.24,243,1,0,1,0,0.00411522633744856,4.11522633744856,0.0,0.0,0.00411522633744856,4.11522633744856,0.0,0.0
2003-12-15,30.89,245,0,0,0,0,0.0,0.0,0.0,0.0,0.0,0.0,0.0,0.0
2003-12-16,30.64,243,2,0,0,2,0.00823045267489712,8.23045267489712,0.0,0.0,0.0,0.0,0.00823045267489712,8.23045267489712
2003-12-17,31.01,218,2,0,1,1,0.009174311926605505,9.174311926605505,0.0,0.0,0.0045871559633027525,4.587155963302752,0.0045871559633027525,4.587155963302752
2003-12-18,30.79,206,2,0,2,0,0.009708737864077669,9.70873786407767,0.0,0.0,0.009708737864077669,9.70873786407767,0.0,0.0
2003-12-19,31.03,193,0,0,0,0,0.0,0.0,0.0,0.0,0.0,0.0,0.0,0.0
2003-12-22,28.78,184,0,0,0,0,0.0,0.0,0.0,0.0,0.0,0.0,0.0,0.0
2003-12-23,28.3,168,2,0,2,0,0.011904761904761904,11.904761904761903,0.0,0.0,0.011904761904761904,11.904761904761903,0.0,0.0
2003-12-24,29.45,176,0,0,0,0,0.0,0.0,0.0,0.0,0.0,0.0,0.0,0.0
2003-12-29,29.17,135,0,0,0,0,0.0,0.0,0.0,0.0,0.0,0.0,0.0,0.0
2003-12-30,30.1,179,1,0,1,0,0.00558659217877095,5.58659217877095,0.0,0.0,0.00558659217877095,5.58659217877095,0.0,0.0
2003-12-31,30.3,183,0,0,0,0,0.0,0.0,0.0,0.0,0.0,0.0,0.0,0.0
2004-01-02,29.55,165,1,0,1,0,0.006060606060606061,6.0606060606060606,0.0,0.0,0.006060606060606061,6.0606060606060606,0.0,0.0
2004-01-05,32.3,215,0,0,0,0,0.0,0.0,0.0,0.0,0.0,0.0,0.0,0.0
2004-01-06,31.2,220,0,0,0,0,0.0,0.0,0.0,0.0,0.0,0.0,0.0,0.0
2004-01-07,30.99,226,0,0,0,0,0.0,0.0,0.0,0.0,0.0,0.0,0.0,0.0
2004-01-08,31.11,217,0,0,0,0,0.0,0.0,0.0,0.0,0.0,0.0,0.0,0.0
2004-01-09,31.91,191,1,1,1,0,0.005235602094240838,5.235602094240838,0.005235602094240838,5.235602094240838,0.005235602094240838,5.235602094240838,0.0,0.0
2004-01-12,31.41,177,0,0,0,0,0.0,0.0,0.0,0.0,0.0,0.0,0.0,0.0
2004-01-13,32.55,207,1,0,1,0,0.004830917874396135,4.830917874396135,0.0,0.0,0.004830917874396135,4.830917874396135,0.0,0.0
2004-01-14,31.84,235,1,0,0,1,0.00425531914893617,4.25531914893617,0.0,0.0,0.0,0.0,0.00425531914893617,4.25531914893617
2004-01-15,31.43,206,0,0,0,0,0.0,0.0,0.0,0.0,0.0,0.0,0.0,0.0
2004-01-16,31.26,227,0,0,0,0,0.0,0.0,0.0,0.0,0.0,0.0,0.0,0.0
2004-01-19,31.67,167,0,0,0,0,0.0,0.0,0.0,0.0,0.0,0.0,0.0,0.0
2004-01-20,32.26,182,0,0,0,0,0.0,0.0,0.0,0.0,0.0,0.0,0.0,0.0
2004-01-21,31.95,219,1,0,1,0,0.0045662100456621,4.5662100456621,0.0,0.0,0.0045662100456621,4.5662100456621,0.0,0.0
2004-01-22,31.42,214,1,0,0,1,0.004672897196261682,4.672897196261682,0.0,0.0,0.0,0.0,0.004672897196261682,4.672897196261682
2004-01-23,32.08,224,0,0,0,0,0.0,0.0,0.0,0.0,0.0,0.0,0.0,0.0
2004-01-26,31.15,178,0,0,0,0,0.0,0.0,0.0,0.0,0.0,0.0,0.0,0.0
2004-01-27,31.05,230,0,0,0,0,0.0,0.0,0.0,0.0,0.0,0.0,0.0,0.0
2004-01-28,30.77,232,0,0,0,0,0.0,0.0,0.0,0.0,0.0,0.0,0.0,0.0
2004-01-29,29.47,246,0,0,0,0,0.0,0.0,0.0,0.0,0.0,0.0,0.0,0.0
2004-01-30,29.53,238,0,0,0,0,0.0,0.0,0.0,0.0,0.0,0.0,0.0,0.0
2004-02-02,30.3,209,1,0,0,1,0.004784688995215311,4.784688995215311,0.0,0.0,0.0,0.0,0.004784688995215311,4.784688995215311
2004-02-03,30.07,220,1,0,0,1,0.004545454545454545,4.545454545454545,0.0,0.0,0.0,0.0,0.004545454545454545,4.545454545454545
2004-02-04,29.63,199,0,0,0,0,0.0,0.0,0.0,0.0,0.0,0.0,0.0,0.0
2004-02-05,29.02,229,0,0,0,0,0.0,0.0,0.0,0.0,0.0,0.0,0.0,0.0
2004-02-06,29.26,238,0,0,0,0,0.0,0.0,0.0,0.0,0.0,0.0,0.0,0.0
2004-02-09,29.1,222,0,0,0,0,0.0,0.0,0.0,0.0,0.0,0.0,0.0,0.0
2004-02-10,30.06,226,0,0,0,0,0.0,0.0,0.0,0.0,0.0,0.0,0.0,0.0
2004-02-11,30.33,233,1,0,1,0,0.004291845493562232,4.291845493562231,0.0,0.0,0.004291845493562232,4.291845493562231,0.0,0.0
2004-02-12,30.17,244,0,0,0,0,0.0,0.0,0.0,0.0,0.0,0.0,0.0,0.0
2004-02-13,30.96,229,1,0,1,0,0.004366812227074236,4.366812227074235,0.0,0.0,0.004366812227074236,4.366812227074235,0.0,0.0
2004-02-16,31.08,235,0,0,0,0,0.0,0.0,0.0,0.0,0.0,0.0,0.0,0.0
2004-02-17,31.43,234,1,0,1,0,0.004273504273504274,4.273504273504274,0.0,0.0,0.004273504273504274,4.273504273504274,0.0,0.0
2004-02-18,31.57,235,0,0,0,0,0.0,0.0,0.0,0.0,0.0,0.0,0.0,0.0
2004-02-19,31.63,242,0,0,0,0,0.0,0.0,0.0,0.0,0.0,0.0,0.0,0.0
2004-02-20,31.22,236,0,0,0,0,0.0,0.0,0.0,0.0,0.0,0.0,0.0,0.0
2004-02-23,31.89,238,0,0,0,0,0.0,0.0,0.0,0.0,0.0,0.0,0.0,0.0
2004-02-24,31.6,240,0,0,0,0,0.0,0.0,0.0,0.0,0.0,0.0,0.0,0.0
2004-02-25,32.46,244,0,0,0,0,0.0,0.0,0.0,0.0,0.0,0.0,0.0,0.0
2004-02-26,32.45,241,0,0,0,0,0.0,0.0,0.0,0.0,0.0,0.0,0.0,0.0
2004-02-27,32.94,233,0,0,0,0,0.0,0.0,0.0,0.0,0.0,0.0,0.0,0.0
2004-03-01,33.34,239,0,0,0,0,0.0,0.0,0.0,0.0,0.0,0.0,0.0,0.0
2004-03-02,34.15,214,0,0,0,0,0.0,0.0,0.0,0.0,0.0,0.0,0.0,0.0
2004-03-03,33.32,240,0,0,0,0,0.0,0.0,0.0,0.0,0.0,0.0,0.0,0.0
2004-03-04,33.45,222,0,0,0,0,0.0,0.0,0.0,0.0,0.0,0.0,0.0,0.0
2004-03-05,34.4,209,0,0,0,0,0.0,0.0,0.0,0.0,0.0,0.0,0.0,0.0
2004-03-08,34.27,223,0,0,0,0,0.0,0.0,0.0,0.0,0.0,0.0,0.0,0.0
2004-03-09,33.72,240,0,0,0,0,0.0,0.0,0.0,0.0,0.0,0.0,0.0,0.0
2004-03-10,32.83,240,0,0,0,0,0.0,0.0,0.0,0.0,0.0,0.0,0.0,0.0
2004-03-11,33.22,197,0,0,0,0,0.0,0.0,0.0,0.0,0.0,0.0,0.0,0.0
2004-03-12,32.76,237,0,0,0,0,0.0,0.0,0.0,0.0,0.0,0.0,0.0,0.0
2004-03-15,34.39,220,0,0,0,0,0.0,0.0,0.0,0.0,0.0,0.0,0.0,0.0
2004-03-16,34.72,234,0,0,0,0,0.0,0.0,0.0,0.0,0.0,0.0,0.0,0.0
2004-03-17,34.95,230,1,1,1,0,0.004347826086956522,4.3478260869565215,0.004347826086956522,4.3478260869565215,0.004347826086956522,4.3478260869565215,0.0,0.0
2004-03-18,34.43,239,2,1,0,1,0.008368200836820083,8.368200836820083,0.0041841004184100415,4.184100418410042,0.0,0.0,0.0041841004184100415,4.184100418410042
2004-03-19,34.33,241,1,1,0,0,0.004149377593360996,4.149377593360996,0.004149377593360996,4.149377593360996,0.0,0.0,0.0,0.0
2004-03-22,33.57,236,0,0,0,0,0.0,0.0,0.0,0.0,0.0,0.0,0.0,0.0
2004-03-23,34.4,240,0,0,0,0,0.0,0.0,0.0,0.0,0.0,0.0,0.0,0.0
2004-03-24,34.14,239,0,0,0,0,0.0,0.0,0.0,0.0,0.0,0.0,0.0,0.0
2004-03-25,33.32,232,0,0,0,0,0.0,0.0,0.0,0.0,0.0,0.0,0.0,0.0
2004-03-26,32.51,223,0,0,0,0,0.0,0.0,0.0,0.0,0.0,0.0,0.0,0.0
2004-03-29,32.04,233,1,0,1,0,0.004291845493562232,4.291845493562231,0.0,0.0,0.004291845493562232,4.291845493562231,0.0,0.0
2004-03-30,33.04,236,0,0,0,0,0.0,0.0,0.0,0.0,0.0,0.0,0.0,0.0
2004-03-31,32.29,230,2,1,1,0,0.008695652173913044,8.695652173913043,0.004347826086956522,4.3478260869565215,0.004347826086956522,4.3478260869565215,0.0,0.0
2004-04-01,32.59,228,0,0,0,0,0.0,0.0,0.0,0.0,0.0,0.0,0.0,0.0
2004-04-02,31.19,232,0,0,0,0,0.0,0.0,0.0,0.0,0.0,0.0,0.0,0.0
2004-04-05,31.17,229,0,0,0,0,0.0,0.0,0.0,0.0,0.0,0.0,0.0,0.0
2004-04-06,31.48,240,0,0,0,0,0.0,0.0,0.0,0.0,0.0,0.0,0.0,0.0
2004-04-07,33.07,239,1,0,0,1,0.0041841004184100415,4.184100418410042,0.0,0.0,0.0,0.0,0.0041841004184100415,4.184100418410042
2004-04-08,33.98,224,0,0,0,0,0.0,0.0,0.0,0.0,0.0,0.0,0.0,0.0
2004-04-09,34.03,138,0,0,0,0,0.0,0.0,0.0,0.0,0.0,0.0,0.0,0.0
2004-04-12,34.51,179,1,0,0,1,0.00558659217877095,5.58659217877095,0.0,0.0,0.0,0.0,0.00558659217877095,5.58659217877095
2004-04-13,34.15,234,0,0,0,0,0.0,0.0,0.0,0.0,0.0,0.0,0.0,0.0
2004-04-14,33.54,243,0,0,0,0,0.0,0.0,0.0,0.0,0.0,0.0,0.0,0.0
2004-04-15,33.72,234,0,0,0,0,0.0,0.0,0.0,0.0,0.0,0.0,0.0,0.0
2004-04-16,33.85,243,0,0,0,0,0.0,0.0,0.0,0.0,0.0,0.0,0.0,0.0
2004-04-19,34.71,204,0,0,0,0,0.0,0.0,0.0,0.0,0.0,0.0,0.0,0.0
2004-04-20,33.56,206,0,0,0,0,0.0,0.0,0.0,0.0,0.0,0.0,0.0,0.0
2004-04-21,33.23,210,1,0,1,0,0.004761904761904762,4.761904761904763,0.0,0.0,0.004761904761904762,4.761904761904763,0.0,0.0
2004-04-22,33.24,225,0,0,0,0,0.0,0.0,0.0,0.0,0.0,0.0,0.0,0.0
2004-04-23,33.78,237,0,0,0,0,0.0,0.0,0.0,0.0,0.0,0.0,0.0,0.0
2004-04-26,34.18,223,0,0,0,0,0.0,0.0,0.0,0.0,0.0,0.0,0.0,0.0
2004-04-27,34.11,234,0,0,0,0,0.0,0.0,0.0,0.0,0.0,0.0,0.0,0.0
2004-04-28,35.02,238,2,0,1,1,0.008403361344537815,8.403361344537815,0.0,0.0,0.004201680672268907,4.201680672268908,0.004201680672268907,4.201680672268908
2004-04-29,34.66,222,0,0,0,0,0.0,0.0,0.0,0.0,0.0,0.0,0.0,0.0
2004-04-30,35.23,225,0,0,0,0,0.0,0.0,0.0,0.0,0.0,0.0,0.0,0.0
2004-05-03,34.97,208,0,0,0,0,0.0,0.0,0.0,0.0,0.0,0.0,0.0,0.0
2004-05-04,36.07,237,1,0,1,0,0.004219409282700422,4.219409282700422,0.0,0.0,0.004219409282700422,4.219409282700422,0.0,0.0
2004-05-05,36.58,234,1,0,0,1,0.004273504273504274,4.273504273504274,0.0,0.0,0.0,0.0,0.004273504273504274,4.273504273504274
2004-05-06,37.05,233,0,0,0,0,0.0,0.0,0.0,0.0,0.0,0.0,0.0,0.0
2004-05-07,37.25,233,1,1,1,0,0.004291845493562232,4.291845493562231,0.004291845493562232,4.291845493562231,0.004291845493562232,4.291845493562231,0.0,0.0
2004-05-10,35.83,203,5,1,1,3,0.024630541871921183,24.630541871921185,0.0049261083743842365,4.926108374384237,0.0049261083743842365,4.926108374384237,0.014778325123152709,14.778325123152708
2004-05-11,36.97,239,2,0,1,1,0.008368200836820083,8.368200836820083,0.0,0.0,0.0041841004184100415,4.184100418410042,0.0041841004184100415,4.184100418410042
2004-05-12,37.95,202,3,1,0,2,0.01485148514851485,14.85148514851485,0.0049504950495049506,4.9504950495049505,0.0,0.0,0.009900990099009901,9.900990099009901
2004-05-13,38.3,231,4,2,0,2,0.017316017316017316,17.316017316017316,0.008658008658008658,8.658008658008658,0.0,0.0,0.008658008658008658,8.658008658008658
2004-05-14,39.04,233,6,1,0,5,0.02575107296137339,25.751072961373392,0.004291845493562232,4.291845493562231,0.0,0.0,0.02145922746781116,21.459227467811157
2004-05-17,38.88,239,2,1,0,1,0.008368200836820083,8.368200836820083,0.0041841004184100415,4.184100418410042,0.0,0.0,0.0041841004184100415,4.184100418410042
2004-05-18,38.43,242,5,1,0,4,0.02066115702479339,20.66115702479339,0.004132231404958678,4.132231404958678,0.0,0.0,0.01652892561983471,16.528925619834713
2004-05-19,38.35,226,1,0,0,1,0.004424778761061947,4.424778761061947,0.0,0.0,0.0,0.0,0.004424778761061947,4.424778761061947
2004-05-21,37.6,236,4,2,1,2,0.01694915254237288,16.949152542372882,0.00847457627118644,8.474576271186441,0.00423728813559322,4.237288135593221,0.00847457627118644,8.474576271186441
2004-05-24,39.22,224,2,1,1,1,0.008928571428571428,8.928571428571429,0.004464285714285714,4.464285714285714,0.004464285714285714,4.464285714285714,0.004464285714285714,4.464285714285714
2004-05-25,38.46,226,3,1,1,1,0.01327433628318584,13.274336283185841,0.004424778761061947,4.424778761061947,0.004424778761061947,4.424778761061947,0.004424778761061947,4.424778761061947
2004-05-26,38.05,239,2,1,0,1,0.008368200836820083,8.368200836820083,0.0041841004184100415,4.184100418410042,0.0,0.0,0.0041841004184100415,4.184100418410042
2004-05-27,37.03,235,1,1,0,0,0.00425531914893617,4.25531914893617,0.00425531914893617,4.25531914893617,0.0,0.0,0.0,0.0
2004-05-28,37.0,236,3,2,1,0,0.012711864406779662,12.711864406779663,0.00847457627118644,8.474576271186441,0.00423728813559322,4.237288135593221,0.0,0.0
2004-05-31,37.0,230,2,1,1,1,0.008695652173913044,8.695652173913043,0.004347826086956522,4.3478260869565215,0.004347826086956522,4.3478260869565215,0.004347826086956522,4.3478260869565215
2004-06-01,39.05,242,7,3,2,3,0.028925619834710745,28.925619834710744,0.012396694214876033,12.396694214876034,0.008264462809917356,8.264462809917356,0.012396694214876033,12.396694214876034
2004-06-02,37.99,237,6,3,1,2,0.02531645569620253,25.31645569620253,0.012658227848101266,12.658227848101266,0.004219409282700422,4.219409282700422,0.008438818565400843,8.438818565400844
2004-06-03,36.26,242,5,2,2,1,0.02066115702479339,20.66115702479339,0.008264462809917356,8.264462809917356,0.008264462809917356,8.264462809917356,0.004132231404958678,4.132231404958678
2004-06-04,35.97,236,2,1,0,1,0.00847457627118644,8.474576271186441,0.00423728813559322,4.237288135593221,0.0,0.0,0.00423728813559322,4.237288135593221
2004-06-07,35.57,212,1,0,1,0,0.0047169811320754715,4.716981132075471,0.0,0.0,0.0047169811320754715,4.716981132075471,0.0,0.0
2004-06-08,35.47,238,1,1,0,0,0.004201680672268907,4.201680672268908,0.004201680672268907,4.201680672268908,0.0,0.0,0.0,0.0
2004-06-09,34.69,242,1,0,1,0,0.004132231404958678,4.132231404958678,0.0,0.0,0.004132231404958678,4.132231404958678,0.0,0.0
2004-06-10,35.75,243,0,0,0,0,0.0,0.0,0.0,0.0,0.0,0.0,0.0,0.0
2004-06-11,35.23,235,2,0,2,0,0.00851063829787234,8.51063829787234,0.0,0.0,0.00851063829787234,8.51063829787234,0.0,0.0
2004-06-14,35.22,198,0,0,0,0,0.0,0.0,0.0,0.0,0.0,0.0,0.0,0.0
2004-06-15,34.66,233,0,0,0,0,0.0,0.0,0.0,0.0,0.0,0.0,0.0,0.0
2004-06-16,34.56,234,1,0,1,0,0.004273504273504274,4.273504273504274,0.0,0.0,0.004273504273504274,4.273504273504274,0.0,0.0
2004-06-17,35.58,236,0,0,0,0,0.0,0.0,0.0,0.0,0.0,0.0,0.0,0.0
2004-06-18,35.43,235,0,0,0,0,0.0,0.0,0.0,0.0,0.0,0.0,0.0,0.0
2004-06-21,34.82,239,2,0,2,0,0.008368200836820083,8.368200836820083,0.0,0.0,0.008368200836820083,8.368200836820083,0.0,0.0
2004-06-22,34.95,238,0,0,0,0,0.0,0.0,0.0,0.0,0.0,0.0,0.0,0.0
2004-06-23,34.81,230,0,0,0,0,0.0,0.0,0.0,0.0,0.0,0.0,0.0,0.0
2004-06-24,34.71,239,0,0,0,0,0.0,0.0,0.0,0.0,0.0,0.0,0.0,0.0
2004-06-25,34.25,240,0,0,0,0,0.0,0.0,0.0,0.0,0.0,0.0,0.0,0.0
2004-06-28,33.24,205,1,0,0,1,0.004878048780487805,4.878048780487805,0.0,0.0,0.0,0.0,0.004878048780487805,4.878048780487805
2004-06-29,32.61,233,0,0,0,0,0.0,0.0,0.0,0.0,0.0,0.0,0.0,0.0
2004-06-30,33.22,233,0,0,0,0,0.0,0.0,0.0,0.0,0.0,0.0,0.0,0.0
2004-07-01,35.58,230,1,0,1,0,0.004347826086956522,4.3478260869565215,0.0,0.0,0.004347826086956522,4.3478260869565215,0.0,0.0
2004-07-02,35.36,225,0,0,0,0,0.0,0.0,0.0,0.0,0.0,0.0,0.0,0.0
2004-07-05,35.73,221,1,0,1,0,0.004524886877828055,4.524886877828055,0.0,0.0,0.004524886877828055,4.524886877828055,0.0,0.0
2004-07-06,36.47,229,1,0,0,1,0.004366812227074236,4.366812227074235,0.0,0.0,0.0,0.0,0.004366812227074236,4.366812227074235
2004-07-07,35.62,236,2,1,0,1,0.00847457627118644,8.474576271186441,0.00423728813559322,4.237288135593221,0.0,0.0,0.00423728813559322,4.237288135593221
2004-07-08,37.13,236,2,0,1,1,0.00847457627118644,8.474576271186441,0.0,0.0,0.00423728813559322,4.237288135593221,0.00423728813559322,4.237288135593221
2004-07-09,37.58,229,1,1,0,0,0.004366812227074236,4.366812227074235,0.004366812227074236,4.366812227074235,0.0,0.0,0.0,0.0
2004-07-12,37.73,238,0,0,0,0,0.0,0.0,0.0,0.0,0.0,0.0,0.0,0.0
2004-07-13,36.68,237,1,0,0,1,0.004219409282700422,4.219409282700422,0.0,0.0,0.0,0.0,0.004219409282700422,4.219409282700422
2004-07-14,37.51,239,0,0,0,0,0.0,0.0,0.0,0.0,0.0,0.0,0.0,0.0
2004-07-15,38.41,239,1,1,0,0,0.0041841004184100415,4.184100418410042,0.0041841004184100415,4.184100418410042,0.0,0.0,0.0,0.0
2004-07-16,38.49,217,0,0,0,0,0.0,0.0,0.0,0.0,0.0,0.0,0.0,0.0
2004-07-19,39.07,232,0,0,0,0,0.0,0.0,0.0,0.0,0.0,0.0,0.0,0.0
2004-07-20,38.96,219,1,1,0,0,0.0045662100456621,4.5662100456621,0.0045662100456621,4.5662100456621,0.0,0.0,0.0,0.0
2004-07-21,38.48,236,0,0,0,0,0.0,0.0,0.0,0.0,0.0,0.0,0.0,0.0
2004-07-22,39.16,237,0,0,0,0,0.0,0.0,0.0,0.0,0.0,0.0,0.0,0.0
2004-07-23,39.59,237,1,0,1,0,0.004219409282700422,4.219409282700422,0.0,0.0,0.004219409282700422,4.219409282700422,0.0,0.0
2004-07-26,39.75,238,0,0,0,0,0.0,0.0,0.0,0.0,0.0,0.0,0.0,0.0
2004-07-27,40.09,220,0,0,0,0,0.0,0.0,0.0,0.0,0.0,0.0,0.0,0.0
2004-07-28,41.08,212,0,0,0,0,0.0,0.0,0.0,0.0,0.0,0.0,0.0,0.0
2004-07-29,40.93,227,3,2,0,1,0.013215859030837005,13.215859030837004,0.00881057268722467,8.81057268722467,0.0,0.0,0.004405286343612335,4.405286343612335
2004-07-30,41.47,214,4,2,1,1,0.018691588785046728,18.69158878504673,0.009345794392523364,9.345794392523365,0.004672897196261682,4.672897196261682,0.004672897196261682,4.672897196261682
2004-08-02,41.35,218,0,0,0,0,0.0,0.0,0.0,0.0,0.0,0.0,0.0,0.0
2004-08-03,41.82,233,2,1,1,0,0.008583690987124463,8.583690987124463,0.004291845493562232,4.291845493562231,0.004291845493562232,4.291845493562231,0.0,0.0
2004-08-04,41.75,236,2,2,0,0,0.00847457627118644,8.474576271186441,0.00847457627118644,8.474576271186441,0.0,0.0,0.0,0.0
2004-08-05,42.49,234,3,2,0,1,0.01282051282051282,12.82051282051282,0.008547008547008548,8.547008547008549,0.0,0.0,0.004273504273504274,4.273504273504274
2004-08-06,42.63,237,2,2,0,0,0.008438818565400843,8.438818565400844,0.008438818565400843,8.438818565400844,0.0,0.0,0.0,0.0
2004-08-09,43.21,245,1,0,1,0,0.004081632653061225,4.081632653061225,0.0,0.0,0.004081632653061225,4.081632653061225,0.0,0.0
2004-08-10,42.5,237,2,2,1,0,0.008438818565400843,8.438818565400844,0.008438818565400843,8.438818565400844,0.004219409282700422,4.219409282700422,0.0,0.0
2004-08-11,42.45,238,2,1,0,1,0.008403361344537815,8.403361344537815,0.004201680672268907,4.201680672268908,0.0,0.0,0.004201680672268907,4.201680672268908
2004-08-12,43.5,235,4,3,3,0,0.01702127659574468,17.02127659574468,0.01276595744680851,12.76595744680851,0.01276595744680851,12.76595744680851,0.0,0.0
2004-08-13,44.13,236,5,3,2,1,0.0211864406779661,21.1864406779661,0.012711864406779662,12.711864406779663,0.00847457627118644,8.474576271186441,0.00423728813559322,4.237288135593221
2004-08-16,44.35,239,3,2,0,1,0.012552301255230125,12.552301255230125,0.008368200836820083,8.368200836820083,0.0,0.0,0.0041841004184100415,4.184100418410042
2004-08-17,44.05,241,1,1,0,0,0.004149377593360996,4.149377593360996,0.004149377593360996,4.149377593360996,0.0,0.0,0.0,0.0
2004-08-18,44.12,245,2,1,0,1,0.00816326530612245,8.16326530612245,0.004081632653061225,4.081632653061225,0.0,0.0,0.004081632653061225,4.081632653061225
2004-08-19,44.84,234,1,0,0,1,0.004273504273504274,4.273504273504274,0.0,0.0,0.0,0.0,0.004273504273504274,4.273504273504274
2004-08-20,45.46,239,3,2,1,0,0.012552301255230125,12.552301255230125,0.008368200836820083,8.368200836820083,0.0041841004184100415,4.184100418410042,0.0,0.0
2004-08-23,44.39,238,4,1,0,3,0.01680672268907563,16.80672268907563,0.004201680672268907,4.201680672268908,0.0,0.0,0.012605042016806723,12.605042016806722
2004-08-24,42.99,240,3,1,1,1,0.0125,12.5,0.004166666666666667,4.166666666666667,0.004166666666666667,4.166666666666667,0.004166666666666667,4.166666666666667
2004-08-25,42.39,239,2,1,0,1,0.008368200836820083,8.368200836820083,0.0041841004184100415,4.184100418410042,0.0,0.0,0.0041841004184100415,4.184100418410042
2004-08-26,40.65,244,4,3,0,1,0.01639344262295082,16.393442622950822,0.012295081967213115,12.295081967213115,0.0,0.0,0.004098360655737705,4.0983606557377055
2004-08-27,40.72,237,1,1,1,0,0.004219409282700422,4.219409282700422,0.004219409282700422,4.219409282700422,0.004219409282700422,4.219409282700422,0.0,0.0
2004-08-30,40.78,241,0,0,0,0,0.0,0.0,0.0,0.0,0.0,0.0,0.0,0.0
2004-08-31,39.8,241,1,0,1,0,0.004149377593360996,4.149377593360996,0.0,0.0,0.004149377593360996,4.149377593360996,0.0,0.0
2004-09-02,42.39,236,4,2,1,1,0.01694915254237288,16.949152542372882,0.00847457627118644,8.474576271186441,0.00423728813559322,4.237288135593221,0.00423728813559322,4.237288135593221
2004-09-03,41.07,235,4,3,0,2,0.01702127659574468,17.02127659574468,0.01276595744680851,12.76595744680851,0.0,0.0,0.00851063829787234,8.51063829787234
2004-09-06,40.4,242,0,0,0,0,0.0,0.0,0.0,0.0,0.0,0.0,0.0,0.0
2004-09-07,40.19,221,1,0,1,0,0.004524886877828055,4.524886877828055,0.0,0.0,0.004524886877828055,4.524886877828055,0.0,0.0
2004-09-08,39.91,211,0,0,0,0,0.0,0.0,0.0,0.0,0.0,0.0,0.0,0.0
2004-09-09,41.45,240,1,0,1,0,0.004166666666666667,4.166666666666667,0.0,0.0,0.004166666666666667,4.166666666666667,0.0,0.0
2004-09-10,41.03,236,1,0,1,0,0.00423728813559322,4.237288135593221,0.0,0.0,0.00423728813559322,4.237288135593221,0.0,0.0
2004-09-13,40.63,241,0,0,0,0,0.0,0.0,0.0,0.0,0.0,0.0,0.0,0.0
2004-09-14,41.34,221,0,0,0,0,0.0,0.0,0.0,0.0,0.0,0.0,0.0,0.0
2004-09-15,42.03,245,0,0,0,0,0.0,0.0,0.0,0.0,0.0,0.0,0.0,0.0
2004-09-16,40.68,239,2,1,2,0,0.008368200836820083,8.368200836820083,0.0041841004184100415,4.184100418410042,0.008368200836820083,8.368200836820083,0.0,0.0
2004-09-17,43.08,208,1,0,0,1,0.004807692307692308,4.807692307692308,0.0,0.0,0.0,0.0,0.004807692307692308,4.807692307692308
2004-09-20,43.6,240,1,1,0,0,0.004166666666666667,4.166666666666667,0.004166666666666667,4.166666666666667,0.0,0.0,0.0,0.0
2004-09-21,44.56,219,1,1,0,0,0.0045662100456621,4.5662100456621,0.0045662100456621,4.5662100456621,0.0,0.0,0.0,0.0
2004-09-22,45.66,238,0,0,0,0,0.0,0.0,0.0,0.0,0.0,0.0,0.0,0.0
2004-09-23,46.53,239,2,2,0,0,0.008368200836820083,8.368200836820083,0.008368200836820083,8.368200836820083,0.0,0.0,0.0,0.0
2004-09-24,46.13,222,3,2,0,1,0.013513513513513514,13.513513513513514,0.009009009009009009,9.00900900900901,0.0,0.0,0.0045045045045045045,4.504504504504505
2004-09-27,46.87,239,2,2,0,0,0.008368200836820083,8.368200836820083,0.008368200836820083,8.368200836820083,0.0,0.0,0.0,0.0
2004-09-28,47.52,238,6,5,1,0,0.025210084033613446,25.210084033613445,0.02100840336134454,21.008403361344538,0.004201680672268907,4.201680672268908,0.0,0.0
2004-09-29,46.54,238,2,0,1,1,0.008403361344537815,8.403361344537815,0.0,0.0,0.004201680672268907,4.201680672268908,0.004201680672268907,4.201680672268908
2004-09-30,47.76,234,3,1,2,0,0.01282051282051282,12.82051282051282,0.004273504273504274,4.273504273504274,0.008547008547008548,8.547008547008549,0.0,0.0
2004-10-01,46.86,214,2,1,1,0,0.009345794392523364,9.345794392523365,0.004672897196261682,4.672897196261682,0.004672897196261682,4.672897196261682,0.0,0.0
2004-10-04,46.99,202,0,0,0,0,0.0,0.0,0.0,0.0,0.0,0.0,0.0,0.0
2004-10-05,47.1,225,2,2,0,0,0.008888888888888889,8.88888888888889,0.008888888888888889,8.88888888888889,0.0,0.0,0.0,0.0
2004-10-06,47.95,243,3,3,1,0,0.012345679012345678,12.345679012345679,0.012345679012345678,12.345679012345679,0.00411522633744856,4.11522633744856,0.0,0.0
2004-10-07,48.98,214,3,2,0,1,0.014018691588785047,14.018691588785046,0.009345794392523364,9.345794392523365,0.0,0.0,0.004672897196261682,4.672897196261682
2004-10-08,49.41,242,4,4,0,0,0.01652892561983471,16.528925619834713,0.01652892561983471,16.528925619834713,0.0,0.0,0.0,0.0
2004-10-11,50.75,232,3,2,0,1,0.01293103448275862,12.931034482758621,0.008620689655172414,8.620689655172413,0.0,0.0,0.004310344827586207,4.310344827586206
2004-10-12,51.28,220,6,4,1,2,0.02727272727272727,27.27272727272727,0.01818181818181818,18.18181818181818,0.004545454545454545,4.545454545454545,0.00909090909090909,9.09090909090909
2004-10-13,50.42,231,2,2,0,0,0.008658008658008658,8.658008658008658,0.008658008658008658,8.658008658008658,0.0,0.0,0.0,0.0
2004-10-14,51.31,229,3,3,0,0,0.013100436681222707,13.100436681222707,0.013100436681222707,13.100436681222707,0.0,0.0,0.0,0.0
2004-10-15,51.02,241,7,3,1,3,0.029045643153526972,29.04564315352697,0.012448132780082987,12.448132780082986,0.004149377593360996,4.149377593360996,0.012448132780082987,12.448132780082986
2004-10-18,49.16,235,3,1,0,2,0.01276595744680851,12.76595744680851,0.00425531914893617,4.25531914893617,0.0,0.0,0.00851063829787234,8.51063829787234
2004-10-19,49.21,241,3,1,0,2,0.012448132780082987,12.448132780082986,0.004149377593360996,4.149377593360996,0.0,0.0,0.008298755186721992,8.298755186721992
2004-10-20,50.78,241,7,2,0,5,0.029045643153526972,29.04564315352697,0.008298755186721992,8.298755186721992,0.0,0.0,0.02074688796680498,20.74688796680498
2004-10-21,51.06,241,3,2,0,1,0.012448132780082987,12.448132780082986,0.008298755186721992,8.298755186721992,0.0,0.0,0.004149377593360996,4.149377593360996
2004-10-22,52.28,237,0,0,0,0,0.0,0.0,0.0,0.0,0.0,0.0,0.0,0.0
2004-10-25,51.68,240,5,2,1,3,0.020833333333333332,20.833333333333332,0.008333333333333333,8.333333333333334,0.004166666666666667,4.166666666666667,0.0125,12.5
2004-10-26,52.04,239,5,1,1,4,0.02092050209205021,20.920502092050206,0.0041841004184100415,4.184100418410042,0.0041841004184100415,4.184100418410042,0.016736401673640166,16.736401673640167
2004-10-27,49.99,233,3,1,1,1,0.012875536480686695,12.875536480686696,0.004291845493562232,4.291845493562231,0.004291845493562232,4.291845493562231,0.004291845493562232,4.291845493562231
2004-10-28,48.88,238,2,2,0,0,0.008403361344537815,8.403361344537815,0.008403361344537815,8.403361344537815,0.0,0.0,0.0,0.0
2004-10-29,48.16,237,1,1,0,0,0.004219409282700422,4.219409282700422,0.004219409282700422,4.219409282700422,0.0,0.0,0.0,0.0
2004-11-01,46.84,225,1,0,0,1,0.0044444444444444444,4.444444444444445,0.0,0.0,0.0,0.0,0.0044444444444444444,4.444444444444445
2004-11-02,46.25,237,0,0,0,0,0.0,0.0,0.0,0.0,0.0,0.0,0.0,0.0
2004-11-03,46.14,235,1,1,0,0,0.00425531914893617,4.25531914893617,0.00425531914893617,4.25531914893617,0.0,0.0,0.0,0.0
2004-11-04,45.32,238,0,0,0,0,0.0,0.0,0.0,0.0,0.0,0.0,0.0,0.0
2004-11-05,44.37,237,2,2,0,0,0.008438818565400843,8.438818565400844,0.008438818565400843,8.438818565400844,0.0,0.0,0.0,0.0
2004-11-08,44.78,217,0,0,0,0,0.0,0.0,0.0,0.0,0.0,0.0,0.0,0.0
2004-11-09,43.27,231,1,1,0,0,0.004329004329004329,4.329004329004329,0.004329004329004329,4.329004329004329,0.0,0.0,0.0,0.0
2004-11-10,42.57,235,5,2,0,3,0.02127659574468085,21.27659574468085,0.00851063829787234,8.51063829787234,0.0,0.0,0.01276595744680851,12.76595744680851
2004-11-11,42.22,239,0,0,0,0,0.0,0.0,0.0,0.0,0.0,0.0,0.0,0.0
2004-11-12,41.33,240,1,1,0,0,0.004166666666666667,4.166666666666667,0.004166666666666667,4.166666666666667,0.0,0.0,0.0,0.0
2004-11-15,39.32,229,0,0,0,0,0.0,0.0,0.0,0.0,0.0,0.0,0.0,0.0
2004-11-16,40.48,238,1,0,1,0,0.004201680672268907,4.201680672268908,0.0,0.0,0.004201680672268907,4.201680672268908,0.0,0.0
2004-11-17,40.27,233,3,0,3,0,0.012875536480686695,12.875536480686696,0.0,0.0,0.012875536480686695,12.875536480686696,0.0,0.0
2004-11-18,40.8,237,0,0,0,0,0.0,0.0,0.0,0.0,0.0,0.0,0.0,0.0
2004-11-19,42.29,238,1,0,0,1,0.004201680672268907,4.201680672268908,0.0,0.0,0.0,0.0,0.004201680672268907,4.201680672268908
2004-11-22,42.26,238,0,0,0,0,0.0,0.0,0.0,0.0,0.0,0.0,0.0,0.0
2004-11-23,43.03,241,0,0,0,0,0.0,0.0,0.0,0.0,0.0,0.0,0.0,0.0
2004-11-24,42.62,233,2,1,0,1,0.008583690987124463,8.583690987124463,0.004291845493562232,4.291845493562231,0.0,0.0,0.004291845493562232,4.291845493562231
2004-11-25,43.12,235,0,0,0,0,0.0,0.0,0.0,0.0,0.0,0.0,0.0,0.0
2004-11-26,42.87,238,1,0,1,0,0.004201680672268907,4.201680672268908,0.0,0.0,0.004201680672268907,4.201680672268908,0.0,0.0
2004-11-29,44.05,209,0,0,0,0,0.0,0.0,0.0,0.0,0.0,0.0,0.0,0.0
2004-11-30,44.23,241,1,1,0,0,0.004149377593360996,4.149377593360996,0.004149377593360996,4.149377593360996,0.0,0.0,0.0,0.0
2004-12-01,41.19,235,1,1,0,0,0.00425531914893617,4.25531914893617,0.00425531914893617,4.25531914893617,0.0,0.0,0.0,0.0
2004-12-02,38.49,233,1,1,0,0,0.004291845493562232,4.291845493562231,0.004291845493562232,4.291845493562231,0.0,0.0,0.0,0.0
2004-12-03,38.57,234,2,1,0,1,0.008547008547008548,8.547008547008549,0.004273504273504274,4.273504273504274,0.0,0.0,0.004273504273504274,4.273504273504274
2004-12-06,38.43,220,0,0,0,0,0.0,0.0,0.0,0.0,0.0,0.0,0.0,0.0
2004-12-07,37.11,237,1,1,1,0,0.004219409282700422,4.219409282700422,0.004219409282700422,4.219409282700422,0.004219409282700422,4.219409282700422,0.0,0.0
2004-12-08,36.9,224,1,1,0,0,0.004464285714285714,4.464285714285714,0.004464285714285714,4.464285714285714,0.0,0.0,0.0,0.0
2004-12-09,38.33,233,2,0,0,2,0.008583690987124463,8.583690987124463,0.0,0.0,0.0,0.0,0.008583690987124463,8.583690987124463
2004-12-10,37.24,238,1,0,0,1,0.004201680672268907,4.201680672268908,0.0,0.0,0.0,0.0,0.004201680672268907,4.201680672268908
2004-12-13,36.77,232,1,0,0,1,0.004310344827586207,4.310344827586206,0.0,0.0,0.0,0.0,0.004310344827586207,4.310344827586206
2004-12-14,37.03,241,0,0,0,0,0.0,0.0,0.0,0.0,0.0,0.0,0.0,0.0
2004-12-15,41.53,215,2,0,1,1,0.009302325581395349,9.30232558139535,0.0,0.0,0.004651162790697674,4.651162790697675,0.004651162790697674,4.651162790697675
2004-12-16,41.49,231,1,1,0,0,0.004329004329004329,4.329004329004329,0.004329004329004329,4.329004329004329,0.0,0.0,0.0,0.0
2004-12-17,43.06,223,0,0,0,0,0.0,0.0,0.0,0.0,0.0,0.0,0.0,0.0
2004-12-20,42.67,216,0,0,0,0,0.0,0.0,0.0,0.0,0.0,0.0,0.0,0.0
2004-12-21,42.76,210,1,0,0,1,0.004761904761904762,4.761904761904763,0.0,0.0,0.0,0.0,0.004761904761904762,4.761904761904763
2004-12-22,40.44,206,0,0,0,0,0.0,0.0,0.0,0.0,0.0,0.0,0.0,0.0
2004-12-23,40.29,214,1,0,1,0,0.004672897196261682,4.672897196261682,0.0,0.0,0.004672897196261682,4.672897196261682,0.0,0.0
2004-12-24,39.6,208,1,0,0,1,0.004807692307692308,4.807692307692308,0.0,0.0,0.0,0.0,0.004807692307692308,4.807692307692308
2004-12-27,39.6,132,0,0,0,0,0.0,0.0,0.0,0.0,0.0,0.0,0.0,0.0
2004-12-28,40.24,156,1,1,0,0,0.00641025641025641,6.41025641025641,0.00641025641025641,6.41025641025641,0.0,0.0,0.0,0.0
2004-12-29,38.93,152,1,0,0,1,0.006578947368421052,6.578947368421052,0.0,0.0,0.0,0.0,0.006578947368421052,6.578947368421052
2004-12-30,39.8,205,1,1,0,0,0.004878048780487805,4.878048780487805,0.004878048780487805,4.878048780487805,0.0,0.0,0.0,0.0
2004-12-31,40.38,179,0,0,0,0,0.0,0.0,0.0,0.0,0.0,0.0,0.0,0.0
2005-01-04,40.75,226,0,0,0,0,0.0,0.0,0.0,0.0,0.0,0.0,0.0,0.0
2005-01-05,41.0,215,0,0,0,0,0.0,0.0,0.0,0.0,0.0,0.0,0.0,0.0
2005-01-06,43.25,231,2,2,0,0,0.008658008658008658,8.658008658008658,0.008658008658008658,8.658008658008658,0.0,0.0,0.0,0.0
2005-01-07,43.28,236,1,1,0,0,0.00423728813559322,4.237288135593221,0.00423728813559322,4.237288135593221,0.0,0.0,0.0,0.0
2005-01-10,44.71,214,1,0,1,0,0.004672897196261682,4.672897196261682,0.0,0.0,0.004672897196261682,4.672897196261682,0.0,0.0
2005-01-11,43.45,213,1,0,0,1,0.004694835680751174,4.694835680751174,0.0,0.0,0.0,0.0,0.004694835680751174,4.694835680751174
2005-01-12,43.75,232,4,1,2,1,0.017241379310344827,17.241379310344826,0.004310344827586207,4.310344827586206,0.008620689655172414,8.620689655172413,0.004310344827586207,4.310344827586206
2005-01-13,45.76,237,2,1,0,1,0.008438818565400843,8.438818565400844,0.004219409282700422,4.219409282700422,0.0,0.0,0.004219409282700422,4.219409282700422
2005-01-14,45.26,228,1,1,0,0,0.0043859649122807015,4.385964912280701,0.0043859649122807015,4.385964912280701,0.0,0.0,0.0,0.0
2005-01-17,45.1,238,0,0,0,0,0.0,0.0,0.0,0.0,0.0,0.0,0.0,0.0
2005-01-18,45.18,238,1,0,1,0,0.004201680672268907,4.201680672268908,0.0,0.0,0.004201680672268907,4.201680672268908,0.0,0.0
2005-01-19,45.16,240,2,2,0,0,0.008333333333333333,8.333333333333334,0.008333333333333333,8.333333333333334,0.0,0.0,0.0,0.0
2005-01-20,44.06,235,1,0,0,1,0.00425531914893617,4.25531914893617,0.0,0.0,0.0,0.0,0.00425531914893617,4.25531914893617
2005-01-21,45.88,219,1,1,0,0,0.0045662100456621,4.5662100456621,0.0045662100456621,4.5662100456621,0.0,0.0,0.0,0.0
2005-01-24,45.74,243,0,0,0,0,0.0,0.0,0.0,0.0,0.0,0.0,0.0,0.0
2005-01-25,46.14,241,0,0,0,0,0.0,0.0,0.0,0.0,0.0,0.0,0.0,0.0
2005-01-26,45.94,238,0,0,0,0,0.0,0.0,0.0,0.0,0.0,0.0,0.0,0.0
2005-01-27,46.51,246,0,0,0,0,0.0,0.0,0.0,0.0,0.0,0.0,0.0,0.0
2005-01-28,44.75,240,0,0,0,0,0.0,0.0,0.0,0.0,0.0,0.0,0.0,0.0
2005-01-31,44.51,240,1,0,0,1,0.004166666666666667,4.166666666666667,0.0,0.0,0.0,0.0,0.004166666666666667,4.166666666666667
2005-02-01,45.12,241,0,0,0,0,0.0,0.0,0.0,0.0,0.0,0.0,0.0,0.0
2005-02-02,44.17,241,2,0,1,1,0.008298755186721992,8.298755186721992,0.0,0.0,0.004149377593360996,4.149377593360996,0.004149377593360996,4.149377593360996
2005-02-03,43.13,241,1,0,0,1,0.004149377593360996,4.149377593360996,0.0,0.0,0.0,0.0,0.004149377593360996,4.149377593360996
2005-02-04,43.26,232,0,0,0,0,0.0,0.0,0.0,0.0,0.0,0.0,0.0,0.0
2005-02-07,42.7,238,0,0,0,0,0.0,0.0,0.0,0.0,0.0,0.0,0.0,0.0
2005-02-08,42.79,243,0,0,0,0,0.0,0.0,0.0,0.0,0.0,0.0,0.0,0.0
2005-02-09,42.49,238,0,0,0,0,0.0,0.0,0.0,0.0,0.0,0.0,0.0,0.0
2005-02-10,44.04,238,0,0,0,0,0.0,0.0,0.0,0.0,0.0,0.0,0.0,0.0
2005-02-11,44.41,236,0,0,0,0,0.0,0.0,0.0,0.0,0.0,0.0,0.0,0.0
2005-02-14,44.51,240,0,0,0,0,0.0,0.0,0.0,0.0,0.0,0.0,0.0,0.0
2005-02-15,44.91,233,1,0,1,0,0.004291845493562232,4.291845493562231,0.0,0.0,0.004291845493562232,4.291845493562231,0.0,0.0
2005-02-16,45.42,242,1,1,0,0,0.004132231404958678,4.132231404958678,0.004132231404958678,4.132231404958678,0.0,0.0,0.0,0.0
2005-02-17,45.42,239,1,0,1,0,0.0041841004184100415,4.184100418410042,0.0,0.0,0.0041841004184100415,4.184100418410042,0.0,0.0
2005-02-18,45.86,235,0,0,0,0,0.0,0.0,0.0,0.0,0.0,0.0,0.0,0.0
2005-02-21,46.09,227,1,0,1,0,0.004405286343612335,4.405286343612335,0.0,0.0,0.004405286343612335,4.405286343612335,0.0,0.0
2005-02-22,47.6,236,1,0,1,0,0.00423728813559322,4.237288135593221,0.0,0.0,0.00423728813559322,4.237288135593221,0.0,0.0
2005-02-23,48.16,237,3,3,0,0,0.012658227848101266,12.658227848101266,0.012658227848101266,12.658227848101266,0.0,0.0,0.0,0.0
2005-02-24,49.24,239,0,0,0,0,0.0,0.0,0.0,0.0,0.0,0.0,0.0,0.0
2005-02-25,50.05,238,0,0,0,0,0.0,0.0,0.0,0.0,0.0,0.0,0.0,0.0
2005-02-28,50.13,235,0,0,0,0,0.0,0.0,0.0,0.0,0.0,0.0,0.0,0.0
2005-03-01,50.47,232,2,0,0,2,0.008620689655172414,8.620689655172413,0.0,0.0,0.0,0.0,0.008620689655172414,8.620689655172413
2005-03-02,51.05,225,1,0,0,1,0.0044444444444444444,4.444444444444445,0.0,0.0,0.0,0.0,0.0044444444444444444,4.444444444444445
2005-03-03,52.89,234,0,0,0,0,0.0,0.0,0.0,0.0,0.0,0.0,0.0,0.0
2005-03-04,52.1,230,1,1,0,0,0.004347826086956522,4.3478260869565215,0.004347826086956522,4.3478260869565215,0.0,0.0,0.0,0.0
2005-03-07,51.87,237,2,1,1,1,0.008438818565400843,8.438818565400844,0.004219409282700422,4.219409282700422,0.004219409282700422,4.219409282700422,0.004219409282700422,4.219409282700422
2005-03-08,53.29,236,0,0,0,0,0.0,0.0,0.0,0.0,0.0,0.0,0.0,0.0
2005-03-09,54.11,231,0,0,0,0,0.0,0.0,0.0,0.0,0.0,0.0,0.0,0.0
2005-03-10,53.04,236,3,2,1,0,0.012711864406779662,12.711864406779663,0.00847457627118644,8.474576271186441,0.00423728813559322,4.237288135593221,0.0,0.0
2005-03-11,53.15,236,1,0,1,0,0.00423728813559322,4.237288135593221,0.0,0.0,0.00423728813559322,4.237288135593221,0.0,0.0
2005-03-14,53.68,235,0,0,0,0,0.0,0.0,0.0,0.0,0.0,0.0,0.0,0.0
2005-03-15,53.97,235,1,0,0,1,0.00425531914893617,4.25531914893617,0.0,0.0,0.0,0.0,0.00425531914893617,4.25531914893617
2005-03-16,54.61,238,1,0,1,0,0.004201680672268907,4.201680672268908,0.0,0.0,0.004201680672268907,4.201680672268908,0.0,0.0
2005-03-17,56.03,235,4,3,2,1,0.01702127659574468,17.02127659574468,0.01276595744680851,12.76595744680851,0.00851063829787234,8.51063829787234,0.00425531914893617,4.25531914893617
2005-03-18,55.97,235,1,0,0,1,0.00425531914893617,4.25531914893617,0.0,0.0,0.0,0.0,0.00425531914893617,4.25531914893617
2005-03-21,55.79,240,4,2,0,2,0.016666666666666666,16.666666666666668,0.008333333333333333,8.333333333333334,0.0,0.0,0.008333333333333333,8.333333333333334
2005-03-22,55.39,232,3,0,0,3,0.01293103448275862,12.931034482758621,0.0,0.0,0.0,0.0,0.01293103448275862,12.931034482758621
2005-03-23,51.52,237,1,0,0,1,0.004219409282700422,4.219409282700422,0.0,0.0,0.0,0.0,0.004219409282700422,4.219409282700422
2005-03-24,52.35,239,1,1,0,0,0.0041841004184100415,4.184100418410042,0.0041841004184100415,4.184100418410042,0.0,0.0,0.0,0.0
2005-03-28,51.75,172,0,0,0,0,0.0,0.0,0.0,0.0,0.0,0.0,0.0,0.0
2005-03-29,51.42,230,2,2,0,0,0.008695652173913044,8.695652173913043,0.008695652173913044,8.695652173913043,0.0,0.0,0.0,0.0
2005-03-30,50.63,242,0,0,0,0,0.0,0.0,0.0,0.0,0.0,0.0,0.0,0.0
2005-03-31,53.22,235,0,0,0,0,0.0,0.0,0.0,0.0,0.0,0.0,0.0,0.0
2005-04-01,54.14,240,2,1,0,1,0.008333333333333333,8.333333333333334,0.004166666666666667,4.166666666666667,0.0,0.0,0.004166666666666667,4.166666666666667
2005-04-04,55.92,237,1,1,0,0,0.004219409282700422,4.219409282700422,0.004219409282700422,4.219409282700422,0.0,0.0,0.0,0.0
2005-04-05,54.53,233,3,0,1,2,0.012875536480686695,12.875536480686696,0.0,0.0,0.004291845493562232,4.291845493562231,0.008583690987124463,8.583690987124463
2005-04-06,54.08,240,1,0,0,1,0.004166666666666667,4.166666666666667,0.0,0.0,0.0,0.0,0.004166666666666667,4.166666666666667
2005-04-07,52.57,234,2,0,0,2,0.008547008547008548,8.547008547008549,0.0,0.0,0.0,0.0,0.008547008547008548,8.547008547008549
2005-04-08,51.83,234,3,0,0,3,0.01282051282051282,12.82051282051282,0.0,0.0,0.0,0.0,0.01282051282051282,12.82051282051282
2005-04-11,51.21,236,4,0,0,4,0.01694915254237288,16.949152542372882,0.0,0.0,0.0,0.0,0.01694915254237288,16.949152542372882
2005-04-12,51.53,235,4,0,1,3,0.01702127659574468,17.02127659574468,0.0,0.0,0.00425531914893617,4.25531914893617,0.01276595744680851,12.76595744680851
2005-04-13,49.67,242,4,0,3,1,0.01652892561983471,16.528925619834713,0.0,0.0,0.012396694214876033,12.396694214876034,0.004132231404958678,4.132231404958678
2005-04-14,50.21,245,0,0,0,0,0.0,0.0,0.0,0.0,0.0,0.0,0.0,0.0
2005-04-15,49.52,240,1,0,0,1,0.004166666666666667,4.166666666666667,0.0,0.0,0.0,0.0,0.004166666666666667,4.166666666666667
2005-04-18,48.58,238,0,0,0,0,0.0,0.0,0.0,0.0,0.0,0.0,0.0,0.0
2005-04-19,50.79,234,2,0,0,2,0.008547008547008548,8.547008547008549,0.0,0.0,0.0,0.0,0.008547008547008548,8.547008547008549
2005-04-20,51.53,234,0,0,0,0,0.0,0.0,0.0,0.0,0.0,0.0,0.0,0.0
2005-04-21,51.73,238,0,0,0,0,0.0,0.0,0.0,0.0,0.0,0.0,0.0,0.0
2005-04-22,53.51,243,2,0,0,2,0.00823045267489712,8.23045267489712,0.0,0.0,0.0,0.0,0.00823045267489712,8.23045267489712
2005-04-25,53.1,236,1,1,1,0,0.00423728813559322,4.237288135593221,0.00423728813559322,4.237288135593221,0.00423728813559322,4.237288135593221,0.0,0.0
2005-04-26,52.47,233,1,1,1,0,0.004291845493562232,4.291845493562231,0.004291845493562232,4.291845493562231,0.004291845493562232,4.291845493562231,0.0,0.0
2005-04-27,51.29,236,1,1,0,0,0.00423728813559322,4.237288135593221,0.00423728813559322,4.237288135593221,0.0,0.0,0.0,0.0
2005-04-28,50.74,243,2,1,0,1,0.00823045267489712,8.23045267489712,0.00411522633744856,4.11522633744856,0.0,0.0,0.00411522633744856,4.11522633744856
2005-05-02,50.89,236,0,0,0,0,0.0,0.0,0.0,0.0,0.0,0.0,0.0,0.0
2005-05-03,49.48,237,0,0,0,0,0.0,0.0,0.0,0.0,0.0,0.0,0.0,0.0
2005-05-04,50.36,235,0,0,0,0,0.0,0.0,0.0,0.0,0.0,0.0,0.0,0.0
2005-05-05,49.81,235,1,1,0,0,0.00425531914893617,4.25531914893617,0.00425531914893617,4.25531914893617,0.0,0.0,0.0,0.0
2005-05-06,49.7,233,1,0,0,1,0.004291845493562232,4.291845493562231,0.0,0.0,0.0,0.0,0.004291845493562232,4.291845493562231
2005-05-09,49.71,242,1,0,1,0,0.004132231404958678,4.132231404958678,0.0,0.0,0.004132231404958678,4.132231404958678,0.0,0.0
2005-05-10,50.61,232,0,0,0,0,0.0,0.0,0.0,0.0,0.0,0.0,0.0,0.0
2005-05-11,48.91,233,2,2,0,0,0.008583690987124463,8.583690987124463,0.008583690987124463,8.583690987124463,0.0,0.0,0.0,0.0
2005-05-12,47.4,241,1,0,1,0,0.004149377593360996,4.149377593360996,0.0,0.0,0.004149377593360996,4.149377593360996,0.0,0.0
2005-05-13,46.85,242,0,0,0,0,0.0,0.0,0.0,0.0,0.0,0.0,0.0,0.0
2005-05-16,46.42,236,0,0,0,0,0.0,0.0,0.0,0.0,0.0,0.0,0.0,0.0
2005-05-17,47.31,235,1,1,0,0,0.00425531914893617,4.25531914893617,0.00425531914893617,4.25531914893617,0.0,0.0,0.0,0.0
2005-05-18,47.35,240,1,0,0,1,0.004166666666666667,4.166666666666667,0.0,0.0,0.0,0.0,0.004166666666666667,4.166666666666667
2005-05-19,46.92,241,1,1,0,0,0.004149377593360996,4.149377593360996,0.004149377593360996,4.149377593360996,0.0,0.0,0.0,0.0
2005-05-20,46.91,235,1,0,1,0,0.00425531914893617,4.25531914893617,0.0,0.0,0.00425531914893617,4.25531914893617,0.0,0.0
2005-05-23,47.28,238,1,0,1,0,0.004201680672268907,4.201680672268908,0.0,0.0,0.004201680672268907,4.201680672268908,0.0,0.0
2005-05-24,47.29,238,0,0,0,0,0.0,0.0,0.0,0.0,0.0,0.0,0.0,0.0
2005-05-25,49.24,235,0,0,0,0,0.0,0.0,0.0,0.0,0.0,0.0,0.0,0.0
2005-05-26,49.71,238,0,0,0,0,0.0,0.0,0.0,0.0,0.0,0.0,0.0,0.0
2005-05-27,49.42,235,0,0,0,0,0.0,0.0,0.0,0.0,0.0,0.0,0.0,0.0
2005-05-30,49.33,242,3,0,1,2,0.012396694214876033,12.396694214876034,0.0,0.0,0.004132231404958678,4.132231404958678,0.008264462809917356,8.264462809917356
2005-05-31,49.3,235,0,0,0,0,0.0,0.0,0.0,0.0,0.0,0.0,0.0,0.0
2005-06-01,50.46,243,0,0,0,0,0.0,0.0,0.0,0.0,0.0,0.0,0.0,0.0
2005-06-02,51.3,238,1,1,0,0,0.004201680672268907,4.201680672268908,0.004201680672268907,4.201680672268908,0.0,0.0,0.0,0.0
2005-06-03,51.9,235,1,1,0,0,0.00425531914893617,4.25531914893617,0.00425531914893617,4.25531914893617,0.0,0.0,0.0,0.0
2005-06-06,52.61,231,0,0,0,0,0.0,0.0,0.0,0.0,0.0,0.0,0.0,0.0
2005-06-07,51.62,235,1,0,0,1,0.00425531914893617,4.25531914893617,0.0,0.0,0.0,0.0,0.00425531914893617,4.25531914893617
2005-06-08,51.92,234,0,0,0,0,0.0,0.0,0.0,0.0,0.0,0.0,0.0,0.0
2005-06-09,51.36,239,0,0,0,0,0.0,0.0,0.0,0.0,0.0,0.0,0.0,0.0
2005-06-10,51.98,232,1,0,0,1,0.004310344827586207,4.310344827586206,0.0,0.0,0.0,0.0,0.004310344827586207,4.310344827586206
2005-06-13,52.0,236,0,0,0,0,0.0,0.0,0.0,0.0,0.0,0.0,0.0,0.0
2005-06-14,53.52,237,1,1,0,0,0.004219409282700422,4.219409282700422,0.004219409282700422,4.219409282700422,0.0,0.0,0.0,0.0
2005-06-15,54.12,239,0,0,0,0,0.0,0.0,0.0,0.0,0.0,0.0,0.0,0.0
2005-06-16,54.3,242,3,0,2,2,0.012396694214876033,12.396694214876034,0.0,0.0,0.008264462809917356,8.264462809917356,0.008264462809917356,8.264462809917356
2005-06-17,56.92,239,0,0,0,0,0.0,0.0,0.0,0.0,0.0,0.0,0.0,0.0
2005-06-20,57.1,237,3,1,0,2,0.012658227848101266,12.658227848101266,0.004219409282700422,4.219409282700422,0.0,0.0,0.008438818565400843,8.438818565400844
2005-06-21,57.36,240,4,2,0,2,0.016666666666666666,16.666666666666668,0.008333333333333333,8.333333333333334,0.0,0.0,0.008333333333333333,8.333333333333334
2005-06-22,56.06,235,2,2,1,0,0.00851063829787234,8.51063829787234,0.00851063829787234,8.51063829787234,0.00425531914893617,4.25531914893617,0.0,0.0
2005-06-23,57.03,240,0,0,0,0,0.0,0.0,0.0,0.0,0.0,0.0,0.0,0.0
2005-06-24,57.21,238,2,2,0,0,0.008403361344537815,8.403361344537815,0.008403361344537815,8.403361344537815,0.0,0.0,0.0,0.0
2005-06-27,58.5,226,2,2,0,0,0.008849557522123894,8.849557522123893,0.008849557522123894,8.849557522123893,0.0,0.0,0.0,0.0
2005-06-28,57.75,239,3,1,0,2,0.012552301255230125,12.552301255230125,0.0041841004184100415,4.184100418410042,0.0,0.0,0.008368200836820083,8.368200836820083
2005-06-29,55.42,236,2,1,0,1,0.00847457627118644,8.474576271186441,0.00423728813559322,4.237288135593221,0.0,0.0,0.00423728813559322,4.237288135593221
2005-06-30,55.36,242,1,0,1,0,0.004132231404958678,4.132231404958678,0.0,0.0,0.004132231404958678,4.132231404958678,0.0,0.0
2005-07-01,56.41,230,0,0,0,0,0.0,0.0,0.0,0.0,0.0,0.0,0.0,0.0
2005-07-04,57.13,217,1,0,0,1,0.004608294930875576,4.608294930875576,0.0,0.0,0.0,0.0,0.004608294930875576,4.608294930875576
2005-07-05,57.86,238,0,0,0,0,0.0,0.0,0.0,0.0,0.0,0.0,0.0,0.0
2005-07-06,58.38,235,2,1,1,0,0.00851063829787234,8.51063829787234,0.00425531914893617,4.25531914893617,0.00425531914893617,4.25531914893617,0.0,0.0
2005-07-07,57.55,239,4,4,0,0,0.016736401673640166,16.736401673640167,0.016736401673640166,16.736401673640167,0.0,0.0,0.0,0.0
2005-07-08,59.0,238,0,0,0,0,0.0,0.0,0.0,0.0,0.0,0.0,0.0,0.0
2005-07-11,56.1,228,0,0,0,0,0.0,0.0,0.0,0.0,0.0,0.0,0.0,0.0
2005-07-12,58.95,244,3,1,0,2,0.012295081967213115,12.295081967213115,0.004098360655737705,4.0983606557377055,0.0,0.0,0.00819672131147541,8.196721311475411
2005-07-13,58.33,239,1,1,0,0,0.0041841004184100415,4.184100418410042,0.0041841004184100415,4.184100418410042,0.0,0.0,0.0,0.0
2005-07-14,56.79,231,0,0,0,0,0.0,0.0,0.0,0.0,0.0,0.0,0.0,0.0
2005-07-15,56.98,240,0,0,0,0,0.0,0.0,0.0,0.0,0.0,0.0,0.0,0.0
2005-07-18,56.25,230,2,0,0,2,0.008695652173913044,8.695652173913043,0.0,0.0,0.0,0.0,0.008695652173913044,8.695652173913043
2005-07-19,56.75,238,1,0,0,1,0.004201680672268907,4.201680672268908,0.0,0.0,0.0,0.0,0.004201680672268907,4.201680672268908
2005-07-20,56.39,237,2,1,0,1,0.008438818565400843,8.438818565400844,0.004219409282700422,4.219409282700422,0.0,0.0,0.004219409282700422,4.219409282700422
2005-07-21,55.59,208,1,0,1,0,0.004807692307692308,4.807692307692308,0.0,0.0,0.004807692307692308,4.807692307692308,0.0,0.0
2005-07-22,56.98,243,2,0,1,1,0.00823045267489712,8.23045267489712,0.0,0.0,0.00411522633744856,4.11522633744856,0.00411522633744856,4.11522633744856
2005-07-25,57.51,232,2,1,0,1,0.008620689655172414,8.620689655172413,0.004310344827586207,4.310344827586206,0.0,0.0,0.004310344827586207,4.310344827586206
2005-07-26,58.58,239,0,0,0,0,0.0,0.0,0.0,0.0,0.0,0.0,0.0,0.0
2005-07-27,58.34,240,0,0,0,0,0.0,0.0,0.0,0.0,0.0,0.0,0.0,0.0
2005-07-28,58.28,243,0,0,0,0,0.0,0.0,0.0,0.0,0.0,0.0,0.0,0.0
2005-07-29,59.77,237,0,0,0,0,0.0,0.0,0.0,0.0,0.0,0.0,0.0,0.0
2005-08-01,60.56,236,1,1,0,0,0.00423728813559322,4.237288135593221,0.00423728813559322,4.237288135593221,0.0,0.0,0.0,0.0
2005-08-02,60.13,237,1,1,0,0,0.004219409282700422,4.219409282700422,0.004219409282700422,4.219409282700422,0.0,0.0,0.0,0.0
2005-08-03,60.04,236,0,0,0,0,0.0,0.0,0.0,0.0,0.0,0.0,0.0,0.0
2005-08-04,60.62,236,1,1,0,0,0.00423728813559322,4.237288135593221,0.00423728813559322,4.237288135593221,0.0,0.0,0.0,0.0
2005-08-05,60.73,237,0,0,0,0,0.0,0.0,0.0,0.0,0.0,0.0,0.0,0.0
2005-08-08,62.56,234,2,1,0,1,0.008547008547008548,8.547008547008549,0.004273504273504274,4.273504273504274,0.0,0.0,0.004273504273504274,4.273504273504274
2005-08-09,62.79,232,1,0,0,1,0.004310344827586207,4.310344827586206,0.0,0.0,0.0,0.0,0.004310344827586207,4.310344827586206
2005-08-10,63.77,236,1,0,0,1,0.00423728813559322,4.237288135593221,0.0,0.0,0.0,0.0,0.00423728813559322,4.237288135593221
2005-08-11,65.9,237,1,1,0,0,0.004219409282700422,4.219409282700422,0.004219409282700422,4.219409282700422,0.0,0.0,0.0,0.0
2005-08-12,67.26,235,2,1,0,1,0.00851063829787234,8.51063829787234,0.00425531914893617,4.25531914893617,0.0,0.0,0.00425531914893617,4.25531914893617
2005-08-15,66.68,241,3,1,0,2,0.012448132780082987,12.448132780082986,0.004149377593360996,4.149377593360996,0.0,0.0,0.008298755186721992,8.298755186721992
2005-08-16,65.1,238,1,0,0,1,0.004201680672268907,4.201680672268908,0.0,0.0,0.0,0.0,0.004201680672268907,4.201680672268908
2005-08-17,63.41,235,2,0,0,2,0.00851063829787234,8.51063829787234,0.0,0.0,0.0,0.0,0.00851063829787234,8.51063829787234
2005-08-18,61.75,239,3,0,1,2,0.012552301255230125,12.552301255230125,0.0,0.0,0.0041841004184100415,4.184100418410042,0.008368200836820083,8.368200836820083
2005-08-19,64.21,237,1,1,0,0,0.004219409282700422,4.219409282700422,0.004219409282700422,4.219409282700422,0.0,0.0,0.0,0.0
2005-08-22,65.87,232,1,0,0,1,0.004310344827586207,4.310344827586206,0.0,0.0,0.0,0.0,0.004310344827586207,4.310344827586206
2005-08-23,65.16,234,2,1,0,1,0.008547008547008548,8.547008547008549,0.004273504273504274,4.273504273504274,0.0,0.0,0.004273504273504274,4.273504273504274
2005-08-24,65.25,237,1,0,0,1,0.004219409282700422,4.219409282700422,0.0,0.0,0.0,0.0,0.004219409282700422,4.219409282700422
2005-08-25,65.88,230,0,0,0,0,0.0,0.0,0.0,0.0,0.0,0.0,0.0,0.0
2005-08-26,66.23,229,0,0,0,0,0.0,0.0,0.0,0.0,0.0,0.0,0.0,0.0
2005-08-29,64.77,235,3,2,1,0,0.01276595744680851,12.76595744680851,0.00851063829787234,8.51063829787234,0.00425531914893617,4.25531914893617,0.0,0.0
2005-08-30,66.15,206,5,2,3,1,0.024271844660194174,24.271844660194173,0.009708737864077669,9.70873786407767,0.014563106796116505,14.563106796116505,0.0048543689320388345,4.854368932038835
2005-08-31,66.8,230,6,5,1,0,0.02608695652173913,26.08695652173913,0.021739130434782608,21.73913043478261,0.004347826086956522,4.3478260869565215,0.0,0.0
2005-09-01,66.79,235,5,0,1,4,0.02127659574468085,21.27659574468085,0.0,0.0,0.00425531914893617,4.25531914893617,0.01702127659574468,17.02127659574468
2005-09-02,65.95,235,4,0,1,3,0.01702127659574468,17.02127659574468,0.0,0.0,0.00425531914893617,4.25531914893617,0.01276595744680851,12.76595744680851
2005-09-05,64.16,241,6,1,0,5,0.024896265560165973,24.896265560165972,0.004149377593360996,4.149377593360996,0.0,0.0,0.02074688796680498,20.74688796680498
2005-09-06,64.16,231,1,0,0,1,0.004329004329004329,4.329004329004329,0.0,0.0,0.0,0.0,0.004329004329004329,4.329004329004329
2005-09-07,63.6,233,6,0,0,6,0.02575107296137339,25.751072961373392,0.0,0.0,0.0,0.0,0.02575107296137339,25.751072961373392
2005-09-08,61.66,229,6,2,0,4,0.026200873362445413,26.200873362445414,0.008733624454148471,8.73362445414847,0.0,0.0,0.017467248908296942,17.46724890829694
2005-09-09,62.62,236,5,0,0,5,0.0211864406779661,21.1864406779661,0.0,0.0,0.0,0.0,0.0211864406779661,21.1864406779661
2005-09-12,60.69,235,6,0,1,5,0.02553191489361702,25.53191489361702,0.0,0.0,0.00425531914893617,4.25531914893617,0.02127659574468085,21.27659574468085
2005-09-13,61.31,238,5,1,0,4,0.02100840336134454,21.008403361344538,0.004201680672268907,4.201680672268908,0.0,0.0,0.01680672268907563,16.80672268907563
2005-09-14,61.7,230,6,1,1,4,0.02608695652173913,26.08695652173913,0.004347826086956522,4.3478260869565215,0.004347826086956522,4.3478260869565215,0.017391304347826087,17.391304347826086
2005-09-15,61.9,234,2,1,0,1,0.008547008547008548,8.547008547008549,0.004273504273504274,4.273504273504274,0.0,0.0,0.004273504273504274,4.273504273504274
2005-09-16,60.48,237,5,1,0,4,0.02109704641350211,21.09704641350211,0.004219409282700422,4.219409282700422,0.0,0.0,0.016877637130801686,16.877637130801688
2005-09-19,64.04,239,5,1,0,4,0.02092050209205021,20.920502092050206,0.0041841004184100415,4.184100418410042,0.0,0.0,0.016736401673640166,16.736401673640167
2005-09-20,62.98,239,9,1,1,7,0.03765690376569038,37.65690376569038,0.0041841004184100415,4.184100418410042,0.0041841004184100415,4.184100418410042,0.029288702928870293,29.288702928870293
2005-09-21,64.31,241,5,0,1,4,0.02074688796680498,20.74688796680498,0.0,0.0,0.004149377593360996,4.149377593360996,0.016597510373443983,16.597510373443985
2005-09-22,64.64,244,8,0,1,7,0.03278688524590164,32.786885245901644,0.0,0.0,0.004098360655737705,4.0983606557377055,0.028688524590163935,28.688524590163937
2005-09-23,62.17,232,7,0,1,6,0.03017241379310345,30.17241379310345,0.0,0.0,0.004310344827586207,4.310344827586206,0.02586206896551724,25.862068965517242
2005-09-26,61.73,215,4,1,0,3,0.018604651162790697,18.6046511627907,0.004651162790697674,4.651162790697675,0.0,0.0,0.013953488372093023,13.953488372093023
2005-09-27,62.56,239,3,2,0,1,0.012552301255230125,12.552301255230125,0.008368200836820083,8.368200836820083,0.0,0.0,0.0041841004184100415,4.184100418410042
2005-09-28,62.81,237,4,1,0,3,0.016877637130801686,16.877637130801688,0.004219409282700422,4.219409282700422,0.0,0.0,0.012658227848101266,12.658227848101266
2005-09-29,62.02,239,2,0,0,2,0.008368200836820083,8.368200836820083,0.0,0.0,0.0,0.0,0.008368200836820083,8.368200836820083
2005-09-30,61.7,241,4,0,0,4,0.016597510373443983,16.597510373443985,0.0,0.0,0.0,0.0,0.016597510373443983,16.597510373443985
2005-10-03,61.64,236,1,0,0,1,0.00423728813559322,4.237288135593221,0.0,0.0,0.0,0.0,0.00423728813559322,4.237288135593221
2005-10-04,59.17,240,1,0,0,1,0.004166666666666667,4.166666666666667,0.0,0.0,0.0,0.0,0.004166666666666667,4.166666666666667
2005-10-05,59.33,238,5,0,2,3,0.02100840336134454,21.008403361344538,0.0,0.0,0.008403361344537815,8.403361344537815,0.012605042016806723,12.605042016806722
2005-10-06,57.2,234,0,0,0,0,0.0,0.0,0.0,0.0,0.0,0.0,0.0,0.0
2005-10-07,57.29,238,2,1,0,1,0.008403361344537815,8.403361344537815,0.004201680672268907,4.201680672268908,0.0,0.0,0.004201680672268907,4.201680672268908
2005-10-10,57.01,238,3,0,2,1,0.012605042016806723,12.605042016806722,0.0,0.0,0.008403361344537815,8.403361344537815,0.004201680672268907,4.201680672268908
2005-10-11,58.1,234,1,1,0,0,0.004273504273504274,4.273504273504274,0.004273504273504274,4.273504273504274,0.0,0.0,0.0,0.0
2005-10-12,59.91,235,3,1,0,2,0.01276595744680851,12.76595744680851,0.00425531914893617,4.25531914893617,0.0,0.0,0.00851063829787234,8.51063829787234
2005-10-13,59.48,235,1,0,0,1,0.00425531914893617,4.25531914893617,0.0,0.0,0.0,0.0,0.00425531914893617,4.25531914893617
2005-10-14,58.45,234,0,0,0,0,0.0,0.0,0.0,0.0,0.0,0.0,0.0,0.0
2005-10-17,59.81,224,1,0,0,1,0.004464285714285714,4.464285714285714,0.0,0.0,0.0,0.0,0.004464285714285714,4.464285714285714
2005-10-18,58.85,236,4,2,0,2,0.01694915254237288,16.949152542372882,0.00847457627118644,8.474576271186441,0.0,0.0,0.00847457627118644,8.474576271186441
2005-10-19,58.13,233,0,0,0,0,0.0,0.0,0.0,0.0,0.0,0.0,0.0,0.0
2005-10-20,57.04,237,0,0,0,0,0.0,0.0,0.0,0.0,0.0,0.0,0.0,0.0
2005-10-21,56.94,236,0,0,0,0,0.0,0.0,0.0,0.0,0.0,0.0,0.0,0.0
2005-10-24,57.64,234,0,0,0,0,0.0,0.0,0.0,0.0,0.0,0.0,0.0,0.0
2005-10-25,58.72,240,0,0,0,0,0.0,0.0,0.0,0.0,0.0,0.0,0.0,0.0
2005-10-26,58.56,229,2,1,0,1,0.008733624454148471,8.73362445414847,0.004366812227074236,4.366812227074235,0.0,0.0,0.004366812227074236,4.366812227074235
2005-10-27,58.1,230,0,0,0,0,0.0,0.0,0.0,0.0,0.0,0.0,0.0,0.0
2005-10-28,59.47,237,0,0,0,0,0.0,0.0,0.0,0.0,0.0,0.0,0.0,0.0
2005-10-31,58.47,227,1,1,1,0,0.004405286343612335,4.405286343612335,0.004405286343612335,4.405286343612335,0.004405286343612335,4.405286343612335,0.0,0.0
2005-11-01,56.69,219,3,1,0,2,0.0136986301369863,13.698630136986301,0.0045662100456621,4.5662100456621,0.0,0.0,0.0091324200913242,9.1324200913242
2005-11-02,58.53,235,0,0,0,0,0.0,0.0,0.0,0.0,0.0,0.0,0.0,0.0
2005-11-03,59.55,239,3,0,0,3,0.012552301255230125,12.552301255230125,0.0,0.0,0.0,0.0,0.012552301255230125,12.552301255230125
2005-11-04,60.48,241,3,0,2,1,0.012448132780082987,12.448132780082986,0.0,0.0,0.008298755186721992,8.298755186721992,0.004149377593360996,4.149377593360996
2005-11-07,58.19,227,0,0,0,0,0.0,0.0,0.0,0.0,0.0,0.0,0.0,0.0
2005-11-08,57.89,234,1,1,0,0,0.004273504273504274,4.273504273504274,0.004273504273504274,4.273504273504274,0.0,0.0,0.0,0.0
2005-11-09,57.71,233,1,0,0,1,0.004291845493562232,4.291845493562231,0.0,0.0,0.0,0.0,0.004291845493562232,4.291845493562231
2005-11-10,55.85,236,1,0,0,1,0.00423728813559322,4.237288135593221,0.0,0.0,0.0,0.0,0.00423728813559322,4.237288135593221
2005-11-11,54.3,237,0,0,0,0,0.0,0.0,0.0,0.0,0.0,0.0,0.0,0.0
2005-11-14,54.1,238,0,0,0,0,0.0,0.0,0.0,0.0,0.0,0.0,0.0,0.0
2005-11-15,54.45,239,0,0,0,0,0.0,0.0,0.0,0.0,0.0,0.0,0.0,0.0
2005-11-16,53.68,235,0,0,0,0,0.0,0.0,0.0,0.0,0.0,0.0,0.0,0.0
2005-11-17,53.8,235,1,1,0,0,0.00425531914893617,4.25531914893617,0.00425531914893617,4.25531914893617,0.0,0.0,0.0,0.0
2005-11-18,52.84,238,0,0,0,0,0.0,0.0,0.0,0.0,0.0,0.0,0.0,0.0
2005-11-21,53.36,236,0,0,0,0,0.0,0.0,0.0,0.0,0.0,0.0,0.0,0.0
2005-11-22,54.21,237,1,0,1,0,0.004219409282700422,4.219409282700422,0.0,0.0,0.004219409282700422,4.219409282700422,0.0,0.0
2005-11-23,53.73,234,1,0,1,0,0.004273504273504274,4.273504273504274,0.0,0.0,0.004273504273504274,4.273504273504274,0.0,0.0
2005-11-24,53.41,233,1,0,0,1,0.004291845493562232,4.291845493562231,0.0,0.0,0.0,0.0,0.004291845493562232,4.291845493562231
2005-11-25,53.15,234,1,0,1,0,0.004273504273504274,4.273504273504274,0.0,0.0,0.004273504273504274,4.273504273504274,0.0,0.0
2005-11-28,52.91,236,0,0,0,0,0.0,0.0,0.0,0.0,0.0,0.0,0.0,0.0
2005-11-29,53.24,233,2,0,0,2,0.008583690987124463,8.583690987124463,0.0,0.0,0.0,0.0,0.008583690987124463,8.583690987124463
2005-11-30,53.25,238,0,0,0,0,0.0,0.0,0.0,0.0,0.0,0.0,0.0,0.0
2005-12-01,53.65,234,0,0,0,0,0.0,0.0,0.0,0.0,0.0,0.0,0.0,0.0
2005-12-02,54.91,232,0,0,0,0,0.0,0.0,0.0,0.0,0.0,0.0,0.0,0.0
2005-12-05,56.05,239,1,0,1,0,0.0041841004184100415,4.184100418410042,0.0,0.0,0.0041841004184100415,4.184100418410042,0.0,0.0
2005-12-06,55.68,236,1,0,0,1,0.00423728813559322,4.237288135593221,0.0,0.0,0.0,0.0,0.00423728813559322,4.237288135593221
2005-12-07,55.17,238,0,0,0,0,0.0,0.0,0.0,0.0,0.0,0.0,0.0,0.0
2005-12-08,56.26,229,0,0,0,0,0.0,0.0,0.0,0.0,0.0,0.0,0.0,0.0
2005-12-09,57.18,237,0,0,0,0,0.0,0.0,0.0,0.0,0.0,0.0,0.0,0.0
2005-12-12,57.23,237,1,0,0,1,0.004219409282700422,4.219409282700422,0.0,0.0,0.0,0.0,0.004219409282700422,4.219409282700422
2005-12-13,59.16,236,1,0,1,0,0.00423728813559322,4.237288135593221,0.0,0.0,0.00423728813559322,4.237288135593221,0.0,0.0
2005-12-14,59.59,237,0,0,0,0,0.0,0.0,0.0,0.0,0.0,0.0,0.0,0.0
2005-12-15,59.67,240,0,0,0,0,0.0,0.0,0.0,0.0,0.0,0.0,0.0,0.0
2005-12-16,58.11,237,0,0,0,0,0.0,0.0,0.0,0.0,0.0,0.0,0.0,0.0
2005-12-19,56.09,233,0,0,0,0,0.0,0.0,0.0,0.0,0.0,0.0,0.0,0.0
2005-12-20,56.08,239,3,0,1,2,0.012552301255230125,12.552301255230125,0.0,0.0,0.0041841004184100415,4.184100418410042,0.008368200836820083,8.368200836820083
2005-12-21,56.05,241,1,0,1,0,0.004149377593360996,4.149377593360996,0.0,0.0,0.004149377593360996,4.149377593360996,0.0,0.0
2005-12-22,57.3,232,1,0,1,0,0.004310344827586207,4.310344827586206,0.0,0.0,0.004310344827586207,4.310344827586206,0.0,0.0
2005-12-23,56.28,218,0,0,0,0,0.0,0.0,0.0,0.0,0.0,0.0,0.0,0.0
2005-12-26,56.54,127,1,0,0,1,0.007874015748031496,7.874015748031496,0.0,0.0,0.0,0.0,0.007874015748031496,7.874015748031496
2005-12-28,56.91,177,1,1,0,0,0.005649717514124294,5.649717514124294,0.005649717514124294,5.649717514124294,0.0,0.0,0.0,0.0
2005-12-29,57.72,191,0,0,0,0,0.0,0.0,0.0,0.0,0.0,0.0,0.0,0.0
2005-12-30,58.34,164,0,0,0,0,0.0,0.0,0.0,0.0,0.0,0.0,0.0,0.0
2006-01-03,61.51,205,1,0,0,1,0.004878048780487805,4.878048780487805,0.0,0.0,0.0,0.0,0.004878048780487805,4.878048780487805
2006-01-04,61.25,230,0,0,0,0,0.0,0.0,0.0,0.0,0.0,0.0,0.0,0.0
2006-01-05,61.68,229,0,0,0,0,0.0,0.0,0.0,0.0,0.0,0.0,0.0,0.0
2006-01-06,62.43,240,2,0,0,2,0.008333333333333333,8.333333333333334,0.0,0.0,0.0,0.0,0.008333333333333333,8.333333333333334
2006-01-09,62.51,236,0,0,0,0,0.0,0.0,0.0,0.0,0.0,0.0,0.0,0.0
2006-01-10,62.32,232,0,0,0,0,0.0,0.0,0.0,0.0,0.0,0.0,0.0,0.0
2006-01-11,61.54,225,1,0,0,1,0.0044444444444444444,4.444444444444445,0.0,0.0,0.0,0.0,0.0044444444444444444,4.444444444444445
2006-01-12,62.95,235,3,0,0,3,0.01276595744680851,12.76595744680851,0.0,0.0,0.0,0.0,0.01276595744680851,12.76595744680851
2006-01-13,61.58,231,2,1,1,1,0.008658008658008658,8.658008658008658,0.004329004329004329,4.329004329004329,0.004329004329004329,4.329004329004329,0.004329004329004329,4.329004329004329
2006-01-16,62.34,235,1,0,1,0,0.00425531914893617,4.25531914893617,0.0,0.0,0.00425531914893617,4.25531914893617,0.0,0.0
2006-01-17,63.22,234,0,0,0,0,0.0,0.0,0.0,0.0,0.0,0.0,0.0,0.0
2006-01-18,63.6,234,2,2,0,0,0.008547008547008548,8.547008547008549,0.008547008547008548,8.547008547008549,0.0,0.0,0.0,0.0
2006-01-19,63.64,232,2,1,1,0,0.008620689655172414,8.620689655172413,0.004310344827586207,4.310344827586206,0.004310344827586207,4.310344827586206,0.0,0.0
2006-01-20,64.92,237,0,0,0,0,0.0,0.0,0.0,0.0,0.0,0.0,0.0,0.0
2006-01-23,64.56,239,1,0,1,0,0.0041841004184100415,4.184100418410042,0.0,0.0,0.0041841004184100415,4.184100418410042,0.0,0.0
2006-01-24,63.82,240,1,0,1,0,0.004166666666666667,4.166666666666667,0.0,0.0,0.004166666666666667,4.166666666666667,0.0,0.0
2006-01-25,62.61,236,0,0,0,0,0.0,0.0,0.0,0.0,0.0,0.0,0.0,0.0
2006-01-26,62.93,234,0,0,0,0,0.0,0.0,0.0,0.0,0.0,0.0,0.0,0.0
2006-01-27,64.95,229,0,0,0,0,0.0,0.0,0.0,0.0,0.0,0.0,0.0,0.0
2006-01-30,65.14,233,0,0,0,0,0.0,0.0,0.0,0.0,0.0,0.0,0.0,0.0
2006-01-31,63.19,232,1,0,0,1,0.004310344827586207,4.310344827586206,0.0,0.0,0.0,0.0,0.004310344827586207,4.310344827586206
2006-02-01,65.64,236,1,1,0,0,0.00423728813559322,4.237288135593221,0.00423728813559322,4.237288135593221,0.0,0.0,0.0,0.0
2006-02-02,63.49,234,1,1,0,0,0.004273504273504274,4.273504273504274,0.004273504273504274,4.273504273504274,0.0,0.0,0.0,0.0
2006-02-03,62.54,225,0,0,0,0,0.0,0.0,0.0,0.0,0.0,0.0,0.0,0.0
2006-02-06,63.32,233,1,0,1,0,0.004291845493562232,4.291845493562231,0.0,0.0,0.004291845493562232,4.291845493562231,0.0,0.0
2006-02-07,61.64,235,3,2,0,1,0.01276595744680851,12.76595744680851,0.00851063829787234,8.51063829787234,0.0,0.0,0.00425531914893617,4.25531914893617
2006-02-08,60.82,234,2,1,0,1,0.008547008547008548,8.547008547008549,0.004273504273504274,4.273504273504274,0.0,0.0,0.004273504273504274,4.273504273504274
2006-02-09,60.7,237,1,0,0,1,0.004219409282700422,4.219409282700422,0.0,0.0,0.0,0.0,0.004219409282700422,4.219409282700422
2006-02-10,59.66,227,1,0,0,1,0.004405286343612335,4.405286343612335,0.0,0.0,0.0,0.0,0.004405286343612335,4.405286343612335
2006-02-13,59.16,235,0,0,0,0,0.0,0.0,0.0,0.0,0.0,0.0,0.0,0.0
2006-02-14,58.27,234,2,0,2,1,0.008547008547008548,8.547008547008549,0.0,0.0,0.008547008547008548,8.547008547008549,0.004273504273504274,4.273504273504274
2006-02-15,57.67,232,0,0,0,0,0.0,0.0,0.0,0.0,0.0,0.0,0.0,0.0
2006-02-16,56.78,236,1,0,0,1,0.00423728813559322,4.237288135593221,0.0,0.0,0.0,0.0,0.00423728813559322,4.237288135593221
2006-02-17,58.34,236,1,1,0,0,0.00423728813559322,4.237288135593221,0.00423728813559322,4.237288135593221,0.0,0.0,0.0,0.0
2006-02-20,60.05,234,0,0,0,0,0.0,0.0,0.0,0.0,0.0,0.0,0.0,0.0
2006-02-21,59.35,232,0,0,0,0,0.0,0.0,0.0,0.0,0.0,0.0,0.0,0.0
2006-02-22,58.71,234,2,0,0,2,0.008547008547008548,8.547008547008549,0.0,0.0,0.0,0.0,0.008547008547008548,8.547008547008549
2006-02-23,58.71,238,1,1,0,0,0.004201680672268907,4.201680672268908,0.004201680672268907,4.201680672268908,0.0,0.0,0.0,0.0
2006-02-24,60.13,227,1,0,0,1,0.004405286343612335,4.405286343612335,0.0,0.0,0.0,0.0,0.004405286343612335,4.405286343612335
2006-02-27,59.44,232,2,1,0,1,0.008620689655172414,8.620689655172413,0.004310344827586207,4.310344827586206,0.0,0.0,0.004310344827586207,4.310344827586206
2006-02-28,59.78,234,1,0,0,1,0.004273504273504274,4.273504273504274,0.0,0.0,0.0,0.0,0.004273504273504274,4.273504273504274
2006-03-01,61.12,231,0,0,0,0,0.0,0.0,0.0,0.0,0.0,0.0,0.0,0.0
2006-03-02,62.27,239,1,0,0,1,0.0041841004184100415,4.184100418410042,0.0,0.0,0.0,0.0,0.0041841004184100415,4.184100418410042
2006-03-03,62.69,236,1,0,0,1,0.00423728813559322,4.237288135593221,0.0,0.0,0.0,0.0,0.00423728813559322,4.237288135593221
2006-03-06,61.41,229,0,0,0,0,0.0,0.0,0.0,0.0,0.0,0.0,0.0,0.0
2006-03-07,59.79,232,0,0,0,0,0.0,0.0,0.0,0.0,0.0,0.0,0.0,0.0
2006-03-08,58.42,235,0,0,0,0,0.0,0.0,0.0,0.0,0.0,0.0,0.0,0.0
2006-03-09,58.82,236,0,0,0,0,0.0,0.0,0.0,0.0,0.0,0.0,0.0,0.0
2006-03-10,59.04,228,0,0,0,0,0.0,0.0,0.0,0.0,0.0,0.0,0.0,0.0
2006-03-13,60.99,234,0,0,0,0,0.0,0.0,0.0,0.0,0.0,0.0,0.0,0.0
2006-03-14,62.39,231,2,1,1,0,0.008658008658008658,8.658008658008658,0.004329004329004329,4.329004329004329,0.004329004329004329,4.329004329004329,0.0,0.0
2006-03-15,63.12,237,0,0,0,0,0.0,0.0,0.0,0.0,0.0,0.0,0.0,0.0
2006-03-16,62.07,235,0,0,0,0,0.0,0.0,0.0,0.0,0.0,0.0,0.0,0.0
2006-03-17,63.54,231,0,0,0,0,0.0,0.0,0.0,0.0,0.0,0.0,0.0,0.0
2006-03-20,62.3,233,0,0,0,0,0.0,0.0,0.0,0.0,0.0,0.0,0.0,0.0
2006-03-21,59.96,238,0,0,0,0,0.0,0.0,0.0,0.0,0.0,0.0,0.0,0.0
2006-03-22,61.23,238,0,0,0,0,0.0,0.0,0.0,0.0,0.0,0.0,0.0,0.0
2006-03-23,61.76,230,0,0,0,0,0.0,0.0,0.0,0.0,0.0,0.0,0.0,0.0
2006-03-24,62.78,231,0,0,0,0,0.0,0.0,0.0,0.0,0.0,0.0,0.0,0.0
2006-03-27,62.59,238,0,0,0,0,0.0,0.0,0.0,0.0,0.0,0.0,0.0,0.0
2006-03-28,64.31,244,0,0,0,0,0.0,0.0,0.0,0.0,0.0,0.0,0.0,0.0
2006-03-29,64.88,236,2,0,0,2,0.00847457627118644,8.474576271186441,0.0,0.0,0.0,0.0,0.00847457627118644,8.474576271186441
2006-03-30,65.95,241,3,0,0,3,0.012448132780082987,12.448132780082986,0.0,0.0,0.0,0.0,0.012448132780082987,12.448132780082986
2006-03-31,66.06,233,0,0,0,0,0.0,0.0,0.0,0.0,0.0,0.0,0.0,0.0
2006-04-03,67.28,238,1,0,0,1,0.004201680672268907,4.201680672268908,0.0,0.0,0.0,0.0,0.004201680672268907,4.201680672268908
2006-04-04,65.93,241,0,0,0,0,0.0,0.0,0.0,0.0,0.0,0.0,0.0,0.0
2006-04-05,66.74,241,1,0,1,0,0.004149377593360996,4.149377593360996,0.0,0.0,0.004149377593360996,4.149377593360996,0.0,0.0
2006-04-06,67.58,236,0,0,0,0,0.0,0.0,0.0,0.0,0.0,0.0,0.0,0.0
2006-04-07,67.11,235,4,1,0,4,0.01702127659574468,17.02127659574468,0.00425531914893617,4.25531914893617,0.0,0.0,0.01702127659574468,17.02127659574468
2006-04-10,68.2,239,0,0,0,0,0.0,0.0,0.0,0.0,0.0,0.0,0.0,0.0
2006-04-11,68.52,235,4,1,0,3,0.01702127659574468,17.02127659574468,0.00425531914893617,4.25531914893617,0.0,0.0,0.01276595744680851,12.76595744680851
2006-04-12,69.54,238,7,2,0,5,0.029411764705882353,29.41176470588235,0.008403361344537815,8.403361344537815,0.0,0.0,0.02100840336134454,21.008403361344538
2006-04-13,69.39,234,1,0,0,1,0.004273504273504274,4.273504273504274,0.0,0.0,0.0,0.0,0.004273504273504274,4.273504273504274
2006-04-18,70.97,235,4,2,1,2,0.01702127659574468,17.02127659574468,0.00851063829787234,8.51063829787234,0.00425531914893617,4.25531914893617,0.00851063829787234,8.51063829787234
2006-04-19,72.69,236,6,3,0,3,0.025423728813559324,25.423728813559325,0.012711864406779662,12.711864406779663,0.0,0.0,0.012711864406779662,12.711864406779663
2006-04-20,72.57,235,5,1,0,4,0.02127659574468085,21.27659574468085,0.00425531914893617,4.25531914893617,0.0,0.0,0.01702127659574468,17.02127659574468
2006-04-21,73.94,237,5,2,0,3,0.02109704641350211,21.09704641350211,0.008438818565400843,8.438818565400844,0.0,0.0,0.012658227848101266,12.658227848101266
2006-04-24,73.96,235,3,0,0,3,0.01276595744680851,12.76595744680851,0.0,0.0,0.0,0.0,0.01276595744680851,12.76595744680851
2006-04-25,72.86,225,2,1,0,1,0.008888888888888889,8.88888888888889,0.0044444444444444444,4.444444444444445,0.0,0.0,0.0044444444444444444,4.444444444444445
2006-04-26,73.46,236,3,0,0,3,0.012711864406779662,12.711864406779663,0.0,0.0,0.0,0.0,0.012711864406779662,12.711864406779663
2006-04-27,71.79,232,4,0,0,4,0.017241379310344827,17.241379310344826,0.0,0.0,0.0,0.0,0.017241379310344827,17.241379310344826
2006-04-28,72.15,237,2,1,0,1,0.008438818565400843,8.438818565400844,0.004219409282700422,4.219409282700422,0.0,0.0,0.004219409282700422,4.219409282700422
2006-05-01,73.37,236,4,1,0,3,0.01694915254237288,16.949152542372882,0.00423728813559322,4.237288135593221,0.0,0.0,0.012711864406779662,12.711864406779663
2006-05-02,74.45,236,4,3,0,1,0.01694915254237288,16.949152542372882,0.012711864406779662,12.711864406779663,0.0,0.0,0.00423728813559322,4.237288135593221
2006-05-03,73.73,240,1,0,0,1,0.004166666666666667,4.166666666666667,0.0,0.0,0.0,0.0,0.004166666666666667,4.166666666666667
2006-05-04,71.84,235,0,0,0,0,0.0,0.0,0.0,0.0,0.0,0.0,0.0,0.0
2006-05-05,71.22,240,3,0,0,3,0.0125,12.5,0.0,0.0,0.0,0.0,0.0125,12.5
2006-05-08,68.26,231,3,1,1,1,0.012987012987012988,12.987012987012989,0.004329004329004329,4.329004329004329,0.004329004329004329,4.329004329004329,0.004329004329004329,4.329004329004329
2006-05-09,70.6,231,0,0,0,0,0.0,0.0,0.0,0.0,0.0,0.0,0.0,0.0
2006-05-10,69.83,235,1,0,0,1,0.00425531914893617,4.25531914893617,0.0,0.0,0.0,0.0,0.00425531914893617,4.25531914893617
2006-05-11,72.2,239,2,0,2,0,0.008368200836820083,8.368200836820083,0.0,0.0,0.008368200836820083,8.368200836820083,0.0,0.0
2006-05-12,71.3,237,0,0,0,0,0.0,0.0,0.0,0.0,0.0,0.0,0.0,0.0
2006-05-15,68.69,235,1,0,1,0,0.00425531914893617,4.25531914893617,0.0,0.0,0.00425531914893617,4.25531914893617,0.0,0.0
2006-05-16,68.66,234,0,0,0,0,0.0,0.0,0.0,0.0,0.0,0.0,0.0,0.0
2006-05-17,67.52,234,1,0,0,1,0.004273504273504274,4.273504273504274,0.0,0.0,0.0,0.0,0.004273504273504274,4.273504273504274
2006-05-18,67.39,240,2,0,0,2,0.008333333333333333,8.333333333333334,0.0,0.0,0.0,0.0,0.008333333333333333,8.333333333333334
2006-05-19,66.93,233,0,0,0,0,0.0,0.0,0.0,0.0,0.0,0.0,0.0,0.0
2006-05-22,66.52,238,1,0,0,1,0.004201680672268907,4.201680672268908,0.0,0.0,0.0,0.0,0.004201680672268907,4.201680672268908
2006-05-23,68.97,239,0,0,0,0,0.0,0.0,0.0,0.0,0.0,0.0,0.0,0.0
2006-05-24,68.45,235,0,0,0,0,0.0,0.0,0.0,0.0,0.0,0.0,0.0,0.0
2006-05-25,68.51,242,1,1,0,0,0.004132231404958678,4.132231404958678,0.004132231404958678,4.132231404958678,0.0,0.0,0.0,0.0
2006-05-26,69.88,237,0,0,0,0,0.0,0.0,0.0,0.0,0.0,0.0,0.0,0.0
2006-05-29,69.16,237,0,0,0,0,0.0,0.0,0.0,0.0,0.0,0.0,0.0,0.0
2006-05-30,69.82,239,2,0,0,2,0.008368200836820083,8.368200836820083,0.0,0.0,0.0,0.0,0.008368200836820083,8.368200836820083
2006-05-31,67.57,242,1,0,0,1,0.004132231404958678,4.132231404958678,0.0,0.0,0.0,0.0,0.004132231404958678,4.132231404958678
2006-06-01,68.77,238,0,0,0,0,0.0,0.0,0.0,0.0,0.0,0.0,0.0,0.0
2006-06-02,68.42,233,1,0,0,1,0.004291845493562232,4.291845493562231,0.0,0.0,0.0,0.0,0.004291845493562232,4.291845493562231
2006-06-05,69.13,246,3,0,2,1,0.012195121951219513,12.195121951219512,0.0,0.0,0.008130081300813009,8.130081300813009,0.0040650406504065045,4.065040650406504
2006-06-06,68.25,241,1,0,0,1,0.004149377593360996,4.149377593360996,0.0,0.0,0.0,0.0,0.004149377593360996,4.149377593360996
2006-06-07,67.17,237,0,0,0,0,0.0,0.0,0.0,0.0,0.0,0.0,0.0,0.0
2006-06-08,65.76,243,7,1,0,6,0.02880658436213992,28.80658436213992,0.00411522633744856,4.11522633744856,0.0,0.0,0.024691358024691357,24.691358024691358
2006-06-09,69.13,240,1,0,0,1,0.004166666666666667,4.166666666666667,0.0,0.0,0.0,0.0,0.004166666666666667,4.166666666666667
2006-06-12,68.62,236,2,1,0,1,0.00847457627118644,8.474576271186441,0.00423728813559322,4.237288135593221,0.0,0.0,0.00423728813559322,4.237288135593221
2006-06-13,65.67,238,1,0,0,1,0.004201680672268907,4.201680672268908,0.0,0.0,0.0,0.0,0.004201680672268907,4.201680672268908
2006-06-14,65.52,239,0,0,0,0,0.0,0.0,0.0,0.0,0.0,0.0,0.0,0.0
2006-06-15,66.04,239,0,0,0,0,0.0,0.0,0.0,0.0,0.0,0.0,0.0,0.0
2006-06-16,65.01,239,1,0,0,1,0.0041841004184100415,4.184100418410042,0.0,0.0,0.0,0.0,0.0041841004184100415,4.184100418410042
2006-06-19,66.4,240,0,0,0,0,0.0,0.0,0.0,0.0,0.0,0.0,0.0,0.0
2006-06-20,67.57,240,0,0,0,0,0.0,0.0,0.0,0.0,0.0,0.0,0.0,0.0
2006-06-21,68.17,237,0,0,0,0,0.0,0.0,0.0,0.0,0.0,0.0,0.0,0.0
2006-06-22,69.6,240,1,0,0,1,0.004166666666666667,4.166666666666667,0.0,0.0,0.0,0.0,0.004166666666666667,4.166666666666667
2006-06-23,69.91,238,4,0,1,4,0.01680672268907563,16.80672268907563,0.0,0.0,0.004201680672268907,4.201680672268908,0.01680672268907563,16.80672268907563
2006-06-27,71.26,245,3,0,1,2,0.012244897959183673,12.244897959183673,0.0,0.0,0.004081632653061225,4.081632653061225,0.00816326530612245,8.16326530612245
2006-06-28,71.76,237,0,0,0,0,0.0,0.0,0.0,0.0,0.0,0.0,0.0,0.0
2006-06-29,73.02,239,0,0,0,0,0.0,0.0,0.0,0.0,0.0,0.0,0.0,0.0
2006-06-30,73.2,233,1,0,0,1,0.004291845493562232,4.291845493562231,0.0,0.0,0.0,0.0,0.004291845493562232,4.291845493562231
2006-07-03,73.94,238,1,0,0,1,0.004201680672268907,4.201680672268908,0.0,0.0,0.0,0.0,0.004201680672268907,4.201680672268908
2006-07-04,73.17,239,1,0,0,1,0.0041841004184100415,4.184100418410042,0.0,0.0,0.0,0.0,0.0041841004184100415,4.184100418410042
2006-07-05,72.88,233,1,0,0,1,0.004291845493562232,4.291845493562231,0.0,0.0,0.0,0.0,0.004291845493562232,4.291845493562231
2006-07-06,73.12,238,2,1,0,1,0.008403361344537815,8.403361344537815,0.004201680672268907,4.201680672268908,0.0,0.0,0.004201680672268907,4.201680672268908
2006-07-07,74.14,242,3,0,1,2,0.012396694214876033,12.396694214876034,0.0,0.0,0.004132231404958678,4.132231404958678,0.008264462809917356,8.264462809917356
2006-07-10,72.39,239,3,0,1,2,0.012552301255230125,12.552301255230125,0.0,0.0,0.0041841004184100415,4.184100418410042,0.008368200836820083,8.368200836820083
2006-07-11,73.14,235,2,0,0,2,0.00851063829787234,8.51063829787234,0.0,0.0,0.0,0.0,0.00851063829787234,8.51063829787234
2006-07-12,73.04,238,1,0,0,1,0.004201680672268907,4.201680672268908,0.0,0.0,0.0,0.0,0.004201680672268907,4.201680672268908
2006-07-13,75.23,237,1,0,0,1,0.004219409282700422,4.219409282700422,0.0,0.0,0.0,0.0,0.004219409282700422,4.219409282700422
2006-07-14,76.13,234,4,1,0,3,0.017094017094017096,17.094017094017097,0.004273504273504274,4.273504273504274,0.0,0.0,0.01282051282051282,12.82051282051282
2006-07-17,75.12,237,2,1,0,1,0.008438818565400843,8.438818565400844,0.004219409282700422,4.219409282700422,0.0,0.0,0.004219409282700422,4.219409282700422
2006-07-18,75.32,234,1,0,0,1,0.004273504273504274,4.273504273504274,0.0,0.0,0.0,0.0,0.004273504273504274,4.273504273504274
2006-07-19,71.62,235,2,0,0,2,0.00851063829787234,8.51063829787234,0.0,0.0,0.0,0.0,0.00851063829787234,8.51063829787234
2006-07-20,72.56,241,0,0,0,0,0.0,0.0,0.0,0.0,0.0,0.0,0.0,0.0
2006-07-21,72.96,234,3,0,1,2,0.01282051282051282,12.82051282051282,0.0,0.0,0.004273504273504274,4.273504273504274,0.008547008547008548,8.547008547008549
2006-07-24,72.09,237,2,1,1,1,0.008438818565400843,8.438818565400844,0.004219409282700422,4.219409282700422,0.004219409282700422,4.219409282700422,0.004219409282700422,4.219409282700422
2006-07-25,72.49,229,2,0,1,1,0.008733624454148471,8.73362445414847,0.0,0.0,0.004366812227074236,4.366812227074235,0.004366812227074236,4.366812227074235
2006-07-26,73.76,235,0,0,0,0,0.0,0.0,0.0,0.0,0.0,0.0,0.0,0.0
2006-07-27,75.36,241,1,0,0,1,0.004149377593360996,4.149377593360996,0.0,0.0,0.0,0.0,0.004149377593360996,4.149377593360996
2006-07-28,73.95,238,0,0,0,0,0.0,0.0,0.0,0.0,0.0,0.0,0.0,0.0
2006-07-31,74.75,235,1,0,0,1,0.00425531914893617,4.25531914893617,0.0,0.0,0.0,0.0,0.00425531914893617,4.25531914893617
2006-08-01,76.39,236,1,0,0,1,0.00423728813559322,4.237288135593221,0.0,0.0,0.0,0.0,0.00423728813559322,4.237288135593221
2006-08-02,77.63,230,0,0,0,0,0.0,0.0,0.0,0.0,0.0,0.0,0.0,0.0
2006-08-03,76.28,236,6,0,0,6,0.025423728813559324,25.423728813559325,0.0,0.0,0.0,0.0,0.025423728813559324,25.423728813559325
2006-08-04,76.53,233,0,0,0,0,0.0,0.0,0.0,0.0,0.0,0.0,0.0,0.0
2006-08-07,77.82,229,4,1,0,3,0.017467248908296942,17.46724890829694,0.004366812227074236,4.366812227074235,0.0,0.0,0.013100436681222707,13.100436681222707
2006-08-08,77.93,233,5,2,1,3,0.02145922746781116,21.459227467811157,0.008583690987124463,8.583690987124463,0.004291845493562232,4.291845493562231,0.012875536480686695,12.875536480686696
2006-08-09,78.26,234,2,0,0,2,0.008547008547008548,8.547008547008549,0.0,0.0,0.0,0.0,0.008547008547008548,8.547008547008549
2006-08-10,75.69,228,1,0,0,1,0.0043859649122807015,4.385964912280701,0.0,0.0,0.0,0.0,0.0043859649122807015,4.385964912280701
2006-08-11,75.19,235,1,1,0,0,0.00425531914893617,4.25531914893617,0.00425531914893617,4.25531914893617,0.0,0.0,0.0,0.0
2006-08-14,73.78,233,1,0,0,1,0.004291845493562232,4.291845493562231,0.0,0.0,0.0,0.0,0.004291845493562232,4.291845493562231
2006-08-15,73.57,238,1,1,1,0,0.004201680672268907,4.201680672268908,0.004201680672268907,4.201680672268908,0.004201680672268907,4.201680672268908,0.0,0.0
2006-08-16,72.67,235,0,0,0,0,0.0,0.0,0.0,0.0,0.0,0.0,0.0,0.0
2006-08-17,70.42,238,3,0,0,3,0.012605042016806723,12.605042016806722,0.0,0.0,0.0,0.0,0.012605042016806723,12.605042016806722
2006-08-18,71.3,237,2,0,0,2,0.008438818565400843,8.438818565400844,0.0,0.0,0.0,0.0,0.008438818565400843,8.438818565400844
2006-08-21,72.42,230,2,0,0,2,0.008695652173913044,8.695652173913043,0.0,0.0,0.0,0.0,0.008695652173913044,8.695652173913043
2006-08-22,72.06,237,2,1,0,1,0.008438818565400843,8.438818565400844,0.004219409282700422,4.219409282700422,0.0,0.0,0.004219409282700422,4.219409282700422
2006-08-23,71.12,240,2,0,1,1,0.008333333333333333,8.333333333333334,0.0,0.0,0.004166666666666667,4.166666666666667,0.004166666666666667,4.166666666666667
2006-08-24,71.4,239,0,0,0,0,0.0,0.0,0.0,0.0,0.0,0.0,0.0,0.0
2006-08-25,72.58,235,1,1,0,0,0.00425531914893617,4.25531914893617,0.00425531914893617,4.25531914893617,0.0,0.0,0.0,0.0
2006-08-28,69.44,236,1,0,0,1,0.00423728813559322,4.237288135593221,0.0,0.0,0.0,0.0,0.00423728813559322,4.237288135593221
2006-08-29,67.01,239,1,1,0,0,0.0041841004184100415,4.184100418410042,0.0041841004184100415,4.184100418410042,0.0,0.0,0.0,0.0
2006-08-30,67.15,236,0,0,0,0,0.0,0.0,0.0,0.0,0.0,0.0,0.0,0.0
2006-08-31,67.66,239,1,0,0,1,0.0041841004184100415,4.184100418410042,0.0,0.0,0.0,0.0,0.0041841004184100415,4.184100418410042
2006-09-01,70.49,185,0,0,0,0,0.0,0.0,0.0,0.0,0.0,0.0,0.0,0.0
2006-09-04,68.62,25,0,0,0,0,0.0,0.0,0.0,0.0,0.0,0.0,0.0,0.0
2006-09-05,65.94,23,0,0,0,0,0.0,0.0,0.0,0.0,0.0,0.0,0.0,0.0
2006-09-06,65.41,24,0,0,0,0,0.0,0.0,0.0,0.0,0.0,0.0,0.0,0.0
2006-09-07,64.52,25,0,0,0,0,0.0,0.0,0.0,0.0,0.0,0.0,0.0,0.0
2006-09-08,64.3,23,0,0,0,0,0.0,0.0,0.0,0.0,0.0,0.0,0.0,0.0
2006-09-11,62.41,24,0,0,0,0,0.0,0.0,0.0,0.0,0.0,0.0,0.0,0.0
2006-09-12,62.23,24,0,0,0,0,0.0,0.0,0.0,0.0,0.0,0.0,0.0,0.0
2006-09-13,61.28,24,1,0,0,1,0.041666666666666664,41.666666666666664,0.0,0.0,0.0,0.0,0.041666666666666664,41.666666666666664
2006-09-14,60.75,143,0,0,0,0,0.0,0.0,0.0,0.0,0.0,0.0,0.0,0.0
2006-09-15,60.23,234,1,0,0,1,0.004273504273504274,4.273504273504274,0.0,0.0,0.0,0.0,0.004273504273504274,4.273504273504274
2006-09-18,61.47,233,1,0,1,0,0.004291845493562232,4.291845493562231,0.0,0.0,0.004291845493562232,4.291845493562231,0.0,0.0
2006-09-19,62.52,231,4,0,1,3,0.017316017316017316,17.316017316017316,0.0,0.0,0.004329004329004329,4.329004329004329,0.012987012987012988,12.987012987012989
2006-09-20,59.09,240,1,0,0,1,0.004166666666666667,4.166666666666667,0.0,0.0,0.0,0.0,0.004166666666666667,4.166666666666667
2006-09-21,59.27,85,0,0,0,0,0.0,0.0,0.0,0.0,0.0,0.0,0.0,0.0
2006-09-22,58.81,236,0,0,0,0,0.0,0.0,0.0,0.0,0.0,0.0,0.0,0.0
2006-09-25,57.89,237,0,0,0,0,0.0,0.0,0.0,0.0,0.0,0.0,0.0,0.0
2006-09-26,58.53,234,2,0,1,1,0.008547008547008548,8.547008547008549,0.0,0.0,0.004273504273504274,4.273504273504274,0.004273504273504274,4.273504273504274
2006-09-27,57.6,235,0,0,0,0,0.0,0.0,0.0,0.0,0.0,0.0,0.0,0.0
2006-09-28,60.68,24,1,0,1,0,0.041666666666666664,41.666666666666664,0.0,0.0,0.041666666666666664,41.666666666666664,0.0,0.0
2006-09-29,59.09,23,0,0,0,0,0.0,0.0,0.0,0.0,0.0,0.0,0.0,0.0
2006-10-02,58.8,25,0,0,0,0,0.0,0.0,0.0,0.0,0.0,0.0,0.0,0.0
2006-10-03,56.28,25,0,0,0,0,0.0,0.0,0.0,0.0,0.0,0.0,0.0,0.0
2006-10-04,55.82,23,0,0,0,0,0.0,0.0,0.0,0.0,0.0,0.0,0.0,0.0
2006-10-05,57.93,25,0,0,0,0,0.0,0.0,0.0,0.0,0.0,0.0,0.0,0.0
2006-10-06,56.9,23,0,0,0,0,0.0,0.0,0.0,0.0,0.0,0.0,0.0,0.0
2006-10-09,59.25,25,0,0,0,0,0.0,0.0,0.0,0.0,0.0,0.0,0.0,0.0
2006-10-10,57.8,122,0,0,0,0,0.0,0.0,0.0,0.0,0.0,0.0,0.0,0.0
2006-10-11,57.75,242,0,0,0,0,0.0,0.0,0.0,0.0,0.0,0.0,0.0,0.0
2006-10-12,57.87,240,0,0,0,0,0.0,0.0,0.0,0.0,0.0,0.0,0.0,0.0
2006-10-13,58.97,231,0,0,0,0,0.0,0.0,0.0,0.0,0.0,0.0,0.0,0.0
2006-10-16,58.22,235,0,0,0,0,0.0,0.0,0.0,0.0,0.0,0.0,0.0,0.0
2006-10-17,60.13,230,0,0,0,0,0.0,0.0,0.0,0.0,0.0,0.0,0.0,0.0
2006-10-18,58.51,230,0,0,0,0,0.0,0.0,0.0,0.0,0.0,0.0,0.0,0.0
2006-10-19,57.74,239,1,0,0,1,0.0041841004184100415,4.184100418410042,0.0,0.0,0.0,0.0,0.0041841004184100415,4.184100418410042
2006-10-20,57.94,231,2,0,2,0,0.008658008658008658,8.658008658008658,0.0,0.0,0.008658008658008658,8.658008658008658,0.0,0.0
2006-10-23,56.56,92,1,0,0,1,0.010869565217391304,10.869565217391305,0.0,0.0,0.0,0.0,0.010869565217391304,10.869565217391305
2006-10-24,56.56,24,0,0,0,0,0.0,0.0,0.0,0.0,0.0,0.0,0.0,0.0
2006-10-25,58.79,23,0,0,0,0,0.0,0.0,0.0,0.0,0.0,0.0,0.0,0.0
2006-10-26,58.76,24,0,0,0,0,0.0,0.0,0.0,0.0,0.0,0.0,0.0,0.0
2006-10-27,57.99,22,0,0,0,0,0.0,0.0,0.0,0.0,0.0,0.0,0.0,0.0
2006-10-30,57.08,25,0,0,0,0,0.0,0.0,0.0,0.0,0.0,0.0,0.0,0.0
2006-11-01,56.37,24,0,0,0,0,0.0,0.0,0.0,0.0,0.0,0.0,0.0,0.0
2006-11-02,56.26,24,0,0,0,0,0.0,0.0,0.0,0.0,0.0,0.0,0.0,0.0
2006-11-03,56.55,23,0,0,0,0,0.0,0.0,0.0,0.0,0.0,0.0,0.0,0.0
2006-11-06,57.02,241,0,0,0,0,0.0,0.0,0.0,0.0,0.0,0.0,0.0,0.0
2006-11-07,56.99,237,0,0,0,0,0.0,0.0,0.0,0.0,0.0,0.0,0.0,0.0
2006-11-08,57.18,240,0,0,0,0,0.0,0.0,0.0,0.0,0.0,0.0,0.0,0.0
2006-11-09,59.72,240,0,0,0,0,0.0,0.0,0.0,0.0,0.0,0.0,0.0,0.0
2006-11-10,59.18,239,0,0,0,0,0.0,0.0,0.0,0.0,0.0,0.0,0.0,0.0
2006-11-13,56.88,235,0,0,0,0,0.0,0.0,0.0,0.0,0.0,0.0,0.0,0.0
2006-11-14,57.9,237,2,0,1,1,0.008438818565400843,8.438818565400844,0.0,0.0,0.004219409282700422,4.219409282700422,0.004219409282700422,4.219409282700422
2006-11-15,57.97,235,1,0,0,1,0.00425531914893617,4.25531914893617,0.0,0.0,0.0,0.0,0.00425531914893617,4.25531914893617
2006-11-16,59.5,239,1,0,1,0,0.0041841004184100415,4.184100418410042,0.0,0.0,0.0041841004184100415,4.184100418410042,0.0,0.0
2006-11-17,57.01,242,0,0,0,0,0.0,0.0,0.0,0.0,0.0,0.0,0.0,0.0
2006-11-20,57.38,239,1,0,1,0,0.0041841004184100415,4.184100418410042,0.0,0.0,0.0041841004184100415,4.184100418410042,0.0,0.0
2006-11-21,59.53,239,0,0,0,0,0.0,0.0,0.0,0.0,0.0,0.0,0.0,0.0
2006-11-22,58.66,241,0,0,0,0,0.0,0.0,0.0,0.0,0.0,0.0,0.0,0.0
2006-11-23,59.7,240,0,0,0,0,0.0,0.0,0.0,0.0,0.0,0.0,0.0,0.0
2006-11-24,60.72,231,0,0,0,0,0.0,0.0,0.0,0.0,0.0,0.0,0.0,0.0
2006-11-27,60.52,234,0,0,0,0,0.0,0.0,0.0,0.0,0.0,0.0,0.0,0.0
2006-11-28,61.22,239,0,0,0,0,0.0,0.0,0.0,0.0,0.0,0.0,0.0,0.0
2006-11-29,62.13,235,0,0,0,0,0.0,0.0,0.0,0.0,0.0,0.0,0.0,0.0
2006-11-30,64.36,239,1,0,0,1,0.0041841004184100415,4.184100418410042,0.0,0.0,0.0,0.0,0.0041841004184100415,4.184100418410042
2006-12-01,64.74,233,1,0,0,1,0.004291845493562232,4.291845493562231,0.0,0.0,0.0,0.0,0.004291845493562232,4.291845493562231
2006-12-04,63.97,233,0,0,0,0,0.0,0.0,0.0,0.0,0.0,0.0,0.0,0.0
2006-12-05,63.65,240,0,0,0,0,0.0,0.0,0.0,0.0,0.0,0.0,0.0,0.0
2006-12-06,63.7,237,0,0,0,0,0.0,0.0,0.0,0.0,0.0,0.0,0.0,0.0
2006-12-07,63.17,240,0,0,0,0,0.0,0.0,0.0,0.0,0.0,0.0,0.0,0.0
2006-12-08,63.67,240,1,0,0,1,0.004166666666666667,4.166666666666667,0.0,0.0,0.0,0.0,0.004166666666666667,4.166666666666667
2006-12-11,62.59,233,0,0,0,0,0.0,0.0,0.0,0.0,0.0,0.0,0.0,0.0
2006-12-12,62.58,238,0,0,0,0,0.0,0.0,0.0,0.0,0.0,0.0,0.0,0.0
2006-12-13,61.89,237,0,0,0,0,0.0,0.0,0.0,0.0,0.0,0.0,0.0,0.0
2006-12-14,62.85,238,0,0,0,0,0.0,0.0,0.0,0.0,0.0,0.0,0.0,0.0
2006-12-15,62.91,235,0,0,0,0,0.0,0.0,0.0,0.0,0.0,0.0,0.0,0.0
2006-12-18,62.81,241,0,0,0,0,0.0,0.0,0.0,0.0,0.0,0.0,0.0,0.0
2006-12-19,62.19,239,0,0,0,0,0.0,0.0,0.0,0.0,0.0,0.0,0.0,0.0
2006-12-20,63.13,242,0,0,0,0,0.0,0.0,0.0,0.0,0.0,0.0,0.0,0.0
2006-12-21,62.13,239,1,0,0,1,0.0041841004184100415,4.184100418410042,0.0,0.0,0.0,0.0,0.0041841004184100415,4.184100418410042
2006-12-22,61.92,238,0,0,0,0,0.0,0.0,0.0,0.0,0.0,0.0,0.0,0.0
2006-12-27,60.7,108,0,0,0,0,0.0,0.0,0.0,0.0,0.0,0.0,0.0,0.0
2006-12-28,59.41,125,0,0,0,0,0.0,0.0,0.0,0.0,0.0,0.0,0.0,0.0
2006-12-29,58.96,161,0,0,0,0,0.0,0.0,0.0,0.0,0.0,0.0,0.0,0.0
2007-01-02,58.49,203,0,0,0,0,0.0,0.0,0.0,0.0,0.0,0.0,0.0,0.0
2007-01-03,56.63,231,1,0,1,0,0.004329004329004329,4.329004329004329,0.0,0.0,0.004329004329004329,4.329004329004329,0.0,0.0
2007-01-04,54.58,233,0,0,0,0,0.0,0.0,0.0,0.0,0.0,0.0,0.0,0.0
2007-01-05,52.82,243,0,0,0,0,0.0,0.0,0.0,0.0,0.0,0.0,0.0,0.0
2007-01-08,52.82,235,0,0,0,0,0.0,0.0,0.0,0.0,0.0,0.0,0.0,0.0
2007-01-09,52.38,236,0,0,0,0,0.0,0.0,0.0,0.0,0.0,0.0,0.0,0.0
2007-01-10,52.11,240,1,1,0,0,0.004166666666666667,4.166666666666667,0.004166666666666667,4.166666666666667,0.0,0.0,0.0,0.0
2007-01-11,51.68,242,0,0,0,0,0.0,0.0,0.0,0.0,0.0,0.0,0.0,0.0
2007-01-12,49.95,245,1,1,0,1,0.004081632653061225,4.081632653061225,0.004081632653061225,4.081632653061225,0.0,0.0,0.004081632653061225,4.081632653061225
2007-01-16,51.28,239,9,0,3,8,0.03765690376569038,37.65690376569038,0.0,0.0,0.012552301255230125,12.552301255230125,0.03347280334728033,33.47280334728033
2007-01-17,51.19,239,3,1,0,2,0.012552301255230125,12.552301255230125,0.0041841004184100415,4.184100418410042,0.0,0.0,0.008368200836820083,8.368200836820083
2007-01-18,50.83,243,2,0,1,1,0.00823045267489712,8.23045267489712,0.0,0.0,0.00411522633744856,4.11522633744856,0.00411522633744856,4.11522633744856
2007-01-19,52.29,241,8,1,1,6,0.03319502074688797,33.19502074688797,0.004149377593360996,4.149377593360996,0.004149377593360996,4.149377593360996,0.024896265560165973,24.896265560165972
2007-01-22,54.34,234,1,1,0,0,0.004273504273504274,4.273504273504274,0.004273504273504274,4.273504273504274,0.0,0.0,0.0,0.0
2007-01-23,53.93,239,2,0,0,2,0.008368200836820083,8.368200836820083,0.0,0.0,0.0,0.0,0.008368200836820083,8.368200836820083
2007-01-24,55.11,238,1,0,0,1,0.004201680672268907,4.201680672268908,0.0,0.0,0.0,0.0,0.004201680672268907,4.201680672268908
2007-01-25,55.67,235,3,0,1,3,0.01276595744680851,12.76595744680851,0.0,0.0,0.00425531914893617,4.25531914893617,0.01276595744680851,12.76595744680851
2007-01-26,55.29,226,0,0,0,0,0.0,0.0,0.0,0.0,0.0,0.0,0.0,0.0
2007-01-29,54.71,239,1,0,0,1,0.0041841004184100415,4.184100418410042,0.0,0.0,0.0,0.0,0.0041841004184100415,4.184100418410042
2007-01-30,54.69,240,1,1,0,0,0.004166666666666667,4.166666666666667,0.004166666666666667,4.166666666666667,0.0,0.0,0.0,0.0
2007-01-31,56.52,232,0,0,0,0,0.0,0.0,0.0,0.0,0.0,0.0,0.0,0.0
2007-02-01,56.74,237,1,0,0,1,0.004219409282700422,4.219409282700422,0.0,0.0,0.0,0.0,0.004219409282700422,4.219409282700422
2007-02-02,56.93,234,0,0,0,0,0.0,0.0,0.0,0.0,0.0,0.0,0.0,0.0
2007-02-05,58.67,236,0,0,0,0,0.0,0.0,0.0,0.0,0.0,0.0,0.0,0.0
2007-02-06,58.04,237,0,0,0,0,0.0,0.0,0.0,0.0,0.0,0.0,0.0,0.0
2007-02-07,58.35,234,0,0,0,0,0.0,0.0,0.0,0.0,0.0,0.0,0.0,0.0
2007-02-08,57.24,234,0,0,0,0,0.0,0.0,0.0,0.0,0.0,0.0,0.0,0.0
2007-02-09,57.21,234,0,0,0,0,0.0,0.0,0.0,0.0,0.0,0.0,0.0,0.0
2007-02-12,55.52,239,0,0,0,0,0.0,0.0,0.0,0.0,0.0,0.0,0.0,0.0
2007-02-13,56.12,240,0,0,0,0,0.0,0.0,0.0,0.0,0.0,0.0,0.0,0.0
2007-02-14,55.05,233,0,0,0,0,0.0,0.0,0.0,0.0,0.0,0.0,0.0,0.0
2007-02-15,54.25,232,0,0,0,0,0.0,0.0,0.0,0.0,0.0,0.0,0.0,0.0
2007-02-16,56.78,240,0,0,0,0,0.0,0.0,0.0,0.0,0.0,0.0,0.0,0.0
2007-02-20,55.91,238,2,0,1,1,0.008403361344537815,8.403361344537815,0.0,0.0,0.004201680672268907,4.201680672268908,0.004201680672268907,4.201680672268908
2007-02-21,57.74,242,0,0,0,0,0.0,0.0,0.0,0.0,0.0,0.0,0.0,0.0
2007-02-22,58.62,231,0,0,0,0,0.0,0.0,0.0,0.0,0.0,0.0,0.0,0.0
2007-02-23,60.38,235,1,1,0,0,0.00425531914893617,4.25531914893617,0.00425531914893617,4.25531914893617,0.0,0.0,0.0,0.0
2007-02-26,60.34,238,0,0,0,0,0.0,0.0,0.0,0.0,0.0,0.0,0.0,0.0
2007-02-27,60.28,234,1,0,0,1,0.004273504273504274,4.273504273504274,0.0,0.0,0.0,0.0,0.004273504273504274,4.273504273504274
2007-02-28,59.39,236,0,0,0,0,0.0,0.0,0.0,0.0,0.0,0.0,0.0,0.0
2007-03-01,61.18,234,0,0,0,0,0.0,0.0,0.0,0.0,0.0,0.0,0.0,0.0
2007-03-02,61.92,234,0,0,0,0,0.0,0.0,0.0,0.0,0.0,0.0,0.0,0.0
2007-03-05,59.78,241,0,0,0,0,0.0,0.0,0.0,0.0,0.0,0.0,0.0,0.0
2007-03-06,59.68,235,0,0,0,0,0.0,0.0,0.0,0.0,0.0,0.0,0.0,0.0
2007-03-07,61.13,229,0,0,0,0,0.0,0.0,0.0,0.0,0.0,0.0,0.0,0.0
2007-03-08,60.9,237,2,0,0,2,0.008438818565400843,8.438818565400844,0.0,0.0,0.0,0.0,0.008438818565400843,8.438818565400844
2007-03-09,60.25,235,0,0,0,0,0.0,0.0,0.0,0.0,0.0,0.0,0.0,0.0
2007-03-12,60.59,235,0,0,0,0,0.0,0.0,0.0,0.0,0.0,0.0,0.0,0.0
2007-03-13,61.52,238,1,0,0,1,0.004201680672268907,4.201680672268908,0.0,0.0,0.0,0.0,0.004201680672268907,4.201680672268908
2007-03-14,60.89,235,0,0,0,0,0.0,0.0,0.0,0.0,0.0,0.0,0.0,0.0
2007-03-15,60.4,237,0,0,0,0,0.0,0.0,0.0,0.0,0.0,0.0,0.0,0.0
2007-03-16,60.93,233,2,0,2,0,0.008583690987124463,8.583690987124463,0.0,0.0,0.008583690987124463,8.583690987124463,0.0,0.0
2007-03-19,60.49,239,1,0,0,1,0.0041841004184100415,4.184100418410042,0.0,0.0,0.0,0.0,0.0041841004184100415,4.184100418410042
2007-03-20,60.11,234,0,0,0,0,0.0,0.0,0.0,0.0,0.0,0.0,0.0,0.0
2007-03-21,60.18,240,1,0,0,1,0.004166666666666667,4.166666666666667,0.0,0.0,0.0,0.0,0.004166666666666667,4.166666666666667
2007-03-22,61.57,238,1,0,0,1,0.004201680672268907,4.201680672268908,0.0,0.0,0.0,0.0,0.004201680672268907,4.201680672268908
2007-03-23,63.1,237,1,0,0,1,0.004219409282700422,4.219409282700422,0.0,0.0,0.0,0.0,0.004219409282700422,4.219409282700422
2007-03-26,64.43,231,0,0,0,0,0.0,0.0,0.0,0.0,0.0,0.0,0.0,0.0
2007-03-27,64.25,230,1,0,0,1,0.004347826086956522,4.3478260869565215,0.0,0.0,0.0,0.0,0.004347826086956522,4.3478260869565215
2007-03-28,66.15,236,2,1,0,1,0.00847457627118644,8.474576271186441,0.00423728813559322,4.237288135593221,0.0,0.0,0.00423728813559322,4.237288135593221
2007-03-29,67.19,229,0,0,0,0,0.0,0.0,0.0,0.0,0.0,0.0,0.0,0.0
2007-03-30,68.47,236,1,0,0,1,0.00423728813559322,4.237288135593221,0.0,0.0,0.0,0.0,0.00423728813559322,4.237288135593221
2007-04-02,68.94,237,0,0,0,0,0.0,0.0,0.0,0.0,0.0,0.0,0.0,0.0
2007-04-03,68.0,235,0,0,0,0,0.0,0.0,0.0,0.0,0.0,0.0,0.0,0.0
2007-04-04,68.09,232,1,0,0,1,0.004310344827586207,4.310344827586206,0.0,0.0,0.0,0.0,0.004310344827586207,4.310344827586206
2007-04-05,69.15,235,2,0,1,1,0.00851063829787234,8.51063829787234,0.0,0.0,0.00425531914893617,4.25531914893617,0.00425531914893617,4.25531914893617
2007-04-10,67.64,234,0,0,0,0,0.0,0.0,0.0,0.0,0.0,0.0,0.0,0.0
2007-04-11,68.6,239,0,0,0,0,0.0,0.0,0.0,0.0,0.0,0.0,0.0,0.0
2007-04-12,67.79,241,0,0,0,0,0.0,0.0,0.0,0.0,0.0,0.0,0.0,0.0
2007-04-13,68.78,235,0,0,0,0,0.0,0.0,0.0,0.0,0.0,0.0,0.0,0.0
2007-04-16,67.1,237,0,0,0,0,0.0,0.0,0.0,0.0,0.0,0.0,0.0,0.0
2007-04-17,66.34,240,0,0,0,0,0.0,0.0,0.0,0.0,0.0,0.0,0.0,0.0
2007-04-18,65.09,238,0,0,0,0,0.0,0.0,0.0,0.0,0.0,0.0,0.0,0.0
2007-04-19,66.17,233,2,0,1,1,0.008583690987124463,8.583690987124463,0.0,0.0,0.004291845493562232,4.291845493562231,0.004291845493562232,4.291845493562231
2007-04-20,66.34,239,0,0,0,0,0.0,0.0,0.0,0.0,0.0,0.0,0.0,0.0
2007-04-23,66.8,237,0,0,0,0,0.0,0.0,0.0,0.0,0.0,0.0,0.0,0.0
2007-04-24,67.94,241,0,0,0,0,0.0,0.0,0.0,0.0,0.0,0.0,0.0,0.0
2007-04-25,67.44,239,0,0,0,0,0.0,0.0,0.0,0.0,0.0,0.0,0.0,0.0
2007-04-26,67.51,239,2,0,0,2,0.008368200836820083,8.368200836820083,0.0,0.0,0.0,0.0,0.008368200836820083,8.368200836820083
2007-04-27,67.28,235,1,0,0,1,0.00425531914893617,4.25531914893617,0.0,0.0,0.0,0.0,0.00425531914893617,4.25531914893617
2007-04-30,67.23,239,0,0,0,0,0.0,0.0,0.0,0.0,0.0,0.0,0.0,0.0
2007-05-01,67.4,240,1,0,1,0,0.004166666666666667,4.166666666666667,0.0,0.0,0.004166666666666667,4.166666666666667,0.0,0.0
2007-05-02,65.57,240,0,0,0,0,0.0,0.0,0.0,0.0,0.0,0.0,0.0,0.0
2007-05-03,64.85,235,1,0,0,1,0.00425531914893617,4.25531914893617,0.0,0.0,0.0,0.0,0.00425531914893617,4.25531914893617
2007-05-04,65.14,239,0,0,0,0,0.0,0.0,0.0,0.0,0.0,0.0,0.0,0.0
2007-05-07,62.7,238,0,0,0,0,0.0,0.0,0.0,0.0,0.0,0.0,0.0,0.0
2007-05-08,63.55,239,0,0,0,0,0.0,0.0,0.0,0.0,0.0,0.0,0.0,0.0
2007-05-09,63.5,235,0,0,0,0,0.0,0.0,0.0,0.0,0.0,0.0,0.0,0.0
2007-05-10,64.63,237,0,0,0,0,0.0,0.0,0.0,0.0,0.0,0.0,0.0,0.0
2007-05-11,65.18,237,1,0,0,1,0.004219409282700422,4.219409282700422,0.0,0.0,0.0,0.0,0.004219409282700422,4.219409282700422
2007-05-14,65.86,238,0,0,0,0,0.0,0.0,0.0,0.0,0.0,0.0,0.0,0.0
2007-05-15,66.74,242,0,0,0,0,0.0,0.0,0.0,0.0,0.0,0.0,0.0,0.0
2007-05-16,66.83,235,0,0,0,0,0.0,0.0,0.0,0.0,0.0,0.0,0.0,0.0
2007-05-17,69.08,237,0,0,0,0,0.0,0.0,0.0,0.0,0.0,0.0,0.0,0.0
2007-05-18,69.26,236,1,0,1,1,0.00423728813559322,4.237288135593221,0.0,0.0,0.00423728813559322,4.237288135593221,0.00423728813559322,4.237288135593221
2007-05-21,69.51,234,1,0,0,1,0.004273504273504274,4.273504273504274,0.0,0.0,0.0,0.0,0.004273504273504274,4.273504273504274
2007-05-22,70.05,238,0,0,0,0,0.0,0.0,0.0,0.0,0.0,0.0,0.0,0.0
2007-05-23,71.01,235,1,0,0,1,0.00425531914893617,4.25531914893617,0.0,0.0,0.0,0.0,0.00425531914893617,4.25531914893617
2007-05-24,71.96,240,0,0,0,0,0.0,0.0,0.0,0.0,0.0,0.0,0.0,0.0
2007-05-25,70.72,236,1,0,0,1,0.00423728813559322,4.237288135593221,0.0,0.0,0.0,0.0,0.00423728813559322,4.237288135593221
2007-05-29,69.31,238,0,0,0,0,0.0,0.0,0.0,0.0,0.0,0.0,0.0,0.0
2007-05-30,67.64,240,2,0,0,2,0.008333333333333333,8.333333333333334,0.0,0.0,0.0,0.0,0.008333333333333333,8.333333333333334
2007-05-31,68.18,238,1,0,0,1,0.004201680672268907,4.201680672268908,0.0,0.0,0.0,0.0,0.004201680672268907,4.201680672268908
2007-06-01,68.65,241,1,0,0,1,0.004149377593360996,4.149377593360996,0.0,0.0,0.0,0.0,0.004149377593360996,4.149377593360996
2007-06-04,70.9,235,0,0,0,0,0.0,0.0,0.0,0.0,0.0,0.0,0.0,0.0
2007-06-05,71.36,243,0,0,0,0,0.0,0.0,0.0,0.0,0.0,0.0,0.0,0.0
2007-06-06,71.5,239,0,0,0,0,0.0,0.0,0.0,0.0,0.0,0.0,0.0,0.0
2007-06-07,72.36,241,0,0,0,0,0.0,0.0,0.0,0.0,0.0,0.0,0.0,0.0
2007-06-08,70.04,241,3,0,1,2,0.012448132780082987,12.448132780082986,0.0,0.0,0.004149377593360996,4.149377593360996,0.008298755186721992,8.298755186721992
2007-06-11,68.85,240,1,1,0,0,0.004166666666666667,4.166666666666667,0.004166666666666667,4.166666666666667,0.0,0.0,0.0,0.0
2007-06-12,68.56,235,2,0,0,2,0.00851063829787234,8.51063829787234,0.0,0.0,0.0,0.0,0.00851063829787234,8.51063829787234
2007-06-13,69.24,236,1,0,1,0,0.00423728813559322,4.237288135593221,0.0,0.0,0.00423728813559322,4.237288135593221,0.0,0.0
2007-06-14,71.18,240,1,0,1,0,0.004166666666666667,4.166666666666667,0.0,0.0,0.004166666666666667,4.166666666666667,0.0,0.0
2007-06-15,71.63,249,4,0,0,4,0.01606425702811245,16.064257028112447,0.0,0.0,0.0,0.0,0.01606425702811245,16.064257028112447
2007-06-18,72.33,245,2,0,1,1,0.00816326530612245,8.16326530612245,0.0,0.0,0.004081632653061225,4.081632653061225,0.004081632653061225,4.081632653061225
2007-06-19,72.17,249,2,0,0,2,0.008032128514056224,8.032128514056224,0.0,0.0,0.0,0.0,0.008032128514056224,8.032128514056224
2007-06-20,70.55,248,0,0,0,0,0.0,0.0,0.0,0.0,0.0,0.0,0.0,0.0
2007-06-21,71.81,249,0,0,0,0,0.0,0.0,0.0,0.0,0.0,0.0,0.0,0.0
2007-06-22,72.04,247,2,0,1,1,0.008097165991902834,8.097165991902834,0.0,0.0,0.004048582995951417,4.048582995951417,0.004048582995951417,4.048582995951417
2007-06-25,71.36,250,3,0,0,3,0.012,12.0,0.0,0.0,0.0,0.0,0.012,12.0
2007-06-26,71.41,248,0,0,0,0,0.0,0.0,0.0,0.0,0.0,0.0,0.0,0.0
2007-06-27,71.84,246,0,0,0,0,0.0,0.0,0.0,0.0,0.0,0.0,0.0,0.0
2007-06-28,71.96,250,0,0,0,0,0.0,0.0,0.0,0.0,0.0,0.0,0.0,0.0
2007-06-29,72.22,249,0,0,0,0,0.0,0.0,0.0,0.0,0.0,0.0,0.0,0.0
2007-07-02,72.9,250,0,0,0,0,0.0,0.0,0.0,0.0,0.0,0.0,0.0,0.0
2007-07-03,74.26,244,0,0,0,0,0.0,0.0,0.0,0.0,0.0,0.0,0.0,0.0
2007-07-05,75.4,246,5,0,5,0,0.02032520325203252,20.32520325203252,0.0,0.0,0.02032520325203252,20.32520325203252,0.0,0.0
2007-07-06,76.58,245,1,0,1,0,0.004081632653061225,4.081632653061225,0.0,0.0,0.004081632653061225,4.081632653061225,0.0,0.0
2007-07-09,77.1,248,2,0,1,1,0.008064516129032258,8.064516129032258,0.0,0.0,0.004032258064516129,4.032258064516129,0.004032258064516129,4.032258064516129
2007-07-10,77.88,244,1,1,0,0,0.004098360655737705,4.0983606557377055,0.004098360655737705,4.0983606557377055,0.0,0.0,0.0,0.0
2007-07-11,77.44,248,0,0,0,0,0.0,0.0,0.0,0.0,0.0,0.0,0.0,0.0
2007-07-12,78.24,247,0,0,0,0,0.0,0.0,0.0,0.0,0.0,0.0,0.0,0.0
2007-07-13,78.12,249,1,1,0,0,0.004016064257028112,4.016064257028112,0.004016064257028112,4.016064257028112,0.0,0.0,0.0,0.0
2007-07-16,78.17,248,0,0,0,0,0.0,0.0,0.0,0.0,0.0,0.0,0.0,0.0
2007-07-17,77.59,250,0,0,0,0,0.0,0.0,0.0,0.0,0.0,0.0,0.0,0.0
2007-07-18,78.0,250,0,0,0,0,0.0,0.0,0.0,0.0,0.0,0.0,0.0,0.0
2007-07-19,78.37,244,0,0,0,0,0.0,0.0,0.0,0.0,0.0,0.0,0.0,0.0
2007-07-20,79.09,246,0,0,0,0,0.0,0.0,0.0,0.0,0.0,0.0,0.0,0.0
2007-07-23,78.36,250,0,0,0,0,0.0,0.0,0.0,0.0,0.0,0.0,0.0,0.0
2007-07-24,75.88,250,0,0,0,0,0.0,0.0,0.0,0.0,0.0,0.0,0.0,0.0
2007-07-25,75.21,250,1,0,0,1,0.004,4.0,0.0,0.0,0.0,0.0,0.004,4.0
2007-07-26,77.28,250,0,0,0,0,0.0,0.0,0.0,0.0,0.0,0.0,0.0,0.0
2007-07-27,76.58,247,0,0,0,0,0.0,0.0,0.0,0.0,0.0,0.0,0.0,0.0
2007-07-30,76.07,250,1,0,0,1,0.004,4.0,0.0,0.0,0.0,0.0,0.004,4.0
2007-07-31,77.01,249,0,0,0,0,0.0,0.0,0.0,0.0,0.0,0.0,0.0,0.0
2007-08-01,77.11,250,1,0,0,1,0.004,4.0,0.0,0.0,0.0,0.0,0.004,4.0
2007-08-02,76.14,250,2,0,2,0,0.008,8.0,0.0,0.0,0.008,8.0,0.0,0.0
2007-08-03,75.36,247,0,0,0,0,0.0,0.0,0.0,0.0,0.0,0.0,0.0,0.0
2007-08-06,72.69,249,0,0,0,0,0.0,0.0,0.0,0.0,0.0,0.0,0.0,0.0
2007-08-07,70.42,248,0,0,0,0,0.0,0.0,0.0,0.0,0.0,0.0,0.0,0.0
2007-08-08,70.73,249,1,0,0,1,0.004016064257028112,4.016064257028112,0.0,0.0,0.0,0.0,0.004016064257028112,4.016064257028112
2007-08-09,70.08,249,1,0,0,1,0.004016064257028112,4.016064257028112,0.0,0.0,0.0,0.0,0.004016064257028112,4.016064257028112
2007-08-10,69.57,250,0,0,0,0,0.0,0.0,0.0,0.0,0.0,0.0,0.0,0.0
2007-08-13,71.3,250,0,0,0,0,0.0,0.0,0.0,0.0,0.0,0.0,0.0,0.0
2007-08-14,69.29,249,2,0,0,2,0.008032128514056224,8.032128514056224,0.0,0.0,0.0,0.0,0.008032128514056224,8.032128514056224
2007-08-15,71.3,249,0,0,0,0,0.0,0.0,0.0,0.0,0.0,0.0,0.0,0.0
2007-08-16,68.77,247,1,0,1,0,0.004048582995951417,4.048582995951417,0.0,0.0,0.004048582995951417,4.048582995951417,0.0,0.0
2007-08-17,69.8,248,0,0,0,0,0.0,0.0,0.0,0.0,0.0,0.0,0.0,0.0
2007-08-20,68.37,249,1,0,0,1,0.004016064257028112,4.016064257028112,0.0,0.0,0.0,0.0,0.004016064257028112,4.016064257028112
2007-08-21,67.88,248,1,0,0,1,0.004032258064516129,4.032258064516129,0.0,0.0,0.0,0.0,0.004032258064516129,4.032258064516129
2007-08-22,67.73,250,1,0,0,1,0.004,4.0,0.0,0.0,0.0,0.0,0.004,4.0
2007-08-23,68.73,247,0,0,0,0,0.0,0.0,0.0,0.0,0.0,0.0,0.0,0.0
2007-08-24,69.49,249,0,0,0,0,0.0,0.0,0.0,0.0,0.0,0.0,0.0,0.0
2007-08-27,68.85,249,2,0,1,1,0.008032128514056224,8.032128514056224,0.0,0.0,0.004016064257028112,4.016064257028112,0.004016064257028112,4.016064257028112
2007-08-28,69.66,249,0,0,0,0,0.0,0.0,0.0,0.0,0.0,0.0,0.0,0.0
2007-08-29,70.48,249,0,0,0,0,0.0,0.0,0.0,0.0,0.0,0.0,0.0,0.0
2007-08-30,71.46,245,0,0,0,0,0.0,0.0,0.0,0.0,0.0,0.0,0.0,0.0
2007-08-31,72.29,250,0,0,0,0,0.0,0.0,0.0,0.0,0.0,0.0,0.0,0.0
2007-09-04,74.22,249,2,0,0,2,0.008032128514056224,8.032128514056224,0.0,0.0,0.0,0.0,0.008032128514056224,8.032128514056224
2007-09-05,74.72,250,0,0,0,0,0.0,0.0,0.0,0.0,0.0,0.0,0.0,0.0
2007-09-06,76.21,249,0,0,0,0,0.0,0.0,0.0,0.0,0.0,0.0,0.0,0.0
2007-09-07,75.08,248,2,0,0,2,0.008064516129032258,8.064516129032258,0.0,0.0,0.0,0.0,0.008064516129032258,8.064516129032258
2007-09-10,74.97,248,0,0,0,0,0.0,0.0,0.0,0.0,0.0,0.0,0.0,0.0
2007-09-11,76.23,246,0,0,0,0,0.0,0.0,0.0,0.0,0.0,0.0,0.0,0.0
2007-09-12,77.15,249,0,0,0,0,0.0,0.0,0.0,0.0,0.0,0.0,0.0,0.0
2007-09-13,77.84,250,6,2,2,3,0.024,24.0,0.008,8.0,0.008,8.0,0.012,12.0
2007-09-14,78.27,249,3,1,0,2,0.012048192771084338,12.048192771084338,0.004016064257028112,4.016064257028112,0.0,0.0,0.008032128514056224,8.032128514056224
2007-09-17,77.99,249,2,0,2,0,0.008032128514056224,8.032128514056224,0.0,0.0,0.008032128514056224,8.032128514056224,0.0,0.0
2007-09-18,77.0,248,0,0,0,0,0.0,0.0,0.0,0.0,0.0,0.0,0.0,0.0
2007-09-19,78.47,249,0,0,0,0,0.0,0.0,0.0,0.0,0.0,0.0,0.0,0.0
2007-09-20,78.48,247,0,0,0,0,0.0,0.0,0.0,0.0,0.0,0.0,0.0,0.0
2007-09-21,78.91,250,1,0,0,1,0.004,4.0,0.0,0.0,0.0,0.0,0.004,4.0
2007-09-24,77.87,249,1,0,0,1,0.004016064257028112,4.016064257028112,0.0,0.0,0.0,0.0,0.004016064257028112,4.016064257028112
2007-09-25,76.82,249,1,0,0,1,0.004016064257028112,4.016064257028112,0.0,0.0,0.0,0.0,0.004016064257028112,4.016064257028112
2007-09-26,76.21,250,1,0,0,1,0.004,4.0,0.0,0.0,0.0,0.0,0.004,4.0
2007-09-27,78.88,248,1,0,0,1,0.004032258064516129,4.032258064516129,0.0,0.0,0.0,0.0,0.004032258064516129,4.032258064516129
2007-09-28,80.97,250,2,0,1,2,0.008,8.0,0.0,0.0,0.004,4.0,0.008,8.0
2007-10-01,78.33,246,1,0,0,1,0.0040650406504065045,4.065040650406504,0.0,0.0,0.0,0.0,0.0040650406504065045,4.065040650406504
2007-10-02,76.87,248,1,0,0,1,0.004032258064516129,4.032258064516129,0.0,0.0,0.0,0.0,0.004032258064516129,4.032258064516129
2007-10-03,77.8,250,1,0,0,1,0.004,4.0,0.0,0.0,0.0,0.0,0.004,4.0
2007-10-04,77.84,246,0,0,0,0,0.0,0.0,0.0,0.0,0.0,0.0,0.0,0.0
2007-10-05,79.05,247,0,0,0,0,0.0,0.0,0.0,0.0,0.0,0.0,0.0,0.0
2007-10-08,76.94,245,0,0,0,0,0.0,0.0,0.0,0.0,0.0,0.0,0.0,0.0
2007-10-09,77.82,247,0,0,0,0,0.0,0.0,0.0,0.0,0.0,0.0,0.0,0.0
2007-10-10,77.85,250,0,0,0,0,0.0,0.0,0.0,0.0,0.0,0.0,0.0,0.0
2007-10-11,80.83,245,0,0,0,0,0.0,0.0,0.0,0.0,0.0,0.0,0.0,0.0
2007-10-12,80.82,246,0,0,0,0,0.0,0.0,0.0,0.0,0.0,0.0,0.0,0.0
2007-10-15,82.5,246,2,0,1,1,0.008130081300813009,8.130081300813009,0.0,0.0,0.0040650406504065045,4.065040650406504,0.0040650406504065045,4.065040650406504
2007-10-16,84.43,246,3,2,2,1,0.012195121951219513,12.195121951219512,0.008130081300813009,8.130081300813009,0.008130081300813009,8.130081300813009,0.0040650406504065045,4.065040650406504
2007-10-17,85.24,246,1,1,1,0,0.0040650406504065045,4.065040650406504,0.0040650406504065045,4.065040650406504,0.0040650406504065045,4.065040650406504,0.0,0.0
2007-10-18,85.03,245,0,0,0,0,0.0,0.0,0.0,0.0,0.0,0.0,0.0,0.0
2007-10-19,84.25,247,2,1,1,0,0.008097165991902834,8.097165991902834,0.004048582995951417,4.048582995951417,0.004048582995951417,4.048582995951417,0.0,0.0
2007-10-22,82.72,246,0,0,0,0,0.0,0.0,0.0,0.0,0.0,0.0,0.0,0.0
2007-10-23,82.31,248,1,0,1,0,0.004032258064516129,4.032258064516129,0.0,0.0,0.004032258064516129,4.032258064516129,0.0,0.0
2007-10-24,83.47,246,1,1,0,1,0.0040650406504065045,4.065040650406504,0.0040650406504065045,4.065040650406504,0.0,0.0,0.0040650406504065045,4.065040650406504
2007-10-25,85.4,249,0,0,0,0,0.0,0.0,0.0,0.0,0.0,0.0,0.0,0.0
2007-10-26,84.71,246,0,0,0,0,0.0,0.0,0.0,0.0,0.0,0.0,0.0,0.0
2007-10-29,89.87,247,2,1,0,1,0.008097165991902834,8.097165991902834,0.004048582995951417,4.048582995951417,0.0,0.0,0.004048582995951417,4.048582995951417
2007-10-30,89.87,246,1,1,0,0,0.0040650406504065045,4.065040650406504,0.0040650406504065045,4.065040650406504,0.0,0.0,0.0,0.0
2007-10-31,89.87,356,1,0,0,1,0.0028089887640449437,2.8089887640449436,0.0,0.0,0.0,0.0,0.0028089887640449437,2.8089887640449436
2007-11-01,90.36,245,1,1,0,0,0.004081632653061225,4.081632653061225,0.004081632653061225,4.081632653061225,0.0,0.0,0.0,0.0
2007-11-05,92.16,246,0,0,0,0,0.0,0.0,0.0,0.0,0.0,0.0,0.0,0.0
2007-11-06,93.99,246,1,0,1,0,0.0040650406504065045,4.065040650406504,0.0,0.0,0.0040650406504065045,4.065040650406504,0.0,0.0
2007-11-07,94.85,247,0,0,0,0,0.0,0.0,0.0,0.0,0.0,0.0,0.0,0.0
2007-11-08,94.4,244,1,1,0,0,0.004098360655737705,4.0983606557377055,0.004098360655737705,4.0983606557377055,0.0,0.0,0.0,0.0
2007-11-09,92.32,249,1,0,0,1,0.004016064257028112,4.016064257028112,0.0,0.0,0.0,0.0,0.004016064257028112,4.016064257028112
2007-11-12,91.56,246,0,0,0,0,0.0,0.0,0.0,0.0,0.0,0.0,0.0,0.0
2007-11-13,89.09,247,0,0,0,0,0.0,0.0,0.0,0.0,0.0,0.0,0.0,0.0
2007-11-14,90.73,242,0,0,0,0,0.0,0.0,0.0,0.0,0.0,0.0,0.0,0.0
2007-11-15,90.32,245,0,0,0,0,0.0,0.0,0.0,0.0,0.0,0.0,0.0,0.0
2007-11-16,91.99,247,0,0,0,0,0.0,0.0,0.0,0.0,0.0,0.0,0.0,0.0
2007-11-19,91.59,246,1,0,1,1,0.0040650406504065045,4.065040650406504,0.0,0.0,0.0040650406504065045,4.065040650406504,0.0040650406504065045,4.065040650406504
2007-11-20,94.13,249,1,0,0,1,0.004016064257028112,4.016064257028112,0.0,0.0,0.0,0.0,0.004016064257028112,4.016064257028112
2007-11-21,94.97,249,1,0,0,1,0.004016064257028112,4.016064257028112,0.0,0.0,0.0,0.0,0.004016064257028112,4.016064257028112
2007-11-23,95.33,244,0,0,0,0,0.0,0.0,0.0,0.0,0.0,0.0,0.0,0.0
2007-11-26,94.88,244,0,0,0,0,0.0,0.0,0.0,0.0,0.0,0.0,0.0,0.0
2007-11-27,93.23,244,1,0,1,0,0.004098360655737705,4.0983606557377055,0.0,0.0,0.004098360655737705,4.0983606557377055,0.0,0.0
2007-11-28,91.64,249,3,2,1,1,0.012048192771084338,12.048192771084338,0.008032128514056224,8.032128514056224,0.004016064257028112,4.016064257028112,0.004016064257028112,4.016064257028112
2007-11-29,92.34,248,0,0,0,0,0.0,0.0,0.0,0.0,0.0,0.0,0.0,0.0
2007-11-30,88.71,247,0,0,0,0,0.0,0.0,0.0,0.0,0.0,0.0,0.0,0.0
2007-12-03,87.85,248,0,0,0,0,0.0,0.0,0.0,0.0,0.0,0.0,0.0,0.0
2007-12-04,89.97,248,1,0,0,1,0.004032258064516129,4.032258064516129,0.0,0.0,0.0,0.0,0.004032258064516129,4.032258064516129
2007-12-05,90.7,250,0,0,0,0,0.0,0.0,0.0,0.0,0.0,0.0,0.0,0.0
2007-12-06,88.46,246,0,0,0,0,0.0,0.0,0.0,0.0,0.0,0.0,0.0,0.0
2007-12-07,88.46,249,0,0,0,0,0.0,0.0,0.0,0.0,0.0,0.0,0.0,0.0
2007-12-10,87.33,249,0,0,0,0,0.0,0.0,0.0,0.0,0.0,0.0,0.0,0.0
2007-12-11,87.77,246,0,0,0,0,0.0,0.0,0.0,0.0,0.0,0.0,0.0,0.0
2007-12-12,91.69,250,0,0,0,0,0.0,0.0,0.0,0.0,0.0,0.0,0.0,0.0
2007-12-13,92.57,249,0,0,0,0,0.0,0.0,0.0,0.0,0.0,0.0,0.0,0.0
2007-12-14,91.86,247,0,0,0,0,0.0,0.0,0.0,0.0,0.0,0.0,0.0,0.0
2007-12-17,90.32,248,2,0,0,2,0.008064516129032258,8.064516129032258,0.0,0.0,0.0,0.0,0.008064516129032258,8.064516129032258
2007-12-18,90.71,249,5,0,0,5,0.020080321285140562,20.080321285140563,0.0,0.0,0.0,0.0,0.020080321285140562,20.080321285140563
2007-12-19,90.98,248,0,0,0,0,0.0,0.0,0.0,0.0,0.0,0.0,0.0,0.0
2007-12-20,91.06,249,0,0,0,0,0.0,0.0,0.0,0.0,0.0,0.0,0.0,0.0
2007-12-21,91.03,248,0,0,0,0,0.0,0.0,0.0,0.0,0.0,0.0,0.0,0.0
2007-12-24,91.59,246,0,0,0,0,0.0,0.0,0.0,0.0,0.0,0.0,0.0,0.0
2007-12-27,95.66,182,2,0,0,2,0.01098901098901099,10.989010989010989,0.0,0.0,0.0,0.0,0.01098901098901099,10.989010989010989
2007-12-28,95.92,225,1,1,0,0,0.0044444444444444444,4.444444444444445,0.0044444444444444444,4.444444444444445,0.0,0.0,0.0,0.0
2007-12-31,93.68,197,0,0,0,0,0.0,0.0,0.0,0.0,0.0,0.0,0.0,0.0
2008-01-02,97.01,248,0,0,0,0,0.0,0.0,0.0,0.0,0.0,0.0,0.0,0.0
2008-01-03,98.45,248,7,3,0,4,0.028225806451612902,28.225806451612904,0.012096774193548387,12.096774193548386,0.0,0.0,0.016129032258064516,16.129032258064516
2008-01-04,96.87,246,5,3,0,2,0.02032520325203252,20.32520325203252,0.012195121951219513,12.195121951219512,0.0,0.0,0.008130081300813009,8.130081300813009
2008-01-07,94.19,248,3,0,0,3,0.012096774193548387,12.096774193548386,0.0,0.0,0.0,0.0,0.012096774193548387,12.096774193548386
2008-01-08,96.37,248,2,1,0,2,0.008064516129032258,8.064516129032258,0.004032258064516129,4.032258064516129,0.0,0.0,0.008064516129032258,8.064516129032258
2008-01-09,96.76,250,1,0,0,1,0.004,4.0,0.0,0.0,0.0,0.0,0.004,4.0
2008-01-10,92.8,250,0,0,0,0,0.0,0.0,0.0,0.0,0.0,0.0,0.0,0.0
2008-01-11,91.86,249,0,0,0,0,0.0,0.0,0.0,0.0,0.0,0.0,0.0,0.0
2008-01-14,92.58,249,0,0,0,0,0.0,0.0,0.0,0.0,0.0,0.0,0.0,0.0
2008-01-15,90.87,249,0,0,0,0,0.0,0.0,0.0,0.0,0.0,0.0,0.0,0.0
2008-01-16,88.1,248,1,1,0,0,0.004032258064516129,4.032258064516129,0.004032258064516129,4.032258064516129,0.0,0.0,0.0,0.0
2008-01-17,88.96,250,0,0,0,0,0.0,0.0,0.0,0.0,0.0,0.0,0.0,0.0
2008-01-18,89.66,248,0,0,0,0,0.0,0.0,0.0,0.0,0.0,0.0,0.0,0.0
2008-01-22,88.11,249,0,0,0,0,0.0,0.0,0.0,0.0,0.0,0.0,0.0,0.0
2008-01-23,87.06,246,0,0,0,0,0.0,0.0,0.0,0.0,0.0,0.0,0.0,0.0
2008-01-24,87.69,248,1,0,1,0,0.004032258064516129,4.032258064516129,0.0,0.0,0.004032258064516129,4.032258064516129,0.0,0.0
2008-01-25,90.96,248,2,0,0,2,0.008064516129032258,8.064516129032258,0.0,0.0,0.0,0.0,0.008064516129032258,8.064516129032258
2008-01-28,90.91,248,1,0,1,0,0.004032258064516129,4.032258064516129,0.0,0.0,0.004032258064516129,4.032258064516129,0.0,0.0
2008-01-29,92.49,247,0,0,0,0,0.0,0.0,0.0,0.0,0.0,0.0,0.0,0.0
2008-01-30,92.46,247,0,0,0,0,0.0,0.0,0.0,0.0,0.0,0.0,0.0,0.0
2008-01-31,91.58,246,1,0,1,0,0.0040650406504065045,4.065040650406504,0.0,0.0,0.0040650406504065045,4.065040650406504,0.0,0.0
2008-02-01,91.41,246,1,0,1,0,0.0040650406504065045,4.065040650406504,0.0,0.0,0.0040650406504065045,4.065040650406504,0.0,0.0
2008-02-04,91.09,246,1,0,0,1,0.0040650406504065045,4.065040650406504,0.0,0.0,0.0,0.0,0.0040650406504065045,4.065040650406504
2008-02-05,89.6,246,0,0,0,0,0.0,0.0,0.0,0.0,0.0,0.0,0.0,0.0
2008-02-06,88.73,247,0,0,0,0,0.0,0.0,0.0,0.0,0.0,0.0,0.0,0.0
2008-02-07,88.55,247,0,0,0,0,0.0,0.0,0.0,0.0,0.0,0.0,0.0,0.0
2008-02-08,91.45,247,2,0,0,2,0.008097165991902834,8.097165991902834,0.0,0.0,0.0,0.0,0.008097165991902834,8.097165991902834
2008-02-11,93.93,249,0,0,0,0,0.0,0.0,0.0,0.0,0.0,0.0,0.0,0.0
2008-02-12,94.28,247,0,0,0,0,0.0,0.0,0.0,0.0,0.0,0.0,0.0,0.0
2008-02-13,93.82,247,1,0,1,0,0.004048582995951417,4.048582995951417,0.0,0.0,0.004048582995951417,4.048582995951417,0.0,0.0
2008-02-14,95.92,249,1,0,0,1,0.004016064257028112,4.016064257028112,0.0,0.0,0.0,0.0,0.004016064257028112,4.016064257028112
2008-02-15,96.96,245,0,0,0,0,0.0,0.0,0.0,0.0,0.0,0.0,0.0,0.0
2008-02-19,97.03,249,0,0,0,0,0.0,0.0,0.0,0.0,0.0,0.0,0.0,0.0
2008-02-20,97.88,248,0,0,0,0,0.0,0.0,0.0,0.0,0.0,0.0,0.0,0.0
2008-02-21,97.52,244,1,0,0,1,0.004098360655737705,4.0983606557377055,0.0,0.0,0.0,0.0,0.004098360655737705,4.0983606557377055
2008-02-22,96.07,246,2,0,1,1,0.008130081300813009,8.130081300813009,0.0,0.0,0.0040650406504065045,4.065040650406504,0.0040650406504065045,4.065040650406504
2008-02-25,97.43,245,0,0,0,0,0.0,0.0,0.0,0.0,0.0,0.0,0.0,0.0
2008-02-26,99.05,247,0,0,0,0,0.0,0.0,0.0,0.0,0.0,0.0,0.0,0.0
2008-02-27,98.28,247,0,0,0,0,0.0,0.0,0.0,0.0,0.0,0.0,0.0,0.0
2008-02-28,99.83,246,1,0,0,1,0.0040650406504065045,4.065040650406504,0.0,0.0,0.0,0.0,0.0040650406504065045,4.065040650406504
2008-02-29,100.9,249,1,0,1,0,0.004016064257028112,4.016064257028112,0.0,0.0,0.004016064257028112,4.016064257028112,0.0,0.0
2008-03-03,101.83,248,1,0,1,0,0.004032258064516129,4.032258064516129,0.0,0.0,0.004032258064516129,4.032258064516129,0.0,0.0
2008-03-04,98.6,247,0,0,0,0,0.0,0.0,0.0,0.0,0.0,0.0,0.0,0.0
2008-03-05,100.95,248,1,0,1,0,0.004032258064516129,4.032258064516129,0.0,0.0,0.004032258064516129,4.032258064516129,0.0,0.0
2008-03-06,103.47,248,2,2,0,0,0.008064516129032258,8.064516129032258,0.008064516129032258,8.064516129032258,0.0,0.0,0.0,0.0
2008-03-07,104.66,247,1,0,1,0,0.004048582995951417,4.048582995951417,0.0,0.0,0.004048582995951417,4.048582995951417,0.0,0.0
2008-03-10,105.33,247,0,0,0,0,0.0,0.0,0.0,0.0,0.0,0.0,0.0,0.0
2008-03-11,106.78,248,2,0,0,2,0.008064516129032258,8.064516129032258,0.0,0.0,0.0,0.0,0.008064516129032258,8.064516129032258
2008-03-12,107.99,246,1,0,1,0,0.0040650406504065045,4.065040650406504,0.0,0.0,0.0040650406504065045,4.065040650406504,0.0,0.0
2008-03-13,109.18,248,1,1,0,0,0.004032258064516129,4.032258064516129,0.004032258064516129,4.032258064516129,0.0,0.0,0.0,0.0
2008-03-14,109.16,247,0,0,0,0,0.0,0.0,0.0,0.0,0.0,0.0,0.0,0.0
2008-03-17,104.41,247,1,0,0,1,0.004048582995951417,4.048582995951417,0.0,0.0,0.0,0.0,0.004048582995951417,4.048582995951417
2008-03-18,105.35,248,0,0,0,0,0.0,0.0,0.0,0.0,0.0,0.0,0.0,0.0
2008-03-19,102.65,249,0,0,0,0,0.0,0.0,0.0,0.0,0.0,0.0,0.0,0.0
2008-03-20,99.78,247,5,0,1,4,0.020242914979757085,20.242914979757085,0.0,0.0,0.004048582995951417,4.048582995951417,0.016194331983805668,16.194331983805668
2008-03-24,100.93,245,0,0,0,0,0.0,0.0,0.0,0.0,0.0,0.0,0.0,0.0
2008-03-25,99.91,247,1,1,0,0,0.004048582995951417,4.048582995951417,0.004048582995951417,4.048582995951417,0.0,0.0,0.0,0.0
2008-03-26,102.83,248,0,0,0,0,0.0,0.0,0.0,0.0,0.0,0.0,0.0,0.0
2008-03-27,103.89,245,1,0,1,0,0.004081632653061225,4.081632653061225,0.0,0.0,0.004081632653061225,4.081632653061225,0.0,0.0
2008-03-28,102.68,246,0,0,0,0,0.0,0.0,0.0,0.0,0.0,0.0,0.0,0.0
2008-03-31,102.33,249,0,0,0,0,0.0,0.0,0.0,0.0,0.0,0.0,0.0,0.0
2008-04-01,98.69,246,1,1,0,0,0.0040650406504065045,4.065040650406504,0.0040650406504065045,4.065040650406504,0.0,0.0,0.0,0.0
2008-04-02,98.85,249,0,0,0,0,0.0,0.0,0.0,0.0,0.0,0.0,0.0,0.0
2008-04-03,102.31,247,1,0,0,1,0.004048582995951417,4.048582995951417,0.0,0.0,0.0,0.0,0.004048582995951417,4.048582995951417
2008-04-04,102.21,243,0,0,0,0,0.0,0.0,0.0,0.0,0.0,0.0,0.0,0.0
2008-04-07,105.98,247,1,0,0,1,0.004048582995951417,4.048582995951417,0.0,0.0,0.0,0.0,0.004048582995951417,4.048582995951417
2008-04-08,105.05,248,2,0,0,2,0.008064516129032258,8.064516129032258,0.0,0.0,0.0,0.0,0.008064516129032258,8.064516129032258
2008-04-09,107.46,247,3,0,1,2,0.012145748987854251,12.145748987854251,0.0,0.0,0.004048582995951417,4.048582995951417,0.008097165991902834,8.097165991902834
2008-04-10,107.37,245,3,1,0,2,0.012244897959183673,12.244897959183673,0.004081632653061225,4.081632653061225,0.0,0.0,0.00816326530612245,8.16326530612245
2008-04-11,107.15,246,0,0,0,0,0.0,0.0,0.0,0.0,0.0,0.0,0.0,0.0
2008-04-14,108.32,244,0,0,0,0,0.0,0.0,0.0,0.0,0.0,0.0,0.0,0.0
2008-04-15,110.84,246,2,1,0,1,0.008130081300813009,8.130081300813009,0.0040650406504065045,4.065040650406504,0.0,0.0,0.0040650406504065045,4.065040650406504
2008-04-16,110.95,248,2,0,0,2,0.008064516129032258,8.064516129032258,0.0,0.0,0.0,0.0,0.008064516129032258,8.064516129032258
2008-04-17,111.34,248,1,0,0,1,0.004032258064516129,4.032258064516129,0.0,0.0,0.0,0.0,0.004032258064516129,4.032258064516129
2008-04-18,110.67,246,0,0,0,0,0.0,0.0,0.0,0.0,0.0,0.0,0.0,0.0
2008-04-21,111.35,246,2,0,0,2,0.008130081300813009,8.130081300813009,0.0,0.0,0.0,0.0,0.008130081300813009,8.130081300813009
2008-04-22,113.54,244,1,0,0,1,0.004098360655737705,4.0983606557377055,0.0,0.0,0.0,0.0,0.004098360655737705,4.0983606557377055
2008-04-23,115.34,247,2,0,0,2,0.008097165991902834,8.097165991902834,0.0,0.0,0.0,0.0,0.008097165991902834,8.097165991902834
2008-04-24,114.85,244,2,0,1,1,0.00819672131147541,8.196721311475411,0.0,0.0,0.004098360655737705,4.0983606557377055,0.004098360655737705,4.0983606557377055
2008-04-25,116.62,247,3,2,0,1,0.012145748987854251,12.145748987854251,0.008097165991902834,8.097165991902834,0.0,0.0,0.004048582995951417,4.048582995951417
2008-04-28,115.7,247,3,1,1,2,0.012145748987854251,12.145748987854251,0.004048582995951417,4.048582995951417,0.004048582995951417,4.048582995951417,0.008097165991902834,8.097165991902834
2008-04-29,113.86,247,2,0,0,2,0.008097165991902834,8.097165991902834,0.0,0.0,0.0,0.0,0.008097165991902834,8.097165991902834
2008-04-30,111.12,247,0,0,0,0,0.0,0.0,0.0,0.0,0.0,0.0,0.0,0.0
2008-05-01,107.3,249,0,0,0,0,0.0,0.0,0.0,0.0,0.0,0.0,0.0,0.0
2008-05-02,111.92,247,0,0,0,0,0.0,0.0,0.0,0.0,0.0,0.0,0.0,0.0
2008-05-05,115.68,246,1,0,0,1,0.0040650406504065045,4.065040650406504,0.0,0.0,0.0,0.0,0.0040650406504065045,4.065040650406504
2008-05-06,119.88,249,1,1,0,0,0.004016064257028112,4.016064257028112,0.004016064257028112,4.016064257028112,0.0,0.0,0.0,0.0
2008-05-07,120.27,247,1,0,0,1,0.004048582995951417,4.048582995951417,0.0,0.0,0.0,0.0,0.004048582995951417,4.048582995951417
2008-05-08,119.85,246,1,0,0,1,0.0040650406504065045,4.065040650406504,0.0,0.0,0.0,0.0,0.0040650406504065045,4.065040650406504
2008-05-09,123.54,242,0,0,0,0,0.0,0.0,0.0,0.0,0.0,0.0,0.0,0.0
2008-05-12,122.89,248,1,0,0,1,0.004032258064516129,4.032258064516129,0.0,0.0,0.0,0.0,0.004032258064516129,4.032258064516129
2008-05-13,123.11,246,1,0,1,0,0.0040650406504065045,4.065040650406504,0.0,0.0,0.0040650406504065045,4.065040650406504,0.0,0.0
2008-05-14,121.18,248,2,1,0,1,0.008064516129032258,8.064516129032258,0.004032258064516129,4.032258064516129,0.0,0.0,0.004032258064516129,4.032258064516129
2008-05-15,122.76,249,2,0,1,2,0.008032128514056224,8.032128514056224,0.0,0.0,0.004016064257028112,4.016064257028112,0.008032128514056224,8.032128514056224
2008-05-16,122.98,245,3,1,0,2,0.012244897959183673,12.244897959183673,0.004081632653061225,4.081632653061225,0.0,0.0,0.00816326530612245,8.16326530612245
2008-05-19,122.19,243,4,0,0,4,0.01646090534979424,16.46090534979424,0.0,0.0,0.0,0.0,0.01646090534979424,16.46090534979424
2008-05-20,124.12,242,0,0,0,0,0.0,0.0,0.0,0.0,0.0,0.0,0.0,0.0
2008-05-21,127.28,243,5,0,0,5,0.0205761316872428,20.5761316872428,0.0,0.0,0.0,0.0,0.0205761316872428,20.5761316872428
2008-05-22,129.04,248,8,2,0,6,0.03225806451612903,32.25806451612903,0.008064516129032258,8.064516129032258,0.0,0.0,0.024193548387096774,24.193548387096772
2008-05-23,129.72,246,1,0,1,0,0.0040650406504065045,4.065040650406504,0.0,0.0,0.0040650406504065045,4.065040650406504,0.0,0.0
2008-05-27,128.92,243,2,0,0,2,0.00823045267489712,8.23045267489712,0.0,0.0,0.0,0.0,0.00823045267489712,8.23045267489712
2008-05-28,128.93,246,7,0,1,6,0.028455284552845527,28.455284552845526,0.0,0.0,0.0040650406504065045,4.065040650406504,0.024390243902439025,24.390243902439025
2008-05-29,129.33,248,7,1,0,6,0.028225806451612902,28.225806451612904,0.004032258064516129,4.032258064516129,0.0,0.0,0.024193548387096774,24.193548387096772
2008-05-30,127.85,247,3,0,0,3,0.012145748987854251,12.145748987854251,0.0,0.0,0.0,0.0,0.012145748987854251,12.145748987854251
2008-06-02,128.5,246,5,0,0,5,0.02032520325203252,20.32520325203252,0.0,0.0,0.0,0.0,0.02032520325203252,20.32520325203252
2008-06-03,126.28,247,1,0,0,1,0.004048582995951417,4.048582995951417,0.0,0.0,0.0,0.0,0.004048582995951417,4.048582995951417
2008-06-04,121.72,247,2,0,0,2,0.008097165991902834,8.097165991902834,0.0,0.0,0.0,0.0,0.008097165991902834,8.097165991902834
2008-06-05,122.36,249,0,0,0,0,0.0,0.0,0.0,0.0,0.0,0.0,0.0,0.0
2008-06-06,132.81,247,1,1,0,0,0.004048582995951417,4.048582995951417,0.004048582995951417,4.048582995951417,0.0,0.0,0.0,0.0
2008-06-09,134.43,245,7,2,1,5,0.02857142857142857,28.57142857142857,0.00816326530612245,8.16326530612245,0.004081632653061225,4.081632653061225,0.02040816326530612,20.408163265306122
2008-06-10,135.24,247,6,3,1,3,0.024291497975708502,24.291497975708502,0.012145748987854251,12.145748987854251,0.004048582995951417,4.048582995951417,0.012145748987854251,12.145748987854251
2008-06-11,134.52,246,2,0,0,2,0.008130081300813009,8.130081300813009,0.0,0.0,0.0,0.0,0.008130081300813009,8.130081300813009
2008-06-12,132.11,246,3,0,0,3,0.012195121951219513,12.195121951219512,0.0,0.0,0.0,0.0,0.012195121951219513,12.195121951219512
2008-06-13,134.29,243,2,0,0,2,0.00823045267489712,8.23045267489712,0.0,0.0,0.0,0.0,0.00823045267489712,8.23045267489712
2008-06-16,133.9,248,8,4,4,1,0.03225806451612903,32.25806451612903,0.016129032258064516,16.129032258064516,0.016129032258064516,16.129032258064516,0.004032258064516129,4.032258064516129
2008-06-17,131.27,248,1,1,1,0,0.004032258064516129,4.032258064516129,0.004032258064516129,4.032258064516129,0.004032258064516129,4.032258064516129,0.0,0.0
2008-06-18,129.12,246,3,0,1,2,0.012195121951219513,12.195121951219512,0.0,0.0,0.0040650406504065045,4.065040650406504,0.008130081300813009,8.130081300813009
2008-06-19,131.84,249,7,0,1,6,0.028112449799196786,28.112449799196785,0.0,0.0,0.004016064257028112,4.016064257028112,0.024096385542168676,24.096385542168676
2008-06-20,134.28,245,1,0,1,0,0.004081632653061225,4.081632653061225,0.0,0.0,0.004081632653061225,4.081632653061225,0.0,0.0
2008-06-23,134.54,248,3,0,2,1,0.012096774193548387,12.096774193548386,0.0,0.0,0.008064516129032258,8.064516129032258,0.004032258064516129,4.032258064516129
2008-06-24,135.37,247,3,1,1,2,0.012145748987854251,12.145748987854251,0.004048582995951417,4.048582995951417,0.004048582995951417,4.048582995951417,0.008097165991902834,8.097165991902834
2008-06-25,131.59,242,3,0,0,3,0.012396694214876033,12.396694214876034,0.0,0.0,0.0,0.0,0.012396694214876033,12.396694214876034
2008-06-26,136.82,248,1,0,0,1,0.004032258064516129,4.032258064516129,0.0,0.0,0.0,0.0,0.004032258064516129,4.032258064516129
2008-06-27,139.38,248,2,1,0,1,0.008064516129032258,8.064516129032258,0.004032258064516129,4.032258064516129,0.0,0.0,0.004032258064516129,4.032258064516129
2008-06-30,138.4,249,1,1,0,0,0.004016064257028112,4.016064257028112,0.004016064257028112,4.016064257028112,0.0,0.0,0.0,0.0
2008-07-01,140.67,247,1,0,0,1,0.004048582995951417,4.048582995951417,0.0,0.0,0.0,0.0,0.004048582995951417,4.048582995951417
2008-07-02,141.24,246,0,0,0,0,0.0,0.0,0.0,0.0,0.0,0.0,0.0,0.0
2008-07-03,143.95,245,1,0,1,0,0.004081632653061225,4.081632653061225,0.0,0.0,0.004081632653061225,4.081632653061225,0.0,0.0
2008-07-07,139.62,248,0,0,0,0,0.0,0.0,0.0,0.0,0.0,0.0,0.0,0.0
2008-07-08,134.15,243,2,0,0,2,0.00823045267489712,8.23045267489712,0.0,0.0,0.0,0.0,0.00823045267489712,8.23045267489712
2008-07-09,133.91,246,2,1,0,1,0.008130081300813009,8.130081300813009,0.0040650406504065045,4.065040650406504,0.0,0.0,0.0040650406504065045,4.065040650406504
2008-07-10,135.81,242,1,0,0,1,0.004132231404958678,4.132231404958678,0.0,0.0,0.0,0.0,0.004132231404958678,4.132231404958678
2008-07-11,143.68,247,4,1,0,3,0.016194331983805668,16.194331983805668,0.004048582995951417,4.048582995951417,0.0,0.0,0.012145748987854251,12.145748987854251
2008-07-14,142.43,246,1,0,1,0,0.0040650406504065045,4.065040650406504,0.0,0.0,0.0040650406504065045,4.065040650406504,0.0,0.0
2008-07-15,136.02,247,0,0,0,0,0.0,0.0,0.0,0.0,0.0,0.0,0.0,0.0
2008-07-16,133.31,248,2,0,0,2,0.008064516129032258,8.064516129032258,0.0,0.0,0.0,0.0,0.008064516129032258,8.064516129032258
2008-07-17,134.16,248,0,0,0,0,0.0,0.0,0.0,0.0,0.0,0.0,0.0,0.0
2008-07-18,129.34,247,2,1,1,0,0.008097165991902834,8.097165991902834,0.004048582995951417,4.048582995951417,0.004048582995951417,4.048582995951417,0.0,0.0
2008-07-21,129.34,248,4,0,1,3,0.016129032258064516,16.129032258064516,0.0,0.0,0.004032258064516129,4.032258064516129,0.012096774193548387,12.096774193548386
2008-07-22,127.18,245,2,0,1,1,0.00816326530612245,8.16326530612245,0.0,0.0,0.004081632653061225,4.081632653061225,0.004081632653061225,4.081632653061225
2008-07-23,126.86,247,2,1,0,1,0.008097165991902834,8.097165991902834,0.004048582995951417,4.048582995951417,0.0,0.0,0.004048582995951417,4.048582995951417
2008-07-24,125.43,248,1,1,0,0,0.004032258064516129,4.032258064516129,0.004032258064516129,4.032258064516129,0.0,0.0,0.0,0.0
2008-07-25,124.7,248,2,0,0,2,0.008064516129032258,8.064516129032258,0.0,0.0,0.0,0.0,0.008064516129032258,8.064516129032258
2008-07-28,125.67,246,3,0,0,3,0.012195121951219513,12.195121951219512,0.0,0.0,0.0,0.0,0.012195121951219513,12.195121951219512
2008-07-29,125.77,248,1,0,0,1,0.004032258064516129,4.032258064516129,0.0,0.0,0.0,0.0,0.004032258064516129,4.032258064516129
2008-07-30,122.46,246,2,1,0,1,0.008130081300813009,8.130081300813009,0.0040650406504065045,4.065040650406504,0.0,0.0,0.0040650406504065045,4.065040650406504
2008-07-31,124.1,248,2,1,0,1,0.008064516129032258,8.064516129032258,0.004032258064516129,4.032258064516129,0.0,0.0,0.004032258064516129,4.032258064516129
2008-08-01,124.16,248,0,0,0,0,0.0,0.0,0.0,0.0,0.0,0.0,0.0,0.0
2008-08-04,121.87,248,2,0,0,2,0.008064516129032258,8.064516129032258,0.0,0.0,0.0,0.0,0.008064516129032258,8.064516129032258
2008-08-05,116.5,246,2,0,0,2,0.008130081300813009,8.130081300813009,0.0,0.0,0.0,0.0,0.008130081300813009,8.130081300813009
2008-08-06,114.47,248,0,0,0,0,0.0,0.0,0.0,0.0,0.0,0.0,0.0,0.0
2008-08-07,116.94,248,2,0,0,2,0.008064516129032258,8.064516129032258,0.0,0.0,0.0,0.0,0.008064516129032258,8.064516129032258
2008-08-08,113.03,247,2,1,0,1,0.008097165991902834,8.097165991902834,0.004048582995951417,4.048582995951417,0.0,0.0,0.004048582995951417,4.048582995951417
2008-08-11,110.54,245,2,1,0,2,0.00816326530612245,8.16326530612245,0.004081632653061225,4.081632653061225,0.0,0.0,0.00816326530612245,8.16326530612245
2008-08-12,108.98,248,1,0,1,0,0.004032258064516129,4.032258064516129,0.0,0.0,0.004032258064516129,4.032258064516129,0.0,0.0
2008-08-13,110.68,245,0,0,0,0,0.0,0.0,0.0,0.0,0.0,0.0,0.0,0.0
2008-08-14,111.82,245,1,0,0,1,0.004081632653061225,4.081632653061225,0.0,0.0,0.0,0.0,0.004081632653061225,4.081632653061225
2008-08-15,108.8,245,0,0,0,0,0.0,0.0,0.0,0.0,0.0,0.0,0.0,0.0
2008-08-18,109.33,247,0,0,0,0,0.0,0.0,0.0,0.0,0.0,0.0,0.0,0.0
2008-08-19,109.02,242,0,0,0,0,0.0,0.0,0.0,0.0,0.0,0.0,0.0,0.0
2008-08-20,108.72,243,2,0,0,2,0.00823045267489712,8.23045267489712,0.0,0.0,0.0,0.0,0.00823045267489712,8.23045267489712
2008-08-21,117.24,244,1,0,1,0,0.004098360655737705,4.0983606557377055,0.0,0.0,0.004098360655737705,4.0983606557377055,0.0,0.0
2008-08-22,113.99,244,0,0,0,0,0.0,0.0,0.0,0.0,0.0,0.0,0.0,0.0
2008-08-25,109.74,245,2,0,1,1,0.00816326530612245,8.16326530612245,0.0,0.0,0.004081632653061225,4.081632653061225,0.004081632653061225,4.081632653061225
2008-08-26,112.2,241,1,0,0,1,0.004149377593360996,4.149377593360996,0.0,0.0,0.0,0.0,0.004149377593360996,4.149377593360996
2008-08-27,113.05,249,1,0,0,1,0.004016064257028112,4.016064257028112,0.0,0.0,0.0,0.0,0.004016064257028112,4.016064257028112
2008-08-28,113.54,248,0,0,0,0,0.0,0.0,0.0,0.0,0.0,0.0,0.0,0.0
2008-08-29,113.49,246,0,0,0,0,0.0,0.0,0.0,0.0,0.0,0.0,0.0,0.0
2008-09-02,104.94,247,0,0,0,0,0.0,0.0,0.0,0.0,0.0,0.0,0.0,0.0
2008-09-03,103.88,249,0,0,0,0,0.0,0.0,0.0,0.0,0.0,0.0,0.0,0.0
2008-09-04,103.41,244,1,0,0,1,0.004098360655737705,4.0983606557377055,0.0,0.0,0.0,0.0,0.004098360655737705,4.0983606557377055
2008-09-05,102.51,237,0,0,0,0,0.0,0.0,0.0,0.0,0.0,0.0,0.0,0.0
2008-09-08,101.08,247,0,0,0,0,0.0,0.0,0.0,0.0,0.0,0.0,0.0,0.0
2008-09-09,98.94,245,2,2,2,0,0.00816326530612245,8.16326530612245,0.00816326530612245,8.16326530612245,0.00816326530612245,8.16326530612245,0.0,0.0
2008-09-10,96.0,246,2,1,2,0,0.008130081300813009,8.130081300813009,0.0040650406504065045,4.065040650406504,0.008130081300813009,8.130081300813009,0.0,0.0
2008-09-11,96.01,245,0,0,0,0,0.0,0.0,0.0,0.0,0.0,0.0,0.0,0.0
2008-09-12,94.37,248,0,0,0,0,0.0,0.0,0.0,0.0,0.0,0.0,0.0,0.0
2008-09-15,90.45,247,0,0,0,0,0.0,0.0,0.0,0.0,0.0,0.0,0.0,0.0
2008-09-16,85.85,244,2,1,1,0,0.00819672131147541,8.196721311475411,0.004098360655737705,4.0983606557377055,0.004098360655737705,4.0983606557377055,0.0,0.0
2008-09-17,86.09,239,4,0,1,3,0.016736401673640166,16.736401673640167,0.0,0.0,0.0041841004184100415,4.184100418410042,0.012552301255230125,12.552301255230125
2008-09-18,90.89,244,0,0,0,0,0.0,0.0,0.0,0.0,0.0,0.0,0.0,0.0
2008-09-19,93.46,248,0,0,0,0,0.0,0.0,0.0,0.0,0.0,0.0,0.0,0.0
2008-09-22,100.43,246,0,0,0,0,0.0,0.0,0.0,0.0,0.0,0.0,0.0,0.0
2008-09-23,100.72,244,3,3,0,0,0.012295081967213115,12.295081967213115,0.012295081967213115,12.295081967213115,0.0,0.0,0.0,0.0
2008-09-24,102.09,247,0,0,0,0,0.0,0.0,0.0,0.0,0.0,0.0,0.0,0.0
2008-09-25,100.45,246,0,0,0,0,0.0,0.0,0.0,0.0,0.0,0.0,0.0,0.0
2008-09-26,100.88,246,0,0,0,0,0.0,0.0,0.0,0.0,0.0,0.0,0.0,0.0
2008-09-29,95.96,245,0,0,0,0,0.0,0.0,0.0,0.0,0.0,0.0,0.0,0.0
2008-09-30,93.52,248,0,0,0,0,0.0,0.0,0.0,0.0,0.0,0.0,0.0,0.0
2008-10-01,92.19,243,1,0,0,1,0.00411522633744856,4.11522633744856,0.0,0.0,0.0,0.0,0.00411522633744856,4.11522633744856
2008-10-02,88.88,247,0,0,0,0,0.0,0.0,0.0,0.0,0.0,0.0,0.0,0.0
2008-10-03,88.95,248,0,0,0,0,0.0,0.0,0.0,0.0,0.0,0.0,0.0,0.0
2008-10-06,84.71,241,0,0,0,0,0.0,0.0,0.0,0.0,0.0,0.0,0.0,0.0
2008-10-07,83.17,241,0,0,0,0,0.0,0.0,0.0,0.0,0.0,0.0,0.0,0.0
2008-10-08,80.77,246,2,0,0,2,0.008130081300813009,8.130081300813009,0.0,0.0,0.0,0.0,0.008130081300813009,8.130081300813009
2008-10-09,81.65,243,1,0,0,1,0.00411522633744856,4.11522633744856,0.0,0.0,0.0,0.0,0.00411522633744856,4.11522633744856
2008-10-10,74.58,246,0,0,0,0,0.0,0.0,0.0,0.0,0.0,0.0,0.0,0.0
2008-10-13,74.37,247,0,0,0,0,0.0,0.0,0.0,0.0,0.0,0.0,0.0,0.0
2008-10-14,74.98,250,0,0,0,0,0.0,0.0,0.0,0.0,0.0,0.0,0.0,0.0
2008-10-15,66.86,243,0,0,0,0,0.0,0.0,0.0,0.0,0.0,0.0,0.0,0.0
2008-10-16,64.14,246,0,0,0,0,0.0,0.0,0.0,0.0,0.0,0.0,0.0,0.0
2008-10-17,66.05,245,0,0,0,0,0.0,0.0,0.0,0.0,0.0,0.0,0.0,0.0
2008-10-20,67.45,245,1,0,1,0,0.004081632653061225,4.081632653061225,0.0,0.0,0.004081632653061225,4.081632653061225,0.0,0.0
2008-10-21,65.99,244,0,0,0,0,0.0,0.0,0.0,0.0,0.0,0.0,0.0,0.0
2008-10-22,62.95,244,0,0,0,0,0.0,0.0,0.0,0.0,0.0,0.0,0.0,0.0
2008-10-23,65.06,246,1,0,0,1,0.0040650406504065045,4.065040650406504,0.0,0.0,0.0,0.0,0.0040650406504065045,4.065040650406504
2008-10-24,60.57,246,3,1,2,0,0.012195121951219513,12.195121951219512,0.0040650406504065045,4.065040650406504,0.008130081300813009,8.130081300813009,0.0,0.0
2008-10-27,59.34,247,0,0,0,0,0.0,0.0,0.0,0.0,0.0,0.0,0.0,0.0
2008-10-28,58.87,247,1,0,0,1,0.004048582995951417,4.048582995951417,0.0,0.0,0.0,0.0,0.004048582995951417,4.048582995951417
2008-10-29,64.0,249,0,0,0,0,0.0,0.0,0.0,0.0,0.0,0.0,0.0,0.0
2008-10-30,60.86,247,1,0,0,1,0.004048582995951417,4.048582995951417,0.0,0.0,0.0,0.0,0.004048582995951417,4.048582995951417
2008-10-31,60.0,362,3,1,1,1,0.008287292817679558,8.287292817679557,0.0027624309392265192,2.7624309392265194,0.0027624309392265192,2.7624309392265194,0.0027624309392265192,2.7624309392265194
2008-11-03,60.32,249,1,0,0,1,0.004016064257028112,4.016064257028112,0.0,0.0,0.0,0.0,0.004016064257028112,4.016064257028112
2008-11-04,62.78,246,3,0,0,3,0.012195121951219513,12.195121951219512,0.0,0.0,0.0,0.0,0.012195121951219513,12.195121951219512
2008-11-05,61.09,234,0,0,0,0,0.0,0.0,0.0,0.0,0.0,0.0,0.0,0.0
2008-11-06,56.14,245,1,0,0,1,0.004081632653061225,4.081632653061225,0.0,0.0,0.0,0.0,0.004081632653061225,4.081632653061225
2008-11-07,56.84,245,0,0,0,0,0.0,0.0,0.0,0.0,0.0,0.0,0.0,0.0
2008-11-10,57.08,244,0,0,0,0,0.0,0.0,0.0,0.0,0.0,0.0,0.0,0.0
2008-11-11,54.76,245,5,0,1,4,0.02040816326530612,20.408163265306122,0.0,0.0,0.004081632653061225,4.081632653061225,0.0163265306122449,16.3265306122449
2008-11-12,52.47,244,0,0,0,0,0.0,0.0,0.0,0.0,0.0,0.0,0.0,0.0
2008-11-13,51.32,244,2,0,0,2,0.00819672131147541,8.196721311475411,0.0,0.0,0.0,0.0,0.00819672131147541,8.196721311475411
2008-11-14,50.7,246,0,0,0,0,0.0,0.0,0.0,0.0,0.0,0.0,0.0,0.0
2008-11-17,50.82,245,0,0,0,0,0.0,0.0,0.0,0.0,0.0,0.0,0.0,0.0
2008-11-18,49.1,246,1,0,1,0,0.0040650406504065045,4.065040650406504,0.0,0.0,0.0040650406504065045,4.065040650406504,0.0,0.0
2008-11-19,48.35,243,0,0,0,0,0.0,0.0,0.0,0.0,0.0,0.0,0.0,0.0
2008-11-20,45.79,247,1,0,1,0,0.004048582995951417,4.048582995951417,0.0,0.0,0.004048582995951417,4.048582995951417,0.0,0.0
2008-11-21,44.91,243,0,0,0,0,0.0,0.0,0.0,0.0,0.0,0.0,0.0,0.0
2008-11-24,49.51,248,0,0,0,0,0.0,0.0,0.0,0.0,0.0,0.0,0.0,0.0
2008-11-25,47.51,237,1,0,0,1,0.004219409282700422,4.219409282700422,0.0,0.0,0.0,0.0,0.004219409282700422,4.219409282700422
2008-11-26,49.39,243,1,0,0,1,0.00411522633744856,4.11522633744856,0.0,0.0,0.0,0.0,0.00411522633744856,4.11522633744856
2008-11-28,47.72,244,0,0,0,0,0.0,0.0,0.0,0.0,0.0,0.0,0.0,0.0
2008-12-01,47.58,248,0,0,0,0,0.0,0.0,0.0,0.0,0.0,0.0,0.0,0.0
2008-12-02,45.64,242,2,0,0,2,0.008264462809917356,8.264462809917356,0.0,0.0,0.0,0.0,0.008264462809917356,8.264462809917356
2008-12-03,44.39,249,1,0,0,1,0.004016064257028112,4.016064257028112,0.0,0.0,0.0,0.0,0.004016064257028112,4.016064257028112
2008-12-04,43.83,246,0,0,0,0,0.0,0.0,0.0,0.0,0.0,0.0,0.0,0.0
2008-12-05,37.04,245,0,0,0,0,0.0,0.0,0.0,0.0,0.0,0.0,0.0,0.0
2008-12-08,40.02,244,1,0,0,1,0.004098360655737705,4.0983606557377055,0.0,0.0,0.0,0.0,0.004098360655737705,4.0983606557377055
2008-12-09,39.77,244,1,0,0,1,0.004098360655737705,4.0983606557377055,0.0,0.0,0.0,0.0,0.004098360655737705,4.0983606557377055
2008-12-10,39.34,245,1,0,0,1,0.004081632653061225,4.081632653061225,0.0,0.0,0.0,0.0,0.004081632653061225,4.081632653061225
2008-12-11,43.54,245,0,0,0,0,0.0,0.0,0.0,0.0,0.0,0.0,0.0,0.0
2008-12-12,42.38,244,1,0,1,0,0.004098360655737705,4.0983606557377055,0.0,0.0,0.004098360655737705,4.0983606557377055,0.0,0.0
2008-12-15,45.02,247,0,0,0,0,0.0,0.0,0.0,0.0,0.0,0.0,0.0,0.0
2008-12-16,42.0,245,0,0,0,0,0.0,0.0,0.0,0.0,0.0,0.0,0.0,0.0
2008-12-17,41.84,246,3,0,1,2,0.012195121951219513,12.195121951219512,0.0,0.0,0.0040650406504065045,4.065040650406504,0.008130081300813009,8.130081300813009
2008-12-18,40.19,246,2,0,1,1,0.008130081300813009,8.130081300813009,0.0,0.0,0.0040650406504065045,4.065040650406504,0.0040650406504065045,4.065040650406504
2008-12-19,39.52,244,3,0,2,1,0.012295081967213115,12.295081967213115,0.0,0.0,0.00819672131147541,8.196721311475411,0.004098360655737705,4.0983606557377055
2008-12-22,38.08,247,2,0,1,1,0.008097165991902834,8.097165991902834,0.0,0.0,0.004048582995951417,4.048582995951417,0.004048582995951417,4.048582995951417
2008-12-23,35.27,245,3,0,1,2,0.012244897959183673,12.244897959183673,0.0,0.0,0.004081632653061225,4.081632653061225,0.00816326530612245,8.16326530612245
2008-12-24,34.45,241,1,0,0,1,0.004149377593360996,4.149377593360996,0.0,0.0,0.0,0.0,0.004149377593360996,4.149377593360996
2008-12-26,33.73,96,0,0,0,0,0.0,0.0,0.0,0.0,0.0,0.0,0.0,0.0
2008-12-29,34.16,231,0,0,0,0,0.0,0.0,0.0,0.0,0.0,0.0,0.0,0.0
2008-12-30,35.22,213,3,2,0,1,0.014084507042253521,14.084507042253522,0.009389671361502348,9.389671361502348,0.0,0.0,0.004694835680751174,4.694835680751174
2008-12-31,35.82,195,0,0,0,0,0.0,0.0,0.0,0.0,0.0,0.0,0.0,0.0
2009-01-02,42.94,229,0,0,0,0,0.0,0.0,0.0,0.0,0.0,0.0,0.0,0.0
2009-01-05,45.84,248,1,0,0,1,0.004032258064516129,4.032258064516129,0.0,0.0,0.0,0.0,0.004032258064516129,4.032258064516129
2009-01-06,48.89,248,0,0,0,0,0.0,0.0,0.0,0.0,0.0,0.0,0.0,0.0
2009-01-07,46.23,242,1,0,1,0,0.004132231404958678,4.132231404958678,0.0,0.0,0.004132231404958678,4.132231404958678,0.0,0.0
2009-01-08,42.94,247,0,0,0,0,0.0,0.0,0.0,0.0,0.0,0.0,0.0,0.0
2009-01-09,42.34,246,0,0,0,0,0.0,0.0,0.0,0.0,0.0,0.0,0.0,0.0
2009-01-12,40.86,246,0,0,0,0,0.0,0.0,0.0,0.0,0.0,0.0,0.0,0.0
2009-01-13,43.05,247,0,0,0,0,0.0,0.0,0.0,0.0,0.0,0.0,0.0,0.0
2009-01-14,42.27,246,1,0,0,1,0.0040650406504065045,4.065040650406504,0.0,0.0,0.0,0.0,0.0040650406504065045,4.065040650406504
2009-01-15,42.32,247,0,0,0,0,0.0,0.0,0.0,0.0,0.0,0.0,0.0,0.0
2009-01-16,43.42,248,1,0,1,0,0.004032258064516129,4.032258064516129,0.0,0.0,0.004032258064516129,4.032258064516129,0.0,0.0
2009-01-20,41.22,244,1,1,0,0,0.004098360655737705,4.0983606557377055,0.004098360655737705,4.0983606557377055,0.0,0.0,0.0,0.0
2009-01-21,39.9,239,1,0,0,1,0.0041841004184100415,4.184100418410042,0.0,0.0,0.0,0.0,0.0041841004184100415,4.184100418410042
2009-01-22,42.42,248,1,0,0,1,0.004032258064516129,4.032258064516129,0.0,0.0,0.0,0.0,0.004032258064516129,4.032258064516129
2009-01-23,43.13,247,1,0,1,0,0.004048582995951417,4.048582995951417,0.0,0.0,0.004048582995951417,4.048582995951417,0.0,0.0
2009-01-26,48.0,246,0,0,0,0,0.0,0.0,0.0,0.0,0.0,0.0,0.0,0.0
2009-01-27,42.86,244,1,0,0,1,0.004098360655737705,4.0983606557377055,0.0,0.0,0.0,0.0,0.004098360655737705,4.0983606557377055
2009-01-28,42.86,247,2,0,1,1,0.008097165991902834,8.097165991902834,0.0,0.0,0.004048582995951417,4.048582995951417,0.004048582995951417,4.048582995951417
2009-01-29,43.13,246,0,0,0,0,0.0,0.0,0.0,0.0,0.0,0.0,0.0,0.0
2009-01-30,44.17,247,0,0,0,0,0.0,0.0,0.0,0.0,0.0,0.0,0.0,0.0
2009-02-02,42.96,248,0,0,0,0,0.0,0.0,0.0,0.0,0.0,0.0,0.0,0.0
2009-02-03,43.15,247,0,0,0,0,0.0,0.0,0.0,0.0,0.0,0.0,0.0,0.0
2009-02-04,43.68,241,0,0,0,0,0.0,0.0,0.0,0.0,0.0,0.0,0.0,0.0
2009-02-05,43.92,243,0,0,0,0,0.0,0.0,0.0,0.0,0.0,0.0,0.0,0.0
2009-02-06,44.49,242,0,0,0,0,0.0,0.0,0.0,0.0,0.0,0.0,0.0,0.0
2009-02-09,47.23,246,0,0,0,0,0.0,0.0,0.0,0.0,0.0,0.0,0.0,0.0
2009-02-10,45.88,248,0,0,0,0,0.0,0.0,0.0,0.0,0.0,0.0,0.0,0.0
2009-02-11,44.24,249,0,0,0,0,0.0,0.0,0.0,0.0,0.0,0.0,0.0,0.0
2009-02-12,47.23,247,0,0,0,0,0.0,0.0,0.0,0.0,0.0,0.0,0.0,0.0
2009-02-13,43.36,244,0,0,0,0,0.0,0.0,0.0,0.0,0.0,0.0,0.0,0.0
2009-02-17,39.69,246,0,0,0,0,0.0,0.0,0.0,0.0,0.0,0.0,0.0,0.0
2009-02-18,39.41,244,0,0,0,0,0.0,0.0,0.0,0.0,0.0,0.0,0.0,0.0
2009-02-19,42.36,248,0,0,0,0,0.0,0.0,0.0,0.0,0.0,0.0,0.0,0.0
2009-02-20,42.19,240,0,0,0,0,0.0,0.0,0.0,0.0,0.0,0.0,0.0,0.0
2009-02-23,41.27,248,0,0,0,0,0.0,0.0,0.0,0.0,0.0,0.0,0.0,0.0
2009-02-24,40.18,245,0,0,0,0,0.0,0.0,0.0,0.0,0.0,0.0,0.0,0.0
2009-02-25,42.37,242,0,0,0,0,0.0,0.0,0.0,0.0,0.0,0.0,0.0,0.0
2009-02-26,45.15,246,0,0,0,0,0.0,0.0,0.0,0.0,0.0,0.0,0.0,0.0
2009-02-27,44.41,243,0,0,0,0,0.0,0.0,0.0,0.0,0.0,0.0,0.0,0.0
2009-03-02,42.6,246,4,0,1,3,0.016260162601626018,16.260162601626018,0.0,0.0,0.0040650406504065045,4.065040650406504,0.012195121951219513,12.195121951219512
2009-03-03,42.72,245,0,0,0,0,0.0,0.0,0.0,0.0,0.0,0.0,0.0,0.0
2009-03-04,46.07,246,0,0,0,0,0.0,0.0,0.0,0.0,0.0,0.0,0.0,0.0
2009-03-05,44.45,245,0,0,0,0,0.0,0.0,0.0,0.0,0.0,0.0,0.0,0.0
2009-03-06,43.48,244,0,0,0,0,0.0,0.0,0.0,0.0,0.0,0.0,0.0,0.0
2009-03-09,44.55,245,0,0,0,0,0.0,0.0,0.0,0.0,0.0,0.0,0.0,0.0
2009-03-10,44.99,244,0,0,0,0,0.0,0.0,0.0,0.0,0.0,0.0,0.0,0.0
2009-03-11,43.2,246,0,0,0,0,0.0,0.0,0.0,0.0,0.0,0.0,0.0,0.0
2009-03-12,42.19,234,0,0,0,0,0.0,0.0,0.0,0.0,0.0,0.0,0.0,0.0
2009-03-13,44.97,244,0,0,0,0,0.0,0.0,0.0,0.0,0.0,0.0,0.0,0.0
2009-03-16,44.12,248,1,0,0,1,0.004032258064516129,4.032258064516129,0.0,0.0,0.0,0.0,0.004032258064516129,4.032258064516129
2009-03-17,45.53,247,0,0,0,0,0.0,0.0,0.0,0.0,0.0,0.0,0.0,0.0
2009-03-18,45.22,248,0,0,0,0,0.0,0.0,0.0,0.0,0.0,0.0,0.0,0.0
2009-03-19,48.03,245,0,0,0,0,0.0,0.0,0.0,0.0,0.0,0.0,0.0,0.0
2009-03-20,49.27,243,0,0,0,0,0.0,0.0,0.0,0.0,0.0,0.0,0.0,0.0
2009-03-23,51.84,244,0,0,0,0,0.0,0.0,0.0,0.0,0.0,0.0,0.0,0.0
2009-03-24,51.32,242,2,1,0,2,0.008264462809917356,8.264462809917356,0.004132231404958678,4.132231404958678,0.0,0.0,0.008264462809917356,8.264462809917356
2009-03-25,51.46,247,0,0,0,0,0.0,0.0,0.0,0.0,0.0,0.0,0.0,0.0
2009-03-26,51.89,245,0,0,0,0,0.0,0.0,0.0,0.0,0.0,0.0,0.0,0.0
2009-03-27,50.81,242,0,0,0,0,0.0,0.0,0.0,0.0,0.0,0.0,0.0,0.0
2009-03-30,49.05,245,0,0,0,0,0.0,0.0,0.0,0.0,0.0,0.0,0.0,0.0
2009-03-31,46.13,246,0,0,0,0,0.0,0.0,0.0,0.0,0.0,0.0,0.0,0.0
2009-04-01,45.92,247,0,0,0,0,0.0,0.0,0.0,0.0,0.0,0.0,0.0,0.0
2009-04-02,50.89,246,0,0,0,0,0.0,0.0,0.0,0.0,0.0,0.0,0.0,0.0
2009-04-03,50.48,242,0,0,0,0,0.0,0.0,0.0,0.0,0.0,0.0,0.0,0.0
2009-04-06,50.91,240,0,0,0,0,0.0,0.0,0.0,0.0,0.0,0.0,0.0,0.0
2009-04-07,50.62,246,0,0,0,0,0.0,0.0,0.0,0.0,0.0,0.0,0.0,0.0
2009-04-08,52.06,245,0,0,0,0,0.0,0.0,0.0,0.0,0.0,0.0,0.0,0.0
2009-04-09,52.33,243,0,0,0,0,0.0,0.0,0.0,0.0,0.0,0.0,0.0,0.0
2009-04-13,50.73,244,0,0,0,0,0.0,0.0,0.0,0.0,0.0,0.0,0.0,0.0
2009-04-14,52.06,238,0,0,0,0,0.0,0.0,0.0,0.0,0.0,0.0,0.0,0.0
2009-04-15,51.31,245,0,0,0,0,0.0,0.0,0.0,0.0,0.0,0.0,0.0,0.0
2009-04-16,51.83,245,0,0,0,0,0.0,0.0,0.0,0.0,0.0,0.0,0.0,0.0
2009-04-17,52.02,246,1,0,1,0,0.0040650406504065045,4.065040650406504,0.0,0.0,0.0040650406504065045,4.065040650406504,0.0,0.0
2009-04-20,49.06,245,0,0,0,0,0.0,0.0,0.0,0.0,0.0,0.0,0.0,0.0
2009-04-21,48.69,244,0,0,0,0,0.0,0.0,0.0,0.0,0.0,0.0,0.0,0.0
2009-04-22,48.5,244,0,0,0,0,0.0,0.0,0.0,0.0,0.0,0.0,0.0,0.0
2009-04-23,48.29,247,0,0,0,0,0.0,0.0,0.0,0.0,0.0,0.0,0.0,0.0
2009-04-24,50.29,244,0,0,0,0,0.0,0.0,0.0,0.0,0.0,0.0,0.0,0.0
2009-04-27,48.67,247,0,0,0,0,0.0,0.0,0.0,0.0,0.0,0.0,0.0,0.0
2009-04-28,48.64,246,1,0,0,1,0.0040650406504065045,4.065040650406504,0.0,0.0,0.0,0.0,0.0040650406504065045,4.065040650406504
2009-04-29,50.22,244,0,0,0,0,0.0,0.0,0.0,0.0,0.0,0.0,0.0,0.0
2009-04-30,50.3,240,2,0,0,2,0.008333333333333333,8.333333333333334,0.0,0.0,0.0,0.0,0.008333333333333333,8.333333333333334
2009-05-01,51.75,248,0,0,0,0,0.0,0.0,0.0,0.0,0.0,0.0,0.0,0.0
2009-05-04,53.26,241,0,0,0,0,0.0,0.0,0.0,0.0,0.0,0.0,0.0,0.0
2009-05-05,53.16,241,0,0,0,0,0.0,0.0,0.0,0.0,0.0,0.0,0.0,0.0
2009-05-06,55.07,245,0,0,0,0,0.0,0.0,0.0,0.0,0.0,0.0,0.0,0.0
2009-05-07,56.63,248,0,0,0,0,0.0,0.0,0.0,0.0,0.0,0.0,0.0,0.0
2009-05-08,56.02,237,0,0,0,0,0.0,0.0,0.0,0.0,0.0,0.0,0.0,0.0
2009-05-11,55.99,244,0,0,0,0,0.0,0.0,0.0,0.0,0.0,0.0,0.0,0.0
2009-05-12,56.52,240,0,0,0,0,0.0,0.0,0.0,0.0,0.0,0.0,0.0,0.0
2009-05-13,56.84,246,0,0,0,0,0.0,0.0,0.0,0.0,0.0,0.0,0.0,0.0
2009-05-14,56.25,245,0,0,0,0,0.0,0.0,0.0,0.0,0.0,0.0,0.0,0.0
2009-05-15,56.33,248,0,0,0,0,0.0,0.0,0.0,0.0,0.0,0.0,0.0,0.0
2009-05-18,56.51,248,3,0,0,3,0.012096774193548387,12.096774193548386,0.0,0.0,0.0,0.0,0.012096774193548387,12.096774193548386
2009-05-19,57.12,241,0,0,0,0,0.0,0.0,0.0,0.0,0.0,0.0,0.0,0.0
2009-05-20,59.1,233,1,0,0,1,0.004291845493562232,4.291845493562231,0.0,0.0,0.0,0.0,0.004291845493562232,4.291845493562231
2009-05-21,58.02,239,0,0,0,0,0.0,0.0,0.0,0.0,0.0,0.0,0.0,0.0
2009-05-22,58.7,246,0,0,0,0,0.0,0.0,0.0,0.0,0.0,0.0,0.0,0.0
2009-05-26,59.05,244,0,0,0,0,0.0,0.0,0.0,0.0,0.0,0.0,0.0,0.0
2009-05-27,61.28,239,0,0,0,0,0.0,0.0,0.0,0.0,0.0,0.0,0.0,0.0
2009-05-28,63.47,243,0,0,0,0,0.0,0.0,0.0,0.0,0.0,0.0,0.0,0.0
2009-05-29,64.98,245,0,0,0,0,0.0,0.0,0.0,0.0,0.0,0.0,0.0,0.0
2009-06-01,66.6,152,1,0,1,0,0.006578947368421052,6.578947368421052,0.0,0.0,0.006578947368421052,6.578947368421052,0.0,0.0
2009-06-02,67.67,243,5,0,0,5,0.0205761316872428,20.5761316872428,0.0,0.0,0.0,0.0,0.0205761316872428,20.5761316872428
2009-06-03,66.15,239,1,0,0,1,0.0041841004184100415,4.184100418410042,0.0,0.0,0.0,0.0,0.0041841004184100415,4.184100418410042
2009-06-04,67.68,244,0,0,0,0,0.0,0.0,0.0,0.0,0.0,0.0,0.0,0.0
2009-06-05,67.77,243,1,0,1,0,0.00411522633744856,4.11522633744856,0.0,0.0,0.00411522633744856,4.11522633744856,0.0,0.0
2009-06-08,67.61,244,0,0,0,0,0.0,0.0,0.0,0.0,0.0,0.0,0.0,0.0
2009-06-09,68.94,237,0,0,0,0,0.0,0.0,0.0,0.0,0.0,0.0,0.0,0.0
2009-06-10,70.52,236,0,0,0,0,0.0,0.0,0.0,0.0,0.0,0.0,0.0,0.0
2009-06-11,71.71,244,2,0,1,1,0.00819672131147541,8.196721311475411,0.0,0.0,0.004098360655737705,4.0983606557377055,0.004098360655737705,4.0983606557377055
2009-06-12,70.62,243,0,0,0,0,0.0,0.0,0.0,0.0,0.0,0.0,0.0,0.0
2009-06-15,68.49,245,0,0,0,0,0.0,0.0,0.0,0.0,0.0,0.0,0.0,0.0
2009-06-16,70.52,245,0,0,0,0,0.0,0.0,0.0,0.0,0.0,0.0,0.0,0.0
2009-06-17,68.95,248,0,0,0,0,0.0,0.0,0.0,0.0,0.0,0.0,0.0,0.0
2009-06-18,69.96,243,0,0,0,0,0.0,0.0,0.0,0.0,0.0,0.0,0.0,0.0
2009-06-19,70.48,243,0,0,0,0,0.0,0.0,0.0,0.0,0.0,0.0,0.0,0.0
2009-06-22,66.13,247,1,0,1,0,0.004048582995951417,4.048582995951417,0.0,0.0,0.004048582995951417,4.048582995951417,0.0,0.0
2009-06-23,66.36,247,0,0,0,0,0.0,0.0,0.0,0.0,0.0,0.0,0.0,0.0
2009-06-24,68.47,244,1,0,0,1,0.004098360655737705,4.0983606557377055,0.0,0.0,0.0,0.0,0.004098360655737705,4.0983606557377055
2009-06-25,68.82,247,0,0,0,0,0.0,0.0,0.0,0.0,0.0,0.0,0.0,0.0
2009-06-26,68.1,244,0,0,0,0,0.0,0.0,0.0,0.0,0.0,0.0,0.0,0.0
2009-06-29,69.75,245,1,0,0,1,0.004081632653061225,4.081632653061225,0.0,0.0,0.0,0.0,0.004081632653061225,4.081632653061225
2009-06-30,68.11,244,0,0,0,0,0.0,0.0,0.0,0.0,0.0,0.0,0.0,0.0
2009-07-01,68.52,245,3,0,0,3,0.012244897959183673,12.244897959183673,0.0,0.0,0.0,0.0,0.012244897959183673,12.244897959183673
2009-07-02,65.74,245,1,0,0,1,0.004081632653061225,4.081632653061225,0.0,0.0,0.0,0.0,0.004081632653061225,4.081632653061225
2009-07-06,63.12,244,0,0,0,0,0.0,0.0,0.0,0.0,0.0,0.0,0.0,0.0
2009-07-07,61.54,245,0,0,0,0,0.0,0.0,0.0,0.0,0.0,0.0,0.0,0.0
2009-07-08,59.71,244,0,0,0,0,0.0,0.0,0.0,0.0,0.0,0.0,0.0,0.0
2009-07-09,59.17,244,0,0,0,0,0.0,0.0,0.0,0.0,0.0,0.0,0.0,0.0
2009-07-10,58.43,246,0,0,0,0,0.0,0.0,0.0,0.0,0.0,0.0,0.0,0.0
2009-07-13,58.25,242,1,0,0,1,0.004132231404958678,4.132231404958678,0.0,0.0,0.0,0.0,0.004132231404958678,4.132231404958678
2009-07-14,60.48,244,1,0,1,0,0.004098360655737705,4.0983606557377055,0.0,0.0,0.004098360655737705,4.0983606557377055,0.0,0.0
2009-07-15,61.25,245,0,0,0,0,0.0,0.0,0.0,0.0,0.0,0.0,0.0,0.0
2009-07-16,62.02,246,0,0,0,0,0.0,0.0,0.0,0.0,0.0,0.0,0.0,0.0
2009-07-17,63.54,245,0,0,0,0,0.0,0.0,0.0,0.0,0.0,0.0,0.0,0.0
2009-07-20,64.64,247,0,0,0,0,0.0,0.0,0.0,0.0,0.0,0.0,0.0,0.0
2009-07-21,65.93,244,0,0,0,0,0.0,0.0,0.0,0.0,0.0,0.0,0.0,0.0
2009-07-22,65.36,247,0,0,0,0,0.0,0.0,0.0,0.0,0.0,0.0,0.0,0.0
2009-07-23,68.06,247,0,0,0,0,0.0,0.0,0.0,0.0,0.0,0.0,0.0,0.0
2009-07-24,68.82,246,0,0,0,0,0.0,0.0,0.0,0.0,0.0,0.0,0.0,0.0
2009-07-27,69.78,244,0,0,0,0,0.0,0.0,0.0,0.0,0.0,0.0,0.0,0.0
2009-07-28,68.53,245,0,0,0,0,0.0,0.0,0.0,0.0,0.0,0.0,0.0,0.0
2009-07-29,65.79,246,0,0,0,0,0.0,0.0,0.0,0.0,0.0,0.0,0.0,0.0
2009-07-30,68.82,249,0,0,0,0,0.0,0.0,0.0,0.0,0.0,0.0,0.0,0.0
2009-07-31,70.08,240,0,0,0,0,0.0,0.0,0.0,0.0,0.0,0.0,0.0,0.0
2009-08-03,72.9,247,0,0,0,0,0.0,0.0,0.0,0.0,0.0,0.0,0.0,0.0
2009-08-04,73.82,239,0,0,0,0,0.0,0.0,0.0,0.0,0.0,0.0,0.0,0.0
2009-08-05,74.39,246,0,0,0,0,0.0,0.0,0.0,0.0,0.0,0.0,0.0,0.0
2009-08-06,74.61,245,0,0,0,0,0.0,0.0,0.0,0.0,0.0,0.0,0.0,0.0
2009-08-07,74.21,247,0,0,0,0,0.0,0.0,0.0,0.0,0.0,0.0,0.0,0.0
2009-08-10,73.79,241,0,0,0,0,0.0,0.0,0.0,0.0,0.0,0.0,0.0,0.0
2009-08-11,71.58,247,0,0,0,0,0.0,0.0,0.0,0.0,0.0,0.0,0.0,0.0
2009-08-12,74.03,245,0,0,0,0,0.0,0.0,0.0,0.0,0.0,0.0,0.0,0.0
2009-08-13,73.76,243,0,0,0,0,0.0,0.0,0.0,0.0,0.0,0.0,0.0,0.0
2009-08-14,71.33,243,0,0,0,0,0.0,0.0,0.0,0.0,0.0,0.0,0.0,0.0
2009-08-17,68.65,245,2,0,0,2,0.00816326530612245,8.16326530612245,0.0,0.0,0.0,0.0,0.00816326530612245,8.16326530612245
2009-08-18,68.66,246,0,0,0,0,0.0,0.0,0.0,0.0,0.0,0.0,0.0,0.0
2009-08-19,72.81,240,0,0,0,0,0.0,0.0,0.0,0.0,0.0,0.0,0.0,0.0
2009-08-20,73.75,246,0,0,0,0,0.0,0.0,0.0,0.0,0.0,0.0,0.0,0.0
2009-08-21,73.71,247,0,0,0,0,0.0,0.0,0.0,0.0,0.0,0.0,0.0,0.0
2009-08-24,74.34,245,0,0,0,0,0.0,0.0,0.0,0.0,0.0,0.0,0.0,0.0
2009-08-25,73.1,247,0,0,0,0,0.0,0.0,0.0,0.0,0.0,0.0,0.0,0.0
2009-08-26,70.74,242,0,0,0,0,0.0,0.0,0.0,0.0,0.0,0.0,0.0,0.0
2009-08-27,70.68,247,0,0,0,0,0.0,0.0,0.0,0.0,0.0,0.0,0.0,0.0
2009-08-28,72.8,242,0,0,0,0,0.0,0.0,0.0,0.0,0.0,0.0,0.0,0.0
2009-08-31,69.02,241,0,0,0,0,0.0,0.0,0.0,0.0,0.0,0.0,0.0,0.0
2009-09-01,68.78,247,0,0,0,0,0.0,0.0,0.0,0.0,0.0,0.0,0.0,0.0
2009-09-02,67.6,245,0,0,0,0,0.0,0.0,0.0,0.0,0.0,0.0,0.0,0.0
2009-09-03,66.78,246,1,0,0,1,0.0040650406504065045,4.065040650406504,0.0,0.0,0.0,0.0,0.0040650406504065045,4.065040650406504
2009-09-04,65.84,244,0,0,0,0,0.0,0.0,0.0,0.0,0.0,0.0,0.0,0.0
2009-09-08,69.2,243,0,0,0,0,0.0,0.0,0.0,0.0,0.0,0.0,0.0,0.0
2009-09-09,69.76,247,0,0,0,0,0.0,0.0,0.0,0.0,0.0,0.0,0.0,0.0
2009-09-10,68.96,247,0,0,0,0,0.0,0.0,0.0,0.0,0.0,0.0,0.0,0.0
2009-09-11,68.76,238,0,0,0,0,0.0,0.0,0.0,0.0,0.0,0.0,0.0,0.0
2009-09-14,66.91,243,0,0,0,0,0.0,0.0,0.0,0.0,0.0,0.0,0.0,0.0
2009-09-15,66.53,244,0,0,0,0,0.0,0.0,0.0,0.0,0.0,0.0,0.0,0.0
2009-09-16,68.51,243,0,0,0,0,0.0,0.0,0.0,0.0,0.0,0.0,0.0,0.0
2009-09-17,71.56,237,0,0,0,0,0.0,0.0,0.0,0.0,0.0,0.0,0.0,0.0
2009-09-18,70.72,241,0,0,0,0,0.0,0.0,0.0,0.0,0.0,0.0,0.0,0.0
2009-09-21,68.11,247,0,0,0,0,0.0,0.0,0.0,0.0,0.0,0.0,0.0,0.0
2009-09-22,69.65,244,1,0,0,1,0.004098360655737705,4.0983606557377055,0.0,0.0,0.0,0.0,0.004098360655737705,4.0983606557377055
2009-09-23,67.43,246,0,0,0,0,0.0,0.0,0.0,0.0,0.0,0.0,0.0,0.0
2009-09-24,64.99,245,0,0,0,0,0.0,0.0,0.0,0.0,0.0,0.0,0.0,0.0
2009-09-25,64.6,243,0,0,0,0,0.0,0.0,0.0,0.0,0.0,0.0,0.0,0.0
2009-09-28,65.43,242,0,0,0,0,0.0,0.0,0.0,0.0,0.0,0.0,0.0,0.0
2009-09-29,64.63,244,1,0,0,1,0.004098360655737705,4.0983606557377055,0.0,0.0,0.0,0.0,0.004098360655737705,4.0983606557377055
2009-09-30,65.82,239,0,0,0,0,0.0,0.0,0.0,0.0,0.0,0.0,0.0,0.0
2009-10-01,67.12,246,0,0,0,0,0.0,0.0,0.0,0.0,0.0,0.0,0.0,0.0
2009-10-02,66.5,246,0,0,0,0,0.0,0.0,0.0,0.0,0.0,0.0,0.0,0.0
2009-10-05,65.26,247,1,0,1,0,0.004048582995951417,4.048582995951417,0.0,0.0,0.004048582995951417,4.048582995951417,0.0,0.0
2009-10-06,68.51,242,0,0,0,0,0.0,0.0,0.0,0.0,0.0,0.0,0.0,0.0
2009-10-07,67.65,247,0,0,0,0,0.0,0.0,0.0,0.0,0.0,0.0,0.0,0.0
2009-10-08,68.47,247,0,0,0,0,0.0,0.0,0.0,0.0,0.0,0.0,0.0,0.0
2009-10-09,69.45,246,0,0,0,0,0.0,0.0,0.0,0.0,0.0,0.0,0.0,0.0
2009-10-12,70.75,244,0,0,0,0,0.0,0.0,0.0,0.0,0.0,0.0,0.0,0.0
2009-10-13,70.81,245,0,0,0,0,0.0,0.0,0.0,0.0,0.0,0.0,0.0,0.0
2009-10-14,72.16,247,0,0,0,0,0.0,0.0,0.0,0.0,0.0,0.0,0.0,0.0
2009-10-15,73.14,246,0,0,0,0,0.0,0.0,0.0,0.0,0.0,0.0,0.0,0.0
2009-10-16,74.58,247,0,0,0,0,0.0,0.0,0.0,0.0,0.0,0.0,0.0,0.0
2009-10-19,75.86,239,0,0,0,0,0.0,0.0,0.0,0.0,0.0,0.0,0.0,0.0
2009-10-20,76.51,240,1,0,0,1,0.004166666666666667,4.166666666666667,0.0,0.0,0.0,0.0,0.004166666666666667,4.166666666666667
2009-10-21,77.74,244,0,0,0,0,0.0,0.0,0.0,0.0,0.0,0.0,0.0,0.0
2009-10-22,78.36,244,1,0,0,1,0.004098360655737705,4.0983606557377055,0.0,0.0,0.0,0.0,0.004098360655737705,4.0983606557377055
2009-10-23,77.72,245,0,0,0,0,0.0,0.0,0.0,0.0,0.0,0.0,0.0,0.0
2009-10-26,76.45,248,0,0,0,0,0.0,0.0,0.0,0.0,0.0,0.0,0.0,0.0
2009-10-27,76.69,242,0,0,0,0,0.0,0.0,0.0,0.0,0.0,0.0,0.0,0.0
2009-10-28,75.11,240,0,0,0,0,0.0,0.0,0.0,0.0,0.0,0.0,0.0,0.0
2009-10-29,77.18,241,0,0,0,0,0.0,0.0,0.0,0.0,0.0,0.0,0.0,0.0
2009-10-30,74.91,245,0,0,0,0,0.0,0.0,0.0,0.0,0.0,0.0,0.0,0.0
2009-11-02,75.56,243,0,0,0,0,0.0,0.0,0.0,0.0,0.0,0.0,0.0,0.0
2009-11-03,75.68,244,0,0,0,0,0.0,0.0,0.0,0.0,0.0,0.0,0.0,0.0
2009-11-04,78.21,247,0,0,0,0,0.0,0.0,0.0,0.0,0.0,0.0,0.0,0.0
2009-11-05,78.02,244,1,0,1,0,0.004098360655737705,4.0983606557377055,0.0,0.0,0.004098360655737705,4.0983606557377055,0.0,0.0
2009-11-06,75.51,248,0,0,0,0,0.0,0.0,0.0,0.0,0.0,0.0,0.0,0.0
2009-11-09,77.18,248,0,0,0,0,0.0,0.0,0.0,0.0,0.0,0.0,0.0,0.0
2009-11-10,77.07,235,0,0,0,0,0.0,0.0,0.0,0.0,0.0,0.0,0.0,0.0
2009-11-11,76.99,243,1,0,0,1,0.00411522633744856,4.11522633744856,0.0,0.0,0.0,0.0,0.00411522633744856,4.11522633744856
2009-11-12,75.18,247,1,0,1,0,0.004048582995951417,4.048582995951417,0.0,0.0,0.004048582995951417,4.048582995951417,0.0,0.0
2009-11-13,74.81,237,0,0,0,0,0.0,0.0,0.0,0.0,0.0,0.0,0.0,0.0
2009-11-16,77.14,245,0,0,0,0,0.0,0.0,0.0,0.0,0.0,0.0,0.0,0.0
2009-11-17,77.36,248,0,0,0,0,0.0,0.0,0.0,0.0,0.0,0.0,0.0,0.0
2009-11-18,78.64,244,0,0,0,0,0.0,0.0,0.0,0.0,0.0,0.0,0.0,0.0
2009-11-19,76.45,243,0,0,0,0,0.0,0.0,0.0,0.0,0.0,0.0,0.0,0.0
2009-11-20,75.61,245,0,0,0,0,0.0,0.0,0.0,0.0,0.0,0.0,0.0,0.0
2009-11-23,78.14,239,1,0,1,0,0.0041841004184100415,4.184100418410042,0.0,0.0,0.0041841004184100415,4.184100418410042,0.0,0.0
2009-11-24,75.35,237,0,0,0,0,0.0,0.0,0.0,0.0,0.0,0.0,0.0,0.0
2009-11-25,76.57,242,1,0,0,1,0.004132231404958678,4.132231404958678,0.0,0.0,0.0,0.0,0.004132231404958678,4.132231404958678
2009-11-27,76.0,245,0,0,0,0,0.0,0.0,0.0,0.0,0.0,0.0,0.0,0.0
2009-11-30,77.77,246,0,0,0,0,0.0,0.0,0.0,0.0,0.0,0.0,0.0,0.0
2009-12-01,78.68,248,1,0,1,0,0.004032258064516129,4.032258064516129,0.0,0.0,0.004032258064516129,4.032258064516129,0.0,0.0
2009-12-02,76.96,243,1,0,0,1,0.00411522633744856,4.11522633744856,0.0,0.0,0.0,0.0,0.00411522633744856,4.11522633744856
2009-12-03,77.76,247,1,0,0,1,0.004048582995951417,4.048582995951417,0.0,0.0,0.0,0.0,0.004048582995951417,4.048582995951417
2009-12-04,77.74,247,0,0,0,0,0.0,0.0,0.0,0.0,0.0,0.0,0.0,0.0
2009-12-07,76.18,246,0,0,0,0,0.0,0.0,0.0,0.0,0.0,0.0,0.0,0.0
2009-12-08,74.93,248,0,0,0,0,0.0,0.0,0.0,0.0,0.0,0.0,0.0,0.0
2009-12-09,73.63,246,0,0,0,0,0.0,0.0,0.0,0.0,0.0,0.0,0.0,0.0
2009-12-10,70.91,245,0,0,0,0,0.0,0.0,0.0,0.0,0.0,0.0,0.0,0.0
2009-12-11,70.07,246,0,0,0,0,0.0,0.0,0.0,0.0,0.0,0.0,0.0,0.0
2009-12-14,71.19,247,0,0,0,0,0.0,0.0,0.0,0.0,0.0,0.0,0.0,0.0
2009-12-15,71.33,246,1,0,0,1,0.0040650406504065045,4.065040650406504,0.0,0.0,0.0,0.0,0.0040650406504065045,4.065040650406504
2009-12-16,73.34,241,0,0,0,0,0.0,0.0,0.0,0.0,0.0,0.0,0.0,0.0
2009-12-17,71.28,246,0,0,0,0,0.0,0.0,0.0,0.0,0.0,0.0,0.0,0.0
2009-12-18,71.87,246,1,0,0,1,0.0040650406504065045,4.065040650406504,0.0,0.0,0.0,0.0,0.0040650406504065045,4.065040650406504
2009-12-21,72.74,245,0,0,0,0,0.0,0.0,0.0,0.0,0.0,0.0,0.0,0.0
2009-12-22,71.64,246,0,0,0,0,0.0,0.0,0.0,0.0,0.0,0.0,0.0,0.0
2009-12-23,73.87,247,0,0,0,0,0.0,0.0,0.0,0.0,0.0,0.0,0.0,0.0
2009-12-24,75.15,246,3,0,0,3,0.012195121951219513,12.195121951219512,0.0,0.0,0.0,0.0,0.012195121951219513,12.195121951219512
2009-12-28,76.59,192,0,0,0,0,0.0,0.0,0.0,0.0,0.0,0.0,0.0,0.0
2009-12-29,76.65,242,1,0,1,0,0.004132231404958678,4.132231404958678,0.0,0.0,0.004132231404958678,4.132231404958678,0.0,0.0
2009-12-30,77.62,235,1,0,0,1,0.00425531914893617,4.25531914893617,0.0,0.0,0.0,0.0,0.00425531914893617,4.25531914893617
2009-12-31,77.91,211,1,0,0,1,0.004739336492890996,4.739336492890995,0.0,0.0,0.0,0.0,0.004739336492890996,4.739336492890995
2010-01-04,79.05,248,1,0,0,1,0.004032258064516129,4.032258064516129,0.0,0.0,0.0,0.0,0.004032258064516129,4.032258064516129
2010-01-05,79.27,247,0,0,0,0,0.0,0.0,0.0,0.0,0.0,0.0,0.0,0.0
2010-01-06,80.14,248,0,0,0,0,0.0,0.0,0.0,0.0,0.0,0.0,0.0,0.0
2010-01-07,80.57,245,0,0,0,0,0.0,0.0,0.0,0.0,0.0,0.0,0.0,0.0
2010-01-08,80.06,247,0,0,0,0,0.0,0.0,0.0,0.0,0.0,0.0,0.0,0.0
2010-01-11,80.14,248,0,0,0,0,0.0,0.0,0.0,0.0,0.0,0.0,0.0,0.0
2010-01-12,79.38,248,0,0,0,0,0.0,0.0,0.0,0.0,0.0,0.0,0.0,0.0
2010-01-13,77.57,244,1,0,0,1,0.004098360655737705,4.0983606557377055,0.0,0.0,0.0,0.0,0.004098360655737705,4.0983606557377055
2010-01-14,77.61,248,0,0,0,0,0.0,0.0,0.0,0.0,0.0,0.0,0.0,0.0
2010-01-15,76.85,246,0,0,0,0,0.0,0.0,0.0,0.0,0.0,0.0,0.0,0.0
2010-01-19,75.18,248,0,0,0,0,0.0,0.0,0.0,0.0,0.0,0.0,0.0,0.0
2010-01-20,75.09,246,0,0,0,0,0.0,0.0,0.0,0.0,0.0,0.0,0.0,0.0
2010-01-21,74.13,247,0,0,0,0,0.0,0.0,0.0,0.0,0.0,0.0,0.0,0.0
2010-01-22,72.73,248,0,0,0,0,0.0,0.0,0.0,0.0,0.0,0.0,0.0,0.0
2010-01-25,72.18,248,0,0,0,0,0.0,0.0,0.0,0.0,0.0,0.0,0.0,0.0
2010-01-26,72.63,249,0,0,0,0,0.0,0.0,0.0,0.0,0.0,0.0,0.0,0.0
2010-01-27,72.75,246,0,0,0,0,0.0,0.0,0.0,0.0,0.0,0.0,0.0,0.0
2010-01-28,70.65,247,0,0,0,0,0.0,0.0,0.0,0.0,0.0,0.0,0.0,0.0
2010-01-29,71.2,248,0,0,0,0,0.0,0.0,0.0,0.0,0.0,0.0,0.0,0.0
2010-02-01,71.58,245,0,0,0,0,0.0,0.0,0.0,0.0,0.0,0.0,0.0,0.0
2010-02-02,73.94,246,0,0,0,0,0.0,0.0,0.0,0.0,0.0,0.0,0.0,0.0
2010-02-03,75.77,249,0,0,0,0,0.0,0.0,0.0,0.0,0.0,0.0,0.0,0.0
2010-02-04,71.3,249,0,0,0,0,0.0,0.0,0.0,0.0,0.0,0.0,0.0,0.0
2010-02-05,70.11,248,0,0,0,0,0.0,0.0,0.0,0.0,0.0,0.0,0.0,0.0
2010-02-08,69.62,241,1,0,0,1,0.004149377593360996,4.149377593360996,0.0,0.0,0.0,0.0,0.004149377593360996,4.149377593360996
2010-02-09,70.4,248,0,0,0,0,0.0,0.0,0.0,0.0,0.0,0.0,0.0,0.0
2010-02-10,70.4,248,0,0,0,0,0.0,0.0,0.0,0.0,0.0,0.0,0.0,0.0
2010-02-11,72.35,244,1,0,1,0,0.004098360655737705,4.0983606557377055,0.0,0.0,0.004098360655737705,4.0983606557377055,0.0,0.0
2010-02-12,71.49,244,0,0,0,0,0.0,0.0,0.0,0.0,0.0,0.0,0.0,0.0
2010-02-16,74.82,246,0,0,0,0,0.0,0.0,0.0,0.0,0.0,0.0,0.0,0.0
2010-02-17,74.89,249,1,0,1,0,0.004016064257028112,4.016064257028112,0.0,0.0,0.004016064257028112,4.016064257028112,0.0,0.0
2010-02-18,76.61,247,1,0,0,1,0.004048582995951417,4.048582995951417,0.0,0.0,0.0,0.0,0.004048582995951417,4.048582995951417
2010-02-19,76.88,245,0,0,0,0,0.0,0.0,0.0,0.0,0.0,0.0,0.0,0.0
2010-02-22,76.95,247,0,0,0,0,0.0,0.0,0.0,0.0,0.0,0.0,0.0,0.0
2010-02-23,76.44,248,0,0,0,0,0.0,0.0,0.0,0.0,0.0,0.0,0.0,0.0
2010-02-24,77.0,246,0,0,0,0,0.0,0.0,0.0,0.0,0.0,0.0,0.0,0.0
2010-02-25,74.38,244,0,0,0,0,0.0,0.0,0.0,0.0,0.0,0.0,0.0,0.0
2010-02-26,76.36,247,0,0,0,0,0.0,0.0,0.0,0.0,0.0,0.0,0.0,0.0
2010-03-01,76.07,244,0,0,0,0,0.0,0.0,0.0,0.0,0.0,0.0,0.0,0.0
2010-03-02,77.5,247,0,0,0,0,0.0,0.0,0.0,0.0,0.0,0.0,0.0,0.0
2010-03-03,78.66,248,0,0,0,0,0.0,0.0,0.0,0.0,0.0,0.0,0.0,0.0
2010-03-04,77.88,247,0,0,0,0,0.0,0.0,0.0,0.0,0.0,0.0,0.0,0.0
2010-03-05,79.2,246,0,0,0,0,0.0,0.0,0.0,0.0,0.0,0.0,0.0,0.0
2010-03-08,78.94,249,0,0,0,0,0.0,0.0,0.0,0.0,0.0,0.0,0.0,0.0
2010-03-09,78.77,246,0,0,0,0,0.0,0.0,0.0,0.0,0.0,0.0,0.0,0.0
2010-03-10,80.29,247,0,0,0,0,0.0,0.0,0.0,0.0,0.0,0.0,0.0,0.0
2010-03-11,79.44,249,0,0,0,0,0.0,0.0,0.0,0.0,0.0,0.0,0.0,0.0
2010-03-12,79.38,247,0,0,0,0,0.0,0.0,0.0,0.0,0.0,0.0,0.0,0.0
2010-03-15,77.08,248,1,0,0,1,0.004032258064516129,4.032258064516129,0.0,0.0,0.0,0.0,0.004032258064516129,4.032258064516129
2010-03-16,79.45,244,0,0,0,0,0.0,0.0,0.0,0.0,0.0,0.0,0.0,0.0
2010-03-17,80.28,246,0,0,0,0,0.0,0.0,0.0,0.0,0.0,0.0,0.0,0.0
2010-03-18,80.09,248,0,0,0,0,0.0,0.0,0.0,0.0,0.0,0.0,0.0,0.0
2010-03-19,78.37,246,0,0,0,0,0.0,0.0,0.0,0.0,0.0,0.0,0.0,0.0
2010-03-22,78.09,244,0,0,0,0,0.0,0.0,0.0,0.0,0.0,0.0,0.0,0.0
2010-03-23,79.17,247,0,0,0,0,0.0,0.0,0.0,0.0,0.0,0.0,0.0,0.0
2010-03-24,78.03,247,0,0,0,0,0.0,0.0,0.0,0.0,0.0,0.0,0.0,0.0
2010-03-25,78.64,243,0,0,0,0,0.0,0.0,0.0,0.0,0.0,0.0,0.0,0.0
2010-03-26,77.98,248,0,0,0,0,0.0,0.0,0.0,0.0,0.0,0.0,0.0,0.0
2010-03-29,79.89,247,0,0,0,0,0.0,0.0,0.0,0.0,0.0,0.0,0.0,0.0
2010-03-30,79.46,243,0,0,0,0,0.0,0.0,0.0,0.0,0.0,0.0,0.0,0.0
2010-03-31,80.37,246,0,0,0,0,0.0,0.0,0.0,0.0,0.0,0.0,0.0,0.0
2010-04-01,82.63,242,0,0,0,0,0.0,0.0,0.0,0.0,0.0,0.0,0.0,0.0
2010-04-05,84.48,220,0,0,0,0,0.0,0.0,0.0,0.0,0.0,0.0,0.0,0.0
2010-04-06,85.05,246,0,0,0,0,0.0,0.0,0.0,0.0,0.0,0.0,0.0,0.0
2010-04-07,84.49,247,0,0,0,0,0.0,0.0,0.0,0.0,0.0,0.0,0.0,0.0
2010-04-08,82.63,246,0,0,0,0,0.0,0.0,0.0,0.0,0.0,0.0,0.0,0.0
2010-04-09,82.77,245,0,0,0,0,0.0,0.0,0.0,0.0,0.0,0.0,0.0,0.0
2010-04-12,85.21,246,0,0,0,0,0.0,0.0,0.0,0.0,0.0,0.0,0.0,0.0
2010-04-13,83.44,240,1,0,1,0,0.004166666666666667,4.166666666666667,0.0,0.0,0.004166666666666667,4.166666666666667,0.0,0.0
2010-04-14,85.81,247,0,0,0,0,0.0,0.0,0.0,0.0,0.0,0.0,0.0,0.0
2010-04-15,86.9,244,0,0,0,0,0.0,0.0,0.0,0.0,0.0,0.0,0.0,0.0
2010-04-16,84.81,246,0,0,0,0,0.0,0.0,0.0,0.0,0.0,0.0,0.0,0.0
2010-04-19,83.09,246,0,0,0,0,0.0,0.0,0.0,0.0,0.0,0.0,0.0,0.0
2010-04-20,84.73,247,0,0,0,0,0.0,0.0,0.0,0.0,0.0,0.0,0.0,0.0
2010-04-21,84.55,248,0,0,0,0,0.0,0.0,0.0,0.0,0.0,0.0,0.0,0.0
2010-04-22,84.58,246,0,0,0,0,0.0,0.0,0.0,0.0,0.0,0.0,0.0,0.0
2010-04-23,86.09,246,0,0,0,0,0.0,0.0,0.0,0.0,0.0,0.0,0.0,0.0
2010-04-26,86.72,246,0,0,0,0,0.0,0.0,0.0,0.0,0.0,0.0,0.0,0.0
2010-04-27,85.59,244,0,0,0,0,0.0,0.0,0.0,0.0,0.0,0.0,0.0,0.0
2010-04-28,84.59,247,1,0,1,0,0.004048582995951417,4.048582995951417,0.0,0.0,0.004048582995951417,4.048582995951417,0.0,0.0
2010-04-29,86.82,247,0,0,0,0,0.0,0.0,0.0,0.0,0.0,0.0,0.0,0.0
2010-04-30,86.19,245,0,0,0,0,0.0,0.0,0.0,0.0,0.0,0.0,0.0,0.0
2010-05-03,88.09,245,1,0,0,1,0.004081632653061225,4.081632653061225,0.0,0.0,0.0,0.0,0.004081632653061225,4.081632653061225
2010-05-04,85.39,245,1,0,0,1,0.004081632653061225,4.081632653061225,0.0,0.0,0.0,0.0,0.004081632653061225,4.081632653061225
2010-05-05,82.31,247,0,0,0,0,0.0,0.0,0.0,0.0,0.0,0.0,0.0,0.0
2010-05-06,80.21,244,0,0,0,0,0.0,0.0,0.0,0.0,0.0,0.0,0.0,0.0
2010-05-07,76.48,243,0,0,0,0,0.0,0.0,0.0,0.0,0.0,0.0,0.0,0.0
2010-05-10,78.08,245,1,0,0,1,0.004081632653061225,4.081632653061225,0.0,0.0,0.0,0.0,0.004081632653061225,4.081632653061225
2010-05-11,79.0,245,0,0,0,0,0.0,0.0,0.0,0.0,0.0,0.0,0.0,0.0
2010-05-12,78.7,244,0,0,0,0,0.0,0.0,0.0,0.0,0.0,0.0,0.0,0.0
2010-05-13,79.41,245,0,0,0,0,0.0,0.0,0.0,0.0,0.0,0.0,0.0,0.0
2010-05-14,76.43,246,0,0,0,0,0.0,0.0,0.0,0.0,0.0,0.0,0.0,0.0
2010-05-17,73.87,244,1,0,1,0,0.004098360655737705,4.0983606557377055,0.0,0.0,0.004098360655737705,4.0983606557377055,0.0,0.0
2010-05-18,75.12,250,2,0,2,0,0.008,8.0,0.0,0.0,0.008,8.0,0.0,0.0
2010-05-19,71.86,245,2,0,1,1,0.00816326530612245,8.16326530612245,0.0,0.0,0.004081632653061225,4.081632653061225,0.004081632653061225,4.081632653061225
2010-05-20,69.56,246,1,0,1,0,0.0040650406504065045,4.065040650406504,0.0,0.0,0.0040650406504065045,4.065040650406504,0.0,0.0
2010-05-21,70.45,245,0,0,0,0,0.0,0.0,0.0,0.0,0.0,0.0,0.0,0.0
2010-05-24,69.62,247,0,0,0,0,0.0,0.0,0.0,0.0,0.0,0.0,0.0,0.0
2010-05-25,67.18,245,0,0,0,0,0.0,0.0,0.0,0.0,0.0,0.0,0.0,0.0
2010-05-26,70.59,244,0,0,0,0,0.0,0.0,0.0,0.0,0.0,0.0,0.0,0.0
2010-05-27,73.56,247,2,0,2,0,0.008097165991902834,8.097165991902834,0.0,0.0,0.008097165991902834,8.097165991902834,0.0,0.0
2010-05-28,73.0,245,0,0,0,0,0.0,0.0,0.0,0.0,0.0,0.0,0.0,0.0
2010-06-01,73.08,243,0,0,0,0,0.0,0.0,0.0,0.0,0.0,0.0,0.0,0.0
2010-06-02,72.78,245,1,0,1,0,0.004081632653061225,4.081632653061225,0.0,0.0,0.004081632653061225,4.081632653061225,0.0,0.0
2010-06-03,73.12,242,1,0,1,0,0.004132231404958678,4.132231404958678,0.0,0.0,0.004132231404958678,4.132231404958678,0.0,0.0
2010-06-04,71.84,246,1,0,1,0,0.0040650406504065045,4.065040650406504,0.0,0.0,0.0040650406504065045,4.065040650406504,0.0,0.0
2010-06-07,71.09,246,0,0,0,0,0.0,0.0,0.0,0.0,0.0,0.0,0.0,0.0
2010-06-08,71.43,245,0,0,0,0,0.0,0.0,0.0,0.0,0.0,0.0,0.0,0.0
2010-06-09,73.68,243,1,0,1,0,0.00411522633744856,4.11522633744856,0.0,0.0,0.00411522633744856,4.11522633744856,0.0,0.0
2010-06-10,74.33,246,0,0,0,0,0.0,0.0,0.0,0.0,0.0,0.0,0.0,0.0
2010-06-11,73.28,242,0,0,0,0,0.0,0.0,0.0,0.0,0.0,0.0,0.0,0.0
2010-06-14,75.11,224,0,0,0,0,0.0,0.0,0.0,0.0,0.0,0.0,0.0,0.0
2010-06-15,75.29,243,0,0,0,0,0.0,0.0,0.0,0.0,0.0,0.0,0.0,0.0
2010-06-16,76.12,243,0,0,0,0,0.0,0.0,0.0,0.0,0.0,0.0,0.0,0.0
2010-06-17,77.52,245,1,0,1,0,0.004081632653061225,4.081632653061225,0.0,0.0,0.004081632653061225,4.081632653061225,0.0,0.0
2010-06-18,77.05,245,0,0,0,0,0.0,0.0,0.0,0.0,0.0,0.0,0.0,0.0
2010-06-21,78.53,244,0,0,0,0,0.0,0.0,0.0,0.0,0.0,0.0,0.0,0.0
2010-06-22,78.08,244,0,0,0,0,0.0,0.0,0.0,0.0,0.0,0.0,0.0,0.0
2010-06-23,75.22,246,0,0,0,0,0.0,0.0,0.0,0.0,0.0,0.0,0.0,0.0
2010-06-24,75.17,238,0,0,0,0,0.0,0.0,0.0,0.0,0.0,0.0,0.0,0.0
2010-06-25,76.21,246,0,0,0,0,0.0,0.0,0.0,0.0,0.0,0.0,0.0,0.0
2010-06-28,76.66,244,0,0,0,0,0.0,0.0,0.0,0.0,0.0,0.0,0.0,0.0
2010-06-29,74.21,241,0,0,0,0,0.0,0.0,0.0,0.0,0.0,0.0,0.0,0.0
2010-06-30,74.94,240,0,0,0,0,0.0,0.0,0.0,0.0,0.0,0.0,0.0,0.0
2010-07-01,71.73,246,0,0,0,0,0.0,0.0,0.0,0.0,0.0,0.0,0.0,0.0
2010-07-02,71.75,246,1,0,1,0,0.0040650406504065045,4.065040650406504,0.0,0.0,0.0040650406504065045,4.065040650406504,0.0,0.0
2010-07-06,73.08,245,1,0,0,1,0.004081632653061225,4.081632653061225,0.0,0.0,0.0,0.0,0.004081632653061225,4.081632653061225
2010-07-07,72.97,245,0,0,0,0,0.0,0.0,0.0,0.0,0.0,0.0,0.0,0.0
2010-07-08,74.56,244,0,0,0,0,0.0,0.0,0.0,0.0,0.0,0.0,0.0,0.0
2010-07-09,75.2,245,0,0,0,0,0.0,0.0,0.0,0.0,0.0,0.0,0.0,0.0
2010-07-12,74.35,247,0,0,0,0,0.0,0.0,0.0,0.0,0.0,0.0,0.0,0.0
2010-07-13,76.45,245,1,0,0,1,0.004081632653061225,4.081632653061225,0.0,0.0,0.0,0.0,0.004081632653061225,4.081632653061225
2010-07-14,76.63,242,0,0,0,0,0.0,0.0,0.0,0.0,0.0,0.0,0.0,0.0
2010-07-15,75.52,246,0,0,0,0,0.0,0.0,0.0,0.0,0.0,0.0,0.0,0.0
2010-07-16,75.55,243,0,0,0,0,0.0,0.0,0.0,0.0,0.0,0.0,0.0,0.0
2010-07-19,76.29,245,0,0,0,0,0.0,0.0,0.0,0.0,0.0,0.0,0.0,0.0
2010-07-20,76.31,245,0,0,0,0,0.0,0.0,0.0,0.0,0.0,0.0,0.0,0.0
2010-07-21,75.75,246,1,0,1,0,0.0040650406504065045,4.065040650406504,0.0,0.0,0.0040650406504065045,4.065040650406504,0.0,0.0
2010-07-22,77.59,245,0,0,0,0,0.0,0.0,0.0,0.0,0.0,0.0,0.0,0.0
2010-07-23,77.27,242,0,0,0,0,0.0,0.0,0.0,0.0,0.0,0.0,0.0,0.0
2010-07-26,77.9,245,0,0,0,0,0.0,0.0,0.0,0.0,0.0,0.0,0.0,0.0
2010-07-27,75.52,243,0,0,0,0,0.0,0.0,0.0,0.0,0.0,0.0,0.0,0.0
2010-07-28,76.66,245,0,0,0,0,0.0,0.0,0.0,0.0,0.0,0.0,0.0,0.0
2010-07-29,78.6,242,0,0,0,0,0.0,0.0,0.0,0.0,0.0,0.0,0.0,0.0
2010-07-30,77.5,243,0,0,0,0,0.0,0.0,0.0,0.0,0.0,0.0,0.0,0.0
2010-08-02,81.93,243,1,0,0,1,0.00411522633744856,4.11522633744856,0.0,0.0,0.0,0.0,0.00411522633744856,4.11522633744856
2010-08-03,83.6,244,0,0,0,0,0.0,0.0,0.0,0.0,0.0,0.0,0.0,0.0
2010-08-04,83.76,242,0,0,0,0,0.0,0.0,0.0,0.0,0.0,0.0,0.0,0.0
2010-08-05,82.9,244,0,0,0,0,0.0,0.0,0.0,0.0,0.0,0.0,0.0,0.0
2010-08-06,81.28,242,1,0,1,0,0.004132231404958678,4.132231404958678,0.0,0.0,0.004132231404958678,4.132231404958678,0.0,0.0
2010-08-09,81.54,244,0,0,0,0,0.0,0.0,0.0,0.0,0.0,0.0,0.0,0.0
2010-08-10,79.89,247,0,0,0,0,0.0,0.0,0.0,0.0,0.0,0.0,0.0,0.0
2010-08-11,77.83,243,1,0,0,1,0.00411522633744856,4.11522633744856,0.0,0.0,0.0,0.0,0.00411522633744856,4.11522633744856
2010-08-12,76.63,245,0,0,0,0,0.0,0.0,0.0,0.0,0.0,0.0,0.0,0.0
2010-08-13,75.14,245,0,0,0,0,0.0,0.0,0.0,0.0,0.0,0.0,0.0,0.0
2010-08-16,74.56,245,0,0,0,0,0.0,0.0,0.0,0.0,0.0,0.0,0.0,0.0
2010-08-17,76.74,245,0,0,0,0,0.0,0.0,0.0,0.0,0.0,0.0,0.0,0.0
2010-08-18,75.1,245,0,0,0,0,0.0,0.0,0.0,0.0,0.0,0.0,0.0,0.0
2010-08-19,74.84,244,0,0,0,0,0.0,0.0,0.0,0.0,0.0,0.0,0.0,0.0
2010-08-20,73.48,237,0,0,0,0,0.0,0.0,0.0,0.0,0.0,0.0,0.0,0.0
2010-08-23,73.08,244,0,0,0,0,0.0,0.0,0.0,0.0,0.0,0.0,0.0,0.0
2010-08-24,70.61,242,0,0,0,0,0.0,0.0,0.0,0.0,0.0,0.0,0.0,0.0
2010-08-25,70.74,243,0,0,0,0,0.0,0.0,0.0,0.0,0.0,0.0,0.0,0.0
2010-08-26,74.5,245,0,0,0,0,0.0,0.0,0.0,0.0,0.0,0.0,0.0,0.0
2010-08-27,75.16,245,1,1,0,0,0.004081632653061225,4.081632653061225,0.004081632653061225,4.081632653061225,0.0,0.0,0.0,0.0
2010-08-30,76.05,245,0,0,0,0,0.0,0.0,0.0,0.0,0.0,0.0,0.0,0.0
2010-08-31,75.51,243,0,0,0,0,0.0,0.0,0.0,0.0,0.0,0.0,0.0,0.0
2010-09-01,75.53,238,0,0,0,0,0.0,0.0,0.0,0.0,0.0,0.0,0.0,0.0
2010-09-02,74.93,243,0,0,0,0,0.0,0.0,0.0,0.0,0.0,0.0,0.0,0.0
2010-09-03,75.03,242,0,0,0,0,0.0,0.0,0.0,0.0,0.0,0.0,0.0,0.0
2010-09-07,75.78,246,0,0,0,0,0.0,0.0,0.0,0.0,0.0,0.0,0.0,0.0
2010-09-08,77.48,243,0,0,0,0,0.0,0.0,0.0,0.0,0.0,0.0,0.0,0.0
2010-09-09,77.87,245,1,0,0,1,0.004081632653061225,4.081632653061225,0.0,0.0,0.0,0.0,0.004081632653061225,4.081632653061225
2010-09-10,77.54,245,1,0,0,1,0.004081632653061225,4.081632653061225,0.0,0.0,0.0,0.0,0.004081632653061225,4.081632653061225
2010-09-13,78.52,243,1,0,0,1,0.00411522633744856,4.11522633744856,0.0,0.0,0.0,0.0,0.00411522633744856,4.11522633744856
2010-09-14,78.89,242,0,0,0,0,0.0,0.0,0.0,0.0,0.0,0.0,0.0,0.0
2010-09-15,78.46,245,0,0,0,0,0.0,0.0,0.0,0.0,0.0,0.0,0.0,0.0
2010-09-16,78.89,244,0,0,0,0,0.0,0.0,0.0,0.0,0.0,0.0,0.0,0.0
2010-09-17,77.43,244,0,0,0,0,0.0,0.0,0.0,0.0,0.0,0.0,0.0,0.0
2010-09-20,79.42,247,1,0,0,1,0.004048582995951417,4.048582995951417,0.0,0.0,0.0,0.0,0.004048582995951417,4.048582995951417
2010-09-21,78.76,246,1,0,1,0,0.0040650406504065045,4.065040650406504,0.0,0.0,0.0040650406504065045,4.065040650406504,0.0,0.0
2010-09-22,77.29,242,0,0,0,0,0.0,0.0,0.0,0.0,0.0,0.0,0.0,0.0
2010-09-23,77.69,245,0,0,0,0,0.0,0.0,0.0,0.0,0.0,0.0,0.0,0.0
2010-09-24,78.73,247,0,0,0,0,0.0,0.0,0.0,0.0,0.0,0.0,0.0,0.0
2010-09-27,77.71,243,0,0,0,0,0.0,0.0,0.0,0.0,0.0,0.0,0.0,0.0
2010-09-28,79.14,248,0,0,0,0,0.0,0.0,0.0,0.0,0.0,0.0,0.0,0.0
2010-09-29,78.79,245,0,0,0,0,0.0,0.0,0.0,0.0,0.0,0.0,0.0,0.0
2010-09-30,80.77,223,0,0,0,0,0.0,0.0,0.0,0.0,0.0,0.0,0.0,0.0
2010-10-01,82.69,241,0,0,0,0,0.0,0.0,0.0,0.0,0.0,0.0,0.0,0.0
2010-10-04,83.42,248,0,0,0,0,0.0,0.0,0.0,0.0,0.0,0.0,0.0,0.0
2010-10-05,83.35,250,0,0,0,0,0.0,0.0,0.0,0.0,0.0,0.0,0.0,0.0
2010-10-06,85.01,250,0,0,0,0,0.0,0.0,0.0,0.0,0.0,0.0,0.0,0.0
2010-10-07,83.67,250,0,0,0,0,0.0,0.0,0.0,0.0,0.0,0.0,0.0,0.0
2010-10-08,83.88,249,0,0,0,0,0.0,0.0,0.0,0.0,0.0,0.0,0.0,0.0
2010-10-11,83.08,250,1,0,0,1,0.004,4.0,0.0,0.0,0.0,0.0,0.004,4.0
2010-10-12,82.99,249,0,0,0,0,0.0,0.0,0.0,0.0,0.0,0.0,0.0,0.0
2010-10-13,84.01,250,0,0,0,0,0.0,0.0,0.0,0.0,0.0,0.0,0.0,0.0
2010-10-14,83.55,250,0,0,0,0,0.0,0.0,0.0,0.0,0.0,0.0,0.0,0.0
2010-10-15,81.94,248,0,0,0,0,0.0,0.0,0.0,0.0,0.0,0.0,0.0,0.0
2010-10-18,82.3,250,1,0,0,1,0.004,4.0,0.0,0.0,0.0,0.0,0.004,4.0
2010-10-19,81.12,249,0,0,0,0,0.0,0.0,0.0,0.0,0.0,0.0,0.0,0.0
2010-10-20,81.68,250,0,0,0,0,0.0,0.0,0.0,0.0,0.0,0.0,0.0,0.0
2010-10-21,81.28,249,0,0,0,0,0.0,0.0,0.0,0.0,0.0,0.0,0.0,0.0
2010-10-22,80.75,248,1,0,1,0,0.004032258064516129,4.032258064516129,0.0,0.0,0.004032258064516129,4.032258064516129,0.0,0.0
2010-10-25,81.91,250,0,0,0,0,0.0,0.0,0.0,0.0,0.0,0.0,0.0,0.0
2010-10-26,82.62,249,0,0,0,0,0.0,0.0,0.0,0.0,0.0,0.0,0.0,0.0
2010-10-27,81.27,250,0,0,0,0,0.0,0.0,0.0,0.0,0.0,0.0,0.0,0.0
2010-10-28,82.97,249,0,0,0,0,0.0,0.0,0.0,0.0,0.0,0.0,0.0,0.0
2010-10-29,82.47,247,1,0,1,1,0.004048582995951417,4.048582995951417,0.0,0.0,0.004048582995951417,4.048582995951417,0.004048582995951417,4.048582995951417
2010-11-01,84.06,249,0,0,0,0,0.0,0.0,0.0,0.0,0.0,0.0,0.0,0.0
2010-11-02,84.71,249,0,0,0,0,0.0,0.0,0.0,0.0,0.0,0.0,0.0,0.0
2010-11-03,85.33,250,0,0,0,0,0.0,0.0,0.0,0.0,0.0,0.0,0.0,0.0
2010-11-04,86.83,248,0,0,0,0,0.0,0.0,0.0,0.0,0.0,0.0,0.0,0.0
2010-11-05,87.05,249,0,0,0,0,0.0,0.0,0.0,0.0,0.0,0.0,0.0,0.0
2010-11-08,87.15,250,0,0,0,0,0.0,0.0,0.0,0.0,0.0,0.0,0.0,0.0
2010-11-09,87.93,249,1,0,0,1,0.004016064257028112,4.016064257028112,0.0,0.0,0.0,0.0,0.004016064257028112,4.016064257028112
2010-11-10,87.92,248,1,0,1,0,0.004032258064516129,4.032258064516129,0.0,0.0,0.004032258064516129,4.032258064516129,0.0,0.0
2010-11-11,88.08,250,0,0,0,0,0.0,0.0,0.0,0.0,0.0,0.0,0.0,0.0
2010-11-12,86.07,250,0,0,0,0,0.0,0.0,0.0,0.0,0.0,0.0,0.0,0.0
2010-11-15,85.49,250,0,0,0,0,0.0,0.0,0.0,0.0,0.0,0.0,0.0,0.0
2010-11-16,83.98,250,0,0,0,0,0.0,0.0,0.0,0.0,0.0,0.0,0.0,0.0
2010-11-17,83.36,250,0,0,0,0,0.0,0.0,0.0,0.0,0.0,0.0,0.0,0.0
2010-11-18,83.7,250,0,0,0,0,0.0,0.0,0.0,0.0,0.0,0.0,0.0,0.0
2010-11-19,83.17,250,0,0,0,0,0.0,0.0,0.0,0.0,0.0,0.0,0.0,0.0
2010-11-22,82.34,250,1,0,0,1,0.004,4.0,0.0,0.0,0.0,0.0,0.004,4.0
2010-11-23,82.37,250,0,0,0,0,0.0,0.0,0.0,0.0,0.0,0.0,0.0,0.0
2010-11-24,84.53,247,0,0,0,0,0.0,0.0,0.0,0.0,0.0,0.0,0.0,0.0
2010-11-26,84.78,250,0,0,0,0,0.0,0.0,0.0,0.0,0.0,0.0,0.0,0.0
2010-11-29,85.9,250,0,0,0,0,0.0,0.0,0.0,0.0,0.0,0.0,0.0,0.0
2010-11-30,86.02,250,0,0,0,0,0.0,0.0,0.0,0.0,0.0,0.0,0.0,0.0
2010-12-01,88.56,249,0,0,0,0,0.0,0.0,0.0,0.0,0.0,0.0,0.0,0.0
2010-12-02,89.37,249,0,0,0,0,0.0,0.0,0.0,0.0,0.0,0.0,0.0,0.0
2010-12-03,90.65,249,0,0,0,0,0.0,0.0,0.0,0.0,0.0,0.0,0.0,0.0
2010-12-06,91.25,249,0,0,0,0,0.0,0.0,0.0,0.0,0.0,0.0,0.0,0.0
2010-12-07,90.78,249,0,0,0,0,0.0,0.0,0.0,0.0,0.0,0.0,0.0,0.0
2010-12-08,89.74,250,0,0,0,0,0.0,0.0,0.0,0.0,0.0,0.0,0.0,0.0
2010-12-09,89.93,250,0,0,0,0,0.0,0.0,0.0,0.0,0.0,0.0,0.0,0.0
2010-12-10,89.54,250,0,0,0,0,0.0,0.0,0.0,0.0,0.0,0.0,0.0,0.0
2010-12-13,90.4,245,0,0,0,0,0.0,0.0,0.0,0.0,0.0,0.0,0.0,0.0
2010-12-14,90.63,250,0,0,0,0,0.0,0.0,0.0,0.0,0.0,0.0,0.0,0.0
2010-12-15,91.33,249,0,0,0,0,0.0,0.0,0.0,0.0,0.0,0.0,0.0,0.0
2010-12-16,91.09,249,0,0,0,0,0.0,0.0,0.0,0.0,0.0,0.0,0.0,0.0
2010-12-17,91.11,250,0,0,0,0,0.0,0.0,0.0,0.0,0.0,0.0,0.0,0.0
2010-12-20,91.31,249,1,0,0,1,0.004016064257028112,4.016064257028112,0.0,0.0,0.0,0.0,0.004016064257028112,4.016064257028112
2010-12-21,93.11,249,0,0,0,0,0.0,0.0,0.0,0.0,0.0,0.0,0.0,0.0
2010-12-22,93.55,249,0,0,0,0,0.0,0.0,0.0,0.0,0.0,0.0,0.0,0.0
2010-12-23,93.63,250,1,0,0,1,0.004,4.0,0.0,0.0,0.0,0.0,0.004,4.0
2010-12-27,93.08,152,0,0,0,0,0.0,0.0,0.0,0.0,0.0,0.0,0.0,0.0
2010-12-28,93.52,164,0,0,0,0,0.0,0.0,0.0,0.0,0.0,0.0,0.0,0.0
2010-12-29,93.52,193,1,0,0,1,0.0051813471502590676,5.181347150259067,0.0,0.0,0.0,0.0,0.0051813471502590676,5.181347150259067
2010-12-30,92.5,202,0,0,0,0,0.0,0.0,0.0,0.0,0.0,0.0,0.0,0.0
2010-12-31,93.23,193,0,0,0,0,0.0,0.0,0.0,0.0,0.0,0.0,0.0,0.0
2011-01-03,95.82,219,0,0,0,0,0.0,0.0,0.0,0.0,0.0,0.0,0.0,0.0
2011-01-04,93.52,224,0,0,0,0,0.0,0.0,0.0,0.0,0.0,0.0,0.0,0.0
2011-01-05,95.07,250,0,0,0,0,0.0,0.0,0.0,0.0,0.0,0.0,0.0,0.0
2011-01-06,94.95,243,0,0,0,0,0.0,0.0,0.0,0.0,0.0,0.0,0.0,0.0
2011-01-07,94.25,249,1,0,0,1,0.004016064257028112,4.016064257028112,0.0,0.0,0.0,0.0,0.004016064257028112,4.016064257028112
2011-01-10,95.05,248,0,0,0,0,0.0,0.0,0.0,0.0,0.0,0.0,0.0,0.0
2011-01-11,96.8,248,0,0,0,0,0.0,0.0,0.0,0.0,0.0,0.0,0.0,0.0
2011-01-12,97.86,208,0,0,0,0,0.0,0.0,0.0,0.0,0.0,0.0,0.0,0.0
2011-01-13,97.86,248,0,0,0,0,0.0,0.0,0.0,0.0,0.0,0.0,0.0,0.0
2011-01-14,97.86,248,0,0,0,0,0.0,0.0,0.0,0.0,0.0,0.0,0.0,0.0
2011-01-18,97.83,248,1,0,0,1,0.004032258064516129,4.032258064516129,0.0,0.0,0.0,0.0,0.004032258064516129,4.032258064516129
2011-01-19,98.42,249,0,0,0,0,0.0,0.0,0.0,0.0,0.0,0.0,0.0,0.0
2011-01-20,96.27,247,0,0,0,0,0.0,0.0,0.0,0.0,0.0,0.0,0.0,0.0
2011-01-21,96.84,250,0,0,0,0,0.0,0.0,0.0,0.0,0.0,0.0,0.0,0.0
2011-01-24,96.76,250,1,0,1,0,0.004,4.0,0.0,0.0,0.004,4.0,0.0,0.0
2011-01-25,96.76,250,0,0,0,0,0.0,0.0,0.0,0.0,0.0,0.0,0.0,0.0
2011-01-26,96.04,243,0,0,0,0,0.0,0.0,0.0,0.0,0.0,0.0,0.0,0.0
2011-01-27,96.48,249,0,0,0,0,0.0,0.0,0.0,0.0,0.0,0.0,0.0,0.0
2011-01-28,97.06,249,0,0,0,0,0.0,0.0,0.0,0.0,0.0,0.0,0.0,0.0
2011-01-31,98.97,248,0,0,0,0,0.0,0.0,0.0,0.0,0.0,0.0,0.0,0.0
2011-02-01,100.4,250,2,1,0,1,0.008,8.0,0.004,4.0,0.0,0.0,0.004,4.0
2011-02-02,101.3,249,0,0,0,0,0.0,0.0,0.0,0.0,0.0,0.0,0.0,0.0
2011-02-03,101.69,249,1,1,0,0,0.004016064257028112,4.016064257028112,0.004016064257028112,4.016064257028112,0.0,0.0,0.0,0.0
2011-02-04,99.43,248,0,0,0,0,0.0,0.0,0.0,0.0,0.0,0.0,0.0,0.0
2011-02-07,99.44,249,0,0,0,0,0.0,0.0,0.0,0.0,0.0,0.0,0.0,0.0
2011-02-08,99.25,248,0,0,0,0,0.0,0.0,0.0,0.0,0.0,0.0,0.0,0.0
2011-02-09,100.16,249,0,0,0,0,0.0,0.0,0.0,0.0,0.0,0.0,0.0,0.0
2011-02-10,100.74,248,0,0,0,0,0.0,0.0,0.0,0.0,0.0,0.0,0.0,0.0
2011-02-11,99.93,289,0,0,0,0,0.0,0.0,0.0,0.0,0.0,0.0,0.0,0.0
2011-02-14,103.12,326,0,0,0,0,0.0,0.0,0.0,0.0,0.0,0.0,0.0,0.0
2011-02-15,102.48,324,0,0,0,0,0.0,0.0,0.0,0.0,0.0,0.0,0.0,0.0
2011-02-16,102.78,318,1,0,0,1,0.0031446540880503146,3.1446540880503147,0.0,0.0,0.0,0.0,0.0031446540880503146,3.1446540880503147
2011-02-17,103.45,271,0,0,0,0,0.0,0.0,0.0,0.0,0.0,0.0,0.0,0.0
2011-02-18,102.2,354,0,0,0,0,0.0,0.0,0.0,0.0,0.0,0.0,0.0,0.0
2011-02-22,106.82,380,3,2,1,0,0.007894736842105263,7.894736842105264,0.005263157894736842,5.263157894736842,0.002631578947368421,2.631578947368421,0.0,0.0
2011-02-23,109.77,335,2,0,1,1,0.005970149253731343,5.970149253731344,0.0,0.0,0.0029850746268656717,2.985074626865672,0.0029850746268656717,2.985074626865672
2011-02-24,113.91,331,2,2,0,0,0.006042296072507553,6.042296072507553,0.006042296072507553,6.042296072507553,0.0,0.0,0.0,0.0
2011-02-25,111.47,252,1,0,0,1,0.003968253968253968,3.968253968253968,0.0,0.0,0.0,0.0,0.003968253968253968,3.968253968253968
2011-02-28,112.27,245,0,0,0,0,0.0,0.0,0.0,0.0,0.0,0.0,0.0,0.0
2011-03-01,113.34,245,0,0,0,0,0.0,0.0,0.0,0.0,0.0,0.0,0.0,0.0
2011-03-02,116.89,249,0,0,0,0,0.0,0.0,0.0,0.0,0.0,0.0,0.0,0.0
2011-03-03,114.42,250,0,0,0,0,0.0,0.0,0.0,0.0,0.0,0.0,0.0,0.0
2011-03-04,115.71,249,0,0,0,0,0.0,0.0,0.0,0.0,0.0,0.0,0.0,0.0
2011-03-07,116.58,248,2,1,0,1,0.008064516129032258,8.064516129032258,0.004032258064516129,4.032258064516129,0.0,0.0,0.004032258064516129,4.032258064516129
2011-03-08,112.32,247,0,0,0,0,0.0,0.0,0.0,0.0,0.0,0.0,0.0,0.0
2011-03-09,115.19,243,2,0,0,2,0.00823045267489712,8.23045267489712,0.0,0.0,0.0,0.0,0.00823045267489712,8.23045267489712
2011-03-10,114.07,245,0,0,0,0,0.0,0.0,0.0,0.0,0.0,0.0,0.0,0.0
2011-03-11,114.07,242,0,0,0,0,0.0,0.0,0.0,0.0,0.0,0.0,0.0,0.0
2011-03-14,112.95,244,0,0,0,0,0.0,0.0,0.0,0.0,0.0,0.0,0.0,0.0
2011-03-15,111.11,246,3,0,2,1,0.012195121951219513,12.195121951219512,0.0,0.0,0.008130081300813009,8.130081300813009,0.0040650406504065045,4.065040650406504
2011-03-16,110.96,247,1,0,1,0,0.004048582995951417,4.048582995951417,0.0,0.0,0.004048582995951417,4.048582995951417,0.0,0.0
2011-03-17,114.18,245,0,0,0,0,0.0,0.0,0.0,0.0,0.0,0.0,0.0,0.0
2011-03-18,114.13,245,0,0,0,0,0.0,0.0,0.0,0.0,0.0,0.0,0.0,0.0
2011-03-21,114.92,238,1,1,0,0,0.004201680672268907,4.201680672268908,0.004201680672268907,4.201680672268908,0.0,0.0,0.0,0.0
2011-03-22,115.63,246,1,0,0,1,0.0040650406504065045,4.065040650406504,0.0,0.0,0.0,0.0,0.0040650406504065045,4.065040650406504
2011-03-23,115.65,245,1,1,0,0,0.004081632653061225,4.081632653061225,0.004081632653061225,4.081632653061225,0.0,0.0,0.0,0.0
2011-03-24,115.41,246,2,1,1,0,0.008130081300813009,8.130081300813009,0.0040650406504065045,4.065040650406504,0.0040650406504065045,4.065040650406504,0.0,0.0
2011-03-25,115.45,245,0,0,0,0,0.0,0.0,0.0,0.0,0.0,0.0,0.0,0.0
2011-03-28,115.95,240,0,0,0,0,0.0,0.0,0.0,0.0,0.0,0.0,0.0,0.0
2011-03-29,115.58,242,0,0,0,0,0.0,0.0,0.0,0.0,0.0,0.0,0.0,0.0
2011-03-30,115.35,241,1,0,0,1,0.004149377593360996,4.149377593360996,0.0,0.0,0.0,0.0,0.004149377593360996,4.149377593360996
2011-03-31,116.94,244,1,0,0,1,0.004098360655737705,4.0983606557377055,0.0,0.0,0.0,0.0,0.004098360655737705,4.0983606557377055
2011-04-01,118.63,243,0,0,0,0,0.0,0.0,0.0,0.0,0.0,0.0,0.0,0.0
2011-04-04,120.07,242,1,0,0,1,0.004132231404958678,4.132231404958678,0.0,0.0,0.0,0.0,0.004132231404958678,4.132231404958678
2011-04-05,122.87,240,1,0,1,0,0.004166666666666667,4.166666666666667,0.0,0.0,0.004166666666666667,4.166666666666667,0.0,0.0
2011-04-06,123.01,245,2,0,1,1,0.00816326530612245,8.16326530612245,0.0,0.0,0.004081632653061225,4.081632653061225,0.004081632653061225,4.081632653061225
2011-04-07,122.9,249,0,0,0,0,0.0,0.0,0.0,0.0,0.0,0.0,0.0,0.0
2011-04-08,126.3,248,1,0,0,1,0.004032258064516129,4.032258064516129,0.0,0.0,0.0,0.0,0.004032258064516129,4.032258064516129
2011-04-11,126.46,249,2,0,2,0,0.008032128514056224,8.032128514056224,0.0,0.0,0.008032128514056224,8.032128514056224,0.0,0.0
2011-04-12,121.33,246,1,0,1,0,0.0040650406504065045,4.065040650406504,0.0,0.0,0.0040650406504065045,4.065040650406504,0.0,0.0
2011-04-13,122.7,248,3,2,1,0,0.012096774193548387,12.096774193548386,0.008064516129032258,8.064516129032258,0.004032258064516129,4.032258064516129,0.0,0.0
2011-04-14,122.74,249,0,0,0,0,0.0,0.0,0.0,0.0,0.0,0.0,0.0,0.0
2011-04-15,124.63,254,0,0,0,0,0.0,0.0,0.0,0.0,0.0,0.0,0.0,0.0
2011-04-18,121.69,268,2,0,0,2,0.007462686567164179,7.462686567164179,0.0,0.0,0.0,0.0,0.007462686567164179,7.462686567164179
2011-04-19,121.35,283,1,0,0,1,0.0035335689045936395,3.5335689045936394,0.0,0.0,0.0,0.0,0.0035335689045936395,3.5335689045936394
2011-04-20,124.26,282,2,0,0,2,0.0070921985815602835,7.092198581560283,0.0,0.0,0.0,0.0,0.0070921985815602835,7.092198581560283
2011-04-21,123.64,281,0,0,0,0,0.0,0.0,0.0,0.0,0.0,0.0,0.0,0.0
2011-04-26,124.55,238,0,0,0,0,0.0,0.0,0.0,0.0,0.0,0.0,0.0,0.0
2011-04-27,124.94,305,2,1,0,1,0.006557377049180328,6.557377049180328,0.003278688524590164,3.278688524590164,0.0,0.0,0.003278688524590164,3.278688524590164
2011-04-28,126.59,347,1,0,1,0,0.002881844380403458,2.881844380403458,0.0,0.0,0.002881844380403458,2.881844380403458,0.0,0.0
2011-05-02,126.64,259,0,0,0,0,0.0,0.0,0.0,0.0,0.0,0.0,0.0,0.0
2011-05-03,124.01,246,1,0,0,1,0.0040650406504065045,4.065040650406504,0.0,0.0,0.0,0.0,0.0040650406504065045,4.065040650406504
2011-05-04,121.55,249,0,0,0,0,0.0,0.0,0.0,0.0,0.0,0.0,0.0,0.0
2011-05-05,111.93,243,0,0,0,0,0.0,0.0,0.0,0.0,0.0,0.0,0.0,0.0
2011-05-06,113.69,248,0,0,0,0,0.0,0.0,0.0,0.0,0.0,0.0,0.0,0.0
2011-05-09,113.21,249,3,1,0,3,0.012048192771084338,12.048192771084338,0.004016064257028112,4.016064257028112,0.0,0.0,0.012048192771084338,12.048192771084338
2011-05-10,117.82,247,0,0,0,0,0.0,0.0,0.0,0.0,0.0,0.0,0.0,0.0
2011-05-11,115.66,249,0,0,0,0,0.0,0.0,0.0,0.0,0.0,0.0,0.0,0.0
2011-05-12,112.87,245,1,0,1,0,0.004081632653061225,4.081632653061225,0.0,0.0,0.004081632653061225,4.081632653061225,0.0,0.0
2011-05-13,113.08,245,0,0,0,0,0.0,0.0,0.0,0.0,0.0,0.0,0.0,0.0
2011-05-16,113.72,247,1,0,0,1,0.004048582995951417,4.048582995951417,0.0,0.0,0.0,0.0,0.004048582995951417,4.048582995951417
2011-05-17,109.39,245,0,0,0,0,0.0,0.0,0.0,0.0,0.0,0.0,0.0,0.0
2011-05-18,112.54,249,1,0,0,1,0.004016064257028112,4.016064257028112,0.0,0.0,0.0,0.0,0.004016064257028112,4.016064257028112
2011-05-19,113.2,246,0,0,0,0,0.0,0.0,0.0,0.0,0.0,0.0,0.0,0.0
2011-05-20,111.25,249,0,0,0,0,0.0,0.0,0.0,0.0,0.0,0.0,0.0,0.0
2011-05-23,110.13,249,1,0,0,1,0.004016064257028112,4.016064257028112,0.0,0.0,0.0,0.0,0.004016064257028112,4.016064257028112
2011-05-24,112.52,254,0,0,0,0,0.0,0.0,0.0,0.0,0.0,0.0,0.0,0.0
2011-05-25,114.47,252,1,1,0,0,0.003968253968253968,3.968253968253968,0.003968253968253968,3.968253968253968,0.0,0.0,0.0,0.0
2011-05-26,115.06,254,0,0,0,0,0.0,0.0,0.0,0.0,0.0,0.0,0.0,0.0
2011-05-27,114.85,243,0,0,0,0,0.0,0.0,0.0,0.0,0.0,0.0,0.0,0.0
2011-05-31,117.18,252,0,0,0,0,0.0,0.0,0.0,0.0,0.0,0.0,0.0,0.0
2011-06-01,116.15,249,0,0,0,0,0.0,0.0,0.0,0.0,0.0,0.0,0.0,0.0
2011-06-02,114.3,249,2,0,1,1,0.008032128514056224,8.032128514056224,0.0,0.0,0.004016064257028112,4.016064257028112,0.004016064257028112,4.016064257028112
2011-06-03,115.09,246,0,0,0,0,0.0,0.0,0.0,0.0,0.0,0.0,0.0,0.0
2011-06-06,115.4,249,1,0,0,1,0.004016064257028112,4.016064257028112,0.0,0.0,0.0,0.0,0.004016064257028112,4.016064257028112
2011-06-07,116.14,249,0,0,0,0,0.0,0.0,0.0,0.0,0.0,0.0,0.0,0.0
2011-06-08,118.43,248,0,0,0,0,0.0,0.0,0.0,0.0,0.0,0.0,0.0,0.0
2011-06-09,119.95,237,0,0,0,0,0.0,0.0,0.0,0.0,0.0,0.0,0.0,0.0
2011-06-10,118.71,298,0,0,0,0,0.0,0.0,0.0,0.0,0.0,0.0,0.0,0.0
2011-06-13,120.49,224,0,0,0,0,0.0,0.0,0.0,0.0,0.0,0.0,0.0,0.0
2011-06-14,120.35,295,0,0,0,0,0.0,0.0,0.0,0.0,0.0,0.0,0.0,0.0
2011-06-15,114.67,242,0,0,0,0,0.0,0.0,0.0,0.0,0.0,0.0,0.0,0.0
2011-06-16,114.69,295,0,0,0,0,0.0,0.0,0.0,0.0,0.0,0.0,0.0,0.0
2011-06-17,113.74,281,0,0,0,0,0.0,0.0,0.0,0.0,0.0,0.0,0.0,0.0
2011-06-20,112.21,280,0,0,0,0,0.0,0.0,0.0,0.0,0.0,0.0,0.0,0.0
2011-06-21,112.02,298,0,0,0,0,0.0,0.0,0.0,0.0,0.0,0.0,0.0,0.0
2011-06-22,113.59,303,0,0,0,0,0.0,0.0,0.0,0.0,0.0,0.0,0.0,0.0
2011-06-23,108.27,310,0,0,0,0,0.0,0.0,0.0,0.0,0.0,0.0,0.0,0.0
2011-06-24,104.79,249,1,1,0,0,0.004016064257028112,4.016064257028112,0.004016064257028112,4.016064257028112,0.0,0.0,0.0,0.0
2011-06-27,104.57,249,0,0,0,0,0.0,0.0,0.0,0.0,0.0,0.0,0.0,0.0
2011-06-28,107.57,248,0,0,0,0,0.0,0.0,0.0,0.0,0.0,0.0,0.0,0.0
2011-06-29,111.49,248,0,0,0,0,0.0,0.0,0.0,0.0,0.0,0.0,0.0,0.0
2011-06-30,111.71,249,0,0,0,0,0.0,0.0,0.0,0.0,0.0,0.0,0.0,0.0
2011-07-01,109.82,245,0,0,0,0,0.0,0.0,0.0,0.0,0.0,0.0,0.0,0.0
2011-07-05,113.21,250,0,0,0,0,0.0,0.0,0.0,0.0,0.0,0.0,0.0,0.0
2011-07-06,113.55,247,0,0,0,0,0.0,0.0,0.0,0.0,0.0,0.0,0.0,0.0
2011-07-07,117.4,248,0,0,0,0,0.0,0.0,0.0,0.0,0.0,0.0,0.0,0.0
2011-07-08,117.4,248,0,0,0,0,0.0,0.0,0.0,0.0,0.0,0.0,0.0,0.0
2011-07-11,117.35,246,0,0,0,0,0.0,0.0,0.0,0.0,0.0,0.0,0.0,0.0
2011-07-12,117.36,246,0,0,0,0,0.0,0.0,0.0,0.0,0.0,0.0,0.0,0.0
2011-07-13,118.46,234,0,0,0,0,0.0,0.0,0.0,0.0,0.0,0.0,0.0,0.0
2011-07-14,117.38,237,0,0,0,0,0.0,0.0,0.0,0.0,0.0,0.0,0.0,0.0
2011-07-15,118.06,239,0,0,0,0,0.0,0.0,0.0,0.0,0.0,0.0,0.0,0.0
2011-07-18,117.05,241,0,0,0,0,0.0,0.0,0.0,0.0,0.0,0.0,0.0,0.0
2011-07-19,118.18,236,0,0,0,0,0.0,0.0,0.0,0.0,0.0,0.0,0.0,0.0
2011-07-20,118.52,237,0,0,0,0,0.0,0.0,0.0,0.0,0.0,0.0,0.0,0.0
2011-07-21,118.25,236,0,0,0,0,0.0,0.0,0.0,0.0,0.0,0.0,0.0,0.0
2011-07-22,118.99,242,0,0,0,0,0.0,0.0,0.0,0.0,0.0,0.0,0.0,0.0
2011-07-25,118.27,240,0,0,0,0,0.0,0.0,0.0,0.0,0.0,0.0,0.0,0.0
2011-07-26,118.14,237,0,0,0,0,0.0,0.0,0.0,0.0,0.0,0.0,0.0,0.0
2011-07-27,117.99,240,1,0,0,1,0.004166666666666667,4.166666666666667,0.0,0.0,0.0,0.0,0.004166666666666667,4.166666666666667
2011-07-28,118.16,208,0,0,0,0,0.0,0.0,0.0,0.0,0.0,0.0,0.0,0.0
2011-07-29,115.93,236,0,0,0,0,0.0,0.0,0.0,0.0,0.0,0.0,0.0,0.0
2011-08-01,116.37,237,0,0,0,0,0.0,0.0,0.0,0.0,0.0,0.0,0.0,0.0
2011-08-02,116.02,217,0,0,0,0,0.0,0.0,0.0,0.0,0.0,0.0,0.0,0.0
2011-08-03,113.74,240,0,0,0,0,0.0,0.0,0.0,0.0,0.0,0.0,0.0,0.0
2011-08-04,110.22,233,0,0,0,0,0.0,0.0,0.0,0.0,0.0,0.0,0.0,0.0
2011-08-05,106.92,271,0,0,0,0,0.0,0.0,0.0,0.0,0.0,0.0,0.0,0.0
2011-08-08,103.06,266,0,0,0,0,0.0,0.0,0.0,0.0,0.0,0.0,0.0,0.0
2011-08-09,103.63,288,0,0,0,0,0.0,0.0,0.0,0.0,0.0,0.0,0.0,0.0
2011-08-10,103.84,265,0,0,0,0,0.0,0.0,0.0,0.0,0.0,0.0,0.0,0.0
2011-08-11,107.82,274,0,0,0,0,0.0,0.0,0.0,0.0,0.0,0.0,0.0,0.0
2011-08-12,108.17,252,0,0,0,0,0.0,0.0,0.0,0.0,0.0,0.0,0.0,0.0
2011-08-15,108.89,272,1,0,0,1,0.003676470588235294,3.676470588235294,0.0,0.0,0.0,0.0,0.003676470588235294,3.676470588235294
2011-08-16,109.69,252,0,0,0,0,0.0,0.0,0.0,0.0,0.0,0.0,0.0,0.0
2011-08-17,111.37,273,0,0,0,0,0.0,0.0,0.0,0.0,0.0,0.0,0.0,0.0
2011-08-18,108.36,206,0,0,0,0,0.0,0.0,0.0,0.0,0.0,0.0,0.0,0.0
2011-08-19,109.37,281,0,0,0,0,0.0,0.0,0.0,0.0,0.0,0.0,0.0,0.0
2011-08-22,108.83,261,0,0,0,0,0.0,0.0,0.0,0.0,0.0,0.0,0.0,0.0
2011-08-23,110.35,263,0,0,0,0,0.0,0.0,0.0,0.0,0.0,0.0,0.0,0.0
2011-08-24,111.91,288,0,0,0,0,0.0,0.0,0.0,0.0,0.0,0.0,0.0,0.0
2011-08-25,111.91,265,1,1,1,0,0.0037735849056603774,3.7735849056603774,0.0037735849056603774,3.7735849056603774,0.0037735849056603774,3.7735849056603774,0.0,0.0
2011-08-26,112.29,277,0,0,0,0,0.0,0.0,0.0,0.0,0.0,0.0,0.0,0.0
2011-08-30,115.59,280,0,0,0,0,0.0,0.0,0.0,0.0,0.0,0.0,0.0,0.0
2011-08-31,116.48,265,0,0,0,0,0.0,0.0,0.0,0.0,0.0,0.0,0.0,0.0
2011-09-01,116.43,284,0,0,0,0,0.0,0.0,0.0,0.0,0.0,0.0,0.0,0.0
2011-09-02,115.92,261,0,0,0,0,0.0,0.0,0.0,0.0,0.0,0.0,0.0,0.0
2011-09-06,113.29,275,0,0,0,0,0.0,0.0,0.0,0.0,0.0,0.0,0.0,0.0
2011-09-07,117.5,249,1,0,0,1,0.004016064257028112,4.016064257028112,0.0,0.0,0.0,0.0,0.004016064257028112,4.016064257028112
2011-09-08,117.99,250,0,0,0,0,0.0,0.0,0.0,0.0,0.0,0.0,0.0,0.0
2011-09-09,115.1,258,0,0,0,0,0.0,0.0,0.0,0.0,0.0,0.0,0.0,0.0
2011-09-12,114.75,232,1,0,0,1,0.004310344827586207,4.310344827586206,0.0,0.0,0.0,0.0,0.004310344827586207,4.310344827586206
2011-09-13,114.08,233,0,0,0,0,0.0,0.0,0.0,0.0,0.0,0.0,0.0,0.0
2011-09-14,113.1,251,0,0,0,0,0.0,0.0,0.0,0.0,0.0,0.0,0.0,0.0
2011-09-15,116.71,223,0,0,0,0,0.0,0.0,0.0,0.0,0.0,0.0,0.0,0.0
2011-09-16,116.26,215,0,0,0,0,0.0,0.0,0.0,0.0,0.0,0.0,0.0,0.0
2011-09-19,112.89,239,0,0,0,0,0.0,0.0,0.0,0.0,0.0,0.0,0.0,0.0
2011-09-20,114.39,243,0,0,0,0,0.0,0.0,0.0,0.0,0.0,0.0,0.0,0.0
2011-09-21,114.26,260,0,0,0,0,0.0,0.0,0.0,0.0,0.0,0.0,0.0,0.0
2011-09-22,109.21,251,0,0,0,0,0.0,0.0,0.0,0.0,0.0,0.0,0.0,0.0
2011-09-23,109.17,290,1,0,0,1,0.0034482758620689655,3.4482758620689653,0.0,0.0,0.0,0.0,0.0034482758620689655,3.4482758620689653
2011-09-26,107.9,237,0,0,0,0,0.0,0.0,0.0,0.0,0.0,0.0,0.0,0.0
2011-09-27,109.54,272,2,0,0,2,0.007352941176470588,7.352941176470588,0.0,0.0,0.0,0.0,0.007352941176470588,7.352941176470588
2011-09-28,108.52,253,0,0,0,0,0.0,0.0,0.0,0.0,0.0,0.0,0.0,0.0
2011-09-29,107.08,280,0,0,0,0,0.0,0.0,0.0,0.0,0.0,0.0,0.0,0.0
2011-09-30,105.42,265,1,0,0,1,0.0037735849056603774,3.7735849056603774,0.0,0.0,0.0,0.0,0.0037735849056603774,3.7735849056603774
2011-10-03,103.61,256,0,0,0,0,0.0,0.0,0.0,0.0,0.0,0.0,0.0,0.0
2011-10-04,101.84,272,0,0,0,0,0.0,0.0,0.0,0.0,0.0,0.0,0.0,0.0
2011-10-05,103.77,262,0,0,0,0,0.0,0.0,0.0,0.0,0.0,0.0,0.0,0.0
2011-10-06,104.38,281,0,0,0,0,0.0,0.0,0.0,0.0,0.0,0.0,0.0,0.0
2011-10-07,106.56,273,1,0,0,1,0.003663003663003663,3.663003663003663,0.0,0.0,0.0,0.0,0.003663003663003663,3.663003663003663
2011-10-10,109.49,249,0,0,0,0,0.0,0.0,0.0,0.0,0.0,0.0,0.0,0.0
2011-10-11,109.22,265,0,0,0,0,0.0,0.0,0.0,0.0,0.0,0.0,0.0,0.0
2011-10-12,112.44,253,0,0,0,0,0.0,0.0,0.0,0.0,0.0,0.0,0.0,0.0
2011-10-13,112.45,283,0,0,0,0,0.0,0.0,0.0,0.0,0.0,0.0,0.0,0.0
2011-10-14,114.33,299,0,0,0,0,0.0,0.0,0.0,0.0,0.0,0.0,0.0,0.0
2011-10-17,112.92,273,0,0,0,0,0.0,0.0,0.0,0.0,0.0,0.0,0.0,0.0
2011-10-18,112.08,287,0,0,0,0,0.0,0.0,0.0,0.0,0.0,0.0,0.0,0.0
2011-10-19,111.76,282,0,0,0,0,0.0,0.0,0.0,0.0,0.0,0.0,0.0,0.0
2011-10-20,109.0,268,0,0,0,0,0.0,0.0,0.0,0.0,0.0,0.0,0.0,0.0
2011-10-21,111.6,258,1,1,0,0,0.003875968992248062,3.875968992248062,0.003875968992248062,3.875968992248062,0.0,0.0,0.0,0.0
2011-10-24,111.67,279,0,0,0,0,0.0,0.0,0.0,0.0,0.0,0.0,0.0,0.0
2011-10-25,112.11,336,0,0,0,0,0.0,0.0,0.0,0.0,0.0,0.0,0.0,0.0
2011-10-26,110.43,319,0,0,0,0,0.0,0.0,0.0,0.0,0.0,0.0,0.0,0.0
2011-10-27,112.45,339,0,0,0,0,0.0,0.0,0.0,0.0,0.0,0.0,0.0,0.0
2011-10-28,110.01,307,0,0,0,0,0.0,0.0,0.0,0.0,0.0,0.0,0.0,0.0
2011-10-31,108.43,244,0,0,0,0,0.0,0.0,0.0,0.0,0.0,0.0,0.0,0.0
2011-11-01,106.97,305,0,0,0,0,0.0,0.0,0.0,0.0,0.0,0.0,0.0,0.0
2011-11-02,110.82,311,0,0,0,0,0.0,0.0,0.0,0.0,0.0,0.0,0.0,0.0
2011-11-03,110.76,281,1,0,1,0,0.0035587188612099642,3.558718861209964,0.0,0.0,0.0035587188612099642,3.558718861209964,0.0,0.0
2011-11-04,112.22,313,0,0,0,0,0.0,0.0,0.0,0.0,0.0,0.0,0.0,0.0
2011-11-07,114.75,298,0,0,0,0,0.0,0.0,0.0,0.0,0.0,0.0,0.0,0.0
2011-11-08,115.61,320,0,0,0,0,0.0,0.0,0.0,0.0,0.0,0.0,0.0,0.0
2011-11-09,115.29,320,1,0,0,1,0.003125,3.125,0.0,0.0,0.0,0.0,0.003125,3.125
2011-11-10,113.32,330,0,0,0,0,0.0,0.0,0.0,0.0,0.0,0.0,0.0,0.0
2011-11-11,114.43,317,0,0,0,0,0.0,0.0,0.0,0.0,0.0,0.0,0.0,0.0
2011-11-14,112.57,281,0,0,0,0,0.0,0.0,0.0,0.0,0.0,0.0,0.0,0.0
2011-11-15,111.9,313,1,0,0,1,0.003194888178913738,3.1948881789137378,0.0,0.0,0.0,0.0,0.003194888178913738,3.1948881789137378
2011-11-16,111.91,313,1,0,1,0,0.003194888178913738,3.1948881789137378,0.0,0.0,0.003194888178913738,3.1948881789137378,0.0,0.0
2011-11-17,109.25,328,0,0,0,0,0.0,0.0,0.0,0.0,0.0,0.0,0.0,0.0
2011-11-18,107.82,296,0,0,0,0,0.0,0.0,0.0,0.0,0.0,0.0,0.0,0.0
2011-11-21,105.98,290,0,0,0,0,0.0,0.0,0.0,0.0,0.0,0.0,0.0,0.0
2011-11-22,107.77,319,0,0,0,0,0.0,0.0,0.0,0.0,0.0,0.0,0.0,0.0
2011-11-23,106.83,321,0,0,0,0,0.0,0.0,0.0,0.0,0.0,0.0,0.0,0.0
2011-11-25,106.08,320,1,0,0,1,0.003125,3.125,0.0,0.0,0.0,0.0,0.003125,3.125
2011-11-28,109.38,277,0,0,0,0,0.0,0.0,0.0,0.0,0.0,0.0,0.0,0.0
2011-11-29,111.25,287,0,0,0,0,0.0,0.0,0.0,0.0,0.0,0.0,0.0,0.0
2011-11-30,111.22,319,0,0,0,0,0.0,0.0,0.0,0.0,0.0,0.0,0.0,0.0
2011-12-01,108.83,318,0,0,0,0,0.0,0.0,0.0,0.0,0.0,0.0,0.0,0.0
2011-12-02,109.59,308,0,0,0,0,0.0,0.0,0.0,0.0,0.0,0.0,0.0,0.0
2011-12-05,110.18,287,1,0,1,0,0.003484320557491289,3.484320557491289,0.0,0.0,0.003484320557491289,3.484320557491289,0.0,0.0
2011-12-06,110.16,296,1,0,0,1,0.0033783783783783786,3.3783783783783785,0.0,0.0,0.0,0.0,0.0033783783783783786,3.3783783783783785
2011-12-07,110.07,319,1,0,0,1,0.003134796238244514,3.134796238244514,0.0,0.0,0.0,0.0,0.003134796238244514,3.134796238244514
2011-12-08,108.23,330,0,0,0,0,0.0,0.0,0.0,0.0,0.0,0.0,0.0,0.0
2011-12-09,107.91,293,0,0,0,0,0.0,0.0,0.0,0.0,0.0,0.0,0.0,0.0
2011-12-12,107.82,304,0,0,0,0,0.0,0.0,0.0,0.0,0.0,0.0,0.0,0.0
2011-12-13,109.25,296,0,0,0,0,0.0,0.0,0.0,0.0,0.0,0.0,0.0,0.0
2011-12-14,105.72,298,0,0,0,0,0.0,0.0,0.0,0.0,0.0,0.0,0.0,0.0
2011-12-15,104.52,331,0,0,0,0,0.0,0.0,0.0,0.0,0.0,0.0,0.0,0.0
2011-12-16,104.0,302,1,0,0,1,0.0033112582781456954,3.3112582781456954,0.0,0.0,0.0,0.0,0.0033112582781456954,3.3112582781456954
2011-12-19,104.55,276,1,0,0,1,0.0036231884057971015,3.6231884057971016,0.0,0.0,0.0,0.0,0.0036231884057971015,3.6231884057971016
2011-12-20,107.8,269,0,0,0,0,0.0,0.0,0.0,0.0,0.0,0.0,0.0,0.0
2011-12-21,108.0,284,2,0,1,1,0.007042253521126761,7.042253521126761,0.0,0.0,0.0035211267605633804,3.5211267605633805,0.0035211267605633804,3.5211267605633805
2011-12-22,108.98,264,0,0,0,0,0.0,0.0,0.0,0.0,0.0,0.0,0.0,0.0
2011-12-23,109.28,195,0,0,0,0,0.0,0.0,0.0,0.0,0.0,0.0,0.0,0.0
2011-12-28,107.54,185,1,0,0,1,0.005405405405405406,5.405405405405405,0.0,0.0,0.0,0.0,0.005405405405405406,5.405405405405405
2011-12-29,106.89,169,1,0,0,1,0.005917159763313609,5.9171597633136095,0.0,0.0,0.0,0.0,0.005917159763313609,5.9171597633136095
2011-12-30,108.09,157,0,0,0,0,0.0,0.0,0.0,0.0,0.0,0.0,0.0,0.0
2012-01-03,111.12,183,0,0,0,0,0.0,0.0,0.0,0.0,0.0,0.0,0.0,0.0
2012-01-04,113.37,204,0,0,0,0,0.0,0.0,0.0,0.0,0.0,0.0,0.0,0.0
2012-01-05,113.59,193,0,0,0,0,0.0,0.0,0.0,0.0,0.0,0.0,0.0,0.0
2012-01-06,111.96,195,0,0,0,0,0.0,0.0,0.0,0.0,0.0,0.0,0.0,0.0
2012-01-09,111.07,225,0,0,0,0,0.0,0.0,0.0,0.0,0.0,0.0,0.0,0.0
2012-01-10,113.3,283,0,0,0,0,0.0,0.0,0.0,0.0,0.0,0.0,0.0,0.0
2012-01-11,111.66,301,0,0,0,0,0.0,0.0,0.0,0.0,0.0,0.0,0.0,0.0
2012-01-12,112.97,281,0,0,0,0,0.0,0.0,0.0,0.0,0.0,0.0,0.0,0.0
2012-01-13,109.88,267,2,0,2,0,0.00749063670411985,7.49063670411985,0.0,0.0,0.00749063670411985,7.49063670411985,0.0,0.0
2012-01-17,110.55,266,2,0,0,2,0.007518796992481203,7.518796992481203,0.0,0.0,0.0,0.0,0.007518796992481203,7.518796992481203
2012-01-18,109.81,287,0,0,0,0,0.0,0.0,0.0,0.0,0.0,0.0,0.0,0.0
2012-01-19,109.54,273,0,0,0,0,0.0,0.0,0.0,0.0,0.0,0.0,0.0,0.0
2012-01-20,108.5,350,2,0,1,1,0.005714285714285714,5.714285714285714,0.0,0.0,0.002857142857142857,2.857142857142857,0.002857142857142857,2.857142857142857
2012-01-23,109.46,276,1,0,1,0,0.0036231884057971015,3.6231884057971016,0.0,0.0,0.0036231884057971015,3.6231884057971016,0.0,0.0
2012-01-24,108.38,268,1,0,1,0,0.0037313432835820895,3.7313432835820897,0.0,0.0,0.0037313432835820895,3.7313432835820897,0.0,0.0
2012-01-25,108.48,275,1,0,0,1,0.0036363636363636364,3.6363636363636362,0.0,0.0,0.0,0.0,0.0036363636363636364,3.6363636363636362
2012-01-26,109.08,223,1,0,0,1,0.004484304932735426,4.484304932735426,0.0,0.0,0.0,0.0,0.004484304932735426,4.484304932735426
2012-01-27,110.5,283,0,0,0,0,0.0,0.0,0.0,0.0,0.0,0.0,0.0,0.0
2012-01-30,110.24,272,0,0,0,0,0.0,0.0,0.0,0.0,0.0,0.0,0.0,0.0
2012-01-31,110.26,286,0,0,0,0,0.0,0.0,0.0,0.0,0.0,0.0,0.0,0.0
2012-02-01,111.96,296,0,0,0,0,0.0,0.0,0.0,0.0,0.0,0.0,0.0,0.0
2012-02-02,110.96,300,0,0,0,0,0.0,0.0,0.0,0.0,0.0,0.0,0.0,0.0
2012-02-03,112.56,303,0,0,0,0,0.0,0.0,0.0,0.0,0.0,0.0,0.0,0.0
2012-02-06,115.47,248,0,0,0,0,0.0,0.0,0.0,0.0,0.0,0.0,0.0,0.0
2012-02-07,116.86,284,0,0,0,0,0.0,0.0,0.0,0.0,0.0,0.0,0.0,0.0
2012-02-08,117.18,252,0,0,0,0,0.0,0.0,0.0,0.0,0.0,0.0,0.0,0.0
2012-02-09,118.4,271,0,0,0,0,0.0,0.0,0.0,0.0,0.0,0.0,0.0,0.0
2012-02-10,118.13,273,0,0,0,0,0.0,0.0,0.0,0.0,0.0,0.0,0.0,0.0
2012-02-13,118.73,252,0,0,0,0,0.0,0.0,0.0,0.0,0.0,0.0,0.0,0.0
2012-02-14,118.3,306,1,0,0,1,0.0032679738562091504,3.2679738562091503,0.0,0.0,0.0,0.0,0.0032679738562091504,3.2679738562091503
2012-02-15,120.25,303,0,0,0,0,0.0,0.0,0.0,0.0,0.0,0.0,0.0,0.0
2012-02-16,121.0,259,0,0,0,0,0.0,0.0,0.0,0.0,0.0,0.0,0.0,0.0
2012-02-17,120.69,269,0,0,0,0,0.0,0.0,0.0,0.0,0.0,0.0,0.0,0.0
2012-02-21,120.85,297,1,0,1,0,0.003367003367003367,3.3670033670033668,0.0,0.0,0.003367003367003367,3.3670033670033668,0.0,0.0
2012-02-22,123.07,326,0,0,0,0,0.0,0.0,0.0,0.0,0.0,0.0,0.0,0.0
2012-02-23,124.53,323,0,0,0,0,0.0,0.0,0.0,0.0,0.0,0.0,0.0,0.0
2012-02-24,124.89,335,0,0,0,0,0.0,0.0,0.0,0.0,0.0,0.0,0.0,0.0
2012-02-27,126.46,299,0,0,0,0,0.0,0.0,0.0,0.0,0.0,0.0,0.0,0.0
2012-02-28,124.02,329,1,1,1,0,0.00303951367781155,3.0395136778115504,0.00303951367781155,3.0395136778115504,0.00303951367781155,3.0395136778115504,0.0,0.0
2012-02-29,122.23,307,2,1,2,0,0.006514657980456026,6.514657980456026,0.003257328990228013,3.257328990228013,0.006514657980456026,6.514657980456026,0.0,0.0
2012-03-01,125.76,321,0,0,0,0,0.0,0.0,0.0,0.0,0.0,0.0,0.0,0.0
2012-03-02,125.93,261,0,0,0,0,0.0,0.0,0.0,0.0,0.0,0.0,0.0,0.0
2012-03-05,126.68,311,0,0,0,0,0.0,0.0,0.0,0.0,0.0,0.0,0.0,0.0
2012-03-06,125.03,331,0,0,0,0,0.0,0.0,0.0,0.0,0.0,0.0,0.0,0.0
2012-03-07,125.37,328,0,0,0,0,0.0,0.0,0.0,0.0,0.0,0.0,0.0,0.0
2012-03-08,127.96,345,0,0,0,0,0.0,0.0,0.0,0.0,0.0,0.0,0.0,0.0
2012-03-09,128.08,332,0,0,0,0,0.0,0.0,0.0,0.0,0.0,0.0,0.0,0.0
2012-03-12,127.27,312,1,0,1,0,0.003205128205128205,3.205128205128205,0.0,0.0,0.003205128205128205,3.205128205128205,0.0,0.0
2012-03-13,128.14,332,1,0,0,1,0.0030120481927710845,3.0120481927710845,0.0,0.0,0.0,0.0,0.0030120481927710845,3.0120481927710845
2012-03-14,126.98,371,0,0,0,0,0.0,0.0,0.0,0.0,0.0,0.0,0.0,0.0
2012-03-15,123.63,328,0,0,0,0,0.0,0.0,0.0,0.0,0.0,0.0,0.0,0.0
2012-03-16,125.09,348,0,0,0,0,0.0,0.0,0.0,0.0,0.0,0.0,0.0,0.0
2012-03-19,125.76,313,0,0,0,0,0.0,0.0,0.0,0.0,0.0,0.0,0.0,0.0
2012-03-20,124.38,306,0,0,0,0,0.0,0.0,0.0,0.0,0.0,0.0,0.0,0.0
2012-03-21,123.89,318,0,0,0,0,0.0,0.0,0.0,0.0,0.0,0.0,0.0,0.0
2012-03-22,122.49,319,0,0,0,0,0.0,0.0,0.0,0.0,0.0,0.0,0.0,0.0
2012-03-23,125.21,342,0,0,0,0,0.0,0.0,0.0,0.0,0.0,0.0,0.0,0.0
2012-03-26,125.85,293,1,1,0,0,0.0034129692832764505,3.4129692832764507,0.0034129692832764505,3.4129692832764507,0.0,0.0,0.0,0.0
2012-03-27,125.25,297,0,0,0,0,0.0,0.0,0.0,0.0,0.0,0.0,0.0,0.0
2012-03-28,124.41,311,0,0,0,0,0.0,0.0,0.0,0.0,0.0,0.0,0.0,0.0
2012-03-29,123.23,344,0,0,0,0,0.0,0.0,0.0,0.0,0.0,0.0,0.0,0.0
2012-03-30,123.41,354,2,0,0,2,0.005649717514124294,5.649717514124294,0.0,0.0,0.0,0.0,0.005649717514124294,5.649717514124294
2012-04-02,124.44,316,0,0,0,0,0.0,0.0,0.0,0.0,0.0,0.0,0.0,0.0
2012-04-04,123.04,327,0,0,0,0,0.0,0.0,0.0,0.0,0.0,0.0,0.0,0.0
2012-04-05,123.58,322,1,0,0,1,0.003105590062111801,3.105590062111801,0.0,0.0,0.0,0.0,0.003105590062111801,3.105590062111801
2012-04-10,121.89,297,1,0,0,1,0.003367003367003367,3.3670033670033668,0.0,0.0,0.0,0.0,0.003367003367003367,3.3670033670033668
2012-04-11,120.41,323,2,0,0,2,0.006191950464396285,6.191950464396285,0.0,0.0,0.0,0.0,0.006191950464396285,6.191950464396285
2012-04-12,120.57,332,0,0,0,0,0.0,0.0,0.0,0.0,0.0,0.0,0.0,0.0
2012-04-13,120.62,318,0,0,0,0,0.0,0.0,0.0,0.0,0.0,0.0,0.0,0.0
2012-04-16,118.23,309,0,0,0,0,0.0,0.0,0.0,0.0,0.0,0.0,0.0,0.0
2012-04-17,117.41,338,0,0,0,0,0.0,0.0,0.0,0.0,0.0,0.0,0.0,0.0
2012-04-18,115.18,326,0,0,0,0,0.0,0.0,0.0,0.0,0.0,0.0,0.0,0.0
2012-04-19,117.0,344,0,0,0,0,0.0,0.0,0.0,0.0,0.0,0.0,0.0,0.0
2012-04-20,118.08,328,0,0,0,0,0.0,0.0,0.0,0.0,0.0,0.0,0.0,0.0
2012-04-23,116.66,315,0,0,0,0,0.0,0.0,0.0,0.0,0.0,0.0,0.0,0.0
2012-04-24,117.74,328,0,0,0,0,0.0,0.0,0.0,0.0,0.0,0.0,0.0,0.0
2012-04-25,117.45,242,0,0,0,0,0.0,0.0,0.0,0.0,0.0,0.0,0.0,0.0
2012-04-26,119.33,312,0,0,0,0,0.0,0.0,0.0,0.0,0.0,0.0,0.0,0.0
2012-04-27,119.3,332,0,0,0,0,0.0,0.0,0.0,0.0,0.0,0.0,0.0,0.0
2012-04-30,118.66,328,0,0,0,0,0.0,0.0,0.0,0.0,0.0,0.0,0.0,0.0
2012-05-01,119.57,337,0,0,0,0,0.0,0.0,0.0,0.0,0.0,0.0,0.0,0.0
2012-05-02,117.57,329,0,0,0,0,0.0,0.0,0.0,0.0,0.0,0.0,0.0,0.0
2012-05-03,115.91,320,1,0,0,1,0.003125,3.125,0.0,0.0,0.0,0.0,0.003125,3.125
2012-05-04,111.66,359,3,0,0,3,0.008356545961002786,8.356545961002785,0.0,0.0,0.0,0.0,0.008356545961002786,8.356545961002785
2012-05-08,110.48,364,0,0,0,0,0.0,0.0,0.0,0.0,0.0,0.0,0.0,0.0
2012-05-09,111.89,294,0,0,0,0,0.0,0.0,0.0,0.0,0.0,0.0,0.0,0.0
2012-05-10,112.24,351,0,0,0,0,0.0,0.0,0.0,0.0,0.0,0.0,0.0,0.0
2012-05-11,112.5,336,0,0,0,0,0.0,0.0,0.0,0.0,0.0,0.0,0.0,0.0
2012-05-14,110.79,302,1,0,1,0,0.0033112582781456954,3.3112582781456954,0.0,0.0,0.0033112582781456954,3.3112582781456954,0.0,0.0
2012-05-15,111.4,318,0,0,0,0,0.0,0.0,0.0,0.0,0.0,0.0,0.0,0.0
2012-05-16,109.8,332,1,0,0,1,0.0030120481927710845,3.0120481927710845,0.0,0.0,0.0,0.0,0.0030120481927710845,3.0120481927710845
2012-05-17,109.31,309,1,0,0,1,0.003236245954692557,3.236245954692557,0.0,0.0,0.0,0.0,0.003236245954692557,3.236245954692557
2012-05-18,108.03,308,0,0,0,0,0.0,0.0,0.0,0.0,0.0,0.0,0.0,0.0
2012-05-21,109.02,310,0,0,0,0,0.0,0.0,0.0,0.0,0.0,0.0,0.0,0.0
2012-05-22,109.76,332,0,0,0,0,0.0,0.0,0.0,0.0,0.0,0.0,0.0,0.0
2012-05-23,106.88,326,0,0,0,0,0.0,0.0,0.0,0.0,0.0,0.0,0.0,0.0
2012-05-24,107.2,334,1,1,0,0,0.0029940119760479044,2.9940119760479043,0.0029940119760479044,2.9940119760479043,0.0,0.0,0.0,0.0
2012-05-25,107.86,328,0,0,0,0,0.0,0.0,0.0,0.0,0.0,0.0,0.0,0.0
2012-05-29,107.55,263,2,0,1,1,0.0076045627376425855,7.604562737642586,0.0,0.0,0.0038022813688212928,3.802281368821293,0.0038022813688212928,3.802281368821293
2012-05-30,103.85,333,0,0,0,0,0.0,0.0,0.0,0.0,0.0,0.0,0.0,0.0
2012-05-31,103.86,313,0,0,0,0,0.0,0.0,0.0,0.0,0.0,0.0,0.0,0.0
2012-06-01,98.63,247,0,0,0,0,0.0,0.0,0.0,0.0,0.0,0.0,0.0,0.0
2012-06-04,97.74,244,0,0,0,0,0.0,0.0,0.0,0.0,0.0,0.0,0.0,0.0
2012-06-05,98.65,245,0,0,0,0,0.0,0.0,0.0,0.0,0.0,0.0,0.0,0.0
2012-06-06,101.14,248,0,0,0,0,0.0,0.0,0.0,0.0,0.0,0.0,0.0,0.0
2012-06-07,100.05,248,1,0,1,0,0.004032258064516129,4.032258064516129,0.0,0.0,0.004032258064516129,4.032258064516129,0.0,0.0
2012-06-08,97.57,245,0,0,0,0,0.0,0.0,0.0,0.0,0.0,0.0,0.0,0.0
2012-06-11,98.6,244,0,0,0,0,0.0,0.0,0.0,0.0,0.0,0.0,0.0,0.0
2012-06-12,96.59,246,0,0,0,0,0.0,0.0,0.0,0.0,0.0,0.0,0.0,0.0
2012-06-13,97.29,246,0,0,0,0,0.0,0.0,0.0,0.0,0.0,0.0,0.0,0.0
2012-06-14,96.46,245,0,0,0,0,0.0,0.0,0.0,0.0,0.0,0.0,0.0,0.0
2012-06-15,97.13,247,2,0,0,2,0.008097165991902834,8.097165991902834,0.0,0.0,0.0,0.0,0.008097165991902834,8.097165991902834
2012-06-18,95.21,247,0,0,0,0,0.0,0.0,0.0,0.0,0.0,0.0,0.0,0.0
2012-06-19,95.14,245,0,0,0,0,0.0,0.0,0.0,0.0,0.0,0.0,0.0,0.0
2012-06-20,93.5,243,0,0,0,0,0.0,0.0,0.0,0.0,0.0,0.0,0.0,0.0
2012-06-21,89.22,247,0,0,0,0,0.0,0.0,0.0,0.0,0.0,0.0,0.0,0.0
2012-06-22,89.22,246,0,0,0,0,0.0,0.0,0.0,0.0,0.0,0.0,0.0,0.0
2012-06-25,88.69,244,0,0,0,0,0.0,0.0,0.0,0.0,0.0,0.0,0.0,0.0
2012-06-26,90.19,246,0,0,0,0,0.0,0.0,0.0,0.0,0.0,0.0,0.0,0.0
2012-06-27,92.06,244,0,0,0,0,0.0,0.0,0.0,0.0,0.0,0.0,0.0,0.0
2012-06-28,91.02,244,2,0,1,1,0.00819672131147541,8.196721311475411,0.0,0.0,0.004098360655737705,4.0983606557377055,0.004098360655737705,4.0983606557377055
2012-06-29,94.17,246,1,0,0,1,0.0040650406504065045,4.065040650406504,0.0,0.0,0.0,0.0,0.0040650406504065045,4.065040650406504
2012-07-02,95.28,248,1,0,1,0,0.004032258064516129,4.032258064516129,0.0,0.0,0.004032258064516129,4.032258064516129,0.0,0.0
2012-07-03,99.89,246,1,0,0,1,0.0040650406504065045,4.065040650406504,0.0,0.0,0.0,0.0,0.0040650406504065045,4.065040650406504
2012-07-05,101.54,245,1,0,0,1,0.004081632653061225,4.081632653061225,0.0,0.0,0.0,0.0,0.004081632653061225,4.081632653061225
2012-07-06,98.5,246,0,0,0,0,0.0,0.0,0.0,0.0,0.0,0.0,0.0,0.0
2012-07-09,99.94,245,0,0,0,0,0.0,0.0,0.0,0.0,0.0,0.0,0.0,0.0
2012-07-10,99.15,246,0,0,0,0,0.0,0.0,0.0,0.0,0.0,0.0,0.0,0.0
2012-07-11,99.23,246,0,0,0,0,0.0,0.0,0.0,0.0,0.0,0.0,0.0,0.0
2012-07-12,99.18,246,0,0,0,0,0.0,0.0,0.0,0.0,0.0,0.0,0.0,0.0
2012-07-13,101.91,245,0,0,0,0,0.0,0.0,0.0,0.0,0.0,0.0,0.0,0.0
2012-07-16,102.1,243,0,0,0,0,0.0,0.0,0.0,0.0,0.0,0.0,0.0,0.0
2012-07-17,104.21,244,0,0,0,0,0.0,0.0,0.0,0.0,0.0,0.0,0.0,0.0
2012-07-18,105.92,247,0,0,0,0,0.0,0.0,0.0,0.0,0.0,0.0,0.0,0.0
2012-07-19,107.79,247,0,0,0,0,0.0,0.0,0.0,0.0,0.0,0.0,0.0,0.0
2012-07-20,106.98,247,0,0,0,0,0.0,0.0,0.0,0.0,0.0,0.0,0.0,0.0
2012-07-23,103.91,249,0,0,0,0,0.0,0.0,0.0,0.0,0.0,0.0,0.0,0.0
2012-07-24,103.57,242,0,0,0,0,0.0,0.0,0.0,0.0,0.0,0.0,0.0,0.0
2012-07-25,102.35,375,0,0,0,0,0.0,0.0,0.0,0.0,0.0,0.0,0.0,0.0
2012-07-26,104.77,316,1,0,1,0,0.0031645569620253164,3.1645569620253164,0.0,0.0,0.0031645569620253164,3.1645569620253164,0.0,0.0
2012-07-27,106.3,312,0,0,0,0,0.0,0.0,0.0,0.0,0.0,0.0,0.0,0.0
2012-07-30,106.54,356,0,0,0,0,0.0,0.0,0.0,0.0,0.0,0.0,0.0,0.0
2012-07-31,105.93,358,0,0,0,0,0.0,0.0,0.0,0.0,0.0,0.0,0.0,0.0
2012-08-01,106.78,377,0,0,0,0,0.0,0.0,0.0,0.0,0.0,0.0,0.0,0.0
2012-08-02,107.55,373,0,0,0,0,0.0,0.0,0.0,0.0,0.0,0.0,0.0,0.0
2012-08-03,109.57,362,0,0,0,0,0.0,0.0,0.0,0.0,0.0,0.0,0.0,0.0
2012-08-06,110.01,310,0,0,0,0,0.0,0.0,0.0,0.0,0.0,0.0,0.0,0.0
2012-08-07,112.39,368,0,0,0,0,0.0,0.0,0.0,0.0,0.0,0.0,0.0,0.0
2012-08-08,113.42,357,1,0,1,0,0.0028011204481792717,2.8011204481792715,0.0,0.0,0.0028011204481792717,2.8011204481792715,0.0,0.0
2012-08-09,113.52,373,0,0,0,0,0.0,0.0,0.0,0.0,0.0,0.0,0.0,0.0
2012-08-10,113.13,342,0,0,0,0,0.0,0.0,0.0,0.0,0.0,0.0,0.0,0.0
2012-08-13,114.48,337,1,0,0,1,0.002967359050445104,2.967359050445104,0.0,0.0,0.0,0.0,0.002967359050445104,2.967359050445104
2012-08-14,113.9,379,0,0,0,0,0.0,0.0,0.0,0.0,0.0,0.0,0.0,0.0
2012-08-15,115.51,332,0,0,0,0,0.0,0.0,0.0,0.0,0.0,0.0,0.0,0.0
2012-08-16,116.12,350,0,0,0,0,0.0,0.0,0.0,0.0,0.0,0.0,0.0,0.0
2012-08-17,115.2,345,0,0,0,0,0.0,0.0,0.0,0.0,0.0,0.0,0.0,0.0
2012-08-20,115.5,323,0,0,0,0,0.0,0.0,0.0,0.0,0.0,0.0,0.0,0.0
2012-08-21,116.03,353,0,0,0,0,0.0,0.0,0.0,0.0,0.0,0.0,0.0,0.0
2012-08-22,115.77,349,1,0,0,1,0.0028653295128939827,2.865329512893983,0.0,0.0,0.0,0.0,0.0028653295128939827,2.865329512893983
2012-08-23,117.45,355,0,0,0,0,0.0,0.0,0.0,0.0,0.0,0.0,0.0,0.0
2012-08-24,115.76,384,0,0,0,0,0.0,0.0,0.0,0.0,0.0,0.0,0.0,0.0
2012-08-27,113.74,353,2,0,0,2,0.0056657223796034,5.6657223796034,0.0,0.0,0.0,0.0,0.0056657223796034,5.6657223796034
2012-08-28,112.62,354,1,0,0,1,0.002824858757062147,2.824858757062147,0.0,0.0,0.0,0.0,0.002824858757062147,2.824858757062147
2012-08-29,112.53,356,0,0,0,0,0.0,0.0,0.0,0.0,0.0,0.0,0.0,0.0
2012-08-30,112.28,306,1,0,1,0,0.0032679738562091504,3.2679738562091503,0.0,0.0,0.0032679738562091504,3.2679738562091503,0.0,0.0
2012-08-31,113.93,363,0,0,0,0,0.0,0.0,0.0,0.0,0.0,0.0,0.0,0.0
2012-09-04,114.98,321,0,0,0,0,0.0,0.0,0.0,0.0,0.0,0.0,0.0,0.0
2012-09-05,113.32,321,0,0,0,0,0.0,0.0,0.0,0.0,0.0,0.0,0.0,0.0
2012-09-06,114.5,305,0,0,0,0,0.0,0.0,0.0,0.0,0.0,0.0,0.0,0.0
2012-09-07,113.64,315,0,0,0,0,0.0,0.0,0.0,0.0,0.0,0.0,0.0,0.0
2012-09-10,113.84,297,0,0,0,0,0.0,0.0,0.0,0.0,0.0,0.0,0.0,0.0
2012-09-11,114.86,317,0,0,0,0,0.0,0.0,0.0,0.0,0.0,0.0,0.0,0.0
2012-09-12,114.86,363,0,0,0,0,0.0,0.0,0.0,0.0,0.0,0.0,0.0,0.0
2012-09-13,116.0,303,1,0,1,0,0.0033003300330033004,3.3003300330033003,0.0,0.0,0.0033003300330033004,3.3003300330033003,0.0,0.0
2012-09-14,117.48,254,0,0,0,0,0.0,0.0,0.0,0.0,0.0,0.0,0.0,0.0
2012-09-17,116.7,332,0,0,0,0,0.0,0.0,0.0,0.0,0.0,0.0,0.0,0.0
2012-09-18,113.29,340,0,0,0,0,0.0,0.0,0.0,0.0,0.0,0.0,0.0,0.0
2012-09-19,108.49,359,0,0,0,0,0.0,0.0,0.0,0.0,0.0,0.0,0.0,0.0
2012-09-20,109.41,347,0,0,0,0,0.0,0.0,0.0,0.0,0.0,0.0,0.0,0.0
2012-09-21,111.27,338,0,0,0,0,0.0,0.0,0.0,0.0,0.0,0.0,0.0,0.0
2012-09-24,109.2,284,0,0,0,0,0.0,0.0,0.0,0.0,0.0,0.0,0.0,0.0
2012-09-25,110.77,296,0,0,0,0,0.0,0.0,0.0,0.0,0.0,0.0,0.0,0.0
2012-09-26,108.99,293,0,0,0,0,0.0,0.0,0.0,0.0,0.0,0.0,0.0,0.0
2012-09-27,111.45,298,1,0,0,1,0.003355704697986577,3.3557046979865772,0.0,0.0,0.0,0.0,0.003355704697986577,3.3557046979865772
2012-09-28,111.36,312,0,0,0,0,0.0,0.0,0.0,0.0,0.0,0.0,0.0,0.0
2012-10-01,112.58,271,0,0,0,0,0.0,0.0,0.0,0.0,0.0,0.0,0.0,0.0
2012-10-02,112.49,339,0,0,0,0,0.0,0.0,0.0,0.0,0.0,0.0,0.0,0.0
2012-10-03,109.32,336,0,0,0,0,0.0,0.0,0.0,0.0,0.0,0.0,0.0,0.0
2012-10-04,110.48,352,1,1,0,0,0.002840909090909091,2.840909090909091,0.002840909090909091,2.840909090909091,0.0,0.0,0.0,0.0
2012-10-05,112.17,320,0,0,0,0,0.0,0.0,0.0,0.0,0.0,0.0,0.0,0.0
2012-10-08,112.6,319,0,0,0,0,0.0,0.0,0.0,0.0,0.0,0.0,0.0,0.0
2012-10-09,114.32,349,1,0,1,0,0.0028653295128939827,2.865329512893983,0.0,0.0,0.0028653295128939827,2.865329512893983,0.0,0.0
2012-10-10,116.11,355,0,0,0,0,0.0,0.0,0.0,0.0,0.0,0.0,0.0,0.0
2012-10-11,116.18,373,1,0,0,1,0.002680965147453083,2.680965147453083,0.0,0.0,0.0,0.0,0.002680965147453083,2.680965147453083
2012-10-12,115.17,340,0,0,0,0,0.0,0.0,0.0,0.0,0.0,0.0,0.0,0.0
2012-10-15,115.0,324,0,0,0,0,0.0,0.0,0.0,0.0,0.0,0.0,0.0,0.0
2012-10-16,115.0,358,0,0,0,0,0.0,0.0,0.0,0.0,0.0,0.0,0.0,0.0
2012-10-17,113.49,378,0,0,0,0,0.0,0.0,0.0,0.0,0.0,0.0,0.0,0.0
2012-10-18,112.58,375,0,0,0,0,0.0,0.0,0.0,0.0,0.0,0.0,0.0,0.0
2012-10-19,111.89,352,3,0,0,3,0.008522727272727272,8.522727272727272,0.0,0.0,0.0,0.0,0.008522727272727272,8.522727272727272
2012-10-22,109.62,354,0,0,0,0,0.0,0.0,0.0,0.0,0.0,0.0,0.0,0.0
2012-10-23,107.53,377,0,0,0,0,0.0,0.0,0.0,0.0,0.0,0.0,0.0,0.0
2012-10-24,107.66,359,0,0,0,0,0.0,0.0,0.0,0.0,0.0,0.0,0.0,0.0
2012-10-25,107.64,353,0,0,0,0,0.0,0.0,0.0,0.0,0.0,0.0,0.0,0.0
2012-10-26,108.9,349,0,0,0,0,0.0,0.0,0.0,0.0,0.0,0.0,0.0,0.0
2012-10-29,109.33,356,0,0,0,0,0.0,0.0,0.0,0.0,0.0,0.0,0.0,0.0
2012-10-30,109.4,344,0,0,0,0,0.0,0.0,0.0,0.0,0.0,0.0,0.0,0.0
2012-10-31,109.89,247,0,0,0,0,0.0,0.0,0.0,0.0,0.0,0.0,0.0,0.0
2012-11-01,108.84,351,0,0,0,0,0.0,0.0,0.0,0.0,0.0,0.0,0.0,0.0
2012-11-02,106.79,361,0,0,0,0,0.0,0.0,0.0,0.0,0.0,0.0,0.0,0.0
2012-11-05,105.59,344,0,0,0,0,0.0,0.0,0.0,0.0,0.0,0.0,0.0,0.0
2012-11-06,109.27,310,0,0,0,0,0.0,0.0,0.0,0.0,0.0,0.0,0.0,0.0
2012-11-07,108.21,345,0,0,0,0,0.0,0.0,0.0,0.0,0.0,0.0,0.0,0.0
2012-11-08,107.23,362,0,0,0,0,0.0,0.0,0.0,0.0,0.0,0.0,0.0,0.0
2012-11-09,108.61,339,0,0,0,0,0.0,0.0,0.0,0.0,0.0,0.0,0.0,0.0
2012-11-12,110.23,366,1,0,1,0,0.00273224043715847,2.73224043715847,0.0,0.0,0.00273224043715847,2.73224043715847,0.0,0.0
2012-11-13,108.82,354,0,0,0,0,0.0,0.0,0.0,0.0,0.0,0.0,0.0,0.0
2012-11-14,109.66,368,0,0,0,0,0.0,0.0,0.0,0.0,0.0,0.0,0.0,0.0
2012-11-15,110.07,359,0,0,0,0,0.0,0.0,0.0,0.0,0.0,0.0,0.0,0.0
2012-11-16,106.81,298,0,0,0,0,0.0,0.0,0.0,0.0,0.0,0.0,0.0,0.0
2012-11-19,110.06,330,0,0,0,0,0.0,0.0,0.0,0.0,0.0,0.0,0.0,0.0
2012-11-20,110.01,335,0,0,0,0,0.0,0.0,0.0,0.0,0.0,0.0,0.0,0.0
2012-11-21,110.81,372,0,0,0,0,0.0,0.0,0.0,0.0,0.0,0.0,0.0,0.0
2012-11-23,110.14,321,0,0,0,0,0.0,0.0,0.0,0.0,0.0,0.0,0.0,0.0
2012-11-26,110.18,355,0,0,0,0,0.0,0.0,0.0,0.0,0.0,0.0,0.0,0.0
2012-11-27,109.33,349,0,0,0,0,0.0,0.0,0.0,0.0,0.0,0.0,0.0,0.0
2012-11-28,108.26,325,0,0,0,0,0.0,0.0,0.0,0.0,0.0,0.0,0.0,0.0
2012-11-29,110.47,368,0,0,0,0,0.0,0.0,0.0,0.0,0.0,0.0,0.0,0.0
2012-11-30,110.84,340,0,0,0,0,0.0,0.0,0.0,0.0,0.0,0.0,0.0,0.0
2012-12-03,111.27,326,0,0,0,0,0.0,0.0,0.0,0.0,0.0,0.0,0.0,0.0
2012-12-04,109.99,338,0,0,0,0,0.0,0.0,0.0,0.0,0.0,0.0,0.0,0.0
2012-12-05,108.96,341,0,0,0,0,0.0,0.0,0.0,0.0,0.0,0.0,0.0,0.0
2012-12-06,108.01,335,3,0,2,1,0.008955223880597015,8.955223880597016,0.0,0.0,0.005970149253731343,5.970149253731344,0.0029850746268656717,2.985074626865672
2012-12-07,107.16,330,0,0,0,0,0.0,0.0,0.0,0.0,0.0,0.0,0.0,0.0
2012-12-10,108.25,348,1,0,1,0,0.0028735632183908046,2.8735632183908044,0.0,0.0,0.0028735632183908046,2.8735632183908044,0.0,0.0
2012-12-11,107.6,337,3,0,3,0,0.008902077151335312,8.902077151335313,0.0,0.0,0.008902077151335312,8.902077151335313,0.0,0.0
2012-12-12,110.17,314,0,0,0,0,0.0,0.0,0.0,0.0,0.0,0.0,0.0,0.0
2012-12-13,110.18,354,1,0,1,0,0.002824858757062147,2.824858757062147,0.0,0.0,0.002824858757062147,2.824858757062147,0.0,0.0
2012-12-14,109.28,348,0,0,0,0,0.0,0.0,0.0,0.0,0.0,0.0,0.0,0.0
2012-12-17,109.35,316,1,0,0,1,0.0031645569620253164,3.1645569620253164,0.0,0.0,0.0,0.0,0.0031645569620253164,3.1645569620253164
2012-12-18,109.96,331,0,0,0,0,0.0,0.0,0.0,0.0,0.0,0.0,0.0,0.0
2012-12-19,109.95,340,0,0,0,0,0.0,0.0,0.0,0.0,0.0,0.0,0.0,0.0
2012-12-20,110.57,325,0,0,0,0,0.0,0.0,0.0,0.0,0.0,0.0,0.0,0.0
2012-12-21,109.13,315,1,0,0,1,0.0031746031746031746,3.1746031746031744,0.0,0.0,0.0,0.0,0.0031746031746031746,3.1746031746031744
2012-12-24,108.44,176,0,0,0,0,0.0,0.0,0.0,0.0,0.0,0.0,0.0,0.0
2012-12-26,110.72,93,0,0,0,0,0.0,0.0,0.0,0.0,0.0,0.0,0.0,0.0
2012-12-27,110.04,177,0,0,0,0,0.0,0.0,0.0,0.0,0.0,0.0,0.0,0.0
2012-12-28,110.05,213,0,0,0,0,0.0,0.0,0.0,0.0,0.0,0.0,0.0,0.0
2012-12-31,110.8,196,0,0,0,0,0.0,0.0,0.0,0.0,0.0,0.0,0.0,0.0
2013-01-02,112.98,204,0,0,0,0,0.0,0.0,0.0,0.0,0.0,0.0,0.0,0.0
2013-01-03,113.03,231,0,0,0,0,0.0,0.0,0.0,0.0,0.0,0.0,0.0,0.0
2013-01-04,112.58,202,0,0,0,0,0.0,0.0,0.0,0.0,0.0,0.0,0.0,0.0
2013-01-07,112.49,255,0,0,0,0,0.0,0.0,0.0,0.0,0.0,0.0,0.0,0.0
2013-01-08,113.03,266,0,0,0,0,0.0,0.0,0.0,0.0,0.0,0.0,0.0,0.0
2013-01-09,113.07,258,0,0,0,0,0.0,0.0,0.0,0.0,0.0,0.0,0.0,0.0
2013-01-10,112.97,267,1,0,1,0,0.003745318352059925,3.745318352059925,0.0,0.0,0.003745318352059925,3.745318352059925,0.0,0.0
2013-01-11,110.3,240,0,0,0,0,0.0,0.0,0.0,0.0,0.0,0.0,0.0,0.0
2013-01-14,111.32,269,0,0,0,0,0.0,0.0,0.0,0.0,0.0,0.0,0.0,0.0
2013-01-15,111.72,307,0,0,0,0,0.0,0.0,0.0,0.0,0.0,0.0,0.0,0.0
2013-01-16,110.97,323,0,0,0,0,0.0,0.0,0.0,0.0,0.0,0.0,0.0,0.0
2013-01-17,111.01,355,0,0,0,0,0.0,0.0,0.0,0.0,0.0,0.0,0.0,0.0
2013-01-18,111.71,322,0,0,0,0,0.0,0.0,0.0,0.0,0.0,0.0,0.0,0.0
2013-01-22,112.72,323,0,0,0,0,0.0,0.0,0.0,0.0,0.0,0.0,0.0,0.0
2013-01-23,113.68,341,0,0,0,0,0.0,0.0,0.0,0.0,0.0,0.0,0.0,0.0
2013-01-24,114.59,323,1,0,1,0,0.0030959752321981426,3.0959752321981426,0.0,0.0,0.0030959752321981426,3.0959752321981426,0.0,0.0
2013-01-25,113.88,329,0,0,0,0,0.0,0.0,0.0,0.0,0.0,0.0,0.0,0.0
2013-01-28,113.92,256,1,1,1,0,0.00390625,3.90625,0.00390625,3.90625,0.00390625,3.90625,0.0,0.0
2013-01-29,115.22,331,1,0,1,0,0.0030211480362537764,3.0211480362537766,0.0,0.0,0.0030211480362537764,3.0211480362537766,0.0,0.0
2013-01-30,115.42,348,0,0,0,0,0.0,0.0,0.0,0.0,0.0,0.0,0.0,0.0
2013-01-31,115.55,340,0,0,0,0,0.0,0.0,0.0,0.0,0.0,0.0,0.0,0.0
2013-02-01,115.55,370,1,0,1,0,0.002702702702702703,2.7027027027027026,0.0,0.0,0.002702702702702703,2.7027027027027026,0.0,0.0
2013-02-04,116.06,338,0,0,0,0,0.0,0.0,0.0,0.0,0.0,0.0,0.0,0.0
2013-02-05,117.03,360,0,0,0,0,0.0,0.0,0.0,0.0,0.0,0.0,0.0,0.0
2013-02-06,116.61,356,0,0,0,0,0.0,0.0,0.0,0.0,0.0,0.0,0.0,0.0
2013-02-07,117.17,358,0,0,0,0,0.0,0.0,0.0,0.0,0.0,0.0,0.0,0.0
2013-02-08,118.9,349,1,0,0,1,0.0028653295128939827,2.865329512893983,0.0,0.0,0.0,0.0,0.0028653295128939827,2.865329512893983
2013-02-11,118.29,310,1,0,0,1,0.0032258064516129032,3.225806451612903,0.0,0.0,0.0,0.0,0.0032258064516129032,3.225806451612903
2013-02-12,117.89,324,0,0,0,0,0.0,0.0,0.0,0.0,0.0,0.0,0.0,0.0
2013-02-13,118.43,359,2,0,2,0,0.005571030640668524,5.571030640668524,0.0,0.0,0.005571030640668524,5.571030640668524,0.0,0.0
2013-02-14,118.48,335,0,0,0,0,0.0,0.0,0.0,0.0,0.0,0.0,0.0,0.0
2013-02-15,117.4,311,1,0,1,0,0.003215434083601286,3.215434083601286,0.0,0.0,0.003215434083601286,3.215434083601286,0.0,0.0
2013-02-19,117.04,351,1,0,0,1,0.002849002849002849,2.849002849002849,0.0,0.0,0.0,0.0,0.002849002849002849,2.849002849002849
2013-02-20,116.23,356,0,0,0,0,0.0,0.0,0.0,0.0,0.0,0.0,0.0,0.0
2013-02-21,114.19,334,0,0,0,0,0.0,0.0,0.0,0.0,0.0,0.0,0.0,0.0
2013-02-22,113.74,293,0,0,0,0,0.0,0.0,0.0,0.0,0.0,0.0,0.0,0.0
2013-02-25,114.55,359,4,1,2,2,0.011142061281337047,11.142061281337048,0.002785515320334262,2.785515320334262,0.005571030640668524,5.571030640668524,0.005571030640668524,5.571030640668524
2013-02-26,112.96,360,1,0,0,1,0.002777777777777778,2.7777777777777777,0.0,0.0,0.0,0.0,0.002777777777777778,2.7777777777777777
2013-02-27,112.24,343,2,0,0,2,0.0058309037900874635,5.830903790087463,0.0,0.0,0.0,0.0,0.0058309037900874635,5.830903790087463
2013-02-28,112.2,351,0,0,0,0,0.0,0.0,0.0,0.0,0.0,0.0,0.0,0.0
2013-03-01,110.14,363,0,0,0,0,0.0,0.0,0.0,0.0,0.0,0.0,0.0,0.0
2013-03-04,109.9,315,1,0,1,0,0.0031746031746031746,3.1746031746031744,0.0,0.0,0.0031746031746031746,3.1746031746031744,0.0,0.0
2013-03-05,110.42,348,0,0,0,0,0.0,0.0,0.0,0.0,0.0,0.0,0.0,0.0
2013-03-06,110.27,365,0,0,0,0,0.0,0.0,0.0,0.0,0.0,0.0,0.0,0.0
2013-03-07,110.42,363,0,0,0,0,0.0,0.0,0.0,0.0,0.0,0.0,0.0,0.0
2013-03-08,108.91,337,0,0,0,0,0.0,0.0,0.0,0.0,0.0,0.0,0.0,0.0
2013-03-11,108.64,309,0,0,0,0,0.0,0.0,0.0,0.0,0.0,0.0,0.0,0.0
2013-03-12,108.48,347,0,0,0,0,0.0,0.0,0.0,0.0,0.0,0.0,0.0,0.0
2013-03-13,107.51,364,0,0,0,0,0.0,0.0,0.0,0.0,0.0,0.0,0.0,0.0
2013-03-14,108.1,336,0,0,0,0,0.0,0.0,0.0,0.0,0.0,0.0,0.0,0.0
2013-03-15,109.32,376,1,0,0,1,0.0026595744680851063,2.6595744680851063,0.0,0.0,0.0,0.0,0.0026595744680851063,2.6595744680851063
2013-03-18,108.54,324,0,0,0,0,0.0,0.0,0.0,0.0,0.0,0.0,0.0,0.0
2013-03-19,106.91,367,0,0,0,0,0.0,0.0,0.0,0.0,0.0,0.0,0.0,0.0
2013-03-20,108.27,351,0,0,0,0,0.0,0.0,0.0,0.0,0.0,0.0,0.0,0.0
2013-03-21,106.41,368,0,0,0,0,0.0,0.0,0.0,0.0,0.0,0.0,0.0,0.0
2013-03-22,106.51,361,0,0,0,0,0.0,0.0,0.0,0.0,0.0,0.0,0.0,0.0
2013-03-25,106.66,314,0,0,0,0,0.0,0.0,0.0,0.0,0.0,0.0,0.0,0.0
2013-03-26,107.1,328,0,0,0,0,0.0,0.0,0.0,0.0,0.0,0.0,0.0,0.0
2013-03-27,108.51,302,0,0,0,0,0.0,0.0,0.0,0.0,0.0,0.0,0.0,0.0
2013-03-28,108.46,376,1,0,0,1,0.0026595744680851063,2.6595744680851063,0.0,0.0,0.0,0.0,0.0026595744680851063,2.6595744680851063
2013-04-01,108.76,218,0,0,0,0,0.0,0.0,0.0,0.0,0.0,0.0,0.0,0.0
2013-04-02,109.66,319,0,0,0,0,0.0,0.0,0.0,0.0,0.0,0.0,0.0,0.0
2013-04-03,107.82,343,0,0,0,0,0.0,0.0,0.0,0.0,0.0,0.0,0.0,0.0
2013-04-04,105.09,340,0,0,0,0,0.0,0.0,0.0,0.0,0.0,0.0,0.0,0.0
2013-04-05,103.98,367,0,0,0,0,0.0,0.0,0.0,0.0,0.0,0.0,0.0,0.0
2013-04-08,103.16,351,0,0,0,0,0.0,0.0,0.0,0.0,0.0,0.0,0.0,0.0
2013-04-09,104.08,317,0,0,0,0,0.0,0.0,0.0,0.0,0.0,0.0,0.0,0.0
2013-04-10,104.8,344,0,0,0,0,0.0,0.0,0.0,0.0,0.0,0.0,0.0,0.0
2013-04-11,103.62,370,1,0,1,0,0.002702702702702703,2.7027027027027026,0.0,0.0,0.002702702702702703,2.7027027027027026,0.0,0.0
2013-04-12,100.58,383,0,0,0,0,0.0,0.0,0.0,0.0,0.0,0.0,0.0,0.0
2013-04-15,99.32,348,0,0,0,0,0.0,0.0,0.0,0.0,0.0,0.0,0.0,0.0
2013-04-16,97.88,378,0,0,0,0,0.0,0.0,0.0,0.0,0.0,0.0,0.0,0.0
2013-04-17,96.84,343,0,0,0,0,0.0,0.0,0.0,0.0,0.0,0.0,0.0,0.0
2013-04-18,97.48,338,0,0,0,0,0.0,0.0,0.0,0.0,0.0,0.0,0.0,0.0
2013-04-19,98.94,341,0,0,0,0,0.0,0.0,0.0,0.0,0.0,0.0,0.0,0.0
2013-04-22,99.07,343,1,0,0,1,0.0029154518950437317,2.9154518950437316,0.0,0.0,0.0,0.0,0.0029154518950437317,2.9154518950437316
2013-04-23,99.25,373,1,0,0,1,0.002680965147453083,2.680965147453083,0.0,0.0,0.0,0.0,0.002680965147453083,2.680965147453083
2013-04-24,100.71,364,0,0,0,0,0.0,0.0,0.0,0.0,0.0,0.0,0.0,0.0
2013-04-25,101.62,239,0,0,0,0,0.0,0.0,0.0,0.0,0.0,0.0,0.0,0.0
2013-04-26,102.39,330,0,0,0,0,0.0,0.0,0.0,0.0,0.0,0.0,0.0,0.0
2013-04-29,102.88,350,0,0,0,0,0.0,0.0,0.0,0.0,0.0,0.0,0.0,0.0
2013-04-30,101.53,347,0,0,0,0,0.0,0.0,0.0,0.0,0.0,0.0,0.0,0.0
2013-05-01,98.34,341,0,0,0,0,0.0,0.0,0.0,0.0,0.0,0.0,0.0,0.0
2013-05-02,100.32,363,2,0,2,0,0.005509641873278237,5.5096418732782375,0.0,0.0,0.005509641873278237,5.5096418732782375,0.0,0.0
2013-05-03,104.6,313,0,0,0,0,0.0,0.0,0.0,0.0,0.0,0.0,0.0,0.0
2013-05-06,105.0,319,1,0,0,1,0.003134796238244514,3.134796238244514,0.0,0.0,0.0,0.0,0.003134796238244514,3.134796238244514
2013-05-07,105.18,372,0,0,0,0,0.0,0.0,0.0,0.0,0.0,0.0,0.0,0.0
2013-05-08,103.79,324,0,0,0,0,0.0,0.0,0.0,0.0,0.0,0.0,0.0,0.0
2013-05-09,103.59,340,0,0,0,0,0.0,0.0,0.0,0.0,0.0,0.0,0.0,0.0
2013-05-10,101.31,307,1,0,0,1,0.003257328990228013,3.257328990228013,0.0,0.0,0.0,0.0,0.003257328990228013,3.257328990228013
2013-05-13,102.17,327,0,0,0,0,0.0,0.0,0.0,0.0,0.0,0.0,0.0,0.0
2013-05-14,102.7,378,1,0,0,1,0.0026455026455026454,2.6455026455026456,0.0,0.0,0.0,0.0,0.0026455026455026454,2.6455026455026456
2013-05-15,101.57,318,0,0,0,0,0.0,0.0,0.0,0.0,0.0,0.0,0.0,0.0
2013-05-16,104.27,339,2,1,0,1,0.0058997050147492625,5.899705014749262,0.0029498525073746312,2.949852507374631,0.0,0.0,0.0029498525073746312,2.949852507374631
2013-05-17,103.83,307,0,0,0,0,0.0,0.0,0.0,0.0,0.0,0.0,0.0,0.0
2013-05-20,104.55,371,1,0,0,1,0.0026954177897574125,2.6954177897574128,0.0,0.0,0.0,0.0,0.0026954177897574125,2.6954177897574128
2013-05-21,103.1,346,0,0,0,0,0.0,0.0,0.0,0.0,0.0,0.0,0.0,0.0
2013-05-22,102.14,351,0,0,0,0,0.0,0.0,0.0,0.0,0.0,0.0,0.0,0.0
2013-05-23,100.46,335,0,0,0,0,0.0,0.0,0.0,0.0,0.0,0.0,0.0,0.0
2013-05-24,101.24,310,0,0,0,0,0.0,0.0,0.0,0.0,0.0,0.0,0.0,0.0
2013-05-28,103.77,339,0,0,0,0,0.0,0.0,0.0,0.0,0.0,0.0,0.0,0.0
2013-05-29,102.14,369,0,0,0,0,0.0,0.0,0.0,0.0,0.0,0.0,0.0,0.0
2013-05-30,101.79,355,0,0,0,0,0.0,0.0,0.0,0.0,0.0,0.0,0.0,0.0
2013-05-31,100.43,347,0,0,0,0,0.0,0.0,0.0,0.0,0.0,0.0,0.0,0.0
2013-06-03,101.63,340,0,0,0,0,0.0,0.0,0.0,0.0,0.0,0.0,0.0,0.0
2013-06-04,102.04,345,0,0,0,0,0.0,0.0,0.0,0.0,0.0,0.0,0.0,0.0
2013-06-05,103.51,348,0,0,0,0,0.0,0.0,0.0,0.0,0.0,0.0,0.0,0.0
2013-06-06,103.37,362,0,0,0,0,0.0,0.0,0.0,0.0,0.0,0.0,0.0,0.0
2013-06-07,104.07,320,0,0,0,0,0.0,0.0,0.0,0.0,0.0,0.0,0.0,0.0
2013-06-10,103.87,281,0,0,0,0,0.0,0.0,0.0,0.0,0.0,0.0,0.0,0.0
2013-06-11,101.5,343,0,0,0,0,0.0,0.0,0.0,0.0,0.0,0.0,0.0,0.0
2013-06-12,103.11,322,1,0,0,1,0.003105590062111801,3.105590062111801,0.0,0.0,0.0,0.0,0.003105590062111801,3.105590062111801
2013-06-13,103.38,332,0,0,0,0,0.0,0.0,0.0,0.0,0.0,0.0,0.0,0.0
2013-06-14,105.1,347,1,0,0,1,0.002881844380403458,2.881844380403458,0.0,0.0,0.0,0.0,0.002881844380403458,2.881844380403458
2013-06-17,105.8,285,1,0,0,1,0.0035087719298245615,3.5087719298245617,0.0,0.0,0.0,0.0,0.0035087719298245615,3.5087719298245617
2013-06-18,105.21,330,3,1,0,2,0.00909090909090909,9.09090909090909,0.0030303030303030303,3.0303030303030303,0.0,0.0,0.006060606060606061,6.0606060606060606
2013-06-19,105.56,311,0,0,0,0,0.0,0.0,0.0,0.0,0.0,0.0,0.0,0.0
2013-06-20,102.72,341,0,0,0,0,0.0,0.0,0.0,0.0,0.0,0.0,0.0,0.0
2013-06-21,100.36,335,1,0,1,0,0.0029850746268656717,2.985074626865672,0.0,0.0,0.0029850746268656717,2.985074626865672,0.0,0.0
2013-06-24,99.8,330,0,0,0,0,0.0,0.0,0.0,0.0,0.0,0.0,0.0,0.0
2013-06-25,101.51,362,0,0,0,0,0.0,0.0,0.0,0.0,0.0,0.0,0.0,0.0
2013-06-26,100.62,343,0,0,0,0,0.0,0.0,0.0,0.0,0.0,0.0,0.0,0.0
2013-06-27,102.74,342,0,0,0,0,0.0,0.0,0.0,0.0,0.0,0.0,0.0,0.0
2013-06-28,102.49,331,0,0,0,0,0.0,0.0,0.0,0.0,0.0,0.0,0.0,0.0
2013-07-01,103.19,324,0,0,0,0,0.0,0.0,0.0,0.0,0.0,0.0,0.0,0.0
2013-07-02,103.96,339,0,0,0,0,0.0,0.0,0.0,0.0,0.0,0.0,0.0,0.0
2013-07-03,106.12,308,0,0,0,0,0.0,0.0,0.0,0.0,0.0,0.0,0.0,0.0
2013-07-05,107.46,322,0,0,0,0,0.0,0.0,0.0,0.0,0.0,0.0,0.0,0.0
2013-07-08,107.75,363,1,1,0,0,0.0027548209366391185,2.7548209366391188,0.0027548209366391185,2.7548209366391188,0.0,0.0,0.0,0.0
2013-07-09,107.9,311,1,0,0,1,0.003215434083601286,3.215434083601286,0.0,0.0,0.0,0.0,0.003215434083601286,3.215434083601286
2013-07-10,108.43,318,1,0,0,1,0.0031446540880503146,3.1446540880503147,0.0,0.0,0.0,0.0,0.0031446540880503146,3.1446540880503147
2013-07-11,108.18,292,0,0,0,0,0.0,0.0,0.0,0.0,0.0,0.0,0.0,0.0
2013-07-12,109.03,318,1,0,0,1,0.0031446540880503146,3.1446540880503147,0.0,0.0,0.0,0.0,0.0031446540880503146,3.1446540880503147
2013-07-15,109.05,327,1,0,0,1,0.0030581039755351682,3.058103975535168,0.0,0.0,0.0,0.0,0.0030581039755351682,3.058103975535168
2013-07-16,109.29,321,1,0,1,0,0.003115264797507788,3.115264797507788,0.0,0.0,0.003115264797507788,3.115264797507788,0.0,0.0
2013-07-17,109.67,322,0,0,0,0,0.0,0.0,0.0,0.0,0.0,0.0,0.0,0.0
2013-07-18,109.71,331,2,0,1,1,0.006042296072507553,6.042296072507553,0.0,0.0,0.0030211480362537764,3.0211480362537766,0.0030211480362537764,3.0211480362537766
2013-07-19,109.34,273,0,0,0,0,0.0,0.0,0.0,0.0,0.0,0.0,0.0,0.0
2013-07-22,108.82,342,1,0,0,1,0.0029239766081871343,2.923976608187134,0.0,0.0,0.0,0.0,0.0029239766081871343,2.923976608187134
2013-07-23,109.27,327,0,0,0,0,0.0,0.0,0.0,0.0,0.0,0.0,0.0,0.0
2013-07-24,108.23,337,0,0,0,0,0.0,0.0,0.0,0.0,0.0,0.0,0.0,0.0
2013-07-25,108.1,355,1,0,0,1,0.0028169014084507044,2.8169014084507045,0.0,0.0,0.0,0.0,0.0028169014084507044,2.8169014084507045
2013-07-26,107.57,328,1,0,0,1,0.003048780487804878,3.048780487804878,0.0,0.0,0.0,0.0,0.003048780487804878,3.048780487804878
2013-07-29,108.1,358,1,0,1,0,0.002793296089385475,2.793296089385475,0.0,0.0,0.002793296089385475,2.793296089385475,0.0,0.0
2013-07-30,107.47,340,1,0,0,1,0.0029411764705882353,2.941176470588235,0.0,0.0,0.0,0.0,0.0029411764705882353,2.941176470588235
2013-07-31,107.89,321,1,0,0,1,0.003115264797507788,3.115264797507788,0.0,0.0,0.0,0.0,0.003115264797507788,3.115264797507788
2013-08-01,109.94,343,0,0,0,0,0.0,0.0,0.0,0.0,0.0,0.0,0.0,0.0
2013-08-02,109.63,344,0,0,0,0,0.0,0.0,0.0,0.0,0.0,0.0,0.0,0.0
2013-08-05,109.81,329,0,0,0,0,0.0,0.0,0.0,0.0,0.0,0.0,0.0,0.0
2013-08-06,108.77,330,0,0,0,0,0.0,0.0,0.0,0.0,0.0,0.0,0.0,0.0
2013-08-07,108.39,337,0,0,0,0,0.0,0.0,0.0,0.0,0.0,0.0,0.0,0.0
2013-08-08,107.32,307,0,0,0,0,0.0,0.0,0.0,0.0,0.0,0.0,0.0,0.0
2013-08-09,108.49,332,1,0,1,0,0.0030120481927710845,3.0120481927710845,0.0,0.0,0.0030120481927710845,3.0120481927710845,0.0,0.0
2013-08-12,109.28,340,0,0,0,0,0.0,0.0,0.0,0.0,0.0,0.0,0.0,0.0
2013-08-13,110.69,347,1,0,0,1,0.002881844380403458,2.881844380403458,0.0,0.0,0.0,0.0,0.002881844380403458,2.881844380403458
2013-08-14,110.26,355,1,0,0,1,0.0028169014084507044,2.8169014084507045,0.0,0.0,0.0,0.0,0.0028169014084507044,2.8169014084507045
2013-08-15,111.58,365,0,0,0,0,0.0,0.0,0.0,0.0,0.0,0.0,0.0,0.0
2013-08-16,111.82,344,0,0,0,0,0.0,0.0,0.0,0.0,0.0,0.0,0.0,0.0
2013-08-19,111.41,321,0,0,0,0,0.0,0.0,0.0,0.0,0.0,0.0,0.0,0.0
2013-08-20,110.74,343,0,0,0,0,0.0,0.0,0.0,0.0,0.0,0.0,0.0,0.0
2013-08-21,110.82,354,0,0,0,0,0.0,0.0,0.0,0.0,0.0,0.0,0.0,0.0
2013-08-22,110.51,326,1,0,1,0,0.003067484662576687,3.067484662576687,0.0,0.0,0.003067484662576687,3.067484662576687,0.0,0.0
2013-08-23,112.12,312,0,0,0,0,0.0,0.0,0.0,0.0,0.0,0.0,0.0,0.0
2013-08-26,112.23,349,0,0,0,0,0.0,0.0,0.0,0.0,0.0,0.0,0.0,0.0
2013-08-27,115.21,339,0,0,0,0,0.0,0.0,0.0,0.0,0.0,0.0,0.0,0.0
2013-08-28,116.27,358,1,1,1,1,0.002793296089385475,2.793296089385475,0.002793296089385475,2.793296089385475,0.002793296089385475,2.793296089385475,0.002793296089385475,2.793296089385475
2013-08-29,116.91,349,0,0,0,0,0.0,0.0,0.0,0.0,0.0,0.0,0.0,0.0
2013-08-30,115.97,355,0,0,0,0,0.0,0.0,0.0,0.0,0.0,0.0,0.0,0.0
2013-09-03,115.49,333,0,0,0,0,0.0,0.0,0.0,0.0,0.0,0.0,0.0,0.0
2013-09-04,115.65,342,0,0,0,0,0.0,0.0,0.0,0.0,0.0,0.0,0.0,0.0
2013-09-05,115.81,335,0,0,0,0,0.0,0.0,0.0,0.0,0.0,0.0,0.0,0.0
2013-09-06,117.15,328,1,0,0,1,0.003048780487804878,3.048780487804878,0.0,0.0,0.0,0.0,0.003048780487804878,3.048780487804878
2013-09-09,115.2,302,0,0,0,0,0.0,0.0,0.0,0.0,0.0,0.0,0.0,0.0
2013-09-10,112.1,320,0,0,0,0,0.0,0.0,0.0,0.0,0.0,0.0,0.0,0.0
2013-09-11,112.37,361,0,0,0,0,0.0,0.0,0.0,0.0,0.0,0.0,0.0,0.0
2013-09-12,113.11,321,0,0,0,0,0.0,0.0,0.0,0.0,0.0,0.0,0.0,0.0
2013-09-13,113.31,324,0,0,0,0,0.0,0.0,0.0,0.0,0.0,0.0,0.0,0.0
2013-09-16,110.86,318,2,0,1,1,0.006289308176100629,6.289308176100629,0.0,0.0,0.0031446540880503146,3.1446540880503147,0.0031446540880503146,3.1446540880503147
2013-09-17,109.05,302,1,1,0,0,0.0033112582781456954,3.3112582781456954,0.0033112582781456954,3.3112582781456954,0.0,0.0,0.0,0.0
2013-09-18,109.09,321,1,0,1,0,0.003115264797507788,3.115264797507788,0.0,0.0,0.003115264797507788,3.115264797507788,0.0,0.0
2013-09-19,110.66,331,0,0,0,0,0.0,0.0,0.0,0.0,0.0,0.0,0.0,0.0
2013-09-20,110.22,316,0,0,0,0,0.0,0.0,0.0,0.0,0.0,0.0,0.0,0.0
2013-09-23,108.56,253,0,0,0,0,0.0,0.0,0.0,0.0,0.0,0.0,0.0,0.0
2013-09-24,107.68,263,1,0,1,0,0.0038022813688212928,3.802281368821293,0.0,0.0,0.0038022813688212928,3.802281368821293,0.0,0.0
2013-09-25,109.46,273,0,0,0,0,0.0,0.0,0.0,0.0,0.0,0.0,0.0,0.0
2013-09-26,108.86,268,1,0,1,0,0.0037313432835820895,3.7313432835820897,0.0,0.0,0.0037313432835820895,3.7313432835820897,0.0,0.0
2013-09-27,109.45,269,0,0,0,0,0.0,0.0,0.0,0.0,0.0,0.0,0.0,0.0
2013-09-30,107.85,250,0,0,0,0,0.0,0.0,0.0,0.0,0.0,0.0,0.0,0.0
2013-10-01,107.32,265,0,0,0,0,0.0,0.0,0.0,0.0,0.0,0.0,0.0,0.0
2013-10-02,109.09,289,0,0,0,0,0.0,0.0,0.0,0.0,0.0,0.0,0.0,0.0
2013-10-03,109.49,313,0,0,0,0,0.0,0.0,0.0,0.0,0.0,0.0,0.0,0.0
2013-10-04,109.42,297,1,0,1,0,0.003367003367003367,3.3670033670033668,0.0,0.0,0.003367003367003367,3.3670033670033668,0.0,0.0
2013-10-07,109.66,263,0,0,0,0,0.0,0.0,0.0,0.0,0.0,0.0,0.0,0.0
2013-10-08,110.56,315,2,0,2,0,0.006349206349206349,6.349206349206349,0.0,0.0,0.006349206349206349,6.349206349206349,0.0,0.0
2013-10-09,109.02,313,0,0,0,0,0.0,0.0,0.0,0.0,0.0,0.0,0.0,0.0
2013-10-10,111.63,322,0,0,0,0,0.0,0.0,0.0,0.0,0.0,0.0,0.0,0.0
2013-10-11,110.65,291,0,0,0,0,0.0,0.0,0.0,0.0,0.0,0.0,0.0,0.0
2013-10-14,110.13,315,0,0,0,0,0.0,0.0,0.0,0.0,0.0,0.0,0.0,0.0
2013-10-15,110.67,333,0,0,0,0,0.0,0.0,0.0,0.0,0.0,0.0,0.0,0.0
2013-10-16,110.79,313,0,0,0,0,0.0,0.0,0.0,0.0,0.0,0.0,0.0,0.0
2013-10-17,109.55,314,2,0,1,1,0.006369426751592357,6.369426751592357,0.0,0.0,0.0031847133757961785,3.1847133757961785,0.0031847133757961785,3.1847133757961785
2013-10-18,109.4,331,0,0,0,0,0.0,0.0,0.0,0.0,0.0,0.0,0.0,0.0
2013-10-21,109.47,316,0,0,0,0,0.0,0.0,0.0,0.0,0.0,0.0,0.0,0.0
2013-10-22,109.57,297,1,1,0,0,0.003367003367003367,3.3670033670033668,0.003367003367003367,3.3670033670033668,0.0,0.0,0.0,0.0
2013-10-23,107.74,348,0,0,0,0,0.0,0.0,0.0,0.0,0.0,0.0,0.0,0.0
2013-10-24,106.63,338,0,0,0,0,0.0,0.0,0.0,0.0,0.0,0.0,0.0,0.0
2013-10-25,105.7,332,0,0,0,0,0.0,0.0,0.0,0.0,0.0,0.0,0.0,0.0
2013-10-28,108.29,315,3,0,1,2,0.009523809523809525,9.523809523809526,0.0,0.0,0.0031746031746031746,3.1746031746031744,0.006349206349206349,6.349206349206349
2013-10-29,108.04,334,1,0,1,0,0.0029940119760479044,2.9940119760479043,0.0,0.0,0.0029940119760479044,2.9940119760479043,0.0,0.0
2013-10-30,108.41,340,0,0,0,0,0.0,0.0,0.0,0.0,0.0,0.0,0.0,0.0
2013-10-31,107.53,355,0,0,0,0,0.0,0.0,0.0,0.0,0.0,0.0,0.0,0.0
2013-11-01,105.78,327,0,0,0,0,0.0,0.0,0.0,0.0,0.0,0.0,0.0,0.0
2013-11-04,104.85,312,0,0,0,0,0.0,0.0,0.0,0.0,0.0,0.0,0.0,0.0
2013-11-05,105.01,311,0,0,0,0,0.0,0.0,0.0,0.0,0.0,0.0,0.0,0.0
2013-11-06,105.46,327,0,0,0,0,0.0,0.0,0.0,0.0,0.0,0.0,0.0,0.0
2013-11-07,103.08,319,0,0,0,0,0.0,0.0,0.0,0.0,0.0,0.0,0.0,0.0
2013-11-08,104.29,304,0,0,0,0,0.0,0.0,0.0,0.0,0.0,0.0,0.0,0.0
2013-11-11,105.76,313,0,0,0,0,0.0,0.0,0.0,0.0,0.0,0.0,0.0,0.0
2013-11-12,106.29,319,0,0,0,0,0.0,0.0,0.0,0.0,0.0,0.0,0.0,0.0
2013-11-13,106.9,282,0,0,0,0,0.0,0.0,0.0,0.0,0.0,0.0,0.0,0.0
2013-11-14,108.29,318,0,0,0,0,0.0,0.0,0.0,0.0,0.0,0.0,0.0,0.0
2013-11-15,108.25,340,0,0,0,0,0.0,0.0,0.0,0.0,0.0,0.0,0.0,0.0
2013-11-18,108.8,337,2,0,2,0,0.005934718100890208,5.934718100890208,0.0,0.0,0.005934718100890208,5.934718100890208,0.0,0.0
2013-11-19,108.29,350,0,0,0,0,0.0,0.0,0.0,0.0,0.0,0.0,0.0,0.0
2013-11-20,108.27,333,0,0,0,0,0.0,0.0,0.0,0.0,0.0,0.0,0.0,0.0
2013-11-21,109.9,343,0,0,0,0,0.0,0.0,0.0,0.0,0.0,0.0,0.0,0.0
2013-11-22,111.36,346,0,0,0,0,0.0,0.0,0.0,0.0,0.0,0.0,0.0,0.0
2013-11-25,110.83,289,0,0,0,0,0.0,0.0,0.0,0.0,0.0,0.0,0.0,0.0
2013-11-26,112.04,301,2,1,1,0,0.006644518272425249,6.644518272425249,0.0033222591362126247,3.3222591362126246,0.0033222591362126247,3.3222591362126246,0.0,0.0
2013-11-27,111.32,320,0,0,0,0,0.0,0.0,0.0,0.0,0.0,0.0,0.0,0.0
2013-11-29,111.07,310,0,0,0,0,0.0,0.0,0.0,0.0,0.0,0.0,0.0,0.0
2013-12-02,111.49,301,0,0,0,0,0.0,0.0,0.0,0.0,0.0,0.0,0.0,0.0
2013-12-03,113.06,293,1,0,0,1,0.0034129692832764505,3.4129692832764507,0.0,0.0,0.0,0.0,0.0034129692832764505,3.4129692832764507
2013-12-04,113.27,299,0,0,0,0,0.0,0.0,0.0,0.0,0.0,0.0,0.0,0.0
2013-12-05,112.07,307,0,0,0,0,0.0,0.0,0.0,0.0,0.0,0.0,0.0,0.0
2013-12-06,111.5,300,1,0,0,1,0.0033333333333333335,3.3333333333333335,0.0,0.0,0.0,0.0,0.0033333333333333335,3.3333333333333335
2013-12-09,110.07,284,0,0,0,0,0.0,0.0,0.0,0.0,0.0,0.0,0.0,0.0
2013-12-10,108.91,284,0,0,0,0,0.0,0.0,0.0,0.0,0.0,0.0,0.0,0.0
2013-12-11,109.47,293,0,0,0,0,0.0,0.0,0.0,0.0,0.0,0.0,0.0,0.0
2013-12-12,108.99,294,1,0,0,1,0.003401360544217687,3.401360544217687,0.0,0.0,0.0,0.0,0.003401360544217687,3.401360544217687
2013-12-13,108.08,303,0,0,0,0,0.0,0.0,0.0,0.0,0.0,0.0,0.0,0.0
2013-12-16,110.3,219,2,0,2,0,0.0091324200913242,9.1324200913242,0.0,0.0,0.0091324200913242,9.1324200913242,0.0,0.0
2013-12-17,108.91,255,0,0,0,0,0.0,0.0,0.0,0.0,0.0,0.0,0.0,0.0
2013-12-18,109.56,242,0,0,0,0,0.0,0.0,0.0,0.0,0.0,0.0,0.0,0.0
2013-12-19,110.78,249,0,0,0,0,0.0,0.0,0.0,0.0,0.0,0.0,0.0,0.0
2013-12-20,112.15,252,0,0,0,0,0.0,0.0,0.0,0.0,0.0,0.0,0.0,0.0
2013-12-23,111.58,195,1,0,1,0,0.005128205128205128,5.128205128205129,0.0,0.0,0.005128205128205128,5.128205128205129,0.0,0.0
2013-12-24,111.57,148,0,0,0,0,0.0,0.0,0.0,0.0,0.0,0.0,0.0,0.0
2013-12-26,111.65,102,0,0,0,0,0.0,0.0,0.0,0.0,0.0,0.0,0.0,0.0
2013-12-27,112.06,135,0,0,0,0,0.0,0.0,0.0,0.0,0.0,0.0,0.0,0.0
2013-12-30,110.47,161,1,0,0,1,0.006211180124223602,6.211180124223602,0.0,0.0,0.0,0.0,0.006211180124223602,6.211180124223602
2013-12-31,109.95,160,0,0,0,0,0.0,0.0,0.0,0.0,0.0,0.0,0.0,0.0
2014-01-02,107.94,185,0,0,0,0,0.0,0.0,0.0,0.0,0.0,0.0,0.0,0.0
2014-01-03,106.57,189,0,0,0,0,0.0,0.0,0.0,0.0,0.0,0.0,0.0,0.0
2014-01-06,106.71,209,0,0,0,0,0.0,0.0,0.0,0.0,0.0,0.0,0.0,0.0
2014-01-07,107.01,239,2,0,0,2,0.008368200836820083,8.368200836820083,0.0,0.0,0.0,0.0,0.008368200836820083,8.368200836820083
2014-01-08,107.42,232,0,0,0,0,0.0,0.0,0.0,0.0,0.0,0.0,0.0,0.0
2014-01-09,107.49,217,2,0,0,2,0.009216589861751152,9.216589861751151,0.0,0.0,0.0,0.0,0.009216589861751152,9.216589861751151
2014-01-10,106.44,248,0,0,0,0,0.0,0.0,0.0,0.0,0.0,0.0,0.0,0.0
2014-01-13,108.02,229,0,0,0,0,0.0,0.0,0.0,0.0,0.0,0.0,0.0,0.0
2014-01-14,107.12,277,0,0,0,0,0.0,0.0,0.0,0.0,0.0,0.0,0.0,0.0
2014-01-15,108.09,276,0,0,0,0,0.0,0.0,0.0,0.0,0.0,0.0,0.0,0.0
2014-01-16,107.46,247,0,0,0,0,0.0,0.0,0.0,0.0,0.0,0.0,0.0,0.0
2014-01-17,108.45,282,0,0,0,0,0.0,0.0,0.0,0.0,0.0,0.0,0.0,0.0
2014-01-20,108.01,285,0,0,0,0,0.0,0.0,0.0,0.0,0.0,0.0,0.0,0.0
2014-01-21,109.17,279,0,0,0,0,0.0,0.0,0.0,0.0,0.0,0.0,0.0,0.0
2014-01-22,109.69,279,1,0,0,1,0.0035842293906810036,3.5842293906810037,0.0,0.0,0.0,0.0,0.0035842293906810036,3.5842293906810037
2014-01-23,109.69,276,0,0,0,0,0.0,0.0,0.0,0.0,0.0,0.0,0.0,0.0
2014-01-24,109.14,244,0,0,0,0,0.0,0.0,0.0,0.0,0.0,0.0,0.0,0.0
2014-01-27,108.72,226,0,0,0,0,0.0,0.0,0.0,0.0,0.0,0.0,0.0,0.0
2014-01-28,109.1,289,0,0,0,0,0.0,0.0,0.0,0.0,0.0,0.0,0.0,0.0
2014-01-29,108.83,298,0,0,0,0,0.0,0.0,0.0,0.0,0.0,0.0,0.0,0.0
2014-01-30,109.36,295,0,0,0,0,0.0,0.0,0.0,0.0,0.0,0.0,0.0,0.0
2014-01-31,108.16,313,0,0,0,0,0.0,0.0,0.0,0.0,0.0,0.0,0.0,0.0
2014-02-03,106.55,294,0,0,0,0,0.0,0.0,0.0,0.0,0.0,0.0,0.0,0.0
2014-02-04,107.04,298,0,0,0,0,0.0,0.0,0.0,0.0,0.0,0.0,0.0,0.0
2014-02-05,106.81,301,0,0,0,0,0.0,0.0,0.0,0.0,0.0,0.0,0.0,0.0
2014-02-06,108.15,311,1,0,1,0,0.003215434083601286,3.215434083601286,0.0,0.0,0.003215434083601286,3.215434083601286,0.0,0.0
2014-02-07,110.12,310,0,0,0,0,0.0,0.0,0.0,0.0,0.0,0.0,0.0,0.0
2014-02-10,110.18,308,0,0,0,0,0.0,0.0,0.0,0.0,0.0,0.0,0.0,0.0
2014-02-11,109.21,301,0,0,0,0,0.0,0.0,0.0,0.0,0.0,0.0,0.0,0.0
2014-02-12,108.62,321,0,0,0,0,0.0,0.0,0.0,0.0,0.0,0.0,0.0,0.0
2014-02-13,108.98,319,0,0,0,0,0.0,0.0,0.0,0.0,0.0,0.0,0.0,0.0
2014-02-14,108.63,318,0,0,0,0,0.0,0.0,0.0,0.0,0.0,0.0,0.0,0.0
2014-02-18,110.14,298,0,0,0,0,0.0,0.0,0.0,0.0,0.0,0.0,0.0,0.0
2014-02-19,110.37,296,0,0,0,0,0.0,0.0,0.0,0.0,0.0,0.0,0.0,0.0
2014-02-20,109.42,327,0,0,0,0,0.0,0.0,0.0,0.0,0.0,0.0,0.0,0.0
2014-02-21,109.03,323,0,0,0,0,0.0,0.0,0.0,0.0,0.0,0.0,0.0,0.0
2014-02-24,109.76,309,0,0,0,0,0.0,0.0,0.0,0.0,0.0,0.0,0.0,0.0
2014-02-25,109.19,288,3,0,3,0,0.010416666666666666,10.416666666666666,0.0,0.0,0.010416666666666666,10.416666666666666,0.0,0.0
2014-02-26,109.39,322,0,0,0,0,0.0,0.0,0.0,0.0,0.0,0.0,0.0,0.0
2014-02-27,108.54,315,0,0,0,0,0.0,0.0,0.0,0.0,0.0,0.0,0.0,0.0
2014-02-28,108.98,291,0,0,0,0,0.0,0.0,0.0,0.0,0.0,0.0,0.0,0.0
2014-03-03,111.26,310,0,0,0,0,0.0,0.0,0.0,0.0,0.0,0.0,0.0,0.0
2014-03-04,109.17,279,0,0,0,0,0.0,0.0,0.0,0.0,0.0,0.0,0.0,0.0
2014-03-05,108.15,288,0,0,0,0,0.0,0.0,0.0,0.0,0.0,0.0,0.0,0.0
2014-03-06,107.99,322,0,0,0,0,0.0,0.0,0.0,0.0,0.0,0.0,0.0,0.0
2014-03-07,109.14,262,0,0,0,0,0.0,0.0,0.0,0.0,0.0,0.0,0.0,0.0
2014-03-10,108.27,267,0,0,0,0,0.0,0.0,0.0,0.0,0.0,0.0,0.0,0.0
2014-03-11,108.35,293,0,0,0,0,0.0,0.0,0.0,0.0,0.0,0.0,0.0,0.0
2014-03-12,107.88,294,0,0,0,0,0.0,0.0,0.0,0.0,0.0,0.0,0.0,0.0
2014-03-13,107.48,299,1,0,1,0,0.0033444816053511705,3.3444816053511706,0.0,0.0,0.0033444816053511705,3.3444816053511706,0.0,0.0
2014-03-14,108.08,315,0,0,0,0,0.0,0.0,0.0,0.0,0.0,0.0,0.0,0.0
2014-03-17,106.99,274,1,0,1,0,0.0036496350364963502,3.6496350364963503,0.0,0.0,0.0036496350364963502,3.6496350364963503,0.0,0.0
2014-03-18,106.79,264,1,0,0,1,0.003787878787878788,3.787878787878788,0.0,0.0,0.0,0.0,0.003787878787878788,3.787878787878788
2014-03-19,105.95,319,0,0,0,0,0.0,0.0,0.0,0.0,0.0,0.0,0.0,0.0
2014-03-20,105.73,295,0,0,0,0,0.0,0.0,0.0,0.0,0.0,0.0,0.0,0.0
2014-03-21,107.2,284,1,0,0,1,0.0035211267605633804,3.5211267605633805,0.0,0.0,0.0,0.0,0.0035211267605633804,3.5211267605633805
2014-03-24,106.59,294,0,0,0,0,0.0,0.0,0.0,0.0,0.0,0.0,0.0,0.0
2014-03-25,107.01,293,0,0,0,0,0.0,0.0,0.0,0.0,0.0,0.0,0.0,0.0
2014-03-26,105.9,294,1,0,1,0,0.003401360544217687,3.401360544217687,0.0,0.0,0.003401360544217687,3.401360544217687,0.0,0.0
2014-03-27,106.58,318,0,0,0,0,0.0,0.0,0.0,0.0,0.0,0.0,0.0,0.0
2014-03-28,106.64,302,0,0,0,0,0.0,0.0,0.0,0.0,0.0,0.0,0.0,0.0
2014-03-31,105.95,292,0,0,0,0,0.0,0.0,0.0,0.0,0.0,0.0,0.0,0.0
2014-04-01,105.7,306,0,0,0,0,0.0,0.0,0.0,0.0,0.0,0.0,0.0,0.0
2014-04-02,103.37,294,1,0,0,1,0.003401360544217687,3.401360544217687,0.0,0.0,0.0,0.0,0.003401360544217687,3.401360544217687
2014-04-03,104.88,307,0,0,0,0,0.0,0.0,0.0,0.0,0.0,0.0,0.0,0.0
2014-04-04,106.41,299,1,0,0,1,0.0033444816053511705,3.3444816053511706,0.0,0.0,0.0,0.0,0.0033444816053511705,3.3444816053511706
2014-04-07,104.89,319,0,0,0,0,0.0,0.0,0.0,0.0,0.0,0.0,0.0,0.0
2014-04-08,105.83,320,0,0,0,0,0.0,0.0,0.0,0.0,0.0,0.0,0.0,0.0
2014-04-09,107.39,317,0,0,0,0,0.0,0.0,0.0,0.0,0.0,0.0,0.0,0.0
2014-04-10,107.1,313,0,0,0,0,0.0,0.0,0.0,0.0,0.0,0.0,0.0,0.0
2014-04-11,107.34,305,0,0,0,0,0.0,0.0,0.0,0.0,0.0,0.0,0.0,0.0
2014-04-14,107.68,292,0,0,0,0,0.0,0.0,0.0,0.0,0.0,0.0,0.0,0.0
2014-04-15,109.1,342,0,0,0,0,0.0,0.0,0.0,0.0,0.0,0.0,0.0,0.0
2014-04-16,109.71,305,0,0,0,0,0.0,0.0,0.0,0.0,0.0,0.0,0.0,0.0
2014-04-17,109.79,268,0,0,0,0,0.0,0.0,0.0,0.0,0.0,0.0,0.0,0.0
2014-04-21,109.69,198,0,0,0,0,0.0,0.0,0.0,0.0,0.0,0.0,0.0,0.0
2014-04-22,108.54,265,0,0,0,0,0.0,0.0,0.0,0.0,0.0,0.0,0.0,0.0
2014-04-23,108.48,281,1,0,1,0,0.0035587188612099642,3.558718861209964,0.0,0.0,0.0035587188612099642,3.558718861209964,0.0,0.0
2014-04-24,109.79,229,0,0,0,0,0.0,0.0,0.0,0.0,0.0,0.0,0.0,0.0
2014-04-25,109.53,220,0,0,0,0,0.0,0.0,0.0,0.0,0.0,0.0,0.0,0.0
2014-04-28,109.12,255,0,0,0,0,0.0,0.0,0.0,0.0,0.0,0.0,0.0,0.0
2014-04-29,109.89,281,1,0,0,1,0.0035587188612099642,3.558718861209964,0.0,0.0,0.0,0.0,0.0035587188612099642,3.558718861209964
2014-04-30,108.63,291,1,0,1,0,0.003436426116838488,3.4364261168384878,0.0,0.0,0.003436426116838488,3.4364261168384878,0.0,0.0
2014-05-01,108.63,275,0,0,0,0,0.0,0.0,0.0,0.0,0.0,0.0,0.0,0.0
2014-05-02,109.48,273,0,0,0,0,0.0,0.0,0.0,0.0,0.0,0.0,0.0,0.0
2014-05-05,109.48,297,0,0,0,0,0.0,0.0,0.0,0.0,0.0,0.0,0.0,0.0
2014-05-06,108.3,282,0,0,0,0,0.0,0.0,0.0,0.0,0.0,0.0,0.0,0.0
2014-05-07,108.17,304,0,0,0,0,0.0,0.0,0.0,0.0,0.0,0.0,0.0,0.0
2014-05-08,108.19,311,4,0,0,4,0.012861736334405145,12.861736334405144,0.0,0.0,0.0,0.0,0.012861736334405145,12.861736334405144
2014-05-09,108.26,349,5,0,0,5,0.014326647564469915,14.326647564469916,0.0,0.0,0.0,0.0,0.014326647564469915,14.326647564469916
2014-05-12,108.37,286,0,0,0,0,0.0,0.0,0.0,0.0,0.0,0.0,0.0,0.0
2014-05-13,108.78,332,0,0,0,0,0.0,0.0,0.0,0.0,0.0,0.0,0.0,0.0
2014-05-14,109.87,276,2,0,0,2,0.007246376811594203,7.246376811594203,0.0,0.0,0.0,0.0,0.007246376811594203,7.246376811594203
2014-05-15,109.74,319,0,0,0,0,0.0,0.0,0.0,0.0,0.0,0.0,0.0,0.0
2014-05-16,110.9,313,0,0,0,0,0.0,0.0,0.0,0.0,0.0,0.0,0.0,0.0
2014-05-19,110.84,288,0,0,0,0,0.0,0.0,0.0,0.0,0.0,0.0,0.0,0.0
2014-05-20,110.35,316,1,0,1,0,0.0031645569620253164,3.1645569620253164,0.0,0.0,0.0031645569620253164,3.1645569620253164,0.0,0.0
2014-05-21,111.32,304,0,0,0,0,0.0,0.0,0.0,0.0,0.0,0.0,0.0,0.0
2014-05-22,110.89,296,0,0,0,0,0.0,0.0,0.0,0.0,0.0,0.0,0.0,0.0
2014-05-23,110.19,302,1,0,1,0,0.0033112582781456954,3.3112582781456954,0.0,0.0,0.0033112582781456954,3.3112582781456954,0.0,0.0
2014-05-26,110.01,303,0,0,0,0,0.0,0.0,0.0,0.0,0.0,0.0,0.0,0.0
2014-05-27,109.81,308,0,0,0,0,0.0,0.0,0.0,0.0,0.0,0.0,0.0,0.0
2014-05-28,109.09,323,0,0,0,0,0.0,0.0,0.0,0.0,0.0,0.0,0.0,0.0
2014-05-29,109.98,283,0,0,0,0,0.0,0.0,0.0,0.0,0.0,0.0,0.0,0.0
2014-05-30,109.21,345,0,0,0,0,0.0,0.0,0.0,0.0,0.0,0.0,0.0,0.0
2014-06-02,109.34,272,0,0,0,0,0.0,0.0,0.0,0.0,0.0,0.0,0.0,0.0
2014-06-03,108.87,276,0,0,0,0,0.0,0.0,0.0,0.0,0.0,0.0,0.0,0.0
2014-06-04,109.07,306,3,0,0,3,0.00980392156862745,9.803921568627452,0.0,0.0,0.0,0.0,0.00980392156862745,9.803921568627452
2014-06-05,108.43,265,1,0,0,1,0.0037735849056603774,3.7735849056603774,0.0,0.0,0.0,0.0,0.0037735849056603774,3.7735849056603774
2014-06-06,109.21,295,1,0,0,1,0.003389830508474576,3.389830508474576,0.0,0.0,0.0,0.0,0.003389830508474576,3.389830508474576
2014-06-09,110.55,245,0,0,0,0,0.0,0.0,0.0,0.0,0.0,0.0,0.0,0.0
2014-06-10,109.18,303,0,0,0,0,0.0,0.0,0.0,0.0,0.0,0.0,0.0,0.0
2014-06-11,109.83,308,0,0,0,0,0.0,0.0,0.0,0.0,0.0,0.0,0.0,0.0
2014-06-12,112.18,303,0,0,0,0,0.0,0.0,0.0,0.0,0.0,0.0,0.0,0.0
2014-06-13,113.15,276,1,0,0,1,0.0036231884057971015,3.6231884057971016,0.0,0.0,0.0,0.0,0.0036231884057971015,3.6231884057971016
2014-06-16,113.42,321,1,1,1,0,0.003115264797507788,3.115264797507788,0.003115264797507788,3.115264797507788,0.003115264797507788,3.115264797507788,0.0,0.0
2014-06-17,114.02,297,3,0,2,1,0.010101010101010102,10.101010101010102,0.0,0.0,0.006734006734006734,6.7340067340067336,0.003367003367003367,3.3670033670033668
2014-06-18,114.25,325,1,0,1,0,0.003076923076923077,3.076923076923077,0.0,0.0,0.003076923076923077,3.076923076923077,0.0,0.0
2014-06-19,115.19,313,0,0,0,0,0.0,0.0,0.0,0.0,0.0,0.0,0.0,0.0
2014-06-20,114.55,297,1,0,1,0,0.003367003367003367,3.3670033670033668,0.0,0.0,0.003367003367003367,3.3670033670033668,0.0,0.0
2014-06-23,113.62,306,0,0,0,0,0.0,0.0,0.0,0.0,0.0,0.0,0.0,0.0
2014-06-24,113.74,317,3,0,0,3,0.00946372239747634,9.46372239747634,0.0,0.0,0.0,0.0,0.00946372239747634,9.46372239747634
2014-06-25,112.84,311,0,0,0,0,0.0,0.0,0.0,0.0,0.0,0.0,0.0,0.0
2014-06-26,112.61,306,0,0,0,0,0.0,0.0,0.0,0.0,0.0,0.0,0.0,0.0
2014-06-27,112.62,312,0,0,0,0,0.0,0.0,0.0,0.0,0.0,0.0,0.0,0.0
2014-06-30,111.03,286,1,0,0,1,0.0034965034965034965,3.4965034965034967,0.0,0.0,0.0,0.0,0.0034965034965034965,3.4965034965034967
2014-07-01,110.84,300,0,0,0,0,0.0,0.0,0.0,0.0,0.0,0.0,0.0,0.0
2014-07-02,110.18,303,1,0,1,0,0.0033003300330033004,3.3003300330033003,0.0,0.0,0.0033003300330033004,3.3003300330033003,0.0,0.0
2014-07-03,108.98,295,0,0,0,0,0.0,0.0,0.0,0.0,0.0,0.0,0.0,0.0
2014-07-07,108.7,295,0,0,0,0,0.0,0.0,0.0,0.0,0.0,0.0,0.0,0.0
2014-07-08,107.65,270,0,0,0,0,0.0,0.0,0.0,0.0,0.0,0.0,0.0,0.0
2014-07-09,106.84,317,0,0,0,0,0.0,0.0,0.0,0.0,0.0,0.0,0.0,0.0
2014-07-10,106.2,287,0,0,0,0,0.0,0.0,0.0,0.0,0.0,0.0,0.0,0.0
2014-07-11,105.77,274,0,0,0,0,0.0,0.0,0.0,0.0,0.0,0.0,0.0,0.0
2014-07-14,104.73,287,0,0,0,0,0.0,0.0,0.0,0.0,0.0,0.0,0.0,0.0
2014-07-15,104.73,300,1,0,0,1,0.0033333333333333335,3.3333333333333335,0.0,0.0,0.0,0.0,0.0033333333333333335,3.3333333333333335
2014-07-16,105.41,280,0,0,0,0,0.0,0.0,0.0,0.0,0.0,0.0,0.0,0.0
2014-07-17,106.04,304,0,0,0,0,0.0,0.0,0.0,0.0,0.0,0.0,0.0,0.0
2014-07-18,106.03,224,0,0,0,0,0.0,0.0,0.0,0.0,0.0,0.0,0.0,0.0
2014-07-21,105.71,283,0,0,0,0,0.0,0.0,0.0,0.0,0.0,0.0,0.0,0.0
2014-07-22,106.48,308,0,0,0,0,0.0,0.0,0.0,0.0,0.0,0.0,0.0,0.0
2014-07-23,106.85,308,0,0,0,0,0.0,0.0,0.0,0.0,0.0,0.0,0.0,0.0
2014-07-24,105.78,299,0,0,0,0,0.0,0.0,0.0,0.0,0.0,0.0,0.0,0.0
2014-07-25,106.89,285,0,0,0,0,0.0,0.0,0.0,0.0,0.0,0.0,0.0,0.0
2014-07-28,106.7,278,0,0,0,0,0.0,0.0,0.0,0.0,0.0,0.0,0.0,0.0
2014-07-29,106.98,309,0,0,0,0,0.0,0.0,0.0,0.0,0.0,0.0,0.0,0.0
2014-07-30,106.47,295,0,0,0,0,0.0,0.0,0.0,0.0,0.0,0.0,0.0,0.0
2014-07-31,104.94,283,0,0,0,0,0.0,0.0,0.0,0.0,0.0,0.0,0.0,0.0
2014-08-01,103.45,295,0,0,0,0,0.0,0.0,0.0,0.0,0.0,0.0,0.0,0.0
2014-08-04,103.63,296,0,0,0,0,0.0,0.0,0.0,0.0,0.0,0.0,0.0,0.0
2014-08-05,102.82,274,0,0,0,0,0.0,0.0,0.0,0.0,0.0,0.0,0.0,0.0
2014-08-06,104.17,289,0,0,0,0,0.0,0.0,0.0,0.0,0.0,0.0,0.0,0.0
2014-08-07,104.02,277,0,0,0,0,0.0,0.0,0.0,0.0,0.0,0.0,0.0,0.0
2014-08-08,103.36,289,0,0,0,0,0.0,0.0,0.0,0.0,0.0,0.0,0.0,0.0
2014-08-11,103.47,213,1,0,0,1,0.004694835680751174,4.694835680751174,0.0,0.0,0.0,0.0,0.004694835680751174,4.694835680751174
2014-08-12,101.68,219,0,0,0,0,0.0,0.0,0.0,0.0,0.0,0.0,0.0,0.0
2014-08-13,102.27,236,1,1,0,0,0.00423728813559322,4.237288135593221,0.00423728813559322,4.237288135593221,0.0,0.0,0.0,0.0
2014-08-14,101.15,244,4,0,0,4,0.01639344262295082,16.393442622950822,0.0,0.0,0.0,0.0,0.01639344262295082,16.393442622950822
2014-08-15,101.13,248,1,0,0,1,0.004032258064516129,4.032258064516129,0.0,0.0,0.0,0.0,0.004032258064516129,4.032258064516129
2014-08-18,99.37,278,0,0,0,0,0.0,0.0,0.0,0.0,0.0,0.0,0.0,0.0
2014-08-19,99.74,288,0,0,0,0,0.0,0.0,0.0,0.0,0.0,0.0,0.0,0.0
2014-08-20,99.92,281,1,0,0,1,0.0035587188612099642,3.558718861209964,0.0,0.0,0.0,0.0,0.0035587188612099642,3.558718861209964
2014-08-21,100.28,259,0,0,0,0,0.0,0.0,0.0,0.0,0.0,0.0,0.0,0.0
2014-08-22,100.09,285,2,0,0,2,0.007017543859649123,7.017543859649123,0.0,0.0,0.0,0.0,0.007017543859649123,7.017543859649123
2014-08-25,100.49,278,0,0,0,0,0.0,0.0,0.0,0.0,0.0,0.0,0.0,0.0
2014-08-26,100.5,272,0,0,0,0,0.0,0.0,0.0,0.0,0.0,0.0,0.0,0.0
2014-08-27,100.4,271,0,0,0,0,0.0,0.0,0.0,0.0,0.0,0.0,0.0,0.0
2014-08-28,100.71,245,0,0,0,0,0.0,0.0,0.0,0.0,0.0,0.0,0.0,0.0
2014-08-29,101.12,259,0,0,0,0,0.0,0.0,0.0,0.0,0.0,0.0,0.0,0.0
2014-09-02,100.21,283,0,0,0,0,0.0,0.0,0.0,0.0,0.0,0.0,0.0,0.0
2014-09-03,100.88,290,0,0,0,0,0.0,0.0,0.0,0.0,0.0,0.0,0.0,0.0
2014-09-04,101.21,273,1,0,0,1,0.003663003663003663,3.663003663003663,0.0,0.0,0.0,0.0,0.003663003663003663,3.663003663003663
2014-09-05,99.51,243,0,0,0,0,0.0,0.0,0.0,0.0,0.0,0.0,0.0,0.0
2014-09-08,99.53,262,0,0,0,0,0.0,0.0,0.0,0.0,0.0,0.0,0.0,0.0
2014-09-09,98.08,283,0,0,0,0,0.0,0.0,0.0,0.0,0.0,0.0,0.0,0.0
2014-09-10,96.26,294,0,0,0,0,0.0,0.0,0.0,0.0,0.0,0.0,0.0,0.0
2014-09-11,96.42,276,1,0,0,1,0.0036231884057971015,3.6231884057971016,0.0,0.0,0.0,0.0,0.0036231884057971015,3.6231884057971016
2014-09-12,96.31,284,1,0,1,0,0.0035211267605633804,3.5211267605633805,0.0,0.0,0.0035211267605633804,3.5211267605633805,0.0,0.0
2014-09-15,96.43,271,0,0,0,0,0.0,0.0,0.0,0.0,0.0,0.0,0.0,0.0
2014-09-16,97.39,262,2,0,1,2,0.007633587786259542,7.633587786259541,0.0,0.0,0.003816793893129771,3.8167938931297707,0.007633587786259542,7.633587786259541
2014-09-17,97.7,294,0,0,0,0,0.0,0.0,0.0,0.0,0.0,0.0,0.0,0.0
2014-09-18,96.82,266,0,0,0,0,0.0,0.0,0.0,0.0,0.0,0.0,0.0,0.0
2014-09-19,96.75,276,0,0,0,0,0.0,0.0,0.0,0.0,0.0,0.0,0.0,0.0
2014-09-22,95.37,215,0,0,0,0,0.0,0.0,0.0,0.0,0.0,0.0,0.0,0.0
2014-09-23,94.87,234,1,0,0,1,0.004273504273504274,4.273504273504274,0.0,0.0,0.0,0.0,0.004273504273504274,4.273504273504274
2014-09-24,94.53,238,0,0,0,0,0.0,0.0,0.0,0.0,0.0,0.0,0.0,0.0
2014-09-25,95.2,248,1,0,0,1,0.004032258064516129,4.032258064516129,0.0,0.0,0.0,0.0,0.004032258064516129,4.032258064516129
2014-09-26,95.08,237,0,0,0,0,0.0,0.0,0.0,0.0,0.0,0.0,0.0,0.0
2014-09-29,95.7,247,0,0,0,0,0.0,0.0,0.0,0.0,0.0,0.0,0.0,0.0
2014-09-30,94.67,260,0,0,0,0,0.0,0.0,0.0,0.0,0.0,0.0,0.0,0.0
2014-10-01,94.57,283,0,0,0,0,0.0,0.0,0.0,0.0,0.0,0.0,0.0,0.0
2014-10-02,91.29,285,0,0,0,0,0.0,0.0,0.0,0.0,0.0,0.0,0.0,0.0
2014-10-03,90.8,276,0,0,0,0,0.0,0.0,0.0,0.0,0.0,0.0,0.0,0.0
2014-10-06,90.65,234,0,0,0,0,0.0,0.0,0.0,0.0,0.0,0.0,0.0,0.0
2014-10-07,90.9,274,1,0,0,1,0.0036496350364963502,3.6496350364963503,0.0,0.0,0.0,0.0,0.0036496350364963502,3.6496350364963503
2014-10-08,90.25,266,0,0,0,0,0.0,0.0,0.0,0.0,0.0,0.0,0.0,0.0
2014-10-09,90.47,296,1,0,0,1,0.0033783783783783786,3.3783783783783785,0.0,0.0,0.0,0.0,0.0033783783783783786,3.3783783783783785
2014-10-10,88.66,293,0,0,0,0,0.0,0.0,0.0,0.0,0.0,0.0,0.0,0.0
2014-10-13,87.82,295,0,0,0,0,0.0,0.0,0.0,0.0,0.0,0.0,0.0,0.0
2014-10-14,86.36,299,1,0,1,0,0.0033444816053511705,3.3444816053511706,0.0,0.0,0.0033444816053511705,3.3444816053511706,0.0,0.0
2014-10-15,84.02,306,1,0,1,0,0.0032679738562091504,3.2679738562091503,0.0,0.0,0.0032679738562091504,3.2679738562091503,0.0,0.0
2014-10-16,84.02,316,0,0,0,0,0.0,0.0,0.0,0.0,0.0,0.0,0.0,0.0
2014-10-17,85.27,280,1,0,0,1,0.0035714285714285713,3.571428571428571,0.0,0.0,0.0,0.0,0.0035714285714285713,3.571428571428571
2014-10-20,84.42,279,0,0,0,0,0.0,0.0,0.0,0.0,0.0,0.0,0.0,0.0
2014-10-21,85.17,271,0,0,0,0,0.0,0.0,0.0,0.0,0.0,0.0,0.0,0.0
2014-10-22,86.38,281,0,0,0,0,0.0,0.0,0.0,0.0,0.0,0.0,0.0,0.0
2014-10-23,85.94,274,1,1,0,0,0.0036496350364963502,3.6496350364963503,0.0036496350364963502,3.6496350364963503,0.0,0.0,0.0,0.0
2014-10-24,86.0,312,0,0,0,0,0.0,0.0,0.0,0.0,0.0,0.0,0.0,0.0
2014-10-27,85.64,280,0,0,0,0,0.0,0.0,0.0,0.0,0.0,0.0,0.0,0.0
2014-10-28,85.57,297,3,0,0,3,0.010101010101010102,10.101010101010102,0.0,0.0,0.0,0.0,0.010101010101010102,10.101010101010102
2014-10-29,86.91,300,3,0,0,3,0.01,10.0,0.0,0.0,0.0,0.0,0.01,10.0
2014-10-30,85.5,302,0,0,0,0,0.0,0.0,0.0,0.0,0.0,0.0,0.0,0.0
2014-10-31,84.17,239,1,0,0,1,0.0041841004184100415,4.184100418410042,0.0,0.0,0.0,0.0,0.0041841004184100415,4.184100418410042
2014-11-03,84.9,273,0,0,0,0,0.0,0.0,0.0,0.0,0.0,0.0,0.0,0.0
2014-11-04,82.12,266,1,1,0,0,0.0037593984962406013,3.7593984962406015,0.0037593984962406013,3.7593984962406015,0.0,0.0,0.0,0.0
2014-11-05,82.88,296,3,3,0,0,0.010135135135135136,10.135135135135135,0.010135135135135136,10.135135135135135,0.0,0.0,0.0,0.0
2014-11-06,82.08,279,0,0,0,0,0.0,0.0,0.0,0.0,0.0,0.0,0.0,0.0
2014-11-07,83.2,309,0,0,0,0,0.0,0.0,0.0,0.0,0.0,0.0,0.0,0.0
2014-11-10,82.9,273,4,0,0,4,0.014652014652014652,14.652014652014651,0.0,0.0,0.0,0.0,0.014652014652014652,14.652014652014651
2014-11-11,80.94,300,2,0,1,1,0.006666666666666667,6.666666666666667,0.0,0.0,0.0033333333333333335,3.3333333333333335,0.0033333333333333335,3.3333333333333335
2014-11-12,80.42,311,0,0,0,0,0.0,0.0,0.0,0.0,0.0,0.0,0.0,0.0
2014-11-13,77.74,283,0,0,0,0,0.0,0.0,0.0,0.0,0.0,0.0,0.0,0.0
2014-11-14,77.51,294,2,0,0,2,0.006802721088435374,6.802721088435374,0.0,0.0,0.0,0.0,0.006802721088435374,6.802721088435374
2014-11-17,76.86,284,0,0,0,0,0.0,0.0,0.0,0.0,0.0,0.0,0.0,0.0
2014-11-18,77.23,287,0,0,0,0,0.0,0.0,0.0,0.0,0.0,0.0,0.0,0.0
2014-11-19,77.21,281,0,0,0,0,0.0,0.0,0.0,0.0,0.0,0.0,0.0,0.0
2014-11-20,77.61,295,0,0,0,0,0.0,0.0,0.0,0.0,0.0,0.0,0.0,0.0
2014-11-21,79.2,257,0,0,0,0,0.0,0.0,0.0,0.0,0.0,0.0,0.0,0.0
2014-11-24,79.62,248,0,0,0,0,0.0,0.0,0.0,0.0,0.0,0.0,0.0,0.0
2014-11-25,77.62,273,0,0,0,0,0.0,0.0,0.0,0.0,0.0,0.0,0.0,0.0
2014-11-26,77.39,294,0,0,0,0,0.0,0.0,0.0,0.0,0.0,0.0,0.0,0.0
2014-11-28,71.89,268,4,4,1,0,0.014925373134328358,14.925373134328359,0.014925373134328358,14.925373134328359,0.0037313432835820895,3.7313432835820897,0.0,0.0
2014-12-01,70.87,287,3,3,0,1,0.010452961672473868,10.452961672473869,0.010452961672473868,10.452961672473869,0.0,0.0,0.003484320557491289,3.484320557491289
2014-12-02,71.13,294,3,3,0,0,0.01020408163265306,10.204081632653061,0.01020408163265306,10.204081632653061,0.0,0.0,0.0,0.0
2014-12-03,70.13,291,3,2,0,2,0.010309278350515464,10.309278350515465,0.006872852233676976,6.8728522336769755,0.0,0.0,0.006872852233676976,6.8728522336769755
2014-12-04,68.48,308,1,1,0,0,0.003246753246753247,3.246753246753247,0.003246753246753247,3.246753246753247,0.0,0.0,0.0,0.0
2014-12-05,68.0,260,1,0,0,1,0.0038461538461538464,3.8461538461538463,0.0,0.0,0.0,0.0,0.0038461538461538464,3.8461538461538463
2014-12-08,65.64,278,0,0,0,0,0.0,0.0,0.0,0.0,0.0,0.0,0.0,0.0
2014-12-09,66.11,259,2,2,0,0,0.007722007722007722,7.722007722007723,0.007722007722007722,7.722007722007723,0.0,0.0,0.0,0.0
2014-12-10,63.32,265,0,0,0,0,0.0,0.0,0.0,0.0,0.0,0.0,0.0,0.0
2014-12-11,63.65,273,4,3,0,1,0.014652014652014652,14.652014652014651,0.01098901098901099,10.989010989010989,0.0,0.0,0.003663003663003663,3.663003663003663
2014-12-12,61.67,243,1,1,0,0,0.00411522633744856,4.11522633744856,0.00411522633744856,4.11522633744856,0.0,0.0,0.0,0.0
2014-12-15,61.09,223,0,0,0,0,0.0,0.0,0.0,0.0,0.0,0.0,0.0,0.0
2014-12-16,60.26,253,2,2,0,0,0.007905138339920948,7.905138339920948,0.007905138339920948,7.905138339920948,0.0,0.0,0.0,0.0
2014-12-17,59.84,236,1,0,0,1,0.00423728813559322,4.237288135593221,0.0,0.0,0.0,0.0,0.00423728813559322,4.237288135593221
2014-12-18,58.81,266,0,0,0,0,0.0,0.0,0.0,0.0,0.0,0.0,0.0,0.0
2014-12-19,58.87,264,3,0,0,3,0.011363636363636364,11.363636363636363,0.0,0.0,0.0,0.0,0.011363636363636364,11.363636363636363
2014-12-22,58.31,191,3,0,0,3,0.015706806282722512,15.706806282722512,0.0,0.0,0.0,0.0,0.015706806282722512,15.706806282722512
2014-12-23,59.07,199,1,0,0,1,0.005025125628140704,5.025125628140704,0.0,0.0,0.0,0.0,0.005025125628140704,5.025125628140704
2014-12-24,58.67,149,1,0,0,1,0.006711409395973154,6.7114093959731544,0.0,0.0,0.0,0.0,0.006711409395973154,6.7114093959731544
2014-12-26,58.72,76,0,0,0,0,0.0,0.0,0.0,0.0,0.0,0.0,0.0,0.0
2014-12-29,57.86,112,0,0,0,0,0.0,0.0,0.0,0.0,0.0,0.0,0.0,0.0
2014-12-30,55.6,145,1,1,0,0,0.006896551724137931,6.896551724137931,0.006896551724137931,6.896551724137931,0.0,0.0,0.0,0.0
2014-12-31,55.27,146,0,0,0,0,0.0,0.0,0.0,0.0,0.0,0.0,0.0,0.0
2015-01-02,55.38,148,0,0,0,0,0.0,0.0,0.0,0.0,0.0,0.0,0.0,0.0
2015-01-05,51.08,84,1,0,0,1,0.011904761904761904,11.904761904761903,0.0,0.0,0.0,0.0,0.011904761904761904,11.904761904761903
2015-01-06,50.12,21,0,0,0,0,0.0,0.0,0.0,0.0,0.0,0.0,0.0,0.0
2015-01-07,49.06,26,1,1,0,0,0.038461538461538464,38.46153846153847,0.038461538461538464,38.46153846153847,0.0,0.0,0.0,0.0
2015-01-08,49.43,23,1,0,1,0,0.043478260869565216,43.47826086956522,0.0,0.0,0.043478260869565216,43.47826086956522,0.0,0.0
2015-01-09,47.64,21,0,0,0,0,0.0,0.0,0.0,0.0,0.0,0.0,0.0,0.0
2015-01-12,46.9,25,0,0,0,0,0.0,0.0,0.0,0.0,0.0,0.0,0.0,0.0
2015-01-13,45.13,52,0,0,0,0,0.0,0.0,0.0,0.0,0.0,0.0,0.0,0.0
2015-01-14,45.82,64,0,0,0,0,0.0,0.0,0.0,0.0,0.0,0.0,0.0,0.0
2015-01-15,47.66,58,2,2,1,0,0.034482758620689655,34.48275862068965,0.034482758620689655,34.48275862068965,0.017241379310344827,17.241379310344826,0.0,0.0
2015-01-16,47.38,61,2,0,0,2,0.03278688524590164,32.786885245901644,0.0,0.0,0.0,0.0,0.03278688524590164,32.786885245901644
2015-01-20,46.49,170,1,0,0,1,0.0058823529411764705,5.88235294117647,0.0,0.0,0.0,0.0,0.0058823529411764705,5.88235294117647
2015-01-21,46.5,259,4,1,2,1,0.015444015444015444,15.444015444015445,0.003861003861003861,3.8610038610038613,0.007722007722007722,7.722007722007723,0.003861003861003861,3.8610038610038613
2015-01-22,46.09,242,3,0,0,3,0.012396694214876033,12.396694214876034,0.0,0.0,0.0,0.0,0.012396694214876033,12.396694214876034
2015-01-23,46.69,230,0,0,0,0,0.0,0.0,0.0,0.0,0.0,0.0,0.0,0.0
2015-01-26,46.07,198,0,0,0,0,0.0,0.0,0.0,0.0,0.0,0.0,0.0,0.0
2015-01-27,46.55,249,1,0,0,1,0.004016064257028112,4.016064257028112,0.0,0.0,0.0,0.0,0.004016064257028112,4.016064257028112
2015-01-28,47.07,284,1,0,0,1,0.0035211267605633804,3.5211267605633805,0.0,0.0,0.0,0.0,0.0035211267605633804,3.5211267605633805
2015-01-29,46.61,257,0,0,0,0,0.0,0.0,0.0,0.0,0.0,0.0,0.0,0.0
2015-01-30,47.52,250,1,0,0,1,0.004,4.0,0.0,0.0,0.0,0.0,0.004,4.0
2015-02-02,51.74,237,2,1,0,1,0.008438818565400843,8.438818565400844,0.004219409282700422,4.219409282700422,0.0,0.0,0.004219409282700422,4.219409282700422
2015-02-03,54.41,260,1,1,0,0,0.0038461538461538464,3.8461538461538463,0.0038461538461538464,3.8461538461538463,0.0,0.0,0.0,0.0
2015-02-04,55.07,245,3,3,0,0,0.012244897959183673,12.244897959183673,0.012244897959183673,12.244897959183673,0.0,0.0,0.0,0.0
2015-02-05,55.98,255,2,1,1,0,0.00784313725490196,7.8431372549019605,0.00392156862745098,3.9215686274509802,0.00392156862745098,3.9215686274509802,0.0,0.0
2015-02-06,55.88,256,1,1,0,0,0.00390625,3.90625,0.00390625,3.90625,0.0,0.0,0.0,0.0
2015-02-09,57.0,253,1,0,0,1,0.003952569169960474,3.952569169960474,0.0,0.0,0.0,0.0,0.003952569169960474,3.952569169960474
2015-02-10,55.79,258,0,0,0,0,0.0,0.0,0.0,0.0,0.0,0.0,0.0,0.0
2015-02-11,53.48,267,1,1,0,0,0.003745318352059925,3.745318352059925,0.003745318352059925,3.745318352059925,0.0,0.0,0.0,0.0
2015-02-12,56.23,268,0,0,0,0,0.0,0.0,0.0,0.0,0.0,0.0,0.0,0.0
2015-02-13,60.33,278,0,0,0,0,0.0,0.0,0.0,0.0,0.0,0.0,0.0,0.0
2015-02-16,61.57,280,1,0,1,0,0.0035714285714285713,3.571428571428571,0.0,0.0,0.0035714285714285713,3.571428571428571,0.0,0.0
2015-02-17,60.78,269,0,0,0,0,0.0,0.0,0.0,0.0,0.0,0.0,0.0,0.0
2015-02-18,60.72,281,0,0,0,0,0.0,0.0,0.0,0.0,0.0,0.0,0.0,0.0
2015-02-19,58.78,278,0,0,0,0,0.0,0.0,0.0,0.0,0.0,0.0,0.0,0.0
2015-02-20,60.99,261,1,1,0,0,0.0038314176245210726,3.8314176245210727,0.0038314176245210726,3.8314176245210727,0.0,0.0,0.0,0.0
2015-02-23,59.78,234,0,0,0,0,0.0,0.0,0.0,0.0,0.0,0.0,0.0,0.0
2015-02-24,60.33,273,1,0,0,1,0.003663003663003663,3.663003663003663,0.0,0.0,0.0,0.0,0.003663003663003663,3.663003663003663
2015-02-25,59.77,301,0,0,0,0,0.0,0.0,0.0,0.0,0.0,0.0,0.0,0.0
2015-02-26,61.39,289,2,0,0,2,0.006920415224913495,6.920415224913495,0.0,0.0,0.0,0.0,0.006920415224913495,6.920415224913495
2015-02-27,61.89,285,2,1,0,1,0.007017543859649123,7.017543859649123,0.0035087719298245615,3.5087719298245617,0.0,0.0,0.0035087719298245615,3.5087719298245617
2015-03-02,60.75,235,1,0,0,1,0.00425531914893617,4.25531914893617,0.0,0.0,0.0,0.0,0.00425531914893617,4.25531914893617
2015-03-03,61.18,229,0,0,0,0,0.0,0.0,0.0,0.0,0.0,0.0,0.0,0.0
2015-03-04,59.18,294,0,0,0,0,0.0,0.0,0.0,0.0,0.0,0.0,0.0,0.0
2015-03-05,60.33,301,0,0,0,0,0.0,0.0,0.0,0.0,0.0,0.0,0.0,0.0
2015-03-06,59.15,280,0,0,0,0,0.0,0.0,0.0,0.0,0.0,0.0,0.0,0.0
2015-03-09,58.67,220,1,0,1,0,0.004545454545454545,4.545454545454545,0.0,0.0,0.004545454545454545,4.545454545454545,0.0,0.0
2015-03-10,55.95,304,2,0,0,2,0.006578947368421052,6.578947368421052,0.0,0.0,0.0,0.0,0.006578947368421052,6.578947368421052
2015-03-11,56.46,300,0,0,0,0,0.0,0.0,0.0,0.0,0.0,0.0,0.0,0.0
2015-03-12,56.66,291,0,0,0,0,0.0,0.0,0.0,0.0,0.0,0.0,0.0,0.0
2015-03-13,54.8,279,0,0,0,0,0.0,0.0,0.0,0.0,0.0,0.0,0.0,0.0
2015-03-16,52.0,248,1,1,0,0,0.004032258064516129,4.032258064516129,0.004032258064516129,4.032258064516129,0.0,0.0,0.0,0.0
2015-03-17,52.17,287,1,0,1,0,0.003484320557491289,3.484320557491289,0.0,0.0,0.003484320557491289,3.484320557491289,0.0,0.0
2015-03-18,52.59,279,0,0,0,0,0.0,0.0,0.0,0.0,0.0,0.0,0.0,0.0
2015-03-19,52.96,294,0,0,0,0,0.0,0.0,0.0,0.0,0.0,0.0,0.0,0.0
2015-03-20,53.88,280,1,1,0,0,0.0035714285714285713,3.571428571428571,0.0035714285714285713,3.571428571428571,0.0,0.0,0.0,0.0
2015-03-23,53.82,294,0,0,0,0,0.0,0.0,0.0,0.0,0.0,0.0,0.0,0.0
2015-03-24,53.61,276,1,1,1,0,0.0036231884057971015,3.6231884057971016,0.0036231884057971015,3.6231884057971016,0.0036231884057971015,3.6231884057971016,0.0,0.0
2015-03-25,54.18,276,0,0,0,0,0.0,0.0,0.0,0.0,0.0,0.0,0.0,0.0
2015-03-26,57.02,270,0,0,0,0,0.0,0.0,0.0,0.0,0.0,0.0,0.0,0.0
2015-03-27,56.44,279,2,2,1,0,0.007168458781362007,7.168458781362007,0.007168458781362007,7.168458781362007,0.0035842293906810036,3.5842293906810037,0.0,0.0
2015-03-30,53.99,262,0,0,0,0,0.0,0.0,0.0,0.0,0.0,0.0,0.0,0.0
2015-03-31,53.69,256,0,0,0,0,0.0,0.0,0.0,0.0,0.0,0.0,0.0,0.0
2015-04-01,55.73,286,1,1,0,0,0.0034965034965034965,3.4965034965034967,0.0034965034965034965,3.4965034965034967,0.0,0.0,0.0,0.0
2015-04-02,55.73,261,0,0,0,0,0.0,0.0,0.0,0.0,0.0,0.0,0.0,0.0
2015-04-06,55.73,174,0,0,0,0,0.0,0.0,0.0,0.0,0.0,0.0,0.0,0.0
2015-04-07,57.55,222,0,0,0,0,0.0,0.0,0.0,0.0,0.0,0.0,0.0,0.0
2015-04-08,56.42,282,1,0,1,0,0.0035460992907801418,3.5460992907801416,0.0,0.0,0.0035460992907801418,3.5460992907801416,0.0,0.0
2015-04-09,56.04,266,0,0,0,0,0.0,0.0,0.0,0.0,0.0,0.0,0.0,0.0
2015-04-10,56.82,294,2,2,0,0,0.006802721088435374,6.802721088435374,0.006802721088435374,6.802721088435374,0.0,0.0,0.0,0.0
2015-04-13,57.14,267,0,0,0,0,0.0,0.0,0.0,0.0,0.0,0.0,0.0,0.0
2015-04-14,57.69,253,0,0,0,0,0.0,0.0,0.0,0.0,0.0,0.0,0.0,0.0
2015-04-15,59.32,278,1,0,0,1,0.0035971223021582736,3.5971223021582737,0.0,0.0,0.0,0.0,0.0035971223021582736,3.5971223021582737
2015-04-16,60.13,281,1,1,0,0,0.0035587188612099642,3.558718861209964,0.0035587188612099642,3.558718861209964,0.0,0.0,0.0,0.0
2015-04-17,61.31,280,0,0,0,0,0.0,0.0,0.0,0.0,0.0,0.0,0.0,0.0
2015-04-20,61.2,260,0,0,0,0,0.0,0.0,0.0,0.0,0.0,0.0,0.0,0.0
2015-04-21,60.12,261,0,0,0,0,0.0,0.0,0.0,0.0,0.0,0.0,0.0,0.0
2015-04-22,60.12,260,0,0,0,0,0.0,0.0,0.0,0.0,0.0,0.0,0.0,0.0
2015-04-23,62.66,287,0,0,0,0,0.0,0.0,0.0,0.0,0.0,0.0,0.0,0.0
2015-04-24,62.96,262,1,1,0,0,0.003816793893129771,3.8167938931297707,0.003816793893129771,3.8167938931297707,0.0,0.0,0.0,0.0
2015-04-27,62.86,233,0,0,0,0,0.0,0.0,0.0,0.0,0.0,0.0,0.0,0.0
2015-04-28,62.61,285,0,0,0,0,0.0,0.0,0.0,0.0,0.0,0.0,0.0,0.0
2015-04-29,63.97,257,1,0,0,1,0.0038910505836575876,3.8910505836575875,0.0,0.0,0.0,0.0,0.0038910505836575876,3.8910505836575875
2015-04-30,63.9,302,0,0,0,0,0.0,0.0,0.0,0.0,0.0,0.0,0.0,0.0
2015-05-01,64.13,276,0,0,0,0,0.0,0.0,0.0,0.0,0.0,0.0,0.0,0.0
2015-05-04,64.62,292,0,0,0,0,0.0,0.0,0.0,0.0,0.0,0.0,0.0,0.0
2015-05-05,65.44,292,0,0,0,0,0.0,0.0,0.0,0.0,0.0,0.0,0.0,0.0
2015-05-06,66.22,266,0,0,0,0,0.0,0.0,0.0,0.0,0.0,0.0,0.0,0.0
2015-05-07,64.93,298,1,0,0,1,0.003355704697986577,3.3557046979865772,0.0,0.0,0.0,0.0,0.003355704697986577,3.3557046979865772
2015-05-08,63.82,272,2,0,0,2,0.007352941176470588,7.352941176470588,0.0,0.0,0.0,0.0,0.007352941176470588,7.352941176470588
2015-05-11,62.82,267,1,0,0,1,0.003745318352059925,3.745318352059925,0.0,0.0,0.0,0.0,0.003745318352059925,3.745318352059925
2015-05-12,65.09,306,5,0,0,5,0.016339869281045753,16.339869281045754,0.0,0.0,0.0,0.0,0.016339869281045753,16.339869281045754
2015-05-13,66.33,256,0,0,0,0,0.0,0.0,0.0,0.0,0.0,0.0,0.0,0.0
2015-05-14,65.58,270,0,0,0,0,0.0,0.0,0.0,0.0,0.0,0.0,0.0,0.0
2015-05-15,64.69,294,0,0,0,0,0.0,0.0,0.0,0.0,0.0,0.0,0.0,0.0
2015-05-18,65.15,247,1,0,0,1,0.004048582995951417,4.048582995951417,0.0,0.0,0.0,0.0,0.004048582995951417,4.048582995951417
2015-05-19,63.48,274,0,0,0,0,0.0,0.0,0.0,0.0,0.0,0.0,0.0,0.0
2015-05-20,63.52,283,0,0,0,0,0.0,0.0,0.0,0.0,0.0,0.0,0.0,0.0
2015-05-21,64.7,282,0,0,0,0,0.0,0.0,0.0,0.0,0.0,0.0,0.0,0.0
2015-05-22,64.7,282,0,0,0,0,0.0,0.0,0.0,0.0,0.0,0.0,0.0,0.0
2015-05-26,61.65,272,0,0,0,0,0.0,0.0,0.0,0.0,0.0,0.0,0.0,0.0
2015-05-27,61.35,275,0,0,0,0,0.0,0.0,0.0,0.0,0.0,0.0,0.0,0.0
2015-05-28,60.12,266,0,0,0,0,0.0,0.0,0.0,0.0,0.0,0.0,0.0,0.0
2015-05-29,63.16,265,0,0,0,0,0.0,0.0,0.0,0.0,0.0,0.0,0.0,0.0
2015-06-01,62.87,251,0,0,0,0,0.0,0.0,0.0,0.0,0.0,0.0,0.0,0.0
2015-06-02,63.14,278,0,0,0,0,0.0,0.0,0.0,0.0,0.0,0.0,0.0,0.0
2015-06-03,62.78,296,0,0,0,0,0.0,0.0,0.0,0.0,0.0,0.0,0.0,0.0
2015-06-04,60.34,274,0,0,0,0,0.0,0.0,0.0,0.0,0.0,0.0,0.0,0.0
2015-06-05,60.36,331,0,0,0,0,0.0,0.0,0.0,0.0,0.0,0.0,0.0,0.0
2015-06-08,61.33,212,0,0,0,0,0.0,0.0,0.0,0.0,0.0,0.0,0.0,0.0
2015-06-09,63.23,276,0,0,0,0,0.0,0.0,0.0,0.0,0.0,0.0,0.0,0.0
2015-06-10,64.68,288,0,0,0,0,0.0,0.0,0.0,0.0,0.0,0.0,0.0,0.0
2015-06-11,63.76,303,0,0,0,0,0.0,0.0,0.0,0.0,0.0,0.0,0.0,0.0
2015-06-12,63.19,280,1,0,0,1,0.0035714285714285713,3.571428571428571,0.0,0.0,0.0,0.0,0.0035714285714285713,3.571428571428571
2015-06-15,60.99,260,1,0,0,1,0.0038461538461538464,3.8461538461538463,0.0,0.0,0.0,0.0,0.0038461538461538464,3.8461538461538463
2015-06-16,60.75,277,1,0,0,1,0.0036101083032490976,3.6101083032490977,0.0,0.0,0.0,0.0,0.0036101083032490976,3.6101083032490977
2015-06-17,60.75,280,0,0,0,0,0.0,0.0,0.0,0.0,0.0,0.0,0.0,0.0
2015-06-18,61.37,228,0,0,0,0,0.0,0.0,0.0,0.0,0.0,0.0,0.0,0.0
2015-06-19,59.41,272,0,0,0,0,0.0,0.0,0.0,0.0,0.0,0.0,0.0,0.0
2015-06-22,60.54,282,0,0,0,0,0.0,0.0,0.0,0.0,0.0,0.0,0.0,0.0
2015-06-23,61.67,283,1,0,0,1,0.0035335689045936395,3.5335689045936394,0.0,0.0,0.0,0.0,0.0035335689045936395,3.5335689045936394
2015-06-24,61.63,265,0,0,0,0,0.0,0.0,0.0,0.0,0.0,0.0,0.0,0.0
2015-06-25,60.24,251,0,0,0,0,0.0,0.0,0.0,0.0,0.0,0.0,0.0,0.0
2015-06-26,60.14,288,0,0,0,0,0.0,0.0,0.0,0.0,0.0,0.0,0.0,0.0
2015-06-29,59.03,272,0,0,0,0,0.0,0.0,0.0,0.0,0.0,0.0,0.0,0.0
2015-06-30,60.31,273,1,0,0,1,0.003663003663003663,3.663003663003663,0.0,0.0,0.0,0.0,0.003663003663003663,3.663003663003663
2015-07-01,61.65,289,0,0,0,0,0.0,0.0,0.0,0.0,0.0,0.0,0.0,0.0
2015-07-02,61.73,265,2,0,0,2,0.007547169811320755,7.547169811320755,0.0,0.0,0.0,0.0,0.007547169811320755,7.547169811320755
2015-07-03,59.06,260,0,0,0,0,0.0,0.0,0.0,0.0,0.0,0.0,0.0,0.0
2015-07-06,57.19,255,0,0,0,0,0.0,0.0,0.0,0.0,0.0,0.0,0.0,0.0
2015-07-07,54.72,271,0,0,0,0,0.0,0.0,0.0,0.0,0.0,0.0,0.0,0.0
2015-07-08,55.7,267,0,0,0,0,0.0,0.0,0.0,0.0,0.0,0.0,0.0,0.0
2015-07-09,57.83,283,0,0,0,0,0.0,0.0,0.0,0.0,0.0,0.0,0.0,0.0
2015-07-10,57.72,281,0,0,0,0,0.0,0.0,0.0,0.0,0.0,0.0,0.0,0.0
2015-07-13,57.63,269,0,0,0,0,0.0,0.0,0.0,0.0,0.0,0.0,0.0,0.0
2015-07-14,57.2,287,0,0,0,0,0.0,0.0,0.0,0.0,0.0,0.0,0.0,0.0
2015-07-15,57.34,291,0,0,0,0,0.0,0.0,0.0,0.0,0.0,0.0,0.0,0.0
2015-07-16,57.31,265,1,1,0,0,0.0037735849056603774,3.7735849056603774,0.0037735849056603774,3.7735849056603774,0.0,0.0,0.0,0.0
2015-07-17,56.38,283,1,1,1,0,0.0035335689045936395,3.5335689045936394,0.0035335689045936395,3.5335689045936394,0.0035335689045936395,3.5335689045936394,0.0,0.0
2015-07-20,56.42,280,0,0,0,0,0.0,0.0,0.0,0.0,0.0,0.0,0.0,0.0
2015-07-21,55.94,281,0,0,0,0,0.0,0.0,0.0,0.0,0.0,0.0,0.0,0.0
2015-07-22,56.36,306,0,0,0,0,0.0,0.0,0.0,0.0,0.0,0.0,0.0,0.0
2015-07-23,55.76,301,0,0,0,0,0.0,0.0,0.0,0.0,0.0,0.0,0.0,0.0
2015-07-24,54.29,279,0,0,0,0,0.0,0.0,0.0,0.0,0.0,0.0,0.0,0.0
2015-07-27,54.07,289,0,0,0,0,0.0,0.0,0.0,0.0,0.0,0.0,0.0,0.0
2015-07-28,54.3,271,0,0,0,0,0.0,0.0,0.0,0.0,0.0,0.0,0.0,0.0
2015-07-29,54.73,286,0,0,0,0,0.0,0.0,0.0,0.0,0.0,0.0,0.0,0.0
2015-07-30,54.29,297,0,0,0,0,0.0,0.0,0.0,0.0,0.0,0.0,0.0,0.0
2015-07-31,53.29,272,1,1,0,0,0.003676470588235294,3.676470588235294,0.003676470588235294,3.676470588235294,0.0,0.0,0.0,0.0
2015-08-03,49.49,258,0,0,0,0,0.0,0.0,0.0,0.0,0.0,0.0,0.0,0.0
2015-08-04,49.08,295,1,0,0,1,0.003389830508474576,3.389830508474576,0.0,0.0,0.0,0.0,0.003389830508474576,3.389830508474576
2015-08-05,49.04,277,0,0,0,0,0.0,0.0,0.0,0.0,0.0,0.0,0.0,0.0
2015-08-06,47.8,304,0,0,0,0,0.0,0.0,0.0,0.0,0.0,0.0,0.0,0.0
2015-08-07,47.54,288,0,0,0,0,0.0,0.0,0.0,0.0,0.0,0.0,0.0,0.0
2015-08-10,48.3,270,0,0,0,0,0.0,0.0,0.0,0.0,0.0,0.0,0.0,0.0
2015-08-11,47.33,271,2,0,1,1,0.007380073800738007,7.380073800738007,0.0,0.0,0.0036900369003690036,3.6900369003690034,0.0036900369003690036,3.6900369003690034
2015-08-12,48.29,299,0,0,0,0,0.0,0.0,0.0,0.0,0.0,0.0,0.0,0.0
2015-08-13,48.01,304,1,0,1,0,0.003289473684210526,3.289473684210526,0.0,0.0,0.003289473684210526,3.289473684210526,0.0,0.0
2015-08-14,47.79,257,0,0,0,0,0.0,0.0,0.0,0.0,0.0,0.0,0.0,0.0
2015-08-17,47.77,257,0,0,0,0,0.0,0.0,0.0,0.0,0.0,0.0,0.0,0.0
2015-08-18,47.0,275,0,0,0,0,0.0,0.0,0.0,0.0,0.0,0.0,0.0,0.0
2015-08-19,45.75,258,1,1,0,0,0.003875968992248062,3.875968992248062,0.003875968992248062,3.875968992248062,0.0,0.0,0.0,0.0
2015-08-20,45.63,270,2,1,0,1,0.007407407407407408,7.407407407407407,0.003703703703703704,3.7037037037037037,0.0,0.0,0.003703703703703704,3.7037037037037037
2015-08-21,43.84,267,1,1,0,0,0.003745318352059925,3.745318352059925,0.003745318352059925,3.745318352059925,0.0,0.0,0.0,0.0
2015-08-24,41.59,247,0,0,0,0,0.0,0.0,0.0,0.0,0.0,0.0,0.0,0.0
2015-08-25,41.86,252,0,0,0,0,0.0,0.0,0.0,0.0,0.0,0.0,0.0,0.0
2015-08-26,41.76,283,0,0,0,0,0.0,0.0,0.0,0.0,0.0,0.0,0.0,0.0
2015-08-27,44.46,281,0,0,0,0,0.0,0.0,0.0,0.0,0.0,0.0,0.0,0.0
2015-08-28,47.97,273,0,0,0,0,0.0,0.0,0.0,0.0,0.0,0.0,0.0,0.0
2015-09-01,48.8,259,1,1,0,0,0.003861003861003861,3.8610038610038613,0.003861003861003861,3.8610038610038613,0.0,0.0,0.0,0.0
2015-09-02,47.67,263,0,0,0,0,0.0,0.0,0.0,0.0,0.0,0.0,0.0,0.0
2015-09-03,50.41,258,1,1,0,0,0.003875968992248062,3.875968992248062,0.003875968992248062,3.875968992248062,0.0,0.0,0.0,0.0
2015-09-04,48.59,273,0,0,0,0,0.0,0.0,0.0,0.0,0.0,0.0,0.0,0.0
2015-09-07,46.42,280,0,0,0,0,0.0,0.0,0.0,0.0,0.0,0.0,0.0,0.0
2015-09-08,48.88,278,1,1,0,0,0.0035971223021582736,3.5971223021582737,0.0035971223021582736,3.5971223021582737,0.0,0.0,0.0,0.0
2015-09-09,48.04,294,0,0,0,0,0.0,0.0,0.0,0.0,0.0,0.0,0.0,0.0
2015-09-10,47.77,293,0,0,0,0,0.0,0.0,0.0,0.0,0.0,0.0,0.0,0.0
2015-09-11,46.87,291,0,0,0,0,0.0,0.0,0.0,0.0,0.0,0.0,0.0,0.0
2015-09-14,45.87,247,0,0,0,0,0.0,0.0,0.0,0.0,0.0,0.0,0.0,0.0
2015-09-15,45.91,250,0,0,0,0,0.0,0.0,0.0,0.0,0.0,0.0,0.0,0.0
2015-09-16,49.35,303,0,0,0,0,0.0,0.0,0.0,0.0,0.0,0.0,0.0,0.0
2015-09-17,48.27,313,0,0,0,0,0.0,0.0,0.0,0.0,0.0,0.0,0.0,0.0
2015-09-18,47.28,303,0,0,0,0,0.0,0.0,0.0,0.0,0.0,0.0,0.0,0.0
2015-09-21,47.64,270,0,0,0,0,0.0,0.0,0.0,0.0,0.0,0.0,0.0,0.0
2015-09-22,46.69,270,0,0,0,0,0.0,0.0,0.0,0.0,0.0,0.0,0.0,0.0
2015-09-23,48.0,271,0,0,0,0,0.0,0.0,0.0,0.0,0.0,0.0,0.0,0.0
2015-09-24,47.06,257,1,0,1,0,0.0038910505836575876,3.8910505836575875,0.0,0.0,0.0038910505836575876,3.8910505836575875,0.0,0.0
2015-09-25,47.28,275,0,0,0,0,0.0,0.0,0.0,0.0,0.0,0.0,0.0,0.0
2015-09-28,46.04,251,0,0,0,0,0.0,0.0,0.0,0.0,0.0,0.0,0.0,0.0
2015-09-29,47.58,273,0,0,0,0,0.0,0.0,0.0,0.0,0.0,0.0,0.0,0.0
2015-09-30,47.29,274,0,0,0,0,0.0,0.0,0.0,0.0,0.0,0.0,0.0,0.0
2015-10-01,47.48,310,0,0,0,0,0.0,0.0,0.0,0.0,0.0,0.0,0.0,0.0
2015-10-02,46.55,262,0,0,0,0,0.0,0.0,0.0,0.0,0.0,0.0,0.0,0.0
2015-10-05,49.45,233,0,0,0,0,0.0,0.0,0.0,0.0,0.0,0.0,0.0,0.0
2015-10-06,51.34,277,0,0,0,0,0.0,0.0,0.0,0.0,0.0,0.0,0.0,0.0
2015-10-07,51.66,308,0,0,0,0,0.0,0.0,0.0,0.0,0.0,0.0,0.0,0.0
2015-10-08,52.13,318,0,0,0,0,0.0,0.0,0.0,0.0,0.0,0.0,0.0,0.0
2015-10-09,52.08,285,0,0,0,0,0.0,0.0,0.0,0.0,0.0,0.0,0.0,0.0
2015-10-12,50.95,303,0,0,0,0,0.0,0.0,0.0,0.0,0.0,0.0,0.0,0.0
2015-10-13,48.94,287,2,2,0,0,0.006968641114982578,6.968641114982578,0.006968641114982578,6.968641114982578,0.0,0.0,0.0,0.0
2015-10-14,48.25,303,0,0,0,0,0.0,0.0,0.0,0.0,0.0,0.0,0.0,0.0
2015-10-15,47.87,318,0,0,0,0,0.0,0.0,0.0,0.0,0.0,0.0,0.0,0.0
2015-10-16,48.96,305,0,0,0,0,0.0,0.0,0.0,0.0,0.0,0.0,0.0,0.0
2015-10-19,47.51,311,0,0,0,0,0.0,0.0,0.0,0.0,0.0,0.0,0.0,0.0
2015-10-20,46.93,315,0,0,0,0,0.0,0.0,0.0,0.0,0.0,0.0,0.0,0.0
2015-10-21,46.72,299,0,0,0,0,0.0,0.0,0.0,0.0,0.0,0.0,0.0,0.0
2015-10-22,46.59,305,1,0,1,0,0.003278688524590164,3.278688524590164,0.0,0.0,0.003278688524590164,3.278688524590164,0.0,0.0
2015-10-23,46.3,300,0,0,0,0,0.0,0.0,0.0,0.0,0.0,0.0,0.0,0.0
2015-10-26,46.57,265,0,0,0,0,0.0,0.0,0.0,0.0,0.0,0.0,0.0,0.0
2015-10-27,45.54,291,1,1,0,0,0.003436426116838488,3.4364261168384878,0.003436426116838488,3.4364261168384878,0.0,0.0,0.0,0.0
2015-10-28,47.6,303,0,0,0,0,0.0,0.0,0.0,0.0,0.0,0.0,0.0,0.0
2015-10-29,48.04,284,0,0,0,0,0.0,0.0,0.0,0.0,0.0,0.0,0.0,0.0
2015-10-30,48.0,289,0,0,0,0,0.0,0.0,0.0,0.0,0.0,0.0,0.0,0.0
2015-11-02,47.91,262,0,0,0,0,0.0,0.0,0.0,0.0,0.0,0.0,0.0,0.0
2015-11-03,48.0,229,0,0,0,0,0.0,0.0,0.0,0.0,0.0,0.0,0.0,0.0
2015-11-04,46.96,305,0,0,0,0,0.0,0.0,0.0,0.0,0.0,0.0,0.0,0.0
2015-11-05,47.19,253,0,0,0,0,0.0,0.0,0.0,0.0,0.0,0.0,0.0,0.0
2015-11-06,46.09,258,0,0,0,0,0.0,0.0,0.0,0.0,0.0,0.0,0.0,0.0
2015-11-09,45.38,248,0,0,0,0,0.0,0.0,0.0,0.0,0.0,0.0,0.0,0.0
2015-11-10,46.44,281,0,0,0,0,0.0,0.0,0.0,0.0,0.0,0.0,0.0,0.0
2015-11-11,44.98,312,0,0,0,0,0.0,0.0,0.0,0.0,0.0,0.0,0.0,0.0
2015-11-12,44.98,328,0,0,0,0,0.0,0.0,0.0,0.0,0.0,0.0,0.0,0.0
2015-11-13,41.98,277,1,1,0,0,0.0036101083032490976,3.6101083032490977,0.0036101083032490976,3.6101083032490977,0.0,0.0,0.0,0.0
2015-11-16,40.28,277,0,0,0,0,0.0,0.0,0.0,0.0,0.0,0.0,0.0,0.0
2015-11-17,41.28,309,0,0,0,0,0.0,0.0,0.0,0.0,0.0,0.0,0.0,0.0
2015-11-18,41.45,286,0,0,0,0,0.0,0.0,0.0,0.0,0.0,0.0,0.0,0.0
2015-11-19,42.22,297,0,0,0,0,0.0,0.0,0.0,0.0,0.0,0.0,0.0,0.0
2015-11-20,42.49,286,0,0,0,0,0.0,0.0,0.0,0.0,0.0,0.0,0.0,0.0
2015-11-23,43.7,269,1,0,0,1,0.0037174721189591076,3.717472118959108,0.0,0.0,0.0,0.0,0.0037174721189591076,3.717472118959108
2015-11-24,44.38,312,0,0,0,0,0.0,0.0,0.0,0.0,0.0,0.0,0.0,0.0
2015-11-25,43.56,286,0,0,0,0,0.0,0.0,0.0,0.0,0.0,0.0,0.0,0.0
2015-11-26,43.55,331,0,0,0,0,0.0,0.0,0.0,0.0,0.0,0.0,0.0,0.0
2015-11-27,43.07,299,0,0,0,0,0.0,0.0,0.0,0.0,0.0,0.0,0.0,0.0
2015-11-30,43.73,304,0,0,0,0,0.0,0.0,0.0,0.0,0.0,0.0,0.0,0.0
2015-12-01,42.97,329,0,0,0,0,0.0,0.0,0.0,0.0,0.0,0.0,0.0,0.0
2015-12-02,41.92,316,1,0,0,1,0.0031645569620253164,3.1645569620253164,0.0,0.0,0.0,0.0,0.0031645569620253164,3.1645569620253164
2015-12-03,42.0,316,2,1,1,0,0.006329113924050633,6.329113924050633,0.0031645569620253164,3.1645569620253164,0.0031645569620253164,3.1645569620253164,0.0,0.0
2015-12-04,41.44,301,0,0,0,0,0.0,0.0,0.0,0.0,0.0,0.0,0.0,0.0
2015-12-07,39.69,263,1,0,1,0,0.0038022813688212928,3.802281368821293,0.0,0.0,0.0038022813688212928,3.802281368821293,0.0,0.0
2015-12-08,39.44,303,0,0,0,0,0.0,0.0,0.0,0.0,0.0,0.0,0.0,0.0
2015-12-09,39.04,317,1,1,0,0,0.0031545741324921135,3.1545741324921135,0.0031545741324921135,3.1545741324921135,0.0,0.0,0.0,0.0
2015-12-10,38.65,283,0,0,0,0,0.0,0.0,0.0,0.0,0.0,0.0,0.0,0.0
2015-12-11,36.99,278,1,1,0,0,0.0035971223021582736,3.5971223021582737,0.0035971223021582736,3.5971223021582737,0.0,0.0,0.0,0.0
2015-12-14,36.51,266,1,1,0,0,0.0037593984962406013,3.7593984962406015,0.0037593984962406013,3.7593984962406015,0.0,0.0,0.0,0.0
2015-12-15,37.66,304,1,0,0,1,0.003289473684210526,3.289473684210526,0.0,0.0,0.0,0.0,0.003289473684210526,3.289473684210526
2015-12-16,36.96,276,3,2,0,2,0.010869565217391304,10.869565217391305,0.007246376811594203,7.246376811594203,0.0,0.0,0.007246376811594203,7.246376811594203
2015-12-17,36.29,294,0,0,0,0,0.0,0.0,0.0,0.0,0.0,0.0,0.0,0.0
2015-12-18,36.76,273,1,0,0,1,0.003663003663003663,3.663003663003663,0.0,0.0,0.0,0.0,0.003663003663003663,3.663003663003663
2015-12-21,35.34,205,0,0,0,0,0.0,0.0,0.0,0.0,0.0,0.0,0.0,0.0
2015-12-22,35.26,251,2,2,0,0,0.00796812749003984,7.968127490039841,0.00796812749003984,7.968127490039841,0.0,0.0,0.0,0.0
2015-12-23,35.79,222,1,0,0,1,0.0045045045045045045,4.504504504504505,0.0,0.0,0.0,0.0,0.0045045045045045045,4.504504504504505
2015-12-24,37.22,190,0,0,0,0,0.0,0.0,0.0,0.0,0.0,0.0,0.0,0.0
2015-12-28,37.08,125,0,0,0,0,0.0,0.0,0.0,0.0,0.0,0.0,0.0,0.0
2015-12-29,36.85,149,2,1,0,1,0.013422818791946308,13.422818791946309,0.006711409395973154,6.7114093959731544,0.0,0.0,0.006711409395973154,6.7114093959731544
2015-12-30,35.65,160,0,0,0,0,0.0,0.0,0.0,0.0,0.0,0.0,0.0,0.0
2015-12-31,36.61,151,2,2,0,0,0.013245033112582781,13.245033112582782,0.013245033112582781,13.245033112582782,0.0,0.0,0.0,0.0
2016-01-04,36.28,175,0,0,0,0,0.0,0.0,0.0,0.0,0.0,0.0,0.0,0.0
2016-01-05,35.56,208,1,0,0,1,0.004807692307692308,4.807692307692308,0.0,0.0,0.0,0.0,0.004807692307692308,4.807692307692308
2016-01-06,33.89,207,0,0,0,0,0.0,0.0,0.0,0.0,0.0,0.0,0.0,0.0
2016-01-07,33.57,205,0,0,0,0,0.0,0.0,0.0,0.0,0.0,0.0,0.0,0.0
2016-01-08,31.67,200,0,0,0,0,0.0,0.0,0.0,0.0,0.0,0.0,0.0,0.0
2016-01-11,30.14,209,0,0,0,0,0.0,0.0,0.0,0.0,0.0,0.0,0.0,0.0
2016-01-12,29.14,218,2,2,0,0,0.009174311926605505,9.174311926605505,0.009174311926605505,9.174311926605505,0.0,0.0,0.0,0.0
2016-01-13,28.58,217,2,2,0,0,0.009216589861751152,9.216589861751151,0.009216589861751152,9.216589861751151,0.0,0.0,0.0,0.0
2016-01-14,28.84,212,1,1,0,0,0.0047169811320754715,4.716981132075471,0.0047169811320754715,4.716981132075471,0.0,0.0,0.0,0.0
2016-01-15,28.8,218,2,1,1,0,0.009174311926605505,9.174311926605505,0.0045871559633027525,4.587155963302752,0.0045871559633027525,4.587155963302752,0.0,0.0
2016-01-18,27.36,215,1,0,0,1,0.004651162790697674,4.651162790697675,0.0,0.0,0.0,0.0,0.004651162790697674,4.651162790697675
2016-01-19,27.36,221,2,0,0,2,0.00904977375565611,9.04977375565611,0.0,0.0,0.0,0.0,0.00904977375565611,9.04977375565611
2016-01-20,26.01,224,2,0,0,2,0.008928571428571428,8.928571428571429,0.0,0.0,0.0,0.0,0.008928571428571428,8.928571428571429
2016-01-21,27.59,227,2,1,0,1,0.00881057268722467,8.81057268722467,0.004405286343612335,4.405286343612335,0.0,0.0,0.004405286343612335,4.405286343612335
2016-01-22,30.46,214,3,3,0,0,0.014018691588785047,14.018691588785046,0.014018691588785047,14.018691588785046,0.0,0.0,0.0,0.0
2016-01-25,29.82,211,1,1,0,0,0.004739336492890996,4.739336492890995,0.004739336492890996,4.739336492890995,0.0,0.0,0.0,0.0
2016-01-26,30.94,192,1,1,0,0,0.005208333333333333,5.208333333333333,0.005208333333333333,5.208333333333333,0.0,0.0,0.0,0.0
2016-01-27,31.83,225,1,1,0,0,0.0044444444444444444,4.444444444444445,0.0044444444444444444,4.444444444444445,0.0,0.0,0.0,0.0
2016-01-28,33.01,229,0,0,0,0,0.0,0.0,0.0,0.0,0.0,0.0,0.0,0.0
2016-01-29,33.14,234,0,0,0,0,0.0,0.0,0.0,0.0,0.0,0.0,0.0,0.0
2016-02-01,32.45,227,1,0,0,1,0.004405286343612335,4.405286343612335,0.0,0.0,0.0,0.0,0.004405286343612335,4.405286343612335
2016-02-02,30.98,226,1,0,0,1,0.004424778761061947,4.424778761061947,0.0,0.0,0.0,0.0,0.004424778761061947,4.424778761061947
2016-02-03,32.38,226,2,2,0,0,0.008849557522123894,8.849557522123893,0.008849557522123894,8.849557522123893,0.0,0.0,0.0,0.0
2016-02-04,32.76,222,1,1,1,0,0.0045045045045045045,4.504504504504505,0.0045045045045045045,4.504504504504505,0.0045045045045045045,4.504504504504505,0.0,0.0
2016-02-05,32.35,226,0,0,0,0,0.0,0.0,0.0,0.0,0.0,0.0,0.0,0.0
2016-02-08,31.64,226,0,0,0,0,0.0,0.0,0.0,0.0,0.0,0.0,0.0,0.0
2016-02-09,30.15,226,0,0,0,0,0.0,0.0,0.0,0.0,0.0,0.0,0.0,0.0
2016-02-10,29.64,227,0,0,0,0,0.0,0.0,0.0,0.0,0.0,0.0,0.0,0.0
2016-02-11,28.82,220,0,0,0,0,0.0,0.0,0.0,0.0,0.0,0.0,0.0,0.0
2016-02-12,31.8,227,0,0,0,0,0.0,0.0,0.0,0.0,0.0,0.0,0.0,0.0
2016-02-16,31.09,220,3,0,2,1,0.013636363636363636,13.636363636363635,0.0,0.0,0.00909090909090909,9.09090909090909,0.004545454545454545,4.545454545454545
2016-02-17,33.21,233,1,1,0,0,0.004291845493562232,4.291845493562231,0.004291845493562232,4.291845493562231,0.0,0.0,0.0,0.0
2016-02-18,33.2,231,1,0,0,1,0.004329004329004329,4.329004329004329,0.0,0.0,0.0,0.0,0.004329004329004329,4.329004329004329
2016-02-19,31.66,226,1,1,0,0,0.004424778761061947,4.424778761061947,0.004424778761061947,4.424778761061947,0.0,0.0,0.0,0.0
2016-02-22,33.59,217,2,2,0,0,0.009216589861751152,9.216589861751151,0.009216589861751152,9.216589861751151,0.0,0.0,0.0,0.0
2016-02-23,31.9,222,4,1,1,2,0.018018018018018018,18.01801801801802,0.0045045045045045045,4.504504504504505,0.0045045045045045045,4.504504504504505,0.009009009009009009,9.00900900900901
2016-02-24,31.5,222,0,0,0,0,0.0,0.0,0.0,0.0,0.0,0.0,0.0,0.0
2016-02-25,32.83,226,0,0,0,0,0.0,0.0,0.0,0.0,0.0,0.0,0.0,0.0
2016-02-26,35.76,235,0,0,0,0,0.0,0.0,0.0,0.0,0.0,0.0,0.0,0.0
2016-02-29,35.92,220,0,0,0,0,0.0,0.0,0.0,0.0,0.0,0.0,0.0,0.0
2016-03-01,35.73,222,0,0,0,0,0.0,0.0,0.0,0.0,0.0,0.0,0.0,0.0
2016-03-02,36.38,225,2,0,0,2,0.008888888888888889,8.88888888888889,0.0,0.0,0.0,0.0,0.008888888888888889,8.88888888888889
2016-03-03,35.75,216,0,0,0,0,0.0,0.0,0.0,0.0,0.0,0.0,0.0,0.0
2016-03-04,37.61,227,0,0,0,0,0.0,0.0,0.0,0.0,0.0,0.0,0.0,0.0
2016-03-07,39.02,229,0,0,0,0,0.0,0.0,0.0,0.0,0.0,0.0,0.0,0.0
2016-03-08,39.16,226,0,0,0,0,0.0,0.0,0.0,0.0,0.0,0.0,0.0,0.0
2016-03-09,40.26,218,0,0,0,0,0.0,0.0,0.0,0.0,0.0,0.0,0.0,0.0
2016-03-10,38.63,225,0,0,0,0,0.0,0.0,0.0,0.0,0.0,0.0,0.0,0.0
2016-03-11,39.41,227,1,0,0,1,0.004405286343612335,4.405286343612335,0.0,0.0,0.0,0.0,0.004405286343612335,4.405286343612335
2016-03-14,38.06,215,0,0,0,0,0.0,0.0,0.0,0.0,0.0,0.0,0.0,0.0
2016-03-15,37.49,218,0,0,0,0,0.0,0.0,0.0,0.0,0.0,0.0,0.0,0.0
2016-03-16,38.38,223,0,0,0,0,0.0,0.0,0.0,0.0,0.0,0.0,0.0,0.0
2016-03-17,39.29,221,0,0,0,0,0.0,0.0,0.0,0.0,0.0,0.0,0.0,0.0
2016-03-18,39.26,224,1,0,1,0,0.004464285714285714,4.464285714285714,0.0,0.0,0.004464285714285714,4.464285714285714,0.0,0.0
2016-03-21,39.91,214,0,0,0,0,0.0,0.0,0.0,0.0,0.0,0.0,0.0,0.0
2016-03-22,40.54,222,1,1,0,0,0.0045045045045045045,4.504504504504505,0.0045045045045045045,4.504504504504505,0.0,0.0,0.0,0.0
2016-03-23,38.84,221,0,0,0,0,0.0,0.0,0.0,0.0,0.0,0.0,0.0,0.0
2016-03-24,38.33,222,0,0,0,0,0.0,0.0,0.0,0.0,0.0,0.0,0.0,0.0
2016-03-28,38.33,137,0,0,0,0,0.0,0.0,0.0,0.0,0.0,0.0,0.0,0.0
2016-03-29,36.75,213,0,0,0,0,0.0,0.0,0.0,0.0,0.0,0.0,0.0,0.0
2016-03-30,36.75,217,0,0,0,0,0.0,0.0,0.0,0.0,0.0,0.0,0.0,0.0
2016-03-31,36.75,218,0,0,0,0,0.0,0.0,0.0,0.0,0.0,0.0,0.0,0.0
2016-04-01,36.42,226,0,0,0,0,0.0,0.0,0.0,0.0,0.0,0.0,0.0,0.0
2016-04-04,36.05,222,0,0,0,0,0.0,0.0,0.0,0.0,0.0,0.0,0.0,0.0
2016-04-05,35.88,221,1,1,0,0,0.004524886877828055,4.524886877828055,0.004524886877828055,4.524886877828055,0.0,0.0,0.0,0.0
2016-04-06,37.77,226,1,1,0,0,0.004424778761061947,4.424778761061947,0.004424778761061947,4.424778761061947,0.0,0.0,0.0,0.0
2016-04-07,37.15,229,0,0,0,0,0.0,0.0,0.0,0.0,0.0,0.0,0.0,0.0
2016-04-08,40.71,216,0,0,0,0,0.0,0.0,0.0,0.0,0.0,0.0,0.0,0.0
2016-04-11,41.58,229,1,1,0,0,0.004366812227074236,4.366812227074235,0.004366812227074236,4.366812227074235,0.0,0.0,0.0,0.0
2016-04-12,43.02,220,3,1,2,0,0.013636363636363636,13.636363636363635,0.004545454545454545,4.545454545454545,0.00909090909090909,9.09090909090909,0.0,0.0
2016-04-13,42.81,215,2,1,1,0,0.009302325581395349,9.30232558139535,0.004651162790697674,4.651162790697675,0.004651162790697674,4.651162790697675,0.0,0.0
2016-04-14,43.02,222,0,0,0,0,0.0,0.0,0.0,0.0,0.0,0.0,0.0,0.0
2016-04-15,41.32,226,1,0,1,0,0.004424778761061947,4.424778761061947,0.0,0.0,0.004424778761061947,4.424778761061947,0.0,0.0
2016-04-18,41.64,217,4,4,3,0,0.018433179723502304,18.433179723502302,0.018433179723502304,18.433179723502302,0.013824884792626729,13.82488479262673,0.0,0.0
2016-04-19,43.02,218,1,1,0,0,0.0045871559633027525,4.587155963302752,0.0045871559633027525,4.587155963302752,0.0,0.0,0.0,0.0
2016-04-20,43.09,221,1,1,0,0,0.004524886877828055,4.524886877828055,0.004524886877828055,4.524886877828055,0.0,0.0,0.0,0.0
2016-04-21,43.48,220,1,1,0,0,0.004545454545454545,4.545454545454545,0.004545454545454545,4.545454545454545,0.0,0.0,0.0,0.0
2016-04-22,43.97,220,0,0,0,0,0.0,0.0,0.0,0.0,0.0,0.0,0.0,0.0
2016-04-25,42.97,153,0,0,0,0,0.0,0.0,0.0,0.0,0.0,0.0,0.0,0.0
2016-04-26,43.94,216,2,1,1,0,0.009259259259259259,9.25925925925926,0.004629629629629629,4.62962962962963,0.004629629629629629,4.62962962962963,0.0,0.0
2016-04-27,44.17,235,1,1,0,0,0.00425531914893617,4.25531914893617,0.00425531914893617,4.25531914893617,0.0,0.0,0.0,0.0
2016-04-28,45.6,217,0,0,0,0,0.0,0.0,0.0,0.0,0.0,0.0,0.0,0.0
2016-04-29,45.64,227,1,1,0,0,0.004405286343612335,4.405286343612335,0.004405286343612335,4.405286343612335,0.0,0.0,0.0,0.0
2016-05-02,45.82,217,0,0,0,0,0.0,0.0,0.0,0.0,0.0,0.0,0.0,0.0
2016-05-03,43.09,214,0,0,0,0,0.0,0.0,0.0,0.0,0.0,0.0,0.0,0.0
2016-05-04,43.08,220,0,0,0,0,0.0,0.0,0.0,0.0,0.0,0.0,0.0,0.0
2016-05-05,44.39,224,0,0,0,0,0.0,0.0,0.0,0.0,0.0,0.0,0.0,0.0
2016-05-06,44.6,217,0,0,0,0,0.0,0.0,0.0,0.0,0.0,0.0,0.0,0.0
2016-05-09,42.43,210,0,0,0,0,0.0,0.0,0.0,0.0,0.0,0.0,0.0,0.0
2016-05-10,44.01,219,0,0,0,0,0.0,0.0,0.0,0.0,0.0,0.0,0.0,0.0
2016-05-11,46.08,215,1,1,0,0,0.004651162790697674,4.651162790697675,0.004651162790697674,4.651162790697675,0.0,0.0,0.0,0.0
2016-05-12,46.43,223,1,0,1,0,0.004484304932735426,4.484304932735426,0.0,0.0,0.004484304932735426,4.484304932735426,0.0,0.0
2016-05-13,47.05,219,1,1,0,0,0.0045662100456621,4.5662100456621,0.0045662100456621,4.5662100456621,0.0,0.0,0.0,0.0
2016-05-16,48.49,222,0,0,0,0,0.0,0.0,0.0,0.0,0.0,0.0,0.0,0.0
2016-05-17,48.71,220,2,2,0,0,0.00909090909090909,9.09090909090909,0.00909090909090909,9.09090909090909,0.0,0.0,0.0,0.0
2016-05-18,48.93,221,0,0,0,0,0.0,0.0,0.0,0.0,0.0,0.0,0.0,0.0
2016-05-19,47.01,217,0,0,0,0,0.0,0.0,0.0,0.0,0.0,0.0,0.0,0.0
2016-05-20,48.54,220,0,0,0,0,0.0,0.0,0.0,0.0,0.0,0.0,0.0,0.0
2016-05-23,47.77,223,0,0,0,0,0.0,0.0,0.0,0.0,0.0,0.0,0.0,0.0
2016-05-24,48.42,222,0,0,0,0,0.0,0.0,0.0,0.0,0.0,0.0,0.0,0.0
2016-05-25,48.87,222,0,0,0,0,0.0,0.0,0.0,0.0,0.0,0.0,0.0,0.0
2016-05-26,49.52,224,2,2,0,0,0.008928571428571428,8.928571428571429,0.008928571428571428,8.928571428571429,0.0,0.0,0.0,0.0
2016-05-27,49.09,221,1,1,0,0,0.004524886877828055,4.524886877828055,0.004524886877828055,4.524886877828055,0.0,0.0,0.0,0.0
2016-05-31,49.26,221,0,0,0,0,0.0,0.0,0.0,0.0,0.0,0.0,0.0,0.0
2016-06-01,48.81,214,0,0,0,0,0.0,0.0,0.0,0.0,0.0,0.0,0.0,0.0
2016-06-02,49.05,226,0,0,0,0,0.0,0.0,0.0,0.0,0.0,0.0,0.0,0.0
2016-06-03,48.5,218,0,0,0,0,0.0,0.0,0.0,0.0,0.0,0.0,0.0,0.0
2016-06-06,48.94,208,1,0,0,1,0.004807692307692308,4.807692307692308,0.0,0.0,0.0,0.0,0.004807692307692308,4.807692307692308
2016-06-07,49.76,223,0,0,0,0,0.0,0.0,0.0,0.0,0.0,0.0,0.0,0.0
2016-06-08,50.73,216,1,1,0,0,0.004629629629629629,4.62962962962963,0.004629629629629629,4.62962962962963,0.0,0.0,0.0,0.0
2016-06-09,50.59,220,0,0,0,0,0.0,0.0,0.0,0.0,0.0,0.0,0.0,0.0
2016-06-10,49.7,219,0,0,0,0,0.0,0.0,0.0,0.0,0.0,0.0,0.0,0.0
2016-06-13,49.36,203,0,0,0,0,0.0,0.0,0.0,0.0,0.0,0.0,0.0,0.0
2016-06-14,47.88,221,0,0,0,0,0.0,0.0,0.0,0.0,0.0,0.0,0.0,0.0
2016-06-15,47.47,215,0,0,0,0,0.0,0.0,0.0,0.0,0.0,0.0,0.0,0.0
2016-06-16,45.66,223,0,0,0,0,0.0,0.0,0.0,0.0,0.0,0.0,0.0,0.0
2016-06-17,46.57,222,0,0,0,0,0.0,0.0,0.0,0.0,0.0,0.0,0.0,0.0
2016-06-20,48.68,209,0,0,0,0,0.0,0.0,0.0,0.0,0.0,0.0,0.0,0.0
2016-06-21,48.18,217,0,0,0,0,0.0,0.0,0.0,0.0,0.0,0.0,0.0,0.0
2016-06-22,48.43,218,0,0,0,0,0.0,0.0,0.0,0.0,0.0,0.0,0.0,0.0
2016-06-23,48.63,222,0,0,0,0,0.0,0.0,0.0,0.0,0.0,0.0,0.0,0.0
2016-06-24,46.69,224,0,0,0,0,0.0,0.0,0.0,0.0,0.0,0.0,0.0,0.0
2016-06-27,45.07,212,0,0,0,0,0.0,0.0,0.0,0.0,0.0,0.0,0.0,0.0
2016-06-28,46.29,204,0,0,0,0,0.0,0.0,0.0,0.0,0.0,0.0,0.0,0.0
2016-06-29,48.4,216,0,0,0,0,0.0,0.0,0.0,0.0,0.0,0.0,0.0,0.0
2016-06-30,48.05,215,0,0,0,0,0.0,0.0,0.0,0.0,0.0,0.0,0.0,0.0
2016-07-01,47.65,206,0,0,0,0,0.0,0.0,0.0,0.0,0.0,0.0,0.0,0.0
2016-07-04,48.02,194,0,0,0,0,0.0,0.0,0.0,0.0,0.0,0.0,0.0,0.0
2016-07-05,45.64,217,0,0,0,0,0.0,0.0,0.0,0.0,0.0,0.0,0.0,0.0
2016-07-06,45.7,218,0,0,0,0,0.0,0.0,0.0,0.0,0.0,0.0,0.0,0.0
2016-07-07,45.93,208,0,0,0,0,0.0,0.0,0.0,0.0,0.0,0.0,0.0,0.0
2016-07-08,44.53,227,1,1,0,0,0.004405286343612335,4.405286343612335,0.004405286343612335,4.405286343612335,0.0,0.0,0.0,0.0
2016-07-11,44.04,197,0,0,0,0,0.0,0.0,0.0,0.0,0.0,0.0,0.0,0.0
2016-07-12,46.72,194,0,0,0,0,0.0,0.0,0.0,0.0,0.0,0.0,0.0,0.0
2016-07-13,44.67,216,0,0,0,0,0.0,0.0,0.0,0.0,0.0,0.0,0.0,0.0
2016-07-14,46.01,215,2,2,1,0,0.009302325581395349,9.30232558139535,0.009302325581395349,9.30232558139535,0.004651162790697674,4.651162790697675,0.0,0.0
2016-07-15,46.25,207,0,0,0,0,0.0,0.0,0.0,0.0,0.0,0.0,0.0,0.0
2016-07-18,45.35,198,0,0,0,0,0.0,0.0,0.0,0.0,0.0,0.0,0.0,0.0
2016-07-19,45.7,214,0,0,0,0,0.0,0.0,0.0,0.0,0.0,0.0,0.0,0.0
2016-07-20,45.82,211,2,0,0,2,0.009478672985781991,9.47867298578199,0.0,0.0,0.0,0.0,0.009478672985781991,9.47867298578199
2016-07-21,44.99,220,0,0,0,0,0.0,0.0,0.0,0.0,0.0,0.0,0.0,0.0
2016-07-22,44.24,225,1,0,1,0,0.0044444444444444444,4.444444444444445,0.0,0.0,0.0044444444444444444,4.444444444444445,0.0,0.0
2016-07-25,43.76,215,0,0,0,0,0.0,0.0,0.0,0.0,0.0,0.0,0.0,0.0
2016-07-26,43.56,214,1,1,0,0,0.004672897196261682,4.672897196261682,0.004672897196261682,4.672897196261682,0.0,0.0,0.0,0.0
2016-07-27,42.78,211,0,0,0,0,0.0,0.0,0.0,0.0,0.0,0.0,0.0,0.0
2016-07-28,41.87,218,0,0,0,0,0.0,0.0,0.0,0.0,0.0,0.0,0.0,0.0
2016-07-29,40.76,216,0,0,0,0,0.0,0.0,0.0,0.0,0.0,0.0,0.0,0.0
2016-08-01,40.17,206,0,0,0,0,0.0,0.0,0.0,0.0,0.0,0.0,0.0,0.0
2016-08-02,40.0,213,1,1,0,0,0.004694835680751174,4.694835680751174,0.004694835680751174,4.694835680751174,0.0,0.0,0.0,0.0
2016-08-03,40.45,211,0,0,0,0,0.0,0.0,0.0,0.0,0.0,0.0,0.0,0.0
2016-08-04,41.33,215,1,1,0,0,0.004651162790697674,4.651162790697675,0.004651162790697674,4.651162790697675,0.0,0.0,0.0,0.0
2016-08-05,42.47,216,0,0,0,0,0.0,0.0,0.0,0.0,0.0,0.0,0.0,0.0
2016-08-08,43.24,191,0,0,0,0,0.0,0.0,0.0,0.0,0.0,0.0,0.0,0.0
2016-08-09,43.37,200,1,1,0,0,0.005,5.0,0.005,5.0,0.0,0.0,0.0,0.0
2016-08-10,42.19,216,0,0,0,0,0.0,0.0,0.0,0.0,0.0,0.0,0.0,0.0
2016-08-11,44.23,220,1,0,0,1,0.004545454545454545,4.545454545454545,0.0,0.0,0.0,0.0,0.004545454545454545,4.545454545454545
2016-08-12,45.12,196,1,1,0,0,0.00510204081632653,5.1020408163265305,0.00510204081632653,5.1020408163265305,0.0,0.0,0.0,0.0
2016-08-15,47.31,205,0,0,0,0,0.0,0.0,0.0,0.0,0.0,0.0,0.0,0.0
2016-08-16,48.27,208,0,0,0,0,0.0,0.0,0.0,0.0,0.0,0.0,0.0,0.0
2016-08-17,48.58,217,0,0,0,0,0.0,0.0,0.0,0.0,0.0,0.0,0.0,0.0
2016-08-18,49.46,223,0,0,0,0,0.0,0.0,0.0,0.0,0.0,0.0,0.0,0.0
2016-08-19,49.39,217,0,0,0,0,0.0,0.0,0.0,0.0,0.0,0.0,0.0,0.0
2016-08-22,48.1,193,1,0,0,1,0.0051813471502590676,5.181347150259067,0.0,0.0,0.0,0.0,0.0051813471502590676,5.181347150259067
2016-08-23,48.7,188,2,0,2,0,0.010638297872340425,10.638297872340425,0.0,0.0,0.010638297872340425,10.638297872340425,0.0,0.0
2016-08-24,47.56,223,0,0,0,0,0.0,0.0,0.0,0.0,0.0,0.0,0.0,0.0
2016-08-25,49.25,223,0,0,0,0,0.0,0.0,0.0,0.0,0.0,0.0,0.0,0.0
2016-08-26,49.66,217,1,0,1,0,0.004608294930875576,4.608294930875576,0.0,0.0,0.004608294930875576,4.608294930875576,0.0,0.0
2016-08-29,49.66,210,0,0,0,0,0.0,0.0,0.0,0.0,0.0,0.0,0.0,0.0
2016-08-30,47.94,206,0,0,0,0,0.0,0.0,0.0,0.0,0.0,0.0,0.0,0.0
2016-08-31,47.94,214,0,0,0,0,0.0,0.0,0.0,0.0,0.0,0.0,0.0,0.0
2016-09-01,45.05,224,1,1,0,0,0.004464285714285714,4.464285714285714,0.004464285714285714,4.464285714285714,0.0,0.0,0.0,0.0
2016-09-02,45.96,222,1,1,0,0,0.0045045045045045045,4.504504504504505,0.0045045045045045045,4.504504504504505,0.0,0.0,0.0,0.0
2016-09-05,46.72,212,1,1,1,0,0.0047169811320754715,4.716981132075471,0.0047169811320754715,4.716981132075471,0.0047169811320754715,4.716981132075471,0.0,0.0
2016-09-06,46.21,225,0,0,0,0,0.0,0.0,0.0,0.0,0.0,0.0,0.0,0.0
2016-09-07,47.0,220,0,0,0,0,0.0,0.0,0.0,0.0,0.0,0.0,0.0,0.0
2016-09-08,49.23,216,0,0,0,0,0.0,0.0,0.0,0.0,0.0,0.0,0.0,0.0
2016-09-09,48.37,218,1,0,1,0,0.0045871559633027525,4.587155963302752,0.0,0.0,0.0045871559633027525,4.587155963302752,0.0,0.0
2016-09-12,47.82,189,0,0,0,0,0.0,0.0,0.0,0.0,0.0,0.0,0.0,0.0
2016-09-13,46.48,218,0,0,0,0,0.0,0.0,0.0,0.0,0.0,0.0,0.0,0.0
2016-09-14,45.65,201,2,1,1,0,0.009950248756218905,9.950248756218905,0.004975124378109453,4.975124378109452,0.004975124378109453,4.975124378109452,0.0,0.0
2016-09-15,45.83,222,1,1,0,0,0.0045045045045045045,4.504504504504505,0.0045045045045045045,4.504504504504505,0.0,0.0,0.0,0.0
2016-09-16,45.26,193,0,0,0,0,0.0,0.0,0.0,0.0,0.0,0.0,0.0,0.0
2016-09-19,46.04,196,0,0,0,0,0.0,0.0,0.0,0.0,0.0,0.0,0.0,0.0
2016-09-20,45.24,182,0,0,0,0,0.0,0.0,0.0,0.0,0.0,0.0,0.0,0.0
2016-09-21,45.99,187,1,0,1,0,0.0053475935828877,5.347593582887701,0.0,0.0,0.0053475935828877,5.347593582887701,0.0,0.0
2016-09-22,47.21,211,0,0,0,0,0.0,0.0,0.0,0.0,0.0,0.0,0.0,0.0
2016-09-23,46.71,201,0,0,0,0,0.0,0.0,0.0,0.0,0.0,0.0,0.0,0.0
2016-09-26,46.61,166,1,0,0,1,0.006024096385542169,6.024096385542169,0.0,0.0,0.0,0.0,0.006024096385542169,6.024096385542169
2016-09-27,44.95,185,0,0,0,0,0.0,0.0,0.0,0.0,0.0,0.0,0.0,0.0
2016-09-28,45.49,202,0,0,0,0,0.0,0.0,0.0,0.0,0.0,0.0,0.0,0.0
2016-09-29,48.43,191,3,2,2,0,0.015706806282722512,15.706806282722512,0.010471204188481676,10.471204188481677,0.010471204188481676,10.471204188481677,0.0,0.0
2016-09-30,48.24,185,0,0,0,0,0.0,0.0,0.0,0.0,0.0,0.0,0.0,0.0
2016-10-03,48.61,162,0,0,0,0,0.0,0.0,0.0,0.0,0.0,0.0,0.0,0.0
2016-10-04,48.81,189,0,0,0,0,0.0,0.0,0.0,0.0,0.0,0.0,0.0,0.0
2016-10-05,49.57,188,0,0,0,0,0.0,0.0,0.0,0.0,0.0,0.0,0.0,0.0
2016-10-06,50.14,210,1,1,0,0,0.004761904761904762,4.761904761904763,0.004761904761904762,4.761904761904763,0.0,0.0,0.0,0.0
2016-10-07,50.49,186,0,0,0,0,0.0,0.0,0.0,0.0,0.0,0.0,0.0,0.0
2016-10-10,51.54,194,0,0,0,0,0.0,0.0,0.0,0.0,0.0,0.0,0.0,0.0
2016-10-11,50.48,185,2,2,0,0,0.010810810810810811,10.81081081081081,0.010810810810810811,10.81081081081081,0.0,0.0,0.0,0.0
2016-10-12,49.53,210,1,1,0,0,0.004761904761904762,4.761904761904763,0.004761904761904762,4.761904761904763,0.0,0.0,0.0,0.0
2016-10-13,49.29,216,0,0,0,0,0.0,0.0,0.0,0.0,0.0,0.0,0.0,0.0
2016-10-14,48.87,184,0,0,0,0,0.0,0.0,0.0,0.0,0.0,0.0,0.0,0.0
2016-10-17,49.31,181,0,0,0,0,0.0,0.0,0.0,0.0,0.0,0.0,0.0,0.0
2016-10-18,49.81,206,0,0,0,0,0.0,0.0,0.0,0.0,0.0,0.0,0.0,0.0
2016-10-19,51.85,203,0,0,0,0,0.0,0.0,0.0,0.0,0.0,0.0,0.0,0.0
2016-10-20,50.42,214,1,1,0,0,0.004672897196261682,4.672897196261682,0.004672897196261682,4.672897196261682,0.0,0.0,0.0,0.0
2016-10-21,50.28,205,1,1,0,0,0.004878048780487805,4.878048780487805,0.004878048780487805,4.878048780487805,0.0,0.0,0.0,0.0
2016-10-24,49.8,164,1,1,0,0,0.006097560975609756,6.097560975609756,0.006097560975609756,6.097560975609756,0.0,0.0,0.0,0.0
2016-10-25,49.08,198,0,0,0,0,0.0,0.0,0.0,0.0,0.0,0.0,0.0,0.0
2016-10-26,48.98,203,1,1,0,0,0.0049261083743842365,4.926108374384237,0.0049261083743842365,4.926108374384237,0.0,0.0,0.0,0.0
2016-10-27,49.13,198,0,0,0,0,0.0,0.0,0.0,0.0,0.0,0.0,0.0,0.0
2016-10-28,47.78,216,0,0,0,0,0.0,0.0,0.0,0.0,0.0,0.0,0.0,0.0
2016-10-31,46.2,180,0,0,0,0,0.0,0.0,0.0,0.0,0.0,0.0,0.0,0.0
2016-11-01,45.77,180,0,0,0,0,0.0,0.0,0.0,0.0,0.0,0.0,0.0,0.0
2016-11-02,44.26,186,1,0,0,1,0.005376344086021506,5.376344086021506,0.0,0.0,0.0,0.0,0.005376344086021506,5.376344086021506
2016-11-03,43.84,205,0,0,0,0,0.0,0.0,0.0,0.0,0.0,0.0,0.0,0.0
2016-11-04,43.06,176,0,0,0,0,0.0,0.0,0.0,0.0,0.0,0.0,0.0,0.0
2016-11-07,42.83,183,0,0,0,0,0.0,0.0,0.0,0.0,0.0,0.0,0.0,0.0
2016-11-08,43.47,217,1,0,1,0,0.004608294930875576,4.608294930875576,0.0,0.0,0.004608294930875576,4.608294930875576,0.0,0.0
2016-11-09,43.88,182,0,0,0,0,0.0,0.0,0.0,0.0,0.0,0.0,0.0,0.0
2016-11-10,43.67,221,0,0,0,0,0.0,0.0,0.0,0.0,0.0,0.0,0.0,0.0
2016-11-11,41.61,213,0,0,0,0,0.0,0.0,0.0,0.0,0.0,0.0,0.0,0.0
2016-11-14,41.83,163,0,0,0,0,0.0,0.0,0.0,0.0,0.0,0.0,0.0,0.0
2016-11-15,44.15,194,0,0,0,0,0.0,0.0,0.0,0.0,0.0,0.0,0.0,0.0
2016-11-16,45.07,190,0,0,0,0,0.0,0.0,0.0,0.0,0.0,0.0,0.0,0.0
2016-11-17,44.57,218,0,0,0,0,0.0,0.0,0.0,0.0,0.0,0.0,0.0,0.0
2016-11-18,44.41,185,0,0,0,0,0.0,0.0,0.0,0.0,0.0,0.0,0.0,0.0
2016-11-21,45.96,185,0,0,0,0,0.0,0.0,0.0,0.0,0.0,0.0,0.0,0.0
2016-11-22,46.1,210,3,2,1,0,0.014285714285714285,14.285714285714285,0.009523809523809525,9.523809523809526,0.004761904761904762,4.761904761904763,0.0,0.0
2016-11-23,46.54,219,0,0,0,0,0.0,0.0,0.0,0.0,0.0,0.0,0.0,0.0
2016-11-24,47.54,199,0,0,0,0,0.0,0.0,0.0,0.0,0.0,0.0,0.0,0.0
2016-11-25,46.32,188,2,0,2,0,0.010638297872340425,10.638297872340425,0.0,0.0,0.010638297872340425,10.638297872340425,0.0,0.0
2016-11-28,46.64,192,1,0,0,1,0.005208333333333333,5.208333333333333,0.0,0.0,0.0,0.0,0.005208333333333333,5.208333333333333
2016-11-29,44.68,192,2,0,2,0,0.010416666666666666,10.416666666666666,0.0,0.0,0.010416666666666666,10.416666666666666,0.0,0.0
2016-11-30,47.95,220,1,0,1,0,0.004545454545454545,4.545454545454545,0.0,0.0,0.004545454545454545,4.545454545454545,0.0,0.0
2016-12-01,52.28,194,2,1,2,0,0.010309278350515464,10.309278350515465,0.005154639175257732,5.154639175257732,0.010309278350515464,10.309278350515465,0.0,0.0
2016-12-02,52.35,181,1,1,1,0,0.0055248618784530384,5.524861878453039,0.0055248618784530384,5.524861878453039,0.0055248618784530384,5.524861878453039,0.0,0.0
2016-12-05,53.3,180,0,0,0,0,0.0,0.0,0.0,0.0,0.0,0.0,0.0,0.0
2016-12-06,52.31,186,0,0,0,0,0.0,0.0,0.0,0.0,0.0,0.0,0.0,0.0
2016-12-07,51.9,192,0,0,0,0,0.0,0.0,0.0,0.0,0.0,0.0,0.0,0.0
2016-12-08,51.6,188,0,0,0,0,0.0,0.0,0.0,0.0,0.0,0.0,0.0,0.0
2016-12-09,52.19,175,0,0,0,0,0.0,0.0,0.0,0.0,0.0,0.0,0.0,0.0
2016-12-12,53.99,171,2,1,1,1,0.011695906432748537,11.695906432748536,0.005847953216374269,5.847953216374268,0.005847953216374269,5.847953216374268,0.005847953216374269,5.847953216374268
2016-12-13,53.28,184,0,0,0,0,0.0,0.0,0.0,0.0,0.0,0.0,0.0,0.0
2016-12-14,53.15,201,0,0,0,0,0.0,0.0,0.0,0.0,0.0,0.0,0.0,0.0
2016-12-15,51.72,192,0,0,0,0,0.0,0.0,0.0,0.0,0.0,0.0,0.0,0.0
2016-12-16,54.15,165,1,0,0,1,0.006060606060606061,6.0606060606060606,0.0,0.0,0.0,0.0,0.006060606060606061,6.0606060606060606
2016-12-19,53.53,140,0,0,0,0,0.0,0.0,0.0,0.0,0.0,0.0,0.0,0.0
2016-12-20,54.56,169,0,0,0,0,0.0,0.0,0.0,0.0,0.0,0.0,0.0,0.0
2016-12-21,53.01,163,0,0,0,0,0.0,0.0,0.0,0.0,0.0,0.0,0.0,0.0
2016-12-22,54.04,155,0,0,0,0,0.0,0.0,0.0,0.0,0.0,0.0,0.0,0.0
2016-12-23,53.93,152,0,0,0,0,0.0,0.0,0.0,0.0,0.0,0.0,0.0,0.0
2016-12-28,54.95,76,0,0,0,0,0.0,0.0,0.0,0.0,0.0,0.0,0.0,0.0
2016-12-29,54.97,98,0,0,0,0,0.0,0.0,0.0,0.0,0.0,0.0,0.0,0.0
2016-12-30,54.96,107,0,0,0,0,0.0,0.0,0.0,0.0,0.0,0.0,0.0,0.0
2017-01-03,55.05,119,0,0,0,0,0.0,0.0,0.0,0.0,0.0,0.0,0.0,0.0
2017-01-04,54.57,140,0,0,0,0,0.0,0.0,0.0,0.0,0.0,0.0,0.0,0.0
2017-01-05,54.99,133,0,0,0,0,0.0,0.0,0.0,0.0,0.0,0.0,0.0,0.0
2017-01-06,55.9,125,0,0,0,0,0.0,0.0,0.0,0.0,0.0,0.0,0.0,0.0
2017-01-09,54.39,132,0,0,0,0,0.0,0.0,0.0,0.0,0.0,0.0,0.0,0.0
2017-01-10,53.2,135,1,0,0,1,0.007407407407407408,7.407407407407407,0.0,0.0,0.0,0.0,0.007407407407407408,7.407407407407407
2017-01-11,53.61,146,0,0,0,0,0.0,0.0,0.0,0.0,0.0,0.0,0.0,0.0
2017-01-12,54.51,139,1,0,0,1,0.007194244604316547,7.194244604316547,0.0,0.0,0.0,0.0,0.007194244604316547,7.194244604316547
2017-01-13,54.37,146,0,0,0,0,0.0,0.0,0.0,0.0,0.0,0.0,0.0,0.0
2017-01-16,54.3,122,0,0,0,0,0.0,0.0,0.0,0.0,0.0,0.0,0.0,0.0
2017-01-17,54.68,162,0,0,0,0,0.0,0.0,0.0,0.0,0.0,0.0,0.0,0.0
2017-01-18,53.77,161,0,0,0,0,0.0,0.0,0.0,0.0,0.0,0.0,0.0,0.0
2017-01-19,53.18,154,0,0,0,0,0.0,0.0,0.0,0.0,0.0,0.0,0.0,0.0
2017-01-20,55.04,167,0,0,0,0,0.0,0.0,0.0,0.0,0.0,0.0,0.0,0.0
2017-01-23,54.8,143,0,0,0,0,0.0,0.0,0.0,0.0,0.0,0.0,0.0,0.0
2017-01-24,54.7,163,0,0,0,0,0.0,0.0,0.0,0.0,0.0,0.0,0.0,0.0
2017-01-25,54.34,159,0,0,0,0,0.0,0.0,0.0,0.0,0.0,0.0,0.0,0.0
2017-01-26,55.89,124,0,0,0,0,0.0,0.0,0.0,0.0,0.0,0.0,0.0,0.0
2017-01-27,54.8,143,0,0,0,0,0.0,0.0,0.0,0.0,0.0,0.0,0.0,0.0
2017-01-30,54.77,147,0,0,0,0,0.0,0.0,0.0,0.0,0.0,0.0,0.0,0.0
2017-01-31,55.25,176,0,0,0,0,0.0,0.0,0.0,0.0,0.0,0.0,0.0,0.0
2017-02-01,55.79,165,0,0,0,0,0.0,0.0,0.0,0.0,0.0,0.0,0.0,0.0
2017-02-02,55.94,193,0,0,0,0,0.0,0.0,0.0,0.0,0.0,0.0,0.0,0.0
2017-02-03,55.92,176,0,0,0,0,0.0,0.0,0.0,0.0,0.0,0.0,0.0,0.0
2017-02-06,55.02,156,0,0,0,0,0.0,0.0,0.0,0.0,0.0,0.0,0.0,0.0
2017-02-07,53.79,181,0,0,0,0,0.0,0.0,0.0,0.0,0.0,0.0,0.0,0.0
2017-02-08,54.42,190,2,1,0,1,0.010526315789473684,10.526315789473683,0.005263157894736842,5.263157894736842,0.0,0.0,0.005263157894736842,5.263157894736842
2017-02-09,53.98,1,0,0,0,0,0.0,0.0,0.0,0.0,0.0,0.0,0.0,0.0
2017-02-10,55.2,186,0,0,0,0,0.0,0.0,0.0,0.0,0.0,0.0,0.0,0.0
2017-02-13,54.15,162,0,0,0,0,0.0,0.0,0.0,0.0,0.0,0.0,0.0,0.0
2017-02-14,54.96,177,0,0,0,0,0.0,0.0,0.0,0.0,0.0,0.0,0.0,0.0
2017-02-15,54.57,188,1,1,0,0,0.005319148936170213,5.319148936170213,0.005319148936170213,5.319148936170213,0.0,0.0,0.0,0.0
2017-02-16,54.16,166,0,0,0,0,0.0,0.0,0.0,0.0,0.0,0.0,0.0,0.0
2017-02-17,54.48,167,0,0,0,0,0.0,0.0,0.0,0.0,0.0,0.0,0.0,0.0
2017-02-20,55.25,156,0,0,0,0,0.0,0.0,0.0,0.0,0.0,0.0,0.0,0.0
2017-02-21,56.34,152,0,0,0,0,0.0,0.0,0.0,0.0,0.0,0.0,0.0,0.0
2017-02-22,54.9,177,0,0,0,0,0.0,0.0,0.0,0.0,0.0,0.0,0.0,0.0
2017-02-23,55.82,194,1,0,0,1,0.005154639175257732,5.154639175257732,0.0,0.0,0.0,0.0,0.005154639175257732,5.154639175257732
2017-02-24,54.69,204,1,1,0,0,0.004901960784313725,4.901960784313726,0.004901960784313725,4.901960784313726,0.0,0.0,0.0,0.0
2017-02-27,54.65,155,0,0,0,0,0.0,0.0,0.0,0.0,0.0,0.0,0.0,0.0
2017-02-28,53.36,185,0,0,0,0,0.0,0.0,0.0,0.0,0.0,0.0,0.0,0.0
2017-03-01,55.72,196,0,0,0,0,0.0,0.0,0.0,0.0,0.0,0.0,0.0,0.0
2017-03-02,54.16,183,0,0,0,0,0.0,0.0,0.0,0.0,0.0,0.0,0.0,0.0
2017-03-03,54.12,186,0,0,0,0,0.0,0.0,0.0,0.0,0.0,0.0,0.0,0.0
2017-03-06,54.73,157,0,0,0,0,0.0,0.0,0.0,0.0,0.0,0.0,0.0,0.0
2017-03-07,54.61,160,0,0,0,0,0.0,0.0,0.0,0.0,0.0,0.0,0.0,0.0
2017-03-08,53.3,195,0,0,0,0,0.0,0.0,0.0,0.0,0.0,0.0,0.0,0.0
2017-03-09,50.65,186,1,1,0,0,0.005376344086021506,5.376344086021506,0.005376344086021506,5.376344086021506,0.0,0.0,0.0,0.0
2017-03-10,50.63,184,0,0,0,0,0.0,0.0,0.0,0.0,0.0,0.0,0.0,0.0
2017-03-13,50.1,154,0,0,0,0,0.0,0.0,0.0,0.0,0.0,0.0,0.0,0.0
2017-03-14,49.6,166,0,0,0,0,0.0,0.0,0.0,0.0,0.0,0.0,0.0,0.0
2017-03-15,50.63,171,1,1,0,0,0.005847953216374269,5.847953216374268,0.005847953216374269,5.847953216374268,0.0,0.0,0.0,0.0
2017-03-16,50.56,191,0,0,0,0,0.0,0.0,0.0,0.0,0.0,0.0,0.0,0.0
2017-03-17,50.58,184,1,0,1,0,0.005434782608695652,5.434782608695652,0.0,0.0,0.005434782608695652,5.434782608695652,0.0,0.0
2017-03-20,50.67,171,0,0,0,0,0.0,0.0,0.0,0.0,0.0,0.0,0.0,0.0
2017-03-21,50.14,168,0,0,0,0,0.0,0.0,0.0,0.0,0.0,0.0,0.0,0.0
2017-03-22,49.56,178,1,1,0,0,0.0056179775280898875,5.617977528089887,0.0056179775280898875,5.617977528089887,0.0,0.0,0.0,0.0
2017-03-23,50.17,173,0,0,0,0,0.0,0.0,0.0,0.0,0.0,0.0,0.0,0.0
2017-03-24,49.97,194,0,0,0,0,0.0,0.0,0.0,0.0,0.0,0.0,0.0,0.0
2017-03-27,50.12,170,0,0,0,0,0.0,0.0,0.0,0.0,0.0,0.0,0.0,0.0
2017-03-28,50.72,158,0,0,0,0,0.0,0.0,0.0,0.0,0.0,0.0,0.0,0.0
2017-03-29,51.36,158,0,0,0,0,0.0,0.0,0.0,0.0,0.0,0.0,0.0,0.0
2017-03-30,52.25,148,0,0,0,0,0.0,0.0,0.0,0.0,0.0,0.0,0.0,0.0
2017-03-31,52.2,196,0,0,0,0,0.0,0.0,0.0,0.0,0.0,0.0,0.0,0.0
2017-04-03,52.04,144,0,0,0,0,0.0,0.0,0.0,0.0,0.0,0.0,0.0,0.0
2017-04-04,53.08,156,0,0,0,0,0.0,0.0,0.0,0.0,0.0,0.0,0.0,0.0
2017-04-05,53.41,151,0,0,0,0,0.0,0.0,0.0,0.0,0.0,0.0,0.0,0.0
2017-04-06,53.62,168,0,0,0,0,0.0,0.0,0.0,0.0,0.0,0.0,0.0,0.0
2017-04-07,54.24,176,1,1,0,0,0.005681818181818182,5.681818181818182,0.005681818181818182,5.681818181818182,0.0,0.0,0.0,0.0
2017-04-10,54.79,153,1,0,1,0,0.006535947712418301,6.5359477124183005,0.0,0.0,0.006535947712418301,6.5359477124183005,0.0,0.0
2017-04-11,54.73,152,0,0,0,0,0.0,0.0,0.0,0.0,0.0,0.0,0.0,0.0
2017-04-12,54.75,162,0,0,0,0,0.0,0.0,0.0,0.0,0.0,0.0,0.0,0.0
2017-04-13,55.05,153,0,0,0,0,0.0,0.0,0.0,0.0,0.0,0.0,0.0,0.0
2017-04-17,54.79,93,0,0,0,0,0.0,0.0,0.0,0.0,0.0,0.0,0.0,0.0
2017-04-18,52.6,109,0,0,0,0,0.0,0.0,0.0,0.0,0.0,0.0,0.0,0.0
2017-04-19,52.43,144,0,0,0,0,0.0,0.0,0.0,0.0,0.0,0.0,0.0,0.0
2017-04-20,50.66,160,1,1,0,0,0.00625,6.25,0.00625,6.25,0.0,0.0,0.0,0.0
2017-04-21,49.93,167,0,0,0,0,0.0,0.0,0.0,0.0,0.0,0.0,0.0,0.0
2017-04-24,49.45,136,0,0,0,0,0.0,0.0,0.0,0.0,0.0,0.0,0.0,0.0
2017-04-25,49.37,127,0,0,0,0,0.0,0.0,0.0,0.0,0.0,0.0,0.0,0.0
2017-04-26,49.99,142,0,0,0,0,0.0,0.0,0.0,0.0,0.0,0.0,0.0,0.0
2017-04-27,49.46,161,0,0,0,0,0.0,0.0,0.0,0.0,0.0,0.0,0.0,0.0
2017-04-28,49.46,175,0,0,0,0,0.0,0.0,0.0,0.0,0.0,0.0,0.0,0.0
2017-05-01,50.41,135,0,0,0,0,0.0,0.0,0.0,0.0,0.0,0.0,0.0,0.0
2017-05-02,49.31,158,0,0,0,0,0.0,0.0,0.0,0.0,0.0,0.0,0.0,0.0
2017-05-03,48.82,165,0,0,0,0,0.0,0.0,0.0,0.0,0.0,0.0,0.0,0.0
2017-05-04,47.53,160,0,0,0,0,0.0,0.0,0.0,0.0,0.0,0.0,0.0,0.0
2017-05-05,47.45,158,0,0,0,0,0.0,0.0,0.0,0.0,0.0,0.0,0.0,0.0
2017-05-08,46.61,147,0,0,0,0,0.0,0.0,0.0,0.0,0.0,0.0,0.0,0.0
2017-05-09,47.06,193,0,0,0,0,0.0,0.0,0.0,0.0,0.0,0.0,0.0,0.0
2017-05-10,48.09,155,0,0,0,0,0.0,0.0,0.0,0.0,0.0,0.0,0.0,0.0
2017-05-11,49.18,164,0,0,0,0,0.0,0.0,0.0,0.0,0.0,0.0,0.0,0.0
2017-05-12,49.08,171,0,0,0,0,0.0,0.0,0.0,0.0,0.0,0.0,0.0,0.0
2017-05-15,51.29,143,0,0,0,0,0.0,0.0,0.0,0.0,0.0,0.0,0.0,0.0
2017-05-16,51.21,170,0,0,0,0,0.0,0.0,0.0,0.0,0.0,0.0,0.0,0.0
2017-05-17,51.76,164,1,1,0,0,0.006097560975609756,6.097560975609756,0.006097560975609756,6.097560975609756,0.0,0.0,0.0,0.0
2017-05-18,51.71,167,1,0,1,0,0.005988023952095809,5.9880239520958085,0.0,0.0,0.005988023952095809,5.9880239520958085,0.0,0.0
2017-05-19,52.78,153,0,0,0,0,0.0,0.0,0.0,0.0,0.0,0.0,0.0,0.0
2017-05-22,53.35,146,0,0,0,0,0.0,0.0,0.0,0.0,0.0,0.0,0.0,0.0
2017-05-23,53.19,156,0,0,0,0,0.0,0.0,0.0,0.0,0.0,0.0,0.0,0.0
2017-05-24,53.29,147,0,0,0,0,0.0,0.0,0.0,0.0,0.0,0.0,0.0,0.0
2017-05-25,52.25,167,1,0,1,0,0.005988023952095809,5.9880239520958085,0.0,0.0,0.005988023952095809,5.9880239520958085,0.0,0.0
2017-05-26,50.84,189,2,2,0,0,0.010582010582010581,10.582010582010582,0.010582010582010581,10.582010582010582,0.0,0.0,0.0,0.0
2017-05-29,52.25,140,1,1,0,0,0.007142857142857143,7.142857142857142,0.007142857142857143,7.142857142857142,0.0,0.0,0.0,0.0
2017-05-30,50.65,151,0,0,0,0,0.0,0.0,0.0,0.0,0.0,0.0,0.0,0.0
2017-05-31,49.4,174,0,0,0,0,0.0,0.0,0.0,0.0,0.0,0.0,0.0,0.0
2017-06-01,50.41,159,0,0,0,0,0.0,0.0,0.0,0.0,0.0,0.0,0.0,0.0
2017-06-02,48.46,157,0,0,0,0,0.0,0.0,0.0,0.0,0.0,0.0,0.0,0.0
2017-06-05,48.25,140,0,0,0,0,0.0,0.0,0.0,0.0,0.0,0.0,0.0,0.0
2017-06-06,48.11,150,0,0,0,0,0.0,0.0,0.0,0.0,0.0,0.0,0.0,0.0
2017-06-07,47.08,149,0,0,0,0,0.0,0.0,0.0,0.0,0.0,0.0,0.0,0.0
2017-06-08,46.3,185,0,0,0,0,0.0,0.0,0.0,0.0,0.0,0.0,0.0,0.0
2017-06-09,46.64,155,1,0,0,1,0.0064516129032258064,6.451612903225806,0.0,0.0,0.0,0.0,0.0064516129032258064,6.451612903225806
2017-06-12,47.18,118,0,0,0,0,0.0,0.0,0.0,0.0,0.0,0.0,0.0,0.0
2017-06-13,46.95,164,0,0,0,0,0.0,0.0,0.0,0.0,0.0,0.0,0.0,0.0
2017-06-14,45.47,150,0,0,0,0,0.0,0.0,0.0,0.0,0.0,0.0,0.0,0.0
2017-06-15,45.61,152,0,0,0,0,0.0,0.0,0.0,0.0,0.0,0.0,0.0,0.0
2017-06-16,45.7,156,0,0,0,0,0.0,0.0,0.0,0.0,0.0,0.0,0.0,0.0
2017-06-19,45.93,154,0,0,0,0,0.0,0.0,0.0,0.0,0.0,0.0,0.0,0.0
2017-06-20,43.98,166,0,0,0,0,0.0,0.0,0.0,0.0,0.0,0.0,0.0,0.0
2017-06-21,44.62,144,1,1,0,0,0.006944444444444444,6.944444444444444,0.006944444444444444,6.944444444444444,0.0,0.0,0.0,0.0
2017-06-22,44.46,180,1,1,0,0,0.005555555555555556,5.555555555555555,0.005555555555555556,5.555555555555555,0.0,0.0,0.0,0.0
2017-06-23,44.14,163,0,0,0,0,0.0,0.0,0.0,0.0,0.0,0.0,0.0,0.0
2017-06-26,44.09,139,0,0,0,0,0.0,0.0,0.0,0.0,0.0,0.0,0.0,0.0
2017-06-27,46.17,163,0,0,0,0,0.0,0.0,0.0,0.0,0.0,0.0,0.0,0.0
2017-06-28,46.45,148,1,1,0,0,0.006756756756756757,6.756756756756757,0.006756756756756757,6.756756756756757,0.0,0.0,0.0,0.0
2017-06-29,47.02,145,0,0,0,0,0.0,0.0,0.0,0.0,0.0,0.0,0.0,0.0
2017-06-30,47.08,143,0,0,0,0,0.0,0.0,0.0,0.0,0.0,0.0,0.0,0.0
2017-07-03,49.13,169,0,0,0,0,0.0,0.0,0.0,0.0,0.0,0.0,0.0,0.0
2017-07-04,49.15,143,0,0,0,0,0.0,0.0,0.0,0.0,0.0,0.0,0.0,0.0
2017-07-05,47.58,173,0,0,0,0,0.0,0.0,0.0,0.0,0.0,0.0,0.0,0.0
2017-07-06,48.53,154,1,1,0,0,0.006493506493506494,6.493506493506494,0.006493506493506494,6.493506493506494,0.0,0.0,0.0,0.0
2017-07-07,46.47,164,0,0,0,0,0.0,0.0,0.0,0.0,0.0,0.0,0.0,0.0
2017-07-10,46.57,161,0,0,0,0,0.0,0.0,0.0,0.0,0.0,0.0,0.0,0.0
2017-07-11,46.68,160,0,0,0,0,0.0,0.0,0.0,0.0,0.0,0.0,0.0,0.0
2017-07-12,46.73,157,1,0,0,1,0.006369426751592357,6.369426751592357,0.0,0.0,0.0,0.0,0.006369426751592357,6.369426751592357
2017-07-13,47.65,152,0,0,0,0,0.0,0.0,0.0,0.0,0.0,0.0,0.0,0.0
2017-07-14,47.89,158,0,0,0,0,0.0,0.0,0.0,0.0,0.0,0.0,0.0,0.0
2017-07-17,47.66,159,0,0,0,0,0.0,0.0,0.0,0.0,0.0,0.0,0.0,0.0
2017-07-18,47.92,174,0,0,0,0,0.0,0.0,0.0,0.0,0.0,0.0,0.0,0.0
2017-07-19,48.34,152,0,0,0,0,0.0,0.0,0.0,0.0,0.0,0.0,0.0,0.0
2017-07-20,48.54,160,0,0,0,0,0.0,0.0,0.0,0.0,0.0,0.0,0.0,0.0
2017-07-21,47.47,166,0,0,0,0,0.0,0.0,0.0,0.0,0.0,0.0,0.0,0.0
2017-07-24,47.81,150,0,0,0,0,0.0,0.0,0.0,0.0,0.0,0.0,0.0,0.0
2017-07-25,49.19,179,0,0,0,0,0.0,0.0,0.0,0.0,0.0,0.0,0.0,0.0
2017-07-26,50.08,182,1,0,0,1,0.005494505494505495,5.4945054945054945,0.0,0.0,0.0,0.0,0.005494505494505495,5.4945054945054945
2017-07-27,50.67,168,0,0,0,0,0.0,0.0,0.0,0.0,0.0,0.0,0.0,0.0
2017-07-28,52.0,165,0,0,0,0,0.0,0.0,0.0,0.0,0.0,0.0,0.0,0.0
2017-07-31,51.99,165,0,0,0,0,0.0,0.0,0.0,0.0,0.0,0.0,0.0,0.0
2017-08-01,50.77,163,0,0,0,0,0.0,0.0,0.0,0.0,0.0,0.0,0.0,0.0
2017-08-02,52.09,157,0,0,0,0,0.0,0.0,0.0,0.0,0.0,0.0,0.0,0.0
2017-08-03,52.88,172,0,0,0,0,0.0,0.0,0.0,0.0,0.0,0.0,0.0,0.0
2017-08-04,52.48,166,0,0,0,0,0.0,0.0,0.0,0.0,0.0,0.0,0.0,0.0
2017-08-07,51.42,156,0,0,0,0,0.0,0.0,0.0,0.0,0.0,0.0,0.0,0.0
2017-08-08,52.18,171,0,0,0,0,0.0,0.0,0.0,0.0,0.0,0.0,0.0,0.0
2017-08-09,52.16,198,0,0,0,0,0.0,0.0,0.0,0.0,0.0,0.0,0.0,0.0
2017-08-10,52.59,169,0,0,0,0,0.0,0.0,0.0,0.0,0.0,0.0,0.0,0.0
2017-08-11,51.47,172,0,0,0,0,0.0,0.0,0.0,0.0,0.0,0.0,0.0,0.0
2017-08-14,51.29,159,0,0,0,0,0.0,0.0,0.0,0.0,0.0,0.0,0.0,0.0
2017-08-15,49.9,164,0,0,0,0,0.0,0.0,0.0,0.0,0.0,0.0,0.0,0.0
2017-08-16,50.39,158,0,0,0,0,0.0,0.0,0.0,0.0,0.0,0.0,0.0,0.0
2017-08-17,50.37,167,0,0,0,0,0.0,0.0,0.0,0.0,0.0,0.0,0.0,0.0
2017-08-18,50.96,181,0,0,0,0,0.0,0.0,0.0,0.0,0.0,0.0,0.0,0.0
2017-08-21,51.94,147,0,0,0,0,0.0,0.0,0.0,0.0,0.0,0.0,0.0,0.0
2017-08-22,52.29,152,0,0,0,0,0.0,0.0,0.0,0.0,0.0,0.0,0.0,0.0
2017-08-23,52.31,168,1,0,1,0,0.005952380952380952,5.952380952380952,0.0,0.0,0.005952380952380952,5.952380952380952,0.0,0.0
2017-08-24,51.73,177,0,0,0,0,0.0,0.0,0.0,0.0,0.0,0.0,0.0,0.0
2017-08-25,51.87,170,0,0,0,0,0.0,0.0,0.0,0.0,0.0,0.0,0.0,0.0
2017-08-28,51.87,144,0,0,0,0,0.0,0.0,0.0,0.0,0.0,0.0,0.0,0.0
2017-08-29,51.64,150,0,0,0,0,0.0,0.0,0.0,0.0,0.0,0.0,0.0,0.0
2017-08-30,51.91,142,0,0,0,0,0.0,0.0,0.0,0.0,0.0,0.0,0.0,0.0
2017-08-31,52.69,169,0,0,0,0,0.0,0.0,0.0,0.0,0.0,0.0,0.0,0.0
2017-09-01,53.15,162,0,0,0,0,0.0,0.0,0.0,0.0,0.0,0.0,0.0,0.0
2017-09-04,52.6,156,1,1,1,0,0.00641025641025641,6.41025641025641,0.00641025641025641,6.41025641025641,0.00641025641025641,6.41025641025641,0.0,0.0
2017-09-05,53.63,158,1,0,0,1,0.006329113924050633,6.329113924050633,0.0,0.0,0.0,0.0,0.006329113924050633,6.329113924050633
2017-09-06,54.48,169,0,0,0,0,0.0,0.0,0.0,0.0,0.0,0.0,0.0,0.0
2017-09-07,54.16,185,0,0,0,0,0.0,0.0,0.0,0.0,0.0,0.0,0.0,0.0
2017-09-08,54.55,172,1,0,1,0,0.005813953488372093,5.813953488372093,0.0,0.0,0.005813953488372093,5.813953488372093,0.0,0.0
2017-09-11,54.2,164,0,0,0,0,0.0,0.0,0.0,0.0,0.0,0.0,0.0,0.0
2017-09-12,55.06,148,0,0,0,0,0.0,0.0,0.0,0.0,0.0,0.0,0.0,0.0
2017-09-13,55.52,171,0,0,0,0,0.0,0.0,0.0,0.0,0.0,0.0,0.0,0.0
2017-09-14,56.76,187,0,0,0,0,0.0,0.0,0.0,0.0,0.0,0.0,0.0,0.0
2017-09-15,56.18,176,0,0,0,0,0.0,0.0,0.0,0.0,0.0,0.0,0.0,0.0
2017-09-18,55.5,148,0,0,0,0,0.0,0.0,0.0,0.0,0.0,0.0,0.0,0.0
2017-09-19,56.58,164,0,0,0,0,0.0,0.0,0.0,0.0,0.0,0.0,0.0,0.0
2017-09-20,57.2,168,0,0,0,0,0.0,0.0,0.0,0.0,0.0,0.0,0.0,0.0
2017-09-21,57.73,158,0,0,0,0,0.0,0.0,0.0,0.0,0.0,0.0,0.0,0.0
2017-09-22,58.16,150,0,0,0,0,0.0,0.0,0.0,0.0,0.0,0.0,0.0,0.0
2017-09-25,59.42,169,0,0,0,0,0.0,0.0,0.0,0.0,0.0,0.0,0.0,0.0
2017-09-26,59.77,150,0,0,0,0,0.0,0.0,0.0,0.0,0.0,0.0,0.0,0.0
2017-09-27,58.74,168,0,0,0,0,0.0,0.0,0.0,0.0,0.0,0.0,0.0,0.0
2017-09-28,58.8,166,0,0,0,0,0.0,0.0,0.0,0.0,0.0,0.0,0.0,0.0
2017-09-29,57.02,173,0,0,0,0,0.0,0.0,0.0,0.0,0.0,0.0,0.0,0.0
2017-10-02,55.67,127,0,0,0,0,0.0,0.0,0.0,0.0,0.0,0.0,0.0,0.0
2017-10-03,56.12,125,0,0,0,0,0.0,0.0,0.0,0.0,0.0,0.0,0.0,0.0
2017-10-04,56.0,148,0,0,0,0,0.0,0.0,0.0,0.0,0.0,0.0,0.0,0.0
2017-10-05,57.09,156,0,0,0,0,0.0,0.0,0.0,0.0,0.0,0.0,0.0,0.0
2017-10-06,55.5,142,0,0,0,0,0.0,0.0,0.0,0.0,0.0,0.0,0.0,0.0
2017-10-09,55.29,148,1,0,0,1,0.006756756756756757,6.756756756756757,0.0,0.0,0.0,0.0,0.006756756756756757,6.756756756756757
2017-10-10,56.62,149,0,0,0,0,0.0,0.0,0.0,0.0,0.0,0.0,0.0,0.0
2017-10-11,56.13,167,0,0,0,0,0.0,0.0,0.0,0.0,0.0,0.0,0.0,0.0
2017-10-12,56.13,179,0,0,0,0,0.0,0.0,0.0,0.0,0.0,0.0,0.0,0.0
2017-10-13,56.86,140,1,0,1,0,0.007142857142857143,7.142857142857142,0.0,0.0,0.007142857142857143,7.142857142857142,0.0,0.0
2017-10-16,57.49,162,0,0,0,0,0.0,0.0,0.0,0.0,0.0,0.0,0.0,0.0
2017-10-17,57.63,145,0,0,0,0,0.0,0.0,0.0,0.0,0.0,0.0,0.0,0.0
2017-10-18,58.05,182,0,0,0,0,0.0,0.0,0.0,0.0,0.0,0.0,0.0,0.0
2017-10-19,57.82,157,0,0,0,0,0.0,0.0,0.0,0.0,0.0,0.0,0.0,0.0
2017-10-20,57.89,147,0,0,0,0,0.0,0.0,0.0,0.0,0.0,0.0,0.0,0.0
2017-10-23,57.69,153,0,0,0,0,0.0,0.0,0.0,0.0,0.0,0.0,0.0,0.0
2017-10-24,57.84,161,0,0,0,0,0.0,0.0,0.0,0.0,0.0,0.0,0.0,0.0
2017-10-25,58.45,172,1,0,0,1,0.005813953488372093,5.813953488372093,0.0,0.0,0.0,0.0,0.005813953488372093,5.813953488372093
2017-10-26,58.75,172,0,0,0,0,0.0,0.0,0.0,0.0,0.0,0.0,0.0,0.0
2017-10-27,60.15,147,0,0,0,0,0.0,0.0,0.0,0.0,0.0,0.0,0.0,0.0
2017-10-30,60.65,124,2,0,0,2,0.016129032258064516,16.129032258064516,0.0,0.0,0.0,0.0,0.016129032258064516,16.129032258064516
2017-10-31,61.35,147,0,0,0,0,0.0,0.0,0.0,0.0,0.0,0.0,0.0,0.0
2017-11-01,60.98,144,0,0,0,0,0.0,0.0,0.0,0.0,0.0,0.0,0.0,0.0
2017-11-02,60.79,169,0,0,0,0,0.0,0.0,0.0,0.0,0.0,0.0,0.0,0.0
2017-11-03,61.42,148,0,0,0,0,0.0,0.0,0.0,0.0,0.0,0.0,0.0,0.0
2017-11-06,64.27,131,0,0,0,0,0.0,0.0,0.0,0.0,0.0,0.0,0.0,0.0
2017-11-07,64.36,143,0,0,0,0,0.0,0.0,0.0,0.0,0.0,0.0,0.0,0.0
2017-11-08,63.96,152,0,0,0,0,0.0,0.0,0.0,0.0,0.0,0.0,0.0,0.0
2017-11-09,64.49,154,0,0,0,0,0.0,0.0,0.0,0.0,0.0,0.0,0.0,0.0
2017-11-10,64.35,153,0,0,0,0,0.0,0.0,0.0,0.0,0.0,0.0,0.0,0.0
2017-11-13,62.94,147,0,0,0,0,0.0,0.0,0.0,0.0,0.0,0.0,0.0,0.0
2017-11-14,60.91,157,0,0,0,0,0.0,0.0,0.0,0.0,0.0,0.0,0.0,0.0
2017-11-15,61.25,132,1,1,0,0,0.007575757575757576,7.575757575757576,0.007575757575757576,7.575757575757576,0.0,0.0,0.0,0.0
2017-11-16,61.18,167,1,1,0,0,0.005988023952095809,5.9880239520958085,0.005988023952095809,5.9880239520958085,0.0,0.0,0.0,0.0
2017-11-17,61.34,154,0,0,0,0,0.0,0.0,0.0,0.0,0.0,0.0,0.0,0.0
2017-11-20,61.34,136,0,0,0,0,0.0,0.0,0.0,0.0,0.0,0.0,0.0,0.0
2017-11-21,62.28,158,0,0,0,0,0.0,0.0,0.0,0.0,0.0,0.0,0.0,0.0
2017-11-22,62.92,164,0,0,0,0,0.0,0.0,0.0,0.0,0.0,0.0,0.0,0.0
2017-11-23,63.27,168,0,0,0,0,0.0,0.0,0.0,0.0,0.0,0.0,0.0,0.0
2017-11-24,63.58,155,0,0,0,0,0.0,0.0,0.0,0.0,0.0,0.0,0.0,0.0
2017-11-27,63.25,137,0,0,0,0,0.0,0.0,0.0,0.0,0.0,0.0,0.0,0.0
2017-11-28,63.56,156,1,1,0,0,0.00641025641025641,6.41025641025641,0.00641025641025641,6.41025641025641,0.0,0.0,0.0,0.0
2017-11-29,63.74,156,0,0,0,0,0.0,0.0,0.0,0.0,0.0,0.0,0.0,0.0
2017-11-30,63.53,170,1,0,1,0,0.0058823529411764705,5.88235294117647,0.0,0.0,0.0058823529411764705,5.88235294117647,0.0,0.0
2017-12-01,64.57,154,0,0,0,0,0.0,0.0,0.0,0.0,0.0,0.0,0.0,0.0
2017-12-04,63.45,138,1,0,1,0,0.007246376811594203,7.246376811594203,0.0,0.0,0.007246376811594203,7.246376811594203,0.0,0.0
2017-12-05,63.45,149,0,0,0,0,0.0,0.0,0.0,0.0,0.0,0.0,0.0,0.0
2017-12-06,62.25,171,0,0,0,0,0.0,0.0,0.0,0.0,0.0,0.0,0.0,0.0
2017-12-07,62.37,163,1,1,0,0,0.006134969325153374,6.134969325153374,0.006134969325153374,6.134969325153374,0.0,0.0,0.0,0.0
2017-12-08,63.86,129,0,0,0,0,0.0,0.0,0.0,0.0,0.0,0.0,0.0,0.0
2017-12-11,65.62,131,0,0,0,0,0.0,0.0,0.0,0.0,0.0,0.0,0.0,0.0
2017-12-12,64.96,129,0,0,0,0,0.0,0.0,0.0,0.0,0.0,0.0,0.0,0.0
2017-12-13,63.66,149,0,0,0,0,0.0,0.0,0.0,0.0,0.0,0.0,0.0,0.0
2017-12-14,63.72,130,0,0,0,0,0.0,0.0,0.0,0.0,0.0,0.0,0.0,0.0
2017-12-15,63.81,129,0,0,0,0,0.0,0.0,0.0,0.0,0.0,0.0,0.0,0.0
2017-12-18,64.45,128,0,0,0,0,0.0,0.0,0.0,0.0,0.0,0.0,0.0,0.0
2017-12-19,63.69,134,0,0,0,0,0.0,0.0,0.0,0.0,0.0,0.0,0.0,0.0
2017-12-20,64.43,118,0,0,0,0,0.0,0.0,0.0,0.0,0.0,0.0,0.0,0.0
2017-12-21,64.64,125,0,0,0,0,0.0,0.0,0.0,0.0,0.0,0.0,0.0,0.0
2017-12-22,64.61,140,0,0,0,0,0.0,0.0,0.0,0.0,0.0,0.0,0.0,0.0
2017-12-27,66.03,71,1,0,1,1,0.014084507042253521,14.084507042253522,0.0,0.0,0.014084507042253521,14.084507042253522,0.014084507042253521,14.084507042253522
2017-12-28,66.8,78,0,0,0,0,0.0,0.0,0.0,0.0,0.0,0.0,0.0,0.0
2017-12-29,66.73,99,1,0,1,0,0.010101010101010102,10.101010101010102,0.0,0.0,0.010101010101010102,10.101010101010102,0.0,0.0
2018-01-02,66.65,99,0,0,0,0,0.0,0.0,0.0,0.0,0.0,0.0,0.0,0.0
2018-01-03,67.85,101,0,0,0,0,0.0,0.0,0.0,0.0,0.0,0.0,0.0,0.0
2018-01-04,68.73,108,0,0,0,0,0.0,0.0,0.0,0.0,0.0,0.0,0.0,0.0
2018-01-05,68.01,56,0,0,0,0,0.0,0.0,0.0,0.0,0.0,0.0,0.0,0.0
2018-01-08,68.48,107,0,0,0,0,0.0,0.0,0.0,0.0,0.0,0.0,0.0,0.0
2018-01-09,69.08,104,0,0,0,0,0.0,0.0,0.0,0.0,0.0,0.0,0.0,0.0
2018-01-10,69.79,117,0,0,0,0,0.0,0.0,0.0,0.0,0.0,0.0,0.0,0.0
2018-01-11,70.36,108,0,0,0,0,0.0,0.0,0.0,0.0,0.0,0.0,0.0,0.0
2018-01-12,69.64,100,1,1,0,0,0.01,10.0,0.01,10.0,0.0,0.0,0.0,0.0
2018-01-15,70.31,123,0,0,0,0,0.0,0.0,0.0,0.0,0.0,0.0,0.0,0.0
2018-01-16,69.4,120,0,0,0,0,0.0,0.0,0.0,0.0,0.0,0.0,0.0,0.0
2018-01-17,69.19,138,0,0,0,0,0.0,0.0,0.0,0.0,0.0,0.0,0.0,0.0
2018-01-18,69.48,127,0,0,0,0,0.0,0.0,0.0,0.0,0.0,0.0,0.0,0.0
2018-01-19,68.56,114,0,0,0,0,0.0,0.0,0.0,0.0,0.0,0.0,0.0,0.0
2018-01-22,69.32,110,1,0,0,1,0.00909090909090909,9.09090909090909,0.0,0.0,0.0,0.0,0.00909090909090909,9.09090909090909
2018-01-23,69.81,116,1,0,0,1,0.008620689655172414,8.620689655172413,0.0,0.0,0.0,0.0,0.008620689655172414,8.620689655172413
2018-01-24,69.91,117,0,0,0,0,0.0,0.0,0.0,0.0,0.0,0.0,0.0,0.0
2018-01-25,71.08,138,0,0,0,0,0.0,0.0,0.0,0.0,0.0,0.0,0.0,0.0
2018-01-26,70.08,86,0,0,0,0,0.0,0.0,0.0,0.0,0.0,0.0,0.0,0.0
2018-01-29,68.41,122,0,0,0,0,0.0,0.0,0.0,0.0,0.0,0.0,0.0,0.0
2018-01-30,67.78,131,0,0,0,0,0.0,0.0,0.0,0.0,0.0,0.0,0.0,0.0
2018-01-31,67.78,128,0,0,0,0,0.0,0.0,0.0,0.0,0.0,0.0,0.0,0.0
2018-02-01,68.6,148,0,0,0,0,0.0,0.0,0.0,0.0,0.0,0.0,0.0,0.0
2018-02-02,67.45,134,0,0,0,0,0.0,0.0,0.0,0.0,0.0,0.0,0.0,0.0
2018-02-05,67.69,120,0,0,0,0,0.0,0.0,0.0,0.0,0.0,0.0,0.0,0.0
2018-02-06,66.75,136,1,0,0,1,0.007352941176470588,7.352941176470588,0.0,0.0,0.0,0.0,0.007352941176470588,7.352941176470588
2018-02-07,65.74,148,0,0,0,0,0.0,0.0,0.0,0.0,0.0,0.0,0.0,0.0
2018-02-08,64.26,166,0,0,0,0,0.0,0.0,0.0,0.0,0.0,0.0,0.0,0.0
2018-02-09,63.04,134,0,0,0,0,0.0,0.0,0.0,0.0,0.0,0.0,0.0,0.0
2018-02-12,62.2,121,0,0,0,0,0.0,0.0,0.0,0.0,0.0,0.0,0.0,0.0
2018-02-13,61.94,146,0,0,0,0,0.0,0.0,0.0,0.0,0.0,0.0,0.0,0.0
2018-02-14,62.29,160,0,0,0,0,0.0,0.0,0.0,0.0,0.0,0.0,0.0,0.0
2018-02-15,62.86,163,0,0,0,0,0.0,0.0,0.0,0.0,0.0,0.0,0.0,0.0
2018-02-16,64.3,146,0,0,0,0,0.0,0.0,0.0,0.0,0.0,0.0,0.0,0.0
2018-02-19,64.95,131,0,0,0,0,0.0,0.0,0.0,0.0,0.0,0.0,0.0,0.0
2018-02-20,64.68,139,0,0,0,0,0.0,0.0,0.0,0.0,0.0,0.0,0.0,0.0
2018-02-21,64.81,157,0,0,0,0,0.0,0.0,0.0,0.0,0.0,0.0,0.0,0.0
2018-02-22,66.12,135,0,0,0,0,0.0,0.0,0.0,0.0,0.0,0.0,0.0,0.0
2018-02-23,67.04,146,0,0,0,0,0.0,0.0,0.0,0.0,0.0,0.0,0.0,0.0
2018-02-26,67.96,99,0,0,0,0,0.0,0.0,0.0,0.0,0.0,0.0,0.0,0.0
2018-02-27,67.59,133,0,0,0,0,0.0,0.0,0.0,0.0,0.0,0.0,0.0,0.0
2018-02-28,66.08,148,0,0,0,0,0.0,0.0,0.0,0.0,0.0,0.0,0.0,0.0
2018-03-01,64.23,156,0,0,0,0,0.0,0.0,0.0,0.0,0.0,0.0,0.0,0.0
2018-03-02,64.26,143,0,0,0,0,0.0,0.0,0.0,0.0,0.0,0.0,0.0,0.0
2018-03-05,65.78,120,0,0,0,0,0.0,0.0,0.0,0.0,0.0,0.0,0.0,0.0
2018-03-06,65.67,150,0,0,0,0,0.0,0.0,0.0,0.0,0.0,0.0,0.0,0.0
2018-03-07,65.09,162,0,0,0,0,0.0,0.0,0.0,0.0,0.0,0.0,0.0,0.0
2018-03-08,63.87,164,0,0,0,0,0.0,0.0,0.0,0.0,0.0,0.0,0.0,0.0
2018-03-09,65.19,151,0,0,0,0,0.0,0.0,0.0,0.0,0.0,0.0,0.0,0.0
2018-03-12,64.53,111,0,0,0,0,0.0,0.0,0.0,0.0,0.0,0.0,0.0,0.0
2018-03-13,64.2,132,0,0,0,0,0.0,0.0,0.0,0.0,0.0,0.0,0.0,0.0
2018-03-14,63.61,128,0,0,0,0,0.0,0.0,0.0,0.0,0.0,0.0,0.0,0.0
2018-03-15,63.67,160,0,0,0,0,0.0,0.0,0.0,0.0,0.0,0.0,0.0,0.0
2018-03-16,64.68,157,0,0,0,0,0.0,0.0,0.0,0.0,0.0,0.0,0.0,0.0
2018-03-19,64.82,124,0,0,0,0,0.0,0.0,0.0,0.0,0.0,0.0,0.0,0.0
2018-03-20,66.0,156,0,0,0,0,0.0,0.0,0.0,0.0,0.0,0.0,0.0,0.0
2018-03-21,68.15,155,0,0,0,0,0.0,0.0,0.0,0.0,0.0,0.0,0.0,0.0
2018-03-22,68.98,160,0,0,0,0,0.0,0.0,0.0,0.0,0.0,0.0,0.0,0.0
2018-03-23,69.03,148,0,0,0,0,0.0,0.0,0.0,0.0,0.0,0.0,0.0,0.0
2018-03-26,68.81,131,0,0,0,0,0.0,0.0,0.0,0.0,0.0,0.0,0.0,0.0
2018-03-27,68.63,154,0,0,0,0,0.0,0.0,0.0,0.0,0.0,0.0,0.0,0.0
2018-03-28,68.13,136,0,0,0,0,0.0,0.0,0.0,0.0,0.0,0.0,0.0,0.0
2018-03-29,69.02,139,0,0,0,0,0.0,0.0,0.0,0.0,0.0,0.0,0.0,0.0
2018-04-03,69.02,127,0,0,0,0,0.0,0.0,0.0,0.0,0.0,0.0,0.0,0.0
2018-04-04,66.04,162,0,0,0,0,0.0,0.0,0.0,0.0,0.0,0.0,0.0,0.0
2018-04-05,66.54,125,0,0,0,0,0.0,0.0,0.0,0.0,0.0,0.0,0.0,0.0
2018-04-06,66.51,132,0,0,0,0,0.0,0.0,0.0,0.0,0.0,0.0,0.0,0.0
2018-04-09,68.19,120,0,0,0,0,0.0,0.0,0.0,0.0,0.0,0.0,0.0,0.0
2018-04-10,70.67,127,0,0,0,0,0.0,0.0,0.0,0.0,0.0,0.0,0.0,0.0
2018-04-11,72.74,136,0,0,0,0,0.0,0.0,0.0,0.0,0.0,0.0,0.0,0.0
2018-04-12,71.44,141,2,0,2,0,0.014184397163120567,14.184397163120567,0.0,0.0,0.014184397163120567,14.184397163120567,0.0,0.0
2018-04-13,73.18,136,0,0,0,0,0.0,0.0,0.0,0.0,0.0,0.0,0.0,0.0
2018-04-16,72.05,112,0,0,0,0,0.0,0.0,0.0,0.0,0.0,0.0,0.0,0.0
2018-04-17,71.71,131,0,0,0,0,0.0,0.0,0.0,0.0,0.0,0.0,0.0,0.0
2018-04-18,73.73,141,0,0,0,0,0.0,0.0,0.0,0.0,0.0,0.0,0.0,0.0
2018-04-19,74.85,153,1,1,0,0,0.006535947712418301,6.5359477124183005,0.006535947712418301,6.5359477124183005,0.0,0.0,0.0,0.0
2018-04-20,74.62,140,0,0,0,0,0.0,0.0,0.0,0.0,0.0,0.0,0.0,0.0
2018-04-23,74.54,126,0,0,0,0,0.0,0.0,0.0,0.0,0.0,0.0,0.0,0.0
2018-04-24,75.86,130,0,0,0,0,0.0,0.0,0.0,0.0,0.0,0.0,0.0,0.0
2018-04-25,73.79,102,0,0,0,0,0.0,0.0,0.0,0.0,0.0,0.0,0.0,0.0
2018-04-26,75.39,137,0,0,0,0,0.0,0.0,0.0,0.0,0.0,0.0,0.0,0.0
2018-04-27,75.33,136,0,0,0,0,0.0,0.0,0.0,0.0,0.0,0.0,0.0,0.0
2018-04-30,75.92,120,0,0,0,0,0.0,0.0,0.0,0.0,0.0,0.0,0.0,0.0
2018-05-01,74.85,134,1,1,0,0,0.007462686567164179,7.462686567164179,0.007462686567164179,7.462686567164179,0.0,0.0,0.0,0.0
2018-05-02,73.14,121,0,0,0,0,0.0,0.0,0.0,0.0,0.0,0.0,0.0,0.0
2018-05-03,73.45,138,0,0,0,0,0.0,0.0,0.0,0.0,0.0,0.0,0.0,0.0
2018-05-04,74.75,139,0,0,0,0,0.0,0.0,0.0,0.0,0.0,0.0,0.0,0.0
2018-05-08,74.16,136,0,0,0,0,0.0,0.0,0.0,0.0,0.0,0.0,0.0,0.0
2018-05-09,77.6,120,0,0,0,0,0.0,0.0,0.0,0.0,0.0,0.0,0.0,0.0
2018-05-10,77.59,147,1,1,1,0,0.006802721088435374,6.802721088435374,0.006802721088435374,6.802721088435374,0.006802721088435374,6.802721088435374,0.0,0.0
2018-05-11,77.37,144,0,0,0,0,0.0,0.0,0.0,0.0,0.0,0.0,0.0,0.0
2018-05-14,78.17,109,0,0,0,0,0.0,0.0,0.0,0.0,0.0,0.0,0.0,0.0
2018-05-15,78.94,121,3,2,1,0,0.024793388429752067,24.793388429752067,0.01652892561983471,16.528925619834713,0.008264462809917356,8.264462809917356,0.0,0.0
2018-05-16,78.19,133,0,0,0,0,0.0,0.0,0.0,0.0,0.0,0.0,0.0,0.0
2018-05-17,80.09,152,0,0,0,0,0.0,0.0,0.0,0.0,0.0,0.0,0.0,0.0
2018-05-18,78.38,114,0,0,0,0,0.0,0.0,0.0,0.0,0.0,0.0,0.0,0.0
2018-05-21,78.34,133,0,0,0,0,0.0,0.0,0.0,0.0,0.0,0.0,0.0,0.0
2018-05-22,80.42,143,0,0,0,0,0.0,0.0,0.0,0.0,0.0,0.0,0.0,0.0
2018-05-23,78.69,134,1,0,1,0,0.007462686567164179,7.462686567164179,0.0,0.0,0.007462686567164179,7.462686567164179,0.0,0.0
2018-05-24,78.9,151,0,0,0,0,0.0,0.0,0.0,0.0,0.0,0.0,0.0,0.0
2018-05-25,76.6,133,0,0,0,0,0.0,0.0,0.0,0.0,0.0,0.0,0.0,0.0
2018-05-29,74.51,128,0,0,0,0,0.0,0.0,0.0,0.0,0.0,0.0,0.0,0.0
2018-05-30,75.89,135,0,0,0,0,0.0,0.0,0.0,0.0,0.0,0.0,0.0,0.0
2018-05-31,76.45,153,0,0,0,0,0.0,0.0,0.0,0.0,0.0,0.0,0.0,0.0
2018-06-01,74.54,136,0,0,0,0,0.0,0.0,0.0,0.0,0.0,0.0,0.0,0.0
2018-06-04,73.41,122,0,0,0,0,0.0,0.0,0.0,0.0,0.0,0.0,0.0,0.0
2018-06-05,72.91,149,1,0,0,1,0.006711409395973154,6.7114093959731544,0.0,0.0,0.0,0.0,0.006711409395973154,6.7114093959731544
2018-06-06,73.23,139,0,0,0,0,0.0,0.0,0.0,0.0,0.0,0.0,0.0,0.0
2018-06-07,75.23,137,0,0,0,0,0.0,0.0,0.0,0.0,0.0,0.0,0.0,0.0
2018-06-08,75.11,128,0,0,0,0,0.0,0.0,0.0,0.0,0.0,0.0,0.0,0.0
2018-06-11,74.58,100,0,0,0,0,0.0,0.0,0.0,0.0,0.0,0.0,0.0,0.0
2018-06-12,74.86,123,0,0,0,0,0.0,0.0,0.0,0.0,0.0,0.0,0.0,0.0
2018-06-13,75.07,134,0,0,0,0,0.0,0.0,0.0,0.0,0.0,0.0,0.0,0.0
2018-06-14,74.77,150,0,0,0,0,0.0,0.0,0.0,0.0,0.0,0.0,0.0,0.0
2018-06-15,72.02,131,0,0,0,0,0.0,0.0,0.0,0.0,0.0,0.0,0.0,0.0
2018-06-18,74.87,120,0,0,0,0,0.0,0.0,0.0,0.0,0.0,0.0,0.0,0.0
2018-06-19,74.92,134,0,0,0,0,0.0,0.0,0.0,0.0,0.0,0.0,0.0,0.0
2018-06-20,74.25,131,0,0,0,0,0.0,0.0,0.0,0.0,0.0,0.0,0.0,0.0
2018-06-21,72.87,153,0,0,0,0,0.0,0.0,0.0,0.0,0.0,0.0,0.0,0.0
2018-06-22,73.67,120,0,0,0,0,0.0,0.0,0.0,0.0,0.0,0.0,0.0,0.0
2018-06-25,72.82,118,0,0,0,0,0.0,0.0,0.0,0.0,0.0,0.0,0.0,0.0
2018-06-26,73.58,151,0,0,0,0,0.0,0.0,0.0,0.0,0.0,0.0,0.0,0.0
2018-06-27,76.09,146,1,1,1,0,0.00684931506849315,6.8493150684931505,0.00684931506849315,6.8493150684931505,0.00684931506849315,6.8493150684931505,0.0,0.0
2018-06-28,76.26,160,0,0,0,0,0.0,0.0,0.0,0.0,0.0,0.0,0.0,0.0
2018-06-29,77.44,164,0,0,0,0,0.0,0.0,0.0,0.0,0.0,0.0,0.0,0.0
2018-07-02,76.71,113,0,0,0,0,0.0,0.0,0.0,0.0,0.0,0.0,0.0,0.0
2018-07-03,75.87,134,0,0,0,0,0.0,0.0,0.0,0.0,0.0,0.0,0.0,0.0
2018-07-04,76.99,125,0,0,0,0,0.0,0.0,0.0,0.0,0.0,0.0,0.0,0.0
2018-07-05,77.09,117,0,0,0,0,0.0,0.0,0.0,0.0,0.0,0.0,0.0,0.0
2018-07-06,74.98,120,0,0,0,0,0.0,0.0,0.0,0.0,0.0,0.0,0.0,0.0
2018-07-09,77.08,133,0,0,0,0,0.0,0.0,0.0,0.0,0.0,0.0,0.0,0.0
2018-07-10,77.8,121,0,0,0,0,0.0,0.0,0.0,0.0,0.0,0.0,0.0,0.0
2018-07-11,75.35,135,1,1,0,0,0.007407407407407408,7.407407407407407,0.007407407407407408,7.407407407407407,0.0,0.0,0.0,0.0
2018-07-12,72.11,132,0,0,0,0,0.0,0.0,0.0,0.0,0.0,0.0,0.0,0.0
2018-07-13,74.11,135,0,0,0,0,0.0,0.0,0.0,0.0,0.0,0.0,0.0,0.0
2018-07-16,71.03,111,0,0,0,0,0.0,0.0,0.0,0.0,0.0,0.0,0.0,0.0
2018-07-17,70.87,115,0,0,0,0,0.0,0.0,0.0,0.0,0.0,0.0,0.0,0.0
2018-07-18,70.52,126,0,0,0,0,0.0,0.0,0.0,0.0,0.0,0.0,0.0,0.0
2018-07-19,71.94,143,0,0,0,0,0.0,0.0,0.0,0.0,0.0,0.0,0.0,0.0
2018-07-20,71.99,120,0,0,0,0,0.0,0.0,0.0,0.0,0.0,0.0,0.0,0.0
2018-07-23,73.45,118,0,0,0,0,0.0,0.0,0.0,0.0,0.0,0.0,0.0,0.0
2018-07-24,73.53,131,1,0,1,0,0.007633587786259542,7.633587786259541,0.0,0.0,0.007633587786259542,7.633587786259541,0.0,0.0
2018-07-25,73.67,142,1,0,0,1,0.007042253521126761,7.042253521126761,0.0,0.0,0.0,0.0,0.007042253521126761,7.042253521126761
2018-07-26,74.51,144,0,0,0,0,0.0,0.0,0.0,0.0,0.0,0.0,0.0,0.0
2018-07-27,74.84,127,0,0,0,0,0.0,0.0,0.0,0.0,0.0,0.0,0.0,0.0
2018-07-30,74.99,105,0,0,0,0,0.0,0.0,0.0,0.0,0.0,0.0,0.0,0.0
2018-07-31,74.16,123,0,0,0,0,0.0,0.0,0.0,0.0,0.0,0.0,0.0,0.0
2018-08-01,72.28,123,0,0,0,0,0.0,0.0,0.0,0.0,0.0,0.0,0.0,0.0
2018-08-02,72.95,140,0,0,0,0,0.0,0.0,0.0,0.0,0.0,0.0,0.0,0.0
2018-08-03,72.48,119,0,0,0,0,0.0,0.0,0.0,0.0,0.0,0.0,0.0,0.0
2018-08-06,72.51,104,0,0,0,0,0.0,0.0,0.0,0.0,0.0,0.0,0.0,0.0
2018-08-07,72.31,140,0,0,0,0,0.0,0.0,0.0,0.0,0.0,0.0,0.0,0.0
2018-08-08,70.71,139,0,0,0,0,0.0,0.0,0.0,0.0,0.0,0.0,0.0,0.0
2018-08-09,70.55,125,1,1,1,0,0.008,8.0,0.008,8.0,0.008,8.0,0.0,0.0
2018-08-10,71.0,140,0,0,0,0,0.0,0.0,0.0,0.0,0.0,0.0,0.0,0.0
2018-08-13,70.62,123,1,0,1,0,0.008130081300813009,8.130081300813009,0.0,0.0,0.008130081300813009,8.130081300813009,0.0,0.0
2018-08-14,70.77,127,1,0,1,0,0.007874015748031496,7.874015748031496,0.0,0.0,0.007874015748031496,7.874015748031496,0.0,0.0
2018-08-15,68.38,115,0,0,0,0,0.0,0.0,0.0,0.0,0.0,0.0,0.0,0.0
2018-08-16,69.21,136,0,0,0,0,0.0,0.0,0.0,0.0,0.0,0.0,0.0,0.0
2018-08-17,70.14,131,0,0,0,0,0.0,0.0,0.0,0.0,0.0,0.0,0.0,0.0
2018-08-20,71.11,101,0,0,0,0,0.0,0.0,0.0,0.0,0.0,0.0,0.0,0.0
2018-08-21,71.65,104,2,0,1,1,0.019230769230769232,19.230769230769234,0.0,0.0,0.009615384615384616,9.615384615384617,0.009615384615384616,9.615384615384617
2018-08-22,72.96,145,0,0,0,0,0.0,0.0,0.0,0.0,0.0,0.0,0.0,0.0
2018-08-23,73.73,117,1,0,0,1,0.008547008547008548,8.547008547008549,0.0,0.0,0.0,0.0,0.008547008547008548,8.547008547008549
2018-08-24,74.41,126,0,0,0,0,0.0,0.0,0.0,0.0,0.0,0.0,0.0,0.0
2018-08-27,74.41,94,0,0,0,0,0.0,0.0,0.0,0.0,0.0,0.0,0.0,0.0
2018-08-28,75.91,116,2,0,0,2,0.017241379310344827,17.241379310344826,0.0,0.0,0.0,0.0,0.017241379310344827,17.241379310344826
2018-08-29,76.07,126,0,0,0,0,0.0,0.0,0.0,0.0,0.0,0.0,0.0,0.0
2018-08-30,77.05,138,0,0,0,0,0.0,0.0,0.0,0.0,0.0,0.0,0.0,0.0
2018-08-31,76.94,118,0,0,0,0,0.0,0.0,0.0,0.0,0.0,0.0,0.0,0.0
2018-09-03,77.81,92,0,0,0,0,0.0,0.0,0.0,0.0,0.0,0.0,0.0,0.0
2018-09-04,77.51,114,0,0,0,0,0.0,0.0,0.0,0.0,0.0,0.0,0.0,0.0
2018-09-05,76.68,108,1,0,1,0,0.009259259259259259,9.25925925925926,0.0,0.0,0.009259259259259259,9.25925925925926,0.0,0.0
2018-09-06,75.67,146,0,0,0,0,0.0,0.0,0.0,0.0,0.0,0.0,0.0,0.0
2018-09-07,75.55,127,0,0,0,0,0.0,0.0,0.0,0.0,0.0,0.0,0.0,0.0
2018-09-10,76.77,109,0,0,0,0,0.0,0.0,0.0,0.0,0.0,0.0,0.0,0.0
2018-09-11,78.22,109,0,0,0,0,0.0,0.0,0.0,0.0,0.0,0.0,0.0,0.0
2018-09-12,80.02,134,0,0,0,0,0.0,0.0,0.0,0.0,0.0,0.0,0.0,0.0
2018-09-13,77.66,129,0,0,0,0,0.0,0.0,0.0,0.0,0.0,0.0,0.0,0.0
2018-09-14,77.87,116,0,0,0,0,0.0,0.0,0.0,0.0,0.0,0.0,0.0,0.0
2018-09-17,78.22,101,0,0,0,0,0.0,0.0,0.0,0.0,0.0,0.0,0.0,0.0
2018-09-18,79.25,122,0,0,0,0,0.0,0.0,0.0,0.0,0.0,0.0,0.0,0.0
2018-09-19,79.43,127,0,0,0,0,0.0,0.0,0.0,0.0,0.0,0.0,0.0,0.0
2018-09-20,79.03,121,0,0,0,0,0.0,0.0,0.0,0.0,0.0,0.0,0.0,0.0
2018-09-21,78.9,120,0,0,0,0,0.0,0.0,0.0,0.0,0.0,0.0,0.0,0.0
2018-09-24,80.89,98,0,0,0,0,0.0,0.0,0.0,0.0,0.0,0.0,0.0,0.0
2018-09-25,82.21,101,0,0,0,0,0.0,0.0,0.0,0.0,0.0,0.0,0.0,0.0
2018-09-26,81.87,99,0,0,0,0,0.0,0.0,0.0,0.0,0.0,0.0,0.0,0.0
2018-09-27,81.54,110,1,1,0,1,0.00909090909090909,9.09090909090909,0.00909090909090909,9.09090909090909,0.0,0.0,0.00909090909090909,9.09090909090909
2018-09-28,82.72,130,0,0,0,0,0.0,0.0,0.0,0.0,0.0,0.0,0.0,0.0
2018-10-01,84.94,100,0,0,0,0,0.0,0.0,0.0,0.0,0.0,0.0,0.0,0.0
2018-10-02,85.63,108,1,0,0,1,0.009259259259259259,9.25925925925926,0.0,0.0,0.0,0.0,0.009259259259259259,9.25925925925926
2018-10-03,85.45,124,0,0,0,0,0.0,0.0,0.0,0.0,0.0,0.0,0.0,0.0
2018-10-04,86.07,99,0,0,0,0,0.0,0.0,0.0,0.0,0.0,0.0,0.0,0.0
2018-10-05,85.12,127,0,0,0,0,0.0,0.0,0.0,0.0,0.0,0.0,0.0,0.0
2018-10-08,84.22,102,0,0,0,0,0.0,0.0,0.0,0.0,0.0,0.0,0.0,0.0
2018-10-09,85.16,119,0,0,0,0,0.0,0.0,0.0,0.0,0.0,0.0,0.0,0.0
2018-10-10,83.82,117,0,0,0,0,0.0,0.0,0.0,0.0,0.0,0.0,0.0,0.0
2018-10-11,81.35,141,0,0,0,0,0.0,0.0,0.0,0.0,0.0,0.0,0.0,0.0
2018-10-12,80.71,125,0,0,0,0,0.0,0.0,0.0,0.0,0.0,0.0,0.0,0.0
2018-10-15,80.91,92,0,0,0,0,0.0,0.0,0.0,0.0,0.0,0.0,0.0,0.0
2018-10-16,80.53,118,0,0,0,0,0.0,0.0,0.0,0.0,0.0,0.0,0.0,0.0
2018-10-17,79.91,133,0,0,0,0,0.0,0.0,0.0,0.0,0.0,0.0,0.0,0.0
2018-10-18,80.3,129,1,0,0,1,0.007751937984496124,7.751937984496124,0.0,0.0,0.0,0.0,0.007751937984496124,7.751937984496124
2018-10-19,80.38,124,1,0,1,0,0.008064516129032258,8.064516129032258,0.0,0.0,0.008064516129032258,8.064516129032258,0.0,0.0
2018-10-22,80.45,109,0,0,0,0,0.0,0.0,0.0,0.0,0.0,0.0,0.0,0.0
2018-10-23,78.67,109,0,0,0,0,0.0,0.0,0.0,0.0,0.0,0.0,0.0,0.0
2018-10-24,77.34,115,0,0,0,0,0.0,0.0,0.0,0.0,0.0,0.0,0.0,0.0
2018-10-25,77.3,130,0,0,0,0,0.0,0.0,0.0,0.0,0.0,0.0,0.0,0.0
2018-10-26,77.4,115,0,0,0,0,0.0,0.0,0.0,0.0,0.0,0.0,0.0,0.0
2018-10-29,77.56,111,1,1,0,0,0.009009009009009009,9.00900900900901,0.009009009009009009,9.00900900900901,0.0,0.0,0.0,0.0
2018-10-30,75.68,122,0,0,0,0,0.0,0.0,0.0,0.0,0.0,0.0,0.0,0.0
2018-10-31,74.84,128,0,0,0,0,0.0,0.0,0.0,0.0,0.0,0.0,0.0,0.0
2018-11-01,71.25,140,0,0,0,0,0.0,0.0,0.0,0.0,0.0,0.0,0.0,0.0
2018-11-02,71.11,129,0,0,0,0,0.0,0.0,0.0,0.0,0.0,0.0,0.0,0.0
2018-11-05,72.68,115,2,0,1,1,0.017391304347826087,17.391304347826086,0.0,0.0,0.008695652173913044,8.695652173913043,0.008695652173913044,8.695652173913043
2018-11-06,70.64,122,0,0,0,0,0.0,0.0,0.0,0.0,0.0,0.0,0.0,0.0
2018-11-07,70.1,130,0,0,0,0,0.0,0.0,0.0,0.0,0.0,0.0,0.0,0.0
2018-11-08,69.29,137,0,0,0,0,0.0,0.0,0.0,0.0,0.0,0.0,0.0,0.0
2018-11-09,69.01,148,0,0,0,0,0.0,0.0,0.0,0.0,0.0,0.0,0.0,0.0
2018-11-12,69.81,106,0,0,0,0,0.0,0.0,0.0,0.0,0.0,0.0,0.0,0.0
2018-11-13,65.45,112,1,0,0,1,0.008928571428571428,8.928571428571429,0.0,0.0,0.0,0.0,0.008928571428571428,8.928571428571429
2018-11-14,64.88,143,1,1,0,0,0.006993006993006993,6.993006993006993,0.006993006993006993,6.993006993006993,0.0,0.0,0.0,0.0
2018-11-15,65.61,143,0,0,0,0,0.0,0.0,0.0,0.0,0.0,0.0,0.0,0.0
2018-11-16,65.29,126,0,0,0,0,0.0,0.0,0.0,0.0,0.0,0.0,0.0,0.0
2018-11-19,64.14,96,0,0,0,0,0.0,0.0,0.0,0.0,0.0,0.0,0.0,0.0
2018-11-20,61.5,127,0,0,0,0,0.0,0.0,0.0,0.0,0.0,0.0,0.0,0.0
2018-11-21,61.65,129,4,3,0,1,0.031007751937984496,31.007751937984494,0.023255813953488372,23.25581395348837,0.0,0.0,0.007751937984496124,7.751937984496124
2018-11-22,61.11,140,0,0,0,0,0.0,0.0,0.0,0.0,0.0,0.0,0.0,0.0
2018-11-23,57.69,141,0,0,0,0,0.0,0.0,0.0,0.0,0.0,0.0,0.0,0.0
2018-11-26,59.7,118,0,0,0,0,0.0,0.0,0.0,0.0,0.0,0.0,0.0,0.0
2018-11-27,59.58,119,0,0,0,0,0.0,0.0,0.0,0.0,0.0,0.0,0.0,0.0
2018-11-28,57.97,126,0,0,0,0,0.0,0.0,0.0,0.0,0.0,0.0,0.0,0.0
2018-11-29,58.29,129,0,0,0,0,0.0,0.0,0.0,0.0,0.0,0.0,0.0,0.0
2018-11-30,57.71,131,0,0,0,0,0.0,0.0,0.0,0.0,0.0,0.0,0.0,0.0
2018-12-03,60.17,119,0,0,0,0,0.0,0.0,0.0,0.0,0.0,0.0,0.0,0.0
2018-12-04,61.22,129,1,0,0,1,0.007751937984496124,7.751937984496124,0.0,0.0,0.0,0.0,0.007751937984496124,7.751937984496124
2018-12-05,61.4,129,0,0,0,0,0.0,0.0,0.0,0.0,0.0,0.0,0.0,0.0
2018-12-06,57.83,134,0,0,0,0,0.0,0.0,0.0,0.0,0.0,0.0,0.0,0.0
2018-12-07,61.71,119,0,0,0,0,0.0,0.0,0.0,0.0,0.0,0.0,0.0,0.0
2018-12-10,60.29,106,0,0,0,0,0.0,0.0,0.0,0.0,0.0,0.0,0.0,0.0
2018-12-11,59.73,123,1,0,1,0,0.008130081300813009,8.130081300813009,0.0,0.0,0.008130081300813009,8.130081300813009,0.0,0.0
2018-12-12,59.94,120,0,0,0,0,0.0,0.0,0.0,0.0,0.0,0.0,0.0,0.0
2018-12-13,59.03,112,0,0,0,0,0.0,0.0,0.0,0.0,0.0,0.0,0.0,0.0
2018-12-14,58.56,113,0,0,0,0,0.0,0.0,0.0,0.0,0.0,0.0,0.0,0.0
2018-12-17,57.59,103,0,0,0,0,0.0,0.0,0.0,0.0,0.0,0.0,0.0,0.0
2018-12-18,55.26,114,0,0,0,0,0.0,0.0,0.0,0.0,0.0,0.0,0.0,0.0
2018-12-19,55.6,118,1,1,0,0,0.00847457627118644,8.474576271186441,0.00847457627118644,8.474576271186441,0.0,0.0,0.0,0.0
2018-12-20,52.84,119,1,0,0,1,0.008403361344537815,8.403361344537815,0.0,0.0,0.0,0.0,0.008403361344537815,8.403361344537815
2018-12-21,51.93,98,0,0,0,0,0.0,0.0,0.0,0.0,0.0,0.0,0.0,0.0
2018-12-27,51.49,61,0,0,0,0,0.0,0.0,0.0,0.0,0.0,0.0,0.0,0.0
2018-12-28,50.57,73,0,0,0,0,0.0,0.0,0.0,0.0,0.0,0.0,0.0,0.0
2019-01-02,54.06,67,0,0,0,0,0.0,0.0,0.0,0.0,0.0,0.0,0.0,0.0
2019-01-03,53.23,73,0,0,0,0,0.0,0.0,0.0,0.0,0.0,0.0,0.0,0.0
2019-01-04,55.64,79,0,0,0,0,0.0,0.0,0.0,0.0,0.0,0.0,0.0,0.0
2019-01-07,57.1,67,0,0,0,0,0.0,0.0,0.0,0.0,0.0,0.0,0.0,0.0
2019-01-08,56.91,89,0,0,0,0,0.0,0.0,0.0,0.0,0.0,0.0,0.0,0.0
2019-01-09,59.46,94,0,0,0,0,0.0,0.0,0.0,0.0,0.0,0.0,0.0,0.0
2019-01-10,60.47,89,0,0,0,0,0.0,0.0,0.0,0.0,0.0,0.0,0.0,0.0
2019-01-11,59.24,92,1,0,0,1,0.010869565217391304,10.869565217391305,0.0,0.0,0.0,0.0,0.010869565217391304,10.869565217391305
2019-01-14,58.8,88,0,0,0,0,0.0,0.0,0.0,0.0,0.0,0.0,0.0,0.0
2019-01-15,58.65,109,1,0,0,1,0.009174311926605505,9.174311926605505,0.0,0.0,0.0,0.0,0.009174311926605505,9.174311926605505
2019-01-16,59.81,108,0,0,0,0,0.0,0.0,0.0,0.0,0.0,0.0,0.0,0.0
2019-01-17,59.85,102,0,0,0,0,0.0,0.0,0.0,0.0,0.0,0.0,0.0,0.0
2019-01-18,62.04,100,0,0,0,0,0.0,0.0,0.0,0.0,0.0,0.0,0.0,0.0
2019-01-21,62.18,97,0,0,0,0,0.0,0.0,0.0,0.0,0.0,0.0,0.0,0.0
2019-01-22,60.9,107,1,0,0,1,0.009345794392523364,9.345794392523365,0.0,0.0,0.0,0.0,0.009345794392523364,9.345794392523365
2019-01-23,61.05,112,1,0,1,0,0.008928571428571428,8.928571428571429,0.0,0.0,0.008928571428571428,8.928571428571429,0.0,0.0
2019-01-24,61.09,116,0,0,0,0,0.0,0.0,0.0,0.0,0.0,0.0,0.0,0.0
2019-01-25,61.49,105,0,0,0,0,0.0,0.0,0.0,0.0,0.0,0.0,0.0,0.0
2019-01-28,59.71,56,0,0,0,0,0.0,0.0,0.0,0.0,0.0,0.0,0.0,0.0
2019-01-29,60.98,107,0,0,0,0,0.0,0.0,0.0,0.0,0.0,0.0,0.0,0.0
2019-01-30,61.89,110,0,0,0,0,0.0,0.0,0.0,0.0,0.0,0.0,0.0,0.0
2019-01-31,62.46,119,0,0,0,0,0.0,0.0,0.0,0.0,0.0,0.0,0.0,0.0
2019-02-01,61.86,122,0,0,0,0,0.0,0.0,0.0,0.0,0.0,0.0,0.0,0.0
2019-02-04,62.26,98,0,0,0,0,0.0,0.0,0.0,0.0,0.0,0.0,0.0,0.0
2019-02-05,61.67,109,0,0,0,0,0.0,0.0,0.0,0.0,0.0,0.0,0.0,0.0
2019-02-06,62.22,108,0,0,0,0,0.0,0.0,0.0,0.0,0.0,0.0,0.0,0.0
2019-02-07,61.01,130,0,0,0,0,0.0,0.0,0.0,0.0,0.0,0.0,0.0,0.0
2019-02-08,61.37,118,0,0,0,0,0.0,0.0,0.0,0.0,0.0,0.0,0.0,0.0
2019-02-11,61.3,111,0,0,0,0,0.0,0.0,0.0,0.0,0.0,0.0,0.0,0.0
2019-02-12,62.58,101,0,0,0,0,0.0,0.0,0.0,0.0,0.0,0.0,0.0,0.0
2019-02-13,63.27,120,0,0,0,0,0.0,0.0,0.0,0.0,0.0,0.0,0.0,0.0
2019-02-14,64.0,140,0,0,0,0,0.0,0.0,0.0,0.0,0.0,0.0,0.0,0.0
2019-02-15,65.65,125,0,0,0,0,0.0,0.0,0.0,0.0,0.0,0.0,0.0,0.0
2019-02-18,66.41,93,0,0,0,0,0.0,0.0,0.0,0.0,0.0,0.0,0.0,0.0
2019-02-19,65.86,120,0,0,0,0,0.0,0.0,0.0,0.0,0.0,0.0,0.0,0.0
2019-02-20,66.82,121,0,0,0,0,0.0,0.0,0.0,0.0,0.0,0.0,0.0,0.0
2019-02-21,66.91,121,0,0,0,0,0.0,0.0,0.0,0.0,0.0,0.0,0.0,0.0
2019-02-22,66.91,121,0,0,0,0,0.0,0.0,0.0,0.0,0.0,0.0,0.0,0.0
2019-02-25,64.02,102,0,0,0,0,0.0,0.0,0.0,0.0,0.0,0.0,0.0,0.0
2019-02-26,64.51,119,0,0,0,0,0.0,0.0,0.0,0.0,0.0,0.0,0.0,0.0
2019-02-27,65.55,108,0,0,0,0,0.0,0.0,0.0,0.0,0.0,0.0,0.0,0.0
2019-02-28,65.03,121,0,0,0,0,0.0,0.0,0.0,0.0,0.0,0.0,0.0,0.0
2019-03-01,63.71,108,0,0,0,0,0.0,0.0,0.0,0.0,0.0,0.0,0.0,0.0
2019-03-04,64.44,96,0,0,0,0,0.0,0.0,0.0,0.0,0.0,0.0,0.0,0.0
2019-03-05,64.24,110,0,0,0,0,0.0,0.0,0.0,0.0,0.0,0.0,0.0,0.0
2019-03-06,64.51,107,0,0,0,0,0.0,0.0,0.0,0.0,0.0,0.0,0.0,0.0
2019-03-07,64.82,102,0,0,0,0,0.0,0.0,0.0,0.0,0.0,0.0,0.0,0.0
2019-03-08,65.66,115,0,0,0,0,0.0,0.0,0.0,0.0,0.0,0.0,0.0,0.0
2019-03-11,65.06,95,1,0,1,0,0.010526315789473684,10.526315789473683,0.0,0.0,0.010526315789473684,10.526315789473683,0.0,0.0
2019-03-12,65.33,98,0,0,0,0,0.0,0.0,0.0,0.0,0.0,0.0,0.0,0.0
2019-03-13,65.89,112,0,0,0,0,0.0,0.0,0.0,0.0,0.0,0.0,0.0,0.0
2019-03-14,66.18,117,0,0,0,0,0.0,0.0,0.0,0.0,0.0,0.0,0.0,0.0
2019-03-15,66.11,114,0,0,0,0,0.0,0.0,0.0,0.0,0.0,0.0,0.0,0.0
2019-03-18,66.65,110,0,0,0,0,0.0,0.0,0.0,0.0,0.0,0.0,0.0,0.0
2019-03-19,67.13,111,0,0,0,0,0.0,0.0,0.0,0.0,0.0,0.0,0.0,0.0
2019-03-20,68.35,119,0,0,0,0,0.0,0.0,0.0,0.0,0.0,0.0,0.0,0.0
2019-03-21,68.3,112,0,0,0,0,0.0,0.0,0.0,0.0,0.0,0.0,0.0,0.0
2019-03-22,66.29,111,0,0,0,0,0.0,0.0,0.0,0.0,0.0,0.0,0.0,0.0
2019-03-25,67.37,102,0,0,0,0,0.0,0.0,0.0,0.0,0.0,0.0,0.0,0.0
2019-03-26,67.51,115,0,0,0,0,0.0,0.0,0.0,0.0,0.0,0.0,0.0,0.0
2019-03-27,67.35,117,0,0,0,0,0.0,0.0,0.0,0.0,0.0,0.0,0.0,0.0
2019-03-28,66.08,120,0,0,0,0,0.0,0.0,0.0,0.0,0.0,0.0,0.0,0.0
2019-03-29,67.93,118,0,0,0,0,0.0,0.0,0.0,0.0,0.0,0.0,0.0,0.0
2019-04-01,69.08,96,1,0,1,0,0.010416666666666666,10.416666666666666,0.0,0.0,0.010416666666666666,10.416666666666666,0.0,0.0
2019-04-02,69.68,120,0,0,0,0,0.0,0.0,0.0,0.0,0.0,0.0,0.0,0.0
2019-04-03,69.21,96,0,0,0,0,0.0,0.0,0.0,0.0,0.0,0.0,0.0,0.0
2019-04-04,69.8,101,0,0,0,0,0.0,0.0,0.0,0.0,0.0,0.0,0.0,0.0
2019-04-05,69.93,115,0,0,0,0,0.0,0.0,0.0,0.0,0.0,0.0,0.0,0.0
2019-04-08,71.12,99,0,0,0,0,0.0,0.0,0.0,0.0,0.0,0.0,0.0,0.0
2019-04-09,71.02,103,0,0,0,0,0.0,0.0,0.0,0.0,0.0,0.0,0.0,0.0
2019-04-10,71.63,132,0,0,0,0,0.0,0.0,0.0,0.0,0.0,0.0,0.0,0.0
2019-04-11,71.3,124,0,0,0,0,0.0,0.0,0.0,0.0,0.0,0.0,0.0,0.0
2019-04-12,71.57,121,0,0,0,0,0.0,0.0,0.0,0.0,0.0,0.0,0.0,0.0
2019-04-15,70.9,98,0,0,0,0,0.0,0.0,0.0,0.0,0.0,0.0,0.0,0.0
2019-04-16,70.74,102,0,0,0,0,0.0,0.0,0.0,0.0,0.0,0.0,0.0,0.0
2019-04-17,71.14,115,0,0,0,0,0.0,0.0,0.0,0.0,0.0,0.0,0.0,0.0
2019-04-18,70.71,124,1,0,0,1,0.008064516129032258,8.064516129032258,0.0,0.0,0.0,0.0,0.008064516129032258,8.064516129032258
2019-04-22,70.71,78,0,0,0,0,0.0,0.0,0.0,0.0,0.0,0.0,0.0,0.0
2019-04-23,74.39,85,1,1,1,0,0.011764705882352941,11.76470588235294,0.011764705882352941,11.76470588235294,0.011764705882352941,11.76470588235294,0.0,0.0
2019-04-24,73.59,118,0,0,0,0,0.0,0.0,0.0,0.0,0.0,0.0,0.0,0.0
2019-04-25,74.94,77,0,0,0,0,0.0,0.0,0.0,0.0,0.0,0.0,0.0,0.0
2019-04-26,71.03,94,0,0,0,0,0.0,0.0,0.0,0.0,0.0,0.0,0.0,0.0
2019-04-29,71.22,105,0,0,0,0,0.0,0.0,0.0,0.0,0.0,0.0,0.0,0.0
2019-04-30,72.19,96,0,0,0,0,0.0,0.0,0.0,0.0,0.0,0.0,0.0,0.0
2019-05-01,72.01,118,0,0,0,0,0.0,0.0,0.0,0.0,0.0,0.0,0.0,0.0
2019-05-02,70.56,119,0,0,0,0,0.0,0.0,0.0,0.0,0.0,0.0,0.0,0.0
2019-05-03,71.95,134,0,0,0,0,0.0,0.0,0.0,0.0,0.0,0.0,0.0,0.0
2019-05-06,71.95,104,0,0,0,0,0.0,0.0,0.0,0.0,0.0,0.0,0.0,0.0
2019-05-07,70.98,113,0,0,0,0,0.0,0.0,0.0,0.0,0.0,0.0,0.0,0.0
2019-05-08,71.09,117,0,0,0,0,0.0,0.0,0.0,0.0,0.0,0.0,0.0,0.0
2019-05-09,70.61,130,0,0,0,0,0.0,0.0,0.0,0.0,0.0,0.0,0.0,0.0
2019-05-10,71.63,114,0,0,0,0,0.0,0.0,0.0,0.0,0.0,0.0,0.0,0.0
2019-05-13,72.35,104,1,0,1,0,0.009615384615384616,9.615384615384617,0.0,0.0,0.009615384615384616,9.615384615384617,0.0,0.0
2019-05-14,72.53,102,0,0,0,0,0.0,0.0,0.0,0.0,0.0,0.0,0.0,0.0
2019-05-15,73.09,137,0,0,0,0,0.0,0.0,0.0,0.0,0.0,0.0,0.0,0.0
2019-05-16,74.7,133,0,0,0,0,0.0,0.0,0.0,0.0,0.0,0.0,0.0,0.0
2019-05-17,73.94,123,0,0,0,0,0.0,0.0,0.0,0.0,0.0,0.0,0.0,0.0
2019-05-20,73.21,100,0,0,0,0,0.0,0.0,0.0,0.0,0.0,0.0,0.0,0.0
2019-05-21,72.94,110,0,0,0,0,0.0,0.0,0.0,0.0,0.0,0.0,0.0,0.0
2019-05-22,71.94,112,0,0,0,0,0.0,0.0,0.0,0.0,0.0,0.0,0.0,0.0
2019-05-23,68.37,112,0,0,0,0,0.0,0.0,0.0,0.0,0.0,0.0,0.0,0.0
2019-05-24,67.98,105,0,0,0,0,0.0,0.0,0.0,0.0,0.0,0.0,0.0,0.0
2019-05-28,70.19,94,0,0,0,0,0.0,0.0,0.0,0.0,0.0,0.0,0.0,0.0
2019-05-29,70.64,120,0,0,0,0,0.0,0.0,0.0,0.0,0.0,0.0,0.0,0.0
2019-05-30,69.55,101,0,0,0,0,0.0,0.0,0.0,0.0,0.0,0.0,0.0,0.0
2019-05-31,66.78,107,0,0,0,0,0.0,0.0,0.0,0.0,0.0,0.0,0.0,0.0
2019-06-03,63.16,82,0,0,0,0,0.0,0.0,0.0,0.0,0.0,0.0,0.0,0.0
2019-06-04,63.56,114,0,0,0,0,0.0,0.0,0.0,0.0,0.0,0.0,0.0,0.0
2019-06-05,62.14,120,0,0,0,0,0.0,0.0,0.0,0.0,0.0,0.0,0.0,0.0
2019-06-06,62.77,108,0,0,0,0,0.0,0.0,0.0,0.0,0.0,0.0,0.0,0.0
2019-06-07,64.1,110,2,1,1,1,0.01818181818181818,18.18181818181818,0.00909090909090909,9.09090909090909,0.00909090909090909,9.09090909090909,0.00909090909090909,9.09090909090909
2019-06-10,64.31,80,0,0,0,0,0.0,0.0,0.0,0.0,0.0,0.0,0.0,0.0
2019-06-11,63.56,95,1,1,1,0,0.010526315789473684,10.526315789473683,0.010526315789473684,10.526315789473683,0.010526315789473684,10.526315789473683,0.0,0.0
2019-06-12,61.66,110,0,0,0,0,0.0,0.0,0.0,0.0,0.0,0.0,0.0,0.0
2019-06-13,63.28,114,1,1,0,0,0.008771929824561403,8.771929824561402,0.008771929824561403,8.771929824561402,0.0,0.0,0.0,0.0
2019-06-14,63.13,107,3,1,2,0,0.028037383177570093,28.037383177570092,0.009345794392523364,9.345794392523365,0.018691588785046728,18.69158878504673,0.0,0.0
2019-06-17,62.56,104,0,0,0,0,0.0,0.0,0.0,0.0,0.0,0.0,0.0,0.0
2019-06-18,63.35,109,1,0,1,0,0.009174311926605505,9.174311926605505,0.0,0.0,0.009174311926605505,9.174311926605505,0.0,0.0
2019-06-19,62.85,97,0,0,0,0,0.0,0.0,0.0,0.0,0.0,0.0,0.0,0.0
2019-06-20,65.44,122,0,0,0,0,0.0,0.0,0.0,0.0,0.0,0.0,0.0,0.0
2019-06-21,65.99,95,0,0,0,0,0.0,0.0,0.0,0.0,0.0,0.0,0.0,0.0
2019-06-24,65.16,90,0,0,0,0,0.0,0.0,0.0,0.0,0.0,0.0,0.0,0.0
2019-06-25,66.24,89,0,0,0,0,0.0,0.0,0.0,0.0,0.0,0.0,0.0,0.0
2019-06-26,66.85,111,1,0,1,0,0.009009009009009009,9.00900900900901,0.0,0.0,0.009009009009009009,9.00900900900901,0.0,0.0
2019-06-27,66.78,112,0,0,0,0,0.0,0.0,0.0,0.0,0.0,0.0,0.0,0.0
2019-06-28,67.52,108,0,0,0,0,0.0,0.0,0.0,0.0,0.0,0.0,0.0,0.0
2019-07-01,65.1,97,0,0,0,0,0.0,0.0,0.0,0.0,0.0,0.0,0.0,0.0
2019-07-02,62.72,90,0,0,0,0,0.0,0.0,0.0,0.0,0.0,0.0,0.0,0.0
2019-07-03,63.53,102,0,0,0,0,0.0,0.0,0.0,0.0,0.0,0.0,0.0,0.0
2019-07-04,63.62,116,0,0,0,0,0.0,0.0,0.0,0.0,0.0,0.0,0.0,0.0
2019-07-05,64.23,101,1,0,1,0,0.009900990099009901,9.900990099009901,0.0,0.0,0.009900990099009901,9.900990099009901,0.0,0.0
2019-07-08,64.89,81,0,0,0,0,0.0,0.0,0.0,0.0,0.0,0.0,0.0,0.0
2019-07-09,64.3,94,0,0,0,0,0.0,0.0,0.0,0.0,0.0,0.0,0.0,0.0
2019-07-10,66.41,93,0,0,0,0,0.0,0.0,0.0,0.0,0.0,0.0,0.0,0.0
2019-07-11,67.64,108,0,0,0,0,0.0,0.0,0.0,0.0,0.0,0.0,0.0,0.0
2019-07-12,66.65,102,0,0,0,0,0.0,0.0,0.0,0.0,0.0,0.0,0.0,0.0
2019-07-15,66.86,99,0,0,0,0,0.0,0.0,0.0,0.0,0.0,0.0,0.0,0.0
2019-07-16,65.87,84,0,0,0,0,0.0,0.0,0.0,0.0,0.0,0.0,0.0,0.0
2019-07-17,63.67,122,0,0,0,0,0.0,0.0,0.0,0.0,0.0,0.0,0.0,0.0
2019-07-18,60.7,104,0,0,0,0,0.0,0.0,0.0,0.0,0.0,0.0,0.0,0.0
2019-07-19,61.04,114,1,0,1,0,0.008771929824561403,8.771929824561402,0.0,0.0,0.008771929824561403,8.771929824561402,0.0,0.0
2019-07-22,61.96,85,0,0,0,0,0.0,0.0,0.0,0.0,0.0,0.0,0.0,0.0
2019-07-23,62.28,96,0,0,0,0,0.0,0.0,0.0,0.0,0.0,0.0,0.0,0.0
2019-07-24,63.83,126,0,0,0,0,0.0,0.0,0.0,0.0,0.0,0.0,0.0,0.0
2019-07-25,63.47,127,0,0,0,0,0.0,0.0,0.0,0.0,0.0,0.0,0.0,0.0
2019-07-26,62.46,112,0,0,0,0,0.0,0.0,0.0,0.0,0.0,0.0,0.0,0.0
2019-07-29,62.29,95,0,0,0,0,0.0,0.0,0.0,0.0,0.0,0.0,0.0,0.0
2019-07-30,62.55,105,0,0,0,0,0.0,0.0,0.0,0.0,0.0,0.0,0.0,0.0
2019-07-31,64.07,116,0,0,0,0,0.0,0.0,0.0,0.0,0.0,0.0,0.0,0.0
2019-08-01,62.9,127,0,0,0,0,0.0,0.0,0.0,0.0,0.0,0.0,0.0,0.0
2019-08-02,61.12,115,0,0,0,0,0.0,0.0,0.0,0.0,0.0,0.0,0.0,0.0
2019-08-05,59.32,80,0,0,0,0,0.0,0.0,0.0,0.0,0.0,0.0,0.0,0.0
2019-08-06,58.63,108,0,0,0,0,0.0,0.0,0.0,0.0,0.0,0.0,0.0,0.0
2019-08-07,55.03,109,0,0,0,0,0.0,0.0,0.0,0.0,0.0,0.0,0.0,0.0
2019-08-08,56.29,117,0,0,0,0,0.0,0.0,0.0,0.0,0.0,0.0,0.0,0.0
2019-08-09,57.37,94,0,0,0,0,0.0,0.0,0.0,0.0,0.0,0.0,0.0,0.0
2019-08-12,57.13,90,1,0,1,0,0.011111111111111112,11.11111111111111,0.0,0.0,0.011111111111111112,11.11111111111111,0.0,0.0
2019-08-13,59.9,119,0,0,0,0,0.0,0.0,0.0,0.0,0.0,0.0,0.0,0.0
2019-08-14,57.86,100,0,0,0,0,0.0,0.0,0.0,0.0,0.0,0.0,0.0,0.0
2019-08-15,57.37,117,0,0,0,0,0.0,0.0,0.0,0.0,0.0,0.0,0.0,0.0
2019-08-16,59.0,124,0,0,0,0,0.0,0.0,0.0,0.0,0.0,0.0,0.0,0.0
2019-08-19,59.79,92,1,0,1,0,0.010869565217391304,10.869565217391305,0.0,0.0,0.010869565217391304,10.869565217391305,0.0,0.0
2019-08-20,59.03,101,0,0,0,0,0.0,0.0,0.0,0.0,0.0,0.0,0.0,0.0
2019-08-21,60.6,106,0,0,0,0,0.0,0.0,0.0,0.0,0.0,0.0,0.0,0.0
2019-08-22,59.81,108,1,0,0,1,0.009259259259259259,9.25925925925926,0.0,0.0,0.0,0.0,0.009259259259259259,9.25925925925926
2019-08-23,58.64,107,0,0,0,0,0.0,0.0,0.0,0.0,0.0,0.0,0.0,0.0
2019-08-26,58.64,79,0,0,0,0,0.0,0.0,0.0,0.0,0.0,0.0,0.0,0.0
2019-08-27,58.44,100,0,0,0,0,0.0,0.0,0.0,0.0,0.0,0.0,0.0,0.0
2019-08-28,60.42,107,0,0,0,0,0.0,0.0,0.0,0.0,0.0,0.0,0.0,0.0
2019-08-29,60.59,119,0,0,0,0,0.0,0.0,0.0,0.0,0.0,0.0,0.0,0.0
2019-08-30,61.04,108,0,0,0,0,0.0,0.0,0.0,0.0,0.0,0.0,0.0,0.0
2019-09-02,58.55,91,0,0,0,0,0.0,0.0,0.0,0.0,0.0,0.0,0.0,0.0
2019-09-03,57.93,100,0,0,0,0,0.0,0.0,0.0,0.0,0.0,0.0,0.0,0.0
2019-09-04,60.68,126,0,0,0,0,0.0,0.0,0.0,0.0,0.0,0.0,0.0,0.0
2019-09-05,62.7,112,0,0,0,0,0.0,0.0,0.0,0.0,0.0,0.0,0.0,0.0
2019-09-06,61.28,114,0,0,0,0,0.0,0.0,0.0,0.0,0.0,0.0,0.0,0.0
2019-09-09,63.99,98,0,0,0,0,0.0,0.0,0.0,0.0,0.0,0.0,0.0,0.0
2019-09-10,64.67,128,0,0,0,0,0.0,0.0,0.0,0.0,0.0,0.0,0.0,0.0
2019-09-11,63.02,102,0,0,0,0,0.0,0.0,0.0,0.0,0.0,0.0,0.0,0.0
2019-09-12,60.76,113,0,0,0,0,0.0,0.0,0.0,0.0,0.0,0.0,0.0,0.0
2019-09-13,61.25,104,0,0,0,0,0.0,0.0,0.0,0.0,0.0,0.0,0.0,0.0
2019-09-16,68.42,90,1,1,1,0,0.011111111111111112,11.11111111111111,0.011111111111111112,11.11111111111111,0.011111111111111112,11.11111111111111,0.0,0.0
2019-09-17,65.59,99,2,1,1,0,0.020202020202020204,20.202020202020204,0.010101010101010102,10.101010101010102,0.010101010101010102,10.101010101010102,0.0,0.0
2019-09-18,64.29,103,3,2,2,0,0.02912621359223301,29.12621359223301,0.019417475728155338,19.41747572815534,0.019417475728155338,19.41747572815534,0.0,0.0
2019-09-19,64.25,120,1,0,1,0,0.008333333333333333,8.333333333333334,0.0,0.0,0.008333333333333333,8.333333333333334,0.0,0.0
2019-09-20,65.23,112,0,0,0,0,0.0,0.0,0.0,0.0,0.0,0.0,0.0,0.0
2019-09-23,64.66,92,0,0,0,0,0.0,0.0,0.0,0.0,0.0,0.0,0.0,0.0
2019-09-24,64.13,124,0,0,0,0,0.0,0.0,0.0,0.0,0.0,0.0,0.0,0.0
2019-09-25,62.41,99,0,0,0,0,0.0,0.0,0.0,0.0,0.0,0.0,0.0,0.0
2019-09-26,62.08,107,0,0,0,0,0.0,0.0,0.0,0.0,0.0,0.0,0.0,0.0
2019-09-27,62.48,105,1,0,0,1,0.009523809523809525,9.523809523809526,0.0,0.0,0.0,0.0,0.009523809523809525,9.523809523809526
2019-09-30,60.99,96,1,1,1,0,0.010416666666666666,10.416666666666666,0.010416666666666666,10.416666666666666,0.010416666666666666,10.416666666666666,0.0,0.0
2019-10-01,60.06,109,0,0,0,0,0.0,0.0,0.0,0.0,0.0,0.0,0.0,0.0
2019-10-02,57.92,119,0,0,0,0,0.0,0.0,0.0,0.0,0.0,0.0,0.0,0.0
2019-10-03,58.01,100,0,0,0,0,0.0,0.0,0.0,0.0,0.0,0.0,0.0,0.0
2019-10-04,59.13,98,1,0,0,1,0.01020408163265306,10.204081632653061,0.0,0.0,0.0,0.0,0.01020408163265306,10.204081632653061
2019-10-07,59.46,77,0,0,0,0,0.0,0.0,0.0,0.0,0.0,0.0,0.0,0.0
2019-10-08,58.14,96,0,0,0,0,0.0,0.0,0.0,0.0,0.0,0.0,0.0,0.0
2019-10-09,59.7,96,0,0,0,0,0.0,0.0,0.0,0.0,0.0,0.0,0.0,0.0
2019-10-10,59.08,105,0,0,0,0,0.0,0.0,0.0,0.0,0.0,0.0,0.0,0.0
2019-10-11,60.59,120,0,0,0,0,0.0,0.0,0.0,0.0,0.0,0.0,0.0,0.0
2019-10-14,58.81,100,0,0,0,0,0.0,0.0,0.0,0.0,0.0,0.0,0.0,0.0
2019-10-15,59.19,115,0,0,0,0,0.0,0.0,0.0,0.0,0.0,0.0,0.0,0.0
2019-10-16,59.3,96,0,0,0,0,0.0,0.0,0.0,0.0,0.0,0.0,0.0,0.0
2019-10-17,59.35,127,0,0,0,0,0.0,0.0,0.0,0.0,0.0,0.0,0.0,0.0
2019-10-18,59.96,104,0,0,0,0,0.0,0.0,0.0,0.0,0.0,0.0,0.0,0.0
2019-10-21,58.95,91,0,0,0,0,0.0,0.0,0.0,0.0,0.0,0.0,0.0,0.0
2019-10-22,60.5,118,0,0,0,0,0.0,0.0,0.0,0.0,0.0,0.0,0.0,0.0
2019-10-23,60.52,125,0,0,0,0,0.0,0.0,0.0,0.0,0.0,0.0,0.0,0.0
2019-10-24,61.71,120,0,0,0,0,0.0,0.0,0.0,0.0,0.0,0.0,0.0,0.0
2019-10-25,62.06,107,1,0,1,0,0.009345794392523364,9.345794392523365,0.0,0.0,0.009345794392523364,9.345794392523365,0.0,0.0
2019-10-28,60.39,94,0,0,0,0,0.0,0.0,0.0,0.0,0.0,0.0,0.0,0.0
2019-10-29,61.05,117,0,0,0,0,0.0,0.0,0.0,0.0,0.0,0.0,0.0,0.0
2019-10-30,60.22,128,0,0,0,0,0.0,0.0,0.0,0.0,0.0,0.0,0.0,0.0
2019-10-31,59.3,105,0,0,0,0,0.0,0.0,0.0,0.0,0.0,0.0,0.0,0.0
2019-11-01,60.17,115,0,0,0,0,0.0,0.0,0.0,0.0,0.0,0.0,0.0,0.0
2019-11-04,62.52,90,1,0,1,0,0.011111111111111112,11.11111111111111,0.0,0.0,0.011111111111111112,11.11111111111111,0.0,0.0
2019-11-05,62.72,108,0,0,0,0,0.0,0.0,0.0,0.0,0.0,0.0,0.0,0.0
2019-11-06,62.11,108,0,0,0,0,0.0,0.0,0.0,0.0,0.0,0.0,0.0,0.0
2019-11-07,62.6,114,0,0,0,0,0.0,0.0,0.0,0.0,0.0,0.0,0.0,0.0
2019-11-08,62.0,114,0,0,0,0,0.0,0.0,0.0,0.0,0.0,0.0,0.0,0.0
2019-11-11,62.58,101,1,0,1,0,0.009900990099009901,9.900990099009901,0.0,0.0,0.009900990099009901,9.900990099009901,0.0,0.0
2019-11-12,62.19,103,0,0,0,0,0.0,0.0,0.0,0.0,0.0,0.0,0.0,0.0
2019-11-13,62.27,93,0,0,0,0,0.0,0.0,0.0,0.0,0.0,0.0,0.0,0.0
2019-11-14,62.46,106,0,0,0,0,0.0,0.0,0.0,0.0,0.0,0.0,0.0,0.0
2019-11-15,63.32,110,0,0,0,0,0.0,0.0,0.0,0.0,0.0,0.0,0.0,0.0
2019-11-18,62.82,87,0,0,0,0,0.0,0.0,0.0,0.0,0.0,0.0,0.0,0.0
2019-11-19,62.37,107,0,0,0,0,0.0,0.0,0.0,0.0,0.0,0.0,0.0,0.0
2019-11-20,63.8,100,1,0,0,1,0.01,10.0,0.0,0.0,0.0,0.0,0.01,10.0
2019-11-21,64.99,103,0,0,0,0,0.0,0.0,0.0,0.0,0.0,0.0,0.0,0.0
2019-11-22,64.83,105,0,0,0,0,0.0,0.0,0.0,0.0,0.0,0.0,0.0,0.0
2019-11-25,64.67,88,0,0,0,0,0.0,0.0,0.0,0.0,0.0,0.0,0.0,0.0
2019-11-26,64.82,128,0,0,0,0,0.0,0.0,0.0,0.0,0.0,0.0,0.0,0.0
2019-11-27,65.03,90,0,0,0,0,0.0,0.0,0.0,0.0,0.0,0.0,0.0,0.0
2019-11-28,64.68,110,0,0,0,0,0.0,0.0,0.0,0.0,0.0,0.0,0.0,0.0
2019-11-29,64.5,111,0,0,0,0,0.0,0.0,0.0,0.0,0.0,0.0,0.0,0.0
2019-12-02,63.2,92,0,0,0,0,0.0,0.0,0.0,0.0,0.0,0.0,0.0,0.0
2019-12-03,62.95,115,0,0,0,0,0.0,0.0,0.0,0.0,0.0,0.0,0.0,0.0
2019-12-04,65.25,123,0,0,0,0,0.0,0.0,0.0,0.0,0.0,0.0,0.0,0.0
2019-12-05,65.67,121,0,0,0,0,0.0,0.0,0.0,0.0,0.0,0.0,0.0,0.0
2019-12-06,66.5,115,0,0,0,0,0.0,0.0,0.0,0.0,0.0,0.0,0.0,0.0
2019-12-09,66.44,108,0,0,0,0,0.0,0.0,0.0,0.0,0.0,0.0,0.0,0.0
2019-12-10,66.57,98,0,0,0,0,0.0,0.0,0.0,0.0,0.0,0.0,0.0,0.0
2019-12-11,65.37,100,0,0,0,0,0.0,0.0,0.0,0.0,0.0,0.0,0.0,0.0
2019-12-12,66.67,103,0,0,0,0,0.0,0.0,0.0,0.0,0.0,0.0,0.0,0.0
2019-12-13,67.44,103,0,0,0,0,0.0,0.0,0.0,0.0,0.0,0.0,0.0,0.0
2019-12-16,68.04,93,0,0,0,0,0.0,0.0,0.0,0.0,0.0,0.0,0.0,0.0
2019-12-17,68.99,91,0,0,0,0,0.0,0.0,0.0,0.0,0.0,0.0,0.0,0.0
2019-12-18,69.12,100,0,0,0,0,0.0,0.0,0.0,0.0,0.0,0.0,0.0,0.0
2019-12-19,69.7,109,0,0,0,0,0.0,0.0,0.0,0.0,0.0,0.0,0.0,0.0
2019-12-20,68.66,106,0,0,0,0,0.0,0.0,0.0,0.0,0.0,0.0,0.0,0.0
2019-12-23,67.49,66,0,0,0,0,0.0,0.0,0.0,0.0,0.0,0.0,0.0,0.0
2019-12-24,69.26,69,0,0,0,0,0.0,0.0,0.0,0.0,0.0,0.0,0.0,0.0
2019-12-26,69.26,46,0,0,0,0,0.0,0.0,0.0,0.0,0.0,0.0,0.0,0.0
2019-12-27,68.91,52,0,0,0,0,0.0,0.0,0.0,0.0,0.0,0.0,0.0,0.0
2019-12-30,68.3,46,0,0,0,0,0.0,0.0,0.0,0.0,0.0,0.0,0.0,0.0
2019-12-31,67.77,71,0,0,0,0,0.0,0.0,0.0,0.0,0.0,0.0,0.0,0.0
2020-01-02,67.05,67,0,0,0,0,0.0,0.0,0.0,0.0,0.0,0.0,0.0,0.0
2020-01-03,69.08,67,0,0,0,0,0.0,0.0,0.0,0.0,0.0,0.0,0.0,0.0
2020-01-06,70.25,94,0,0,0,0,0.0,0.0,0.0,0.0,0.0,0.0,0.0,0.0
2020-01-07,68.74,92,0,0,0,0,0.0,0.0,0.0,0.0,0.0,0.0,0.0,0.0
2020-01-08,67.31,89,0,0,0,0,0.0,0.0,0.0,0.0,0.0,0.0,0.0,0.0
2020-01-09,66.58,86,0,0,0,0,0.0,0.0,0.0,0.0,0.0,0.0,0.0,0.0
2020-01-13,64.14,81,0,0,0,0,0.0,0.0,0.0,0.0,0.0,0.0,0.0,0.0
2020-01-14,64.45,98,0,0,0,0,0.0,0.0,0.0,0.0,0.0,0.0,0.0,0.0
2020-01-15,63.29,110,0,0,0,0,0.0,0.0,0.0,0.0,0.0,0.0,0.0,0.0
2020-01-16,64.63,103,0,0,0,0,0.0,0.0,0.0,0.0,0.0,0.0,0.0,0.0
2020-01-17,64.05,90,0,0,0,0,0.0,0.0,0.0,0.0,0.0,0.0,0.0,0.0
2020-01-20,64.63,92,0,0,0,0,0.0,0.0,0.0,0.0,0.0,0.0,0.0,0.0
2020-01-21,63.66,88,0,0,0,0,0.0,0.0,0.0,0.0,0.0,0.0,0.0,0.0
2020-01-22,62.11,112,0,0,0,0,0.0,0.0,0.0,0.0,0.0,0.0,0.0,0.0
2020-01-23,61.26,108,0,0,0,0,0.0,0.0,0.0,0.0,0.0,0.0,0.0,0.0
2020-01-24,59.34,96,0,0,0,0,0.0,0.0,0.0,0.0,0.0,0.0,0.0,0.0
2020-01-27,58.54,71,0,0,0,0,0.0,0.0,0.0,0.0,0.0,0.0,0.0,0.0
2020-01-28,59.37,90,0,0,0,0,0.0,0.0,0.0,0.0,0.0,0.0,0.0,0.0
2020-01-29,59.46,117,0,0,0,0,0.0,0.0,0.0,0.0,0.0,0.0,0.0,0.0
2020-01-30,57.72,91,0,0,0,0,0.0,0.0,0.0,0.0,0.0,0.0,0.0,0.0
2020-01-31,57.77,98,0,0,0,0,0.0,0.0,0.0,0.0,0.0,0.0,0.0,0.0
2020-02-03,54.0,95,0,0,0,0,0.0,0.0,0.0,0.0,0.0,0.0,0.0,0.0
2020-02-04,53.9,112,0,0,0,0,0.0,0.0,0.0,0.0,0.0,0.0,0.0,0.0
2020-02-05,55.36,108,0,0,0,0,0.0,0.0,0.0,0.0,0.0,0.0,0.0,0.0
2020-02-06,55.18,121,0,0,0,0,0.0,0.0,0.0,0.0,0.0,0.0,0.0,0.0
2020-02-07,54.53,114,0,0,0,0,0.0,0.0,0.0,0.0,0.0,0.0,0.0,0.0
2020-02-10,53.39,91,0,0,0,0,0.0,0.0,0.0,0.0,0.0,0.0,0.0,0.0
2020-02-11,54.0,115,0,0,0,0,0.0,0.0,0.0,0.0,0.0,0.0,0.0,0.0
2020-02-12,55.54,110,0,0,0,0,0.0,0.0,0.0,0.0,0.0,0.0,0.0,0.0
2020-02-13,56.34,115,0,0,0,0,0.0,0.0,0.0,0.0,0.0,0.0,0.0,0.0
2020-02-14,57.37,100,0,0,0,0,0.0,0.0,0.0,0.0,0.0,0.0,0.0,0.0
2020-02-17,57.83,104,0,0,0,0,0.0,0.0,0.0,0.0,0.0,0.0,0.0,0.0
2020-02-18,57.35,108,0,0,0,0,0.0,0.0,0.0,0.0,0.0,0.0,0.0,0.0
2020-02-19,59.72,119,0,0,0,0,0.0,0.0,0.0,0.0,0.0,0.0,0.0,0.0
2020-02-20,59.57,122,0,0,0,0,0.0,0.0,0.0,0.0,0.0,0.0,0.0,0.0
2020-02-21,58.6,106,0,0,0,0,0.0,0.0,0.0,0.0,0.0,0.0,0.0,0.0
2020-02-24,56.71,95,0,0,0,0,0.0,0.0,0.0,0.0,0.0,0.0,0.0,0.0
2020-02-25,55.29,112,0,0,0,0,0.0,0.0,0.0,0.0,0.0,0.0,0.0,0.0
2020-02-26,54.96,122,0,0,0,0,0.0,0.0,0.0,0.0,0.0,0.0,0.0,0.0
2020-02-27,52.19,106,0,0,0,0,0.0,0.0,0.0,0.0,0.0,0.0,0.0,0.0
2020-02-28,51.31,101,0,0,0,0,0.0,0.0,0.0,0.0,0.0,0.0,0.0,0.0
2020-03-02,52.52,98,0,0,0,0,0.0,0.0,0.0,0.0,0.0,0.0,0.0,0.0
2020-03-03,52.24,113,0,0,0,0,0.0,0.0,0.0,0.0,0.0,0.0,0.0,0.0
2020-03-04,51.86,96,0,0,0,0,0.0,0.0,0.0,0.0,0.0,0.0,0.0,0.0
2020-03-05,51.29,128,0,0,0,0,0.0,0.0,0.0,0.0,0.0,0.0,0.0,0.0
2020-03-06,45.6,95,0,0,0,0,0.0,0.0,0.0,0.0,0.0,0.0,0.0,0.0
2020-03-09,35.33,72,1,1,0,1,0.013888888888888888,13.888888888888888,0.013888888888888888,13.888888888888888,0.0,0.0,0.013888888888888888,13.888888888888888
2020-03-10,35.57,92,1,1,0,0,0.010869565217391304,10.869565217391305,0.010869565217391304,10.869565217391305,0.0,0.0,0.0,0.0
2020-03-11,34.45,108,1,1,1,0,0.009259259259259259,9.25925925925926,0.009259259259259259,9.25925925925926,0.009259259259259259,9.25925925925926,0.0,0.0
2020-03-12,31.02,106,0,0,0,0,0.0,0.0,0.0,0.0,0.0,0.0,0.0,0.0
2020-03-13,32.25,91,0,0,0,0,0.0,0.0,0.0,0.0,0.0,0.0,0.0,0.0
2020-03-16,27.98,88,0,0,0,0,0.0,0.0,0.0,0.0,0.0,0.0,0.0,0.0
2020-03-17,27.97,113,0,0,0,0,0.0,0.0,0.0,0.0,0.0,0.0,0.0,0.0
2020-03-18,22.79,124,0,0,0,0,0.0,0.0,0.0,0.0,0.0,0.0,0.0,0.0
2020-03-19,23.98,118,1,0,0,1,0.00847457627118644,8.474576271186441,0.0,0.0,0.0,0.0,0.00847457627118644,8.474576271186441
2020-03-20,25.55,110,0,0,0,0,0.0,0.0,0.0,0.0,0.0,0.0,0.0,0.0
2020-03-23,23.75,99,0,0,0,0,0.0,0.0,0.0,0.0,0.0,0.0,0.0,0.0
2020-03-24,24.5,121,0,0,0,0,0.0,0.0,0.0,0.0,0.0,0.0,0.0,0.0
2020-03-25,25.62,121,0,0,0,0,0.0,0.0,0.0,0.0,0.0,0.0,0.0,0.0
2020-03-26,23.55,102,0,0,0,0,0.0,0.0,0.0,0.0,0.0,0.0,0.0,0.0
2020-03-27,22.39,116,0,0,0,0,0.0,0.0,0.0,0.0,0.0,0.0,0.0,0.0
2020-03-30,19.19,87,0,0,0,0,0.0,0.0,0.0,0.0,0.0,0.0,0.0,0.0
2020-03-31,14.85,122,0,0,0,0,0.0,0.0,0.0,0.0,0.0,0.0,0.0,0.0
2020-04-01,14.97,105,1,0,0,1,0.009523809523809525,9.523809523809526,0.0,0.0,0.0,0.0,0.009523809523809525,9.523809523809526
2020-04-02,20.24,108,0,0,0,0,0.0,0.0,0.0,0.0,0.0,0.0,0.0,0.0
2020-04-03,24.33,106,0,0,0,0,0.0,0.0,0.0,0.0,0.0,0.0,0.0,0.0
2020-04-06,22.58,82,0,0,0,0,0.0,0.0,0.0,0.0,0.0,0.0,0.0,0.0
2020-04-07,22.1,122,0,0,0,0,0.0,0.0,0.0,0.0,0.0,0.0,0.0,0.0
2020-04-08,25.22,118,1,0,0,1,0.00847457627118644,8.474576271186441,0.0,0.0,0.0,0.0,0.00847457627118644,8.474576271186441
2020-04-09,20.23,122,0,0,0,0,0.0,0.0,0.0,0.0,0.0,0.0,0.0,0.0
2020-04-14,21.74,89,0,0,0,0,0.0,0.0,0.0,0.0,0.0,0.0,0.0,0.0
2020-04-15,19.8,96,0,0,0,0,0.0,0.0,0.0,0.0,0.0,0.0,0.0,0.0
2020-04-16,18.69,112,0,0,0,0,0.0,0.0,0.0,0.0,0.0,0.0,0.0,0.0
2020-04-17,19.75,106,1,0,0,1,0.009433962264150943,9.433962264150942,0.0,0.0,0.0,0.0,0.009433962264150943,9.433962264150942
2020-04-20,17.36,118,0,0,0,0,0.0,0.0,0.0,0.0,0.0,0.0,0.0,0.0
2020-04-21,9.12,124,4,3,0,2,0.03225806451612903,32.25806451612903,0.024193548387096774,24.193548387096772,0.0,0.0,0.016129032258064516,16.129032258064516
2020-04-22,13.77,128,3,3,1,1,0.0234375,23.4375,0.0234375,23.4375,0.0078125,7.8125,0.0078125,7.8125
2020-04-23,15.06,124,2,2,0,0,0.016129032258064516,16.129032258064516,0.016129032258064516,16.129032258064516,0.0,0.0,0.0,0.0
2020-04-24,15.87,127,1,0,0,1,0.007874015748031496,7.874015748031496,0.0,0.0,0.0,0.0,0.007874015748031496,7.874015748031496
2020-04-27,15.17,100,0,0,0,0,0.0,0.0,0.0,0.0,0.0,0.0,0.0,0.0
2020-04-28,15.6,142,0,0,0,0,0.0,0.0,0.0,0.0,0.0,0.0,0.0,0.0
2020-04-29,17.86,125,2,1,0,1,0.016,16.0,0.008,8.0,0.0,0.0,0.008,8.0
2020-04-30,18.11,128,0,0,0,0,0.0,0.0,0.0,0.0,0.0,0.0,0.0,0.0
2020-05-01,18.49,135,0,0,0,0,0.0,0.0,0.0,0.0,0.0,0.0,0.0,0.0
2020-05-04,20.4,112,2,1,0,2,0.017857142857142856,17.857142857142858,0.008928571428571428,8.928571428571429,0.0,0.0,0.017857142857142856,17.857142857142858
2020-05-05,25.46,129,2,0,0,2,0.015503875968992248,15.503875968992247,0.0,0.0,0.0,0.0,0.015503875968992248,15.503875968992247
2020-05-06,24.2,163,2,0,1,1,0.012269938650306749,12.269938650306749,0.0,0.0,0.006134969325153374,6.134969325153374,0.006134969325153374,6.134969325153374
2020-05-07,24.23,132,0,0,0,0,0.0,0.0,0.0,0.0,0.0,0.0,0.0,0.0
2020-05-11,25.53,110,0,0,0,0,0.0,0.0,0.0,0.0,0.0,0.0,0.0,0.0
2020-05-12,26.67,159,0,0,0,0,0.0,0.0,0.0,0.0,0.0,0.0,0.0,0.0
2020-05-13,27.89,136,0,0,0,0,0.0,0.0,0.0,0.0,0.0,0.0,0.0,0.0
2020-05-14,29.87,123,0,0,0,0,0.0,0.0,0.0,0.0,0.0,0.0,0.0,0.0
2020-05-15,30.95,141,0,0,0,0,0.0,0.0,0.0,0.0,0.0,0.0,0.0,0.0
2020-05-18,33.3,130,1,0,0,1,0.007692307692307693,7.6923076923076925,0.0,0.0,0.0,0.0,0.007692307692307693,7.6923076923076925
2020-05-19,33.06,136,0,0,0,0,0.0,0.0,0.0,0.0,0.0,0.0,0.0,0.0
2020-05-20,34.76,141,0,0,0,0,0.0,0.0,0.0,0.0,0.0,0.0,0.0,0.0
2020-05-21,34.78,158,0,0,0,0,0.0,0.0,0.0,0.0,0.0,0.0,0.0,0.0
2020-05-22,33.8,128,0,0,0,0,0.0,0.0,0.0,0.0,0.0,0.0,0.0,0.0
2020-05-26,33.95,131,1,0,0,1,0.007633587786259542,7.633587786259541,0.0,0.0,0.0,0.0,0.007633587786259542,7.633587786259541
2020-05-27,32.73,160,0,0,0,0,0.0,0.0,0.0,0.0,0.0,0.0,0.0,0.0
2020-05-28,33.98,143,0,0,0,0,0.0,0.0,0.0,0.0,0.0,0.0,0.0,0.0
2020-05-29,34.15,131,0,0,0,0,0.0,0.0,0.0,0.0,0.0,0.0,0.0,0.0
2020-06-01,36.74,129,0,0,0,0,0.0,0.0,0.0,0.0,0.0,0.0,0.0,0.0
2020-06-02,37.72,157,0,0,0,0,0.0,0.0,0.0,0.0,0.0,0.0,0.0,0.0
2020-06-03,37.98,157,0,0,0,0,0.0,0.0,0.0,0.0,0.0,0.0,0.0,0.0
2020-06-04,38.41,142,0,0,0,0,0.0,0.0,0.0,0.0,0.0,0.0,0.0,0.0
2020-06-05,41.0,137,0,0,0,0,0.0,0.0,0.0,0.0,0.0,0.0,0.0,0.0
2020-06-08,39.66,117,0,0,0,0,0.0,0.0,0.0,0.0,0.0,0.0,0.0,0.0
2020-06-09,40.45,132,0,0,0,0,0.0,0.0,0.0,0.0,0.0,0.0,0.0,0.0
2020-06-10,41.18,148,0,0,0,0,0.0,0.0,0.0,0.0,0.0,0.0,0.0,0.0
2020-06-11,37.76,150,0,0,0,0,0.0,0.0,0.0,0.0,0.0,0.0,0.0,0.0
2020-06-12,38.54,143,0,0,0,0,0.0,0.0,0.0,0.0,0.0,0.0,0.0,0.0
2020-06-15,39.44,123,0,0,0,0,0.0,0.0,0.0,0.0,0.0,0.0,0.0,0.0
2020-06-16,40.75,154,0,0,0,0,0.0,0.0,0.0,0.0,0.0,0.0,0.0,0.0
2020-06-17,40.47,177,0,0,0,0,0.0,0.0,0.0,0.0,0.0,0.0,0.0,0.0
2020-06-18,41.75,161,0,0,0,0,0.0,0.0,0.0,0.0,0.0,0.0,0.0,0.0
2020-06-19,42.33,149,0,0,0,0,0.0,0.0,0.0,0.0,0.0,0.0,0.0,0.0
2020-06-22,43.2,134,0,0,0,0,0.0,0.0,0.0,0.0,0.0,0.0,0.0,0.0
2020-06-23,42.72,141,0,0,0,0,0.0,0.0,0.0,0.0,0.0,0.0,0.0,0.0
2020-06-24,40.4,147,0,0,0,0,0.0,0.0,0.0,0.0,0.0,0.0,0.0,0.0
2020-06-25,41.18,136,0,0,0,0,0.0,0.0,0.0,0.0,0.0,0.0,0.0,0.0
2020-06-26,40.97,147,0,0,0,0,0.0,0.0,0.0,0.0,0.0,0.0,0.0,0.0
2020-06-29,41.58,118,0,0,0,0,0.0,0.0,0.0,0.0,0.0,0.0,0.0,0.0
2020-06-30,41.64,141,0,0,0,0,0.0,0.0,0.0,0.0,0.0,0.0,0.0,0.0
2020-07-01,42.18,142,0,0,0,0,0.0,0.0,0.0,0.0,0.0,0.0,0.0,0.0
2020-07-02,43.19,144,0,0,0,0,0.0,0.0,0.0,0.0,0.0,0.0,0.0,0.0
2020-07-03,42.92,144,0,0,0,0,0.0,0.0,0.0,0.0,0.0,0.0,0.0,0.0
2020-07-06,42.73,115,0,0,0,0,0.0,0.0,0.0,0.0,0.0,0.0,0.0,0.0
2020-07-07,43.28,137,1,0,0,1,0.0072992700729927005,7.299270072992701,0.0,0.0,0.0,0.0,0.0072992700729927005,7.299270072992701
2020-07-08,43.67,143,0,0,0,0,0.0,0.0,0.0,0.0,0.0,0.0,0.0,0.0
2020-07-09,42.35,138,0,0,0,0,0.0,0.0,0.0,0.0,0.0,0.0,0.0,0.0
2020-07-10,43.27,134,1,1,0,0,0.007462686567164179,7.462686567164179,0.007462686567164179,7.462686567164179,0.0,0.0,0.0,0.0
2020-07-13,42.85,126,0,0,0,0,0.0,0.0,0.0,0.0,0.0,0.0,0.0,0.0
2020-07-14,42.97,139,0,0,0,0,0.0,0.0,0.0,0.0,0.0,0.0,0.0,0.0
2020-07-15,43.96,146,0,0,0,0,0.0,0.0,0.0,0.0,0.0,0.0,0.0,0.0
2020-07-16,43.71,140,0,0,0,0,0.0,0.0,0.0,0.0,0.0,0.0,0.0,0.0
2020-07-17,43.53,133,1,0,0,1,0.007518796992481203,7.518796992481203,0.0,0.0,0.0,0.0,0.007518796992481203,7.518796992481203
2020-07-20,43.3,120,0,0,0,0,0.0,0.0,0.0,0.0,0.0,0.0,0.0,0.0
2020-07-21,44.31,127,0,0,0,0,0.0,0.0,0.0,0.0,0.0,0.0,0.0,0.0
2020-07-22,43.98,139,0,0,0,0,0.0,0.0,0.0,0.0,0.0,0.0,0.0,0.0
2020-07-23,42.96,129,0,0,0,0,0.0,0.0,0.0,0.0,0.0,0.0,0.0,0.0
2020-07-24,43.29,136,0,0,0,0,0.0,0.0,0.0,0.0,0.0,0.0,0.0,0.0
2020-07-27,43.39,105,0,0,0,0,0.0,0.0,0.0,0.0,0.0,0.0,0.0,0.0
2020-07-28,43.11,133,0,0,0,0,0.0,0.0,0.0,0.0,0.0,0.0,0.0,0.0
2020-07-29,43.51,132,0,0,0,0,0.0,0.0,0.0,0.0,0.0,0.0,0.0,0.0
2020-07-30,42.98,154,0,0,0,0,0.0,0.0,0.0,0.0,0.0,0.0,0.0,0.0
2020-07-31,43.13,152,0,0,0,0,0.0,0.0,0.0,0.0,0.0,0.0,0.0,0.0
2020-08-03,43.76,114,0,0,0,0,0.0,0.0,0.0,0.0,0.0,0.0,0.0,0.0
2020-08-04,43.99,142,0,0,0,0,0.0,0.0,0.0,0.0,0.0,0.0,0.0,0.0
2020-08-05,44.92,128,0,0,0,0,0.0,0.0,0.0,0.0,0.0,0.0,0.0,0.0
2020-08-06,45.04,131,0,0,0,0,0.0,0.0,0.0,0.0,0.0,0.0,0.0,0.0
2020-08-07,44.07,126,0,0,0,0,0.0,0.0,0.0,0.0,0.0,0.0,0.0,0.0
2020-08-10,44.19,130,0,0,0,0,0.0,0.0,0.0,0.0,0.0,0.0,0.0,0.0
2020-08-11,43.68,131,0,0,0,0,0.0,0.0,0.0,0.0,0.0,0.0,0.0,0.0
2020-08-12,45.09,152,0,0,0,0,0.0,0.0,0.0,0.0,0.0,0.0,0.0,0.0
2020-08-13,44.87,152,0,0,0,0,0.0,0.0,0.0,0.0,0.0,0.0,0.0,0.0
2020-08-14,44.86,148,0,0,0,0,0.0,0.0,0.0,0.0,0.0,0.0,0.0,0.0
2020-08-17,44.91,126,0,0,0,0,0.0,0.0,0.0,0.0,0.0,0.0,0.0,0.0
2020-08-18,45.34,140,0,0,0,0,0.0,0.0,0.0,0.0,0.0,0.0,0.0,0.0
2020-08-19,45.21,150,0,0,0,0,0.0,0.0,0.0,0.0,0.0,0.0,0.0,0.0
2020-08-20,44.56,156,0,0,0,0,0.0,0.0,0.0,0.0,0.0,0.0,0.0,0.0
2020-08-21,43.94,140,0,0,0,0,0.0,0.0,0.0,0.0,0.0,0.0,0.0,0.0
2020-08-24,44.43,124,0,0,0,0,0.0,0.0,0.0,0.0,0.0,0.0,0.0,0.0
2020-08-25,46.01,148,0,0,0,0,0.0,0.0,0.0,0.0,0.0,0.0,0.0,0.0
2020-08-26,45.79,139,0,0,0,0,0.0,0.0,0.0,0.0,0.0,0.0,0.0,0.0
2020-08-27,44.84,167,0,0,0,0,0.0,0.0,0.0,0.0,0.0,0.0,0.0,0.0
2020-08-28,45.22,145,0,0,0,0,0.0,0.0,0.0,0.0,0.0,0.0,0.0,0.0
2020-09-01,45.72,143,0,0,0,0,0.0,0.0,0.0,0.0,0.0,0.0,0.0,0.0
2020-09-02,42.7,146,0,0,0,0,0.0,0.0,0.0,0.0,0.0,0.0,0.0,0.0
2020-09-03,42.72,148,0,0,0,0,0.0,0.0,0.0,0.0,0.0,0.0,0.0,0.0
2020-09-04,41.1,132,0,0,0,0,0.0,0.0,0.0,0.0,0.0,0.0,0.0,0.0
2020-09-07,40.67,121,0,0,0,0,0.0,0.0,0.0,0.0,0.0,0.0,0.0,0.0
2020-09-08,38.53,144,0,0,0,0,0.0,0.0,0.0,0.0,0.0,0.0,0.0,0.0
2020-09-09,39.98,128,0,0,0,0,0.0,0.0,0.0,0.0,0.0,0.0,0.0,0.0
2020-09-10,39.27,150,0,0,0,0,0.0,0.0,0.0,0.0,0.0,0.0,0.0,0.0
2020-09-11,38.8,129,0,0,0,0,0.0,0.0,0.0,0.0,0.0,0.0,0.0,0.0
2020-09-14,38.57,127,0,0,0,0,0.0,0.0,0.0,0.0,0.0,0.0,0.0,0.0
2020-09-15,39.54,133,0,0,0,0,0.0,0.0,0.0,0.0,0.0,0.0,0.0,0.0
2020-09-16,41.23,135,0,0,0,0,0.0,0.0,0.0,0.0,0.0,0.0,0.0,0.0
2020-09-17,42.35,130,0,0,0,0,0.0,0.0,0.0,0.0,0.0,0.0,0.0,0.0
2020-09-18,42.16,127,0,0,0,0,0.0,0.0,0.0,0.0,0.0,0.0,0.0,0.0
2020-09-21,40.37,126,0,0,0,0,0.0,0.0,0.0,0.0,0.0,0.0,0.0,0.0
2020-09-22,40.84,135,0,0,0,0,0.0,0.0,0.0,0.0,0.0,0.0,0.0,0.0
2020-09-23,41.09,151,0,0,0,0,0.0,0.0,0.0,0.0,0.0,0.0,0.0,0.0
2020-09-24,41.24,163,1,0,1,0,0.006134969325153374,6.134969325153374,0.0,0.0,0.006134969325153374,6.134969325153374,0.0,0.0
2020-09-25,40.91,148,0,0,0,0,0.0,0.0,0.0,0.0,0.0,0.0,0.0,0.0
2020-09-28,41.59,107,0,0,0,0,0.0,0.0,0.0,0.0,0.0,0.0,0.0,0.0
2020-09-29,40.33,119,0,0,0,0,0.0,0.0,0.0,0.0,0.0,0.0,0.0,0.0
2020-09-30,40.3,131,0,0,0,0,0.0,0.0,0.0,0.0,0.0,0.0,0.0,0.0
2020-10-01,39.75,130,0,0,0,0,0.0,0.0,0.0,0.0,0.0,0.0,0.0,0.0
2020-10-02,38.0,121,0,0,0,0,0.0,0.0,0.0,0.0,0.0,0.0,0.0,0.0
2020-10-05,39.78,105,0,0,0,0,0.0,0.0,0.0,0.0,0.0,0.0,0.0,0.0
2020-10-06,41.27,134,0,0,0,0,0.0,0.0,0.0,0.0,0.0,0.0,0.0,0.0
2020-10-07,40.62,126,0,0,0,0,0.0,0.0,0.0,0.0,0.0,0.0,0.0,0.0
2020-10-08,42.0,146,0,0,0,0,0.0,0.0,0.0,0.0,0.0,0.0,0.0,0.0
2020-10-09,41.63,126,0,0,0,0,0.0,0.0,0.0,0.0,0.0,0.0,0.0,0.0
2020-10-12,40.5,125,0,0,0,0,0.0,0.0,0.0,0.0,0.0,0.0,0.0,0.0
2020-10-13,41.34,131,0,0,0,0,0.0,0.0,0.0,0.0,0.0,0.0,0.0,0.0
2020-10-14,41.81,124,0,0,0,0,0.0,0.0,0.0,0.0,0.0,0.0,0.0,0.0
2020-10-15,41.61,141,0,0,0,0,0.0,0.0,0.0,0.0,0.0,0.0,0.0,0.0
2020-10-16,41.34,133,0,0,0,0,0.0,0.0,0.0,0.0,0.0,0.0,0.0,0.0
2020-10-19,41.29,116,0,0,0,0,0.0,0.0,0.0,0.0,0.0,0.0,0.0,0.0
2020-10-20,41.62,133,0,0,0,0,0.0,0.0,0.0,0.0,0.0,0.0,0.0,0.0
2020-10-21,40.09,124,0,0,0,0,0.0,0.0,0.0,0.0,0.0,0.0,0.0,0.0
2020-10-22,41.28,146,0,0,0,0,0.0,0.0,0.0,0.0,0.0,0.0,0.0,0.0
2020-10-23,40.71,136,0,0,0,0,0.0,0.0,0.0,0.0,0.0,0.0,0.0,0.0
2020-10-26,39.06,130,0,0,0,0,0.0,0.0,0.0,0.0,0.0,0.0,0.0,0.0
2020-10-27,39.72,126,0,0,0,0,0.0,0.0,0.0,0.0,0.0,0.0,0.0,0.0
2020-10-28,37.86,135,0,0,0,0,0.0,0.0,0.0,0.0,0.0,0.0,0.0,0.0
2020-10-29,36.56,149,0,0,0,0,0.0,0.0,0.0,0.0,0.0,0.0,0.0,0.0
2020-10-30,36.33,121,0,0,0,0,0.0,0.0,0.0,0.0,0.0,0.0,0.0,0.0
2020-11-02,37.78,135,0,0,0,0,0.0,0.0,0.0,0.0,0.0,0.0,0.0,0.0
2020-11-03,38.17,134,0,0,0,0,0.0,0.0,0.0,0.0,0.0,0.0,0.0,0.0
2020-11-04,39.68,142,0,0,0,0,0.0,0.0,0.0,0.0,0.0,0.0,0.0,0.0
2020-11-05,39.47,130,0,0,0,0,0.0,0.0,0.0,0.0,0.0,0.0,0.0,0.0
2020-11-06,38.08,121,0,0,0,0,0.0,0.0,0.0,0.0,0.0,0.0,0.0,0.0
2020-11-09,40.93,127,0,0,0,0,0.0,0.0,0.0,0.0,0.0,0.0,0.0,0.0
2020-11-10,42.25,147,0,0,0,0,0.0,0.0,0.0,0.0,0.0,0.0,0.0,0.0
2020-11-11,42.5,141,0,0,0,0,0.0,0.0,0.0,0.0,0.0,0.0,0.0,0.0
2020-11-12,42.16,139,0,0,0,0,0.0,0.0,0.0,0.0,0.0,0.0,0.0,0.0
2020-11-13,41.51,134,0,0,0,0,0.0,0.0,0.0,0.0,0.0,0.0,0.0,0.0
2020-11-16,42.71,133,0,0,0,0,0.0,0.0,0.0,0.0,0.0,0.0,0.0,0.0
2020-11-17,42.54,139,0,0,0,0,0.0,0.0,0.0,0.0,0.0,0.0,0.0,0.0
2020-11-18,42.91,143,0,0,0,0,0.0,0.0,0.0,0.0,0.0,0.0,0.0,0.0
2020-11-19,43.09,161,0,0,0,0,0.0,0.0,0.0,0.0,0.0,0.0,0.0,0.0
2020-11-20,43.79,114,0,0,0,0,0.0,0.0,0.0,0.0,0.0,0.0,0.0,0.0
2020-11-23,45.0,128,0,0,0,0,0.0,0.0,0.0,0.0,0.0,0.0,0.0,0.0
2020-11-24,46.63,135,0,0,0,0,0.0,0.0,0.0,0.0,0.0,0.0,0.0,0.0
2020-11-25,47.3,140,0,0,0,0,0.0,0.0,0.0,0.0,0.0,0.0,0.0,0.0
2020-11-26,46.32,135,0,0,0,0,0.0,0.0,0.0,0.0,0.0,0.0,0.0,0.0
2020-11-27,46.88,134,0,0,0,0,0.0,0.0,0.0,0.0,0.0,0.0,0.0,0.0
2020-11-30,46.84,145,0,0,0,0,0.0,0.0,0.0,0.0,0.0,0.0,0.0,0.0
2020-12-01,47.03,144,0,0,0,0,0.0,0.0,0.0,0.0,0.0,0.0,0.0,0.0
2020-12-02,47.8,149,0,0,0,0,0.0,0.0,0.0,0.0,0.0,0.0,0.0,0.0
2020-12-03,48.37,145,0,0,0,0,0.0,0.0,0.0,0.0,0.0,0.0,0.0,0.0
2020-12-04,49.1,118,0,0,0,0,0.0,0.0,0.0,0.0,0.0,0.0,0.0,0.0
2020-12-07,48.63,128,0,0,0,0,0.0,0.0,0.0,0.0,0.0,0.0,0.0,0.0
2020-12-08,48.84,131,0,0,0,0,0.0,0.0,0.0,0.0,0.0,0.0,0.0,0.0
2020-12-09,48.81,132,0,0,0,0,0.0,0.0,0.0,0.0,0.0,0.0,0.0,0.0
2020-12-10,50.33,151,0,0,0,0,0.0,0.0,0.0,0.0,0.0,0.0,0.0,0.0
2020-12-11,50.01,128,0,0,0,0,0.0,0.0,0.0,0.0,0.0,0.0,0.0,0.0
2020-12-14,50.27,130,0,0,0,0,0.0,0.0,0.0,0.0,0.0,0.0,0.0,0.0
2020-12-15,50.77,129,0,0,0,0,0.0,0.0,0.0,0.0,0.0,0.0,0.0,0.0
2020-12-16,50.83,133,0,0,0,0,0.0,0.0,0.0,0.0,0.0,0.0,0.0,0.0
2020-12-17,51.2,138,0,0,0,0,0.0,0.0,0.0,0.0,0.0,0.0,0.0,0.0
2020-12-18,52.17,132,0,0,0,0,0.0,0.0,0.0,0.0,0.0,0.0,0.0,0.0
2020-12-21,50.61,100,0,0,0,0,0.0,0.0,0.0,0.0,0.0,0.0,0.0,0.0
2020-12-22,49.88,112,0,0,0,0,0.0,0.0,0.0,0.0,0.0,0.0,0.0,0.0
2020-12-23,51.05,100,0,0,0,0,0.0,0.0,0.0,0.0,0.0,0.0,0.0,0.0
2020-12-24,50.88,89,0,0,0,0,0.0,0.0,0.0,0.0,0.0,0.0,0.0,0.0
2020-12-28,50.88,64,0,0,0,0,0.0,0.0,0.0,0.0,0.0,0.0,0.0,0.0
2020-12-29,50.44,84,0,0,0,0,0.0,0.0,0.0,0.0,0.0,0.0,0.0,0.0
2020-12-30,50.74,84,0,0,0,0,0.0,0.0,0.0,0.0,0.0,0.0,0.0,0.0
2020-12-31,51.22,80,0,0,0,0,0.0,0.0,0.0,0.0,0.0,0.0,0.0,0.0
2021-01-04,50.37,73,0,0,0,0,0.0,0.0,0.0,0.0,0.0,0.0,0.0,0.0
2021-01-05,53.16,111,0,0,0,0,0.0,0.0,0.0,0.0,0.0,0.0,0.0,0.0
2021-01-06,53.8,109,1,0,0,1,0.009174311926605505,9.174311926605505,0.0,0.0,0.0,0.0,0.009174311926605505,9.174311926605505
2021-01-07,53.7,117,0,0,0,0,0.0,0.0,0.0,0.0,0.0,0.0,0.0,0.0
2021-01-08,55.51,113,0,0,0,0,0.0,0.0,0.0,0.0,0.0,0.0,0.0,0.0
2021-01-11,54.84,113,0,0,0,0,0.0,0.0,0.0,0.0,0.0,0.0,0.0,0.0
2021-01-12,55.98,115,0,0,0,0,0.0,0.0,0.0,0.0,0.0,0.0,0.0,0.0
2021-01-13,55.52,119,0,0,0,0,0.0,0.0,0.0,0.0,0.0,0.0,0.0,0.0
2021-01-14,55.76,124,0,0,0,0,0.0,0.0,0.0,0.0,0.0,0.0,0.0,0.0
2021-01-15,54.8,102,0,0,0,0,0.0,0.0,0.0,0.0,0.0,0.0,0.0,0.0
2021-01-18,54.21,112,0,0,0,0,0.0,0.0,0.0,0.0,0.0,0.0,0.0,0.0
2021-01-19,55.38,119,0,0,0,0,0.0,0.0,0.0,0.0,0.0,0.0,0.0,0.0
2021-01-20,55.66,142,0,0,0,0,0.0,0.0,0.0,0.0,0.0,0.0,0.0,0.0
2021-01-21,55.68,129,0,0,0,0,0.0,0.0,0.0,0.0,0.0,0.0,0.0,0.0
2021-01-22,55.22,135,0,0,0,0,0.0,0.0,0.0,0.0,0.0,0.0,0.0,0.0
2021-01-25,55.44,108,0,0,0,0,0.0,0.0,0.0,0.0,0.0,0.0,0.0,0.0
2021-01-26,55.26,89,0,0,0,0,0.0,0.0,0.0,0.0,0.0,0.0,0.0,0.0
2021-01-27,55.07,119,0,0,0,0,0.0,0.0,0.0,0.0,0.0,0.0,0.0,0.0
2021-01-28,54.87,135,1,0,1,0,0.007407407407407408,7.407407407407407,0.0,0.0,0.007407407407407408,7.407407407407407,0.0,0.0
2021-01-29,55.25,124,0,0,0,0,0.0,0.0,0.0,0.0,0.0,0.0,0.0,0.0
2021-02-01,56.42,110,0,0,0,0,0.0,0.0,0.0,0.0,0.0,0.0,0.0,0.0
2021-02-02,57.62,121,0,0,0,0,0.0,0.0,0.0,0.0,0.0,0.0,0.0,0.0
2021-02-03,58.61,158,0,0,0,0,0.0,0.0,0.0,0.0,0.0,0.0,0.0,0.0
2021-02-04,58.98,136,0,0,0,0,0.0,0.0,0.0,0.0,0.0,0.0,0.0,0.0
2021-02-05,59.48,122,0,0,0,0,0.0,0.0,0.0,0.0,0.0,0.0,0.0,0.0
2021-02-08,60.17,120,0,0,0,0,0.0,0.0,0.0,0.0,0.0,0.0,0.0,0.0
2021-02-09,60.74,140,0,0,0,0,0.0,0.0,0.0,0.0,0.0,0.0,0.0,0.0
2021-02-10,61.17,142,1,0,1,0,0.007042253521126761,7.042253521126761,0.0,0.0,0.007042253521126761,7.042253521126761,0.0,0.0
2021-02-11,61.09,162,2,0,2,0,0.012345679012345678,12.345679012345679,0.0,0.0,0.012345679012345678,12.345679012345679,0.0,0.0
2021-02-12,62.47,133,0,0,0,0,0.0,0.0,0.0,0.0,0.0,0.0,0.0,0.0
2021-02-15,63.58,114,0,0,0,0,0.0,0.0,0.0,0.0,0.0,0.0,0.0,0.0
2021-02-16,63.96,130,0,0,0,0,0.0,0.0,0.0,0.0,0.0,0.0,0.0,0.0
2021-02-17,65.02,137,0,0,0,0,0.0,0.0,0.0,0.0,0.0,0.0,0.0,0.0
2021-02-18,64.09,153,0,0,0,0,0.0,0.0,0.0,0.0,0.0,0.0,0.0,0.0
2021-02-19,62.84,125,0,0,0,0,0.0,0.0,0.0,0.0,0.0,0.0,0.0,0.0
2021-02-22,64.73,126,0,0,0,0,0.0,0.0,0.0,0.0,0.0,0.0,0.0,0.0
2021-02-23,65.16,150,0,0,0,0,0.0,0.0,0.0,0.0,0.0,0.0,0.0,0.0
2021-02-24,66.85,138,0,0,0,0,0.0,0.0,0.0,0.0,0.0,0.0,0.0,0.0
2021-02-25,66.69,162,0,0,0,0,0.0,0.0,0.0,0.0,0.0,0.0,0.0,0.0
2021-02-26,65.86,136,0,0,0,0,0.0,0.0,0.0,0.0,0.0,0.0,0.0,0.0
2021-03-01,64.56,117,0,0,0,0,0.0,0.0,0.0,0.0,0.0,0.0,0.0,0.0
2021-03-02,63.17,122,0,0,0,0,0.0,0.0,0.0,0.0,0.0,0.0,0.0,0.0
2021-03-03,64.7,142,0,0,0,0,0.0,0.0,0.0,0.0,0.0,0.0,0.0,0.0
2021-03-04,67.32,140,1,0,1,0,0.007142857142857143,7.142857142857142,0.0,0.0,0.007142857142857143,7.142857142857142,0.0,0.0
2021-03-05,69.95,121,0,0,0,0,0.0,0.0,0.0,0.0,0.0,0.0,0.0,0.0
2021-03-08,68.0,91,0,0,0,0,0.0,0.0,0.0,0.0,0.0,0.0,0.0,0.0
2021-03-09,67.03,119,0,0,0,0,0.0,0.0,0.0,0.0,0.0,0.0,0.0,0.0
2021-03-10,67.53,138,0,0,0,0,0.0,0.0,0.0,0.0,0.0,0.0,0.0,0.0
2021-03-11,69.34,150,0,0,0,0,0.0,0.0,0.0,0.0,0.0,0.0,0.0,0.0
2021-03-12,68.87,116,0,0,0,0,0.0,0.0,0.0,0.0,0.0,0.0,0.0,0.0
2021-03-15,68.78,128,0,0,0,0,0.0,0.0,0.0,0.0,0.0,0.0,0.0,0.0
2021-03-16,67.95,111,0,0,0,0,0.0,0.0,0.0,0.0,0.0,0.0,0.0,0.0
2021-03-17,67.73,95,0,0,0,0,0.0,0.0,0.0,0.0,0.0,0.0,0.0,0.0
2021-03-18,62.11,90,0,0,0,0,0.0,0.0,0.0,0.0,0.0,0.0,0.0,0.0
2021-03-19,64.0,65,0,0,0,0,0.0,0.0,0.0,0.0,0.0,0.0,0.0,0.0
2021-03-22,63.89,81,0,0,0,0,0.0,0.0,0.0,0.0,0.0,0.0,0.0,0.0
2021-03-23,59.96,68,0,0,0,0,0.0,0.0,0.0,0.0,0.0,0.0,0.0,0.0
2021-03-24,63.7,60,1,1,0,0,0.016666666666666666,16.666666666666668,0.016666666666666666,16.666666666666668,0.0,0.0,0.0,0.0
2021-03-25,61.21,40,0,0,0,0,0.0,0.0,0.0,0.0,0.0,0.0,0.0,0.0
2021-03-26,63.77,27,0,0,0,0,0.0,0.0,0.0,0.0,0.0,0.0,0.0,0.0
2021-03-29,64.06,28,0,0,0,0,0.0,0.0,0.0,0.0,0.0,0.0,0.0,0.0
2021-03-30,63.28,54,0,0,0,0,0.0,0.0,0.0,0.0,0.0,0.0,0.0,0.0
2021-03-31,63.52,42,0,0,0,0,0.0,0.0,0.0,0.0,0.0,0.0,0.0,0.0
2021-04-01,63.85,34,0,0,0,0,0.0,0.0,0.0,0.0,0.0,0.0,0.0,0.0
2021-04-06,61.47,25,0,0,0,0,0.0,0.0,0.0,0.0,0.0,0.0,0.0,0.0
2021-04-07,61.86,34,0,0,0,0,0.0,0.0,0.0,0.0,0.0,0.0,0.0,0.0
2021-04-08,62.09,36,0,0,0,0,0.0,0.0,0.0,0.0,0.0,0.0,0.0,0.0
2021-04-09,61.89,47,0,0,0,0,0.0,0.0,0.0,0.0,0.0,0.0,0.0,0.0
2021-04-12,62.38,30,0,0,0,0,0.0,0.0,0.0,0.0,0.0,0.0,0.0,0.0
2021-04-13,62.83,38,0,0,0,0,0.0,0.0,0.0,0.0,0.0,0.0,0.0,0.0
2021-04-14,66.11,34,0,0,0,0,0.0,0.0,0.0,0.0,0.0,0.0,0.0,0.0
2021-04-15,66.13,38,0,0,0,0,0.0,0.0,0.0,0.0,0.0,0.0,0.0,0.0
2021-04-16,65.98,21,0,0,0,0,0.0,0.0,0.0,0.0,0.0,0.0,0.0,0.0
2021-04-19,66.54,36,0,0,0,0,0.0,0.0,0.0,0.0,0.0,0.0,0.0,0.0
2021-04-20,65.34,29,0,0,0,0,0.0,0.0,0.0,0.0,0.0,0.0,0.0,0.0
2021-04-21,64.02,29,0,0,0,0,0.0,0.0,0.0,0.0,0.0,0.0,0.0,0.0
2021-04-22,65.07,41,0,0,0,0,0.0,0.0,0.0,0.0,0.0,0.0,0.0,0.0
2021-04-23,65.75,20,0,0,0,0,0.0,0.0,0.0,0.0,0.0,0.0,0.0,0.0
2021-04-26,65.5,35,0,0,0,0,0.0,0.0,0.0,0.0,0.0,0.0,0.0,0.0
2021-04-27,66.25,30,0,0,0,0,0.0,0.0,0.0,0.0,0.0,0.0,0.0,0.0
2021-04-28,67.08,38,0,0,0,0,0.0,0.0,0.0,0.0,0.0,0.0,0.0,0.0
2021-04-29,68.26,41,0,0,0,0,0.0,0.0,0.0,0.0,0.0,0.0,0.0,0.0
2021-04-30,67.73,27,0,0,0,0,0.0,0.0,0.0,0.0,0.0,0.0,0.0,0.0
2021-05-04,68.91,39,0,0,0,0,0.0,0.0,0.0,0.0,0.0,0.0,0.0,0.0
2021-05-05,69.71,40,0,0,0,0,0.0,0.0,0.0,0.0,0.0,0.0,0.0,0.0
2021-05-06,68.62,33,0,0,0,0,0.0,0.0,0.0,0.0,0.0,0.0,0.0,0.0
2021-05-07,68.73,32,0,0,0,0,0.0,0.0,0.0,0.0,0.0,0.0,0.0,0.0
2021-05-10,68.61,30,0,0,0,0,0.0,0.0,0.0,0.0,0.0,0.0,0.0,0.0
2021-05-11,68.83,62,0,0,0,0,0.0,0.0,0.0,0.0,0.0,0.0,0.0,0.0
2021-05-12,69.62,47,0,0,0,0,0.0,0.0,0.0,0.0,0.0,0.0,0.0,0.0
2021-05-13,67.36,49,0,0,0,0,0.0,0.0,0.0,0.0,0.0,0.0,0.0,0.0
2021-05-14,69.24,26,0,0,0,0,0.0,0.0,0.0,0.0,0.0,0.0,0.0,0.0
2021-05-17,69.62,26,0,0,0,0,0.0,0.0,0.0,0.0,0.0,0.0,0.0,0.0
2021-05-18,69.01,46,0,0,0,0,0.0,0.0,0.0,0.0,0.0,0.0,0.0,0.0
2021-05-19,66.88,38,0,0,0,0,0.0,0.0,0.0,0.0,0.0,0.0,0.0,0.0
2021-05-20,65.18,40,0,0,0,0,0.0,0.0,0.0,0.0,0.0,0.0,0.0,0.0
2021-05-21,66.72,18,0,0,0,0,0.0,0.0,0.0,0.0,0.0,0.0,0.0,0.0
2021-05-24,68.59,33,0,0,0,0,0.0,0.0,0.0,0.0,0.0,0.0,0.0,0.0
2021-05-25,68.8,39,0,0,0,0,0.0,0.0,0.0,0.0,0.0,0.0,0.0,0.0
2021-05-26,68.93,45,0,0,0,0,0.0,0.0,0.0,0.0,0.0,0.0,0.0,0.0
2021-05-27,69.43,46,0,0,0,0,0.0,0.0,0.0,0.0,0.0,0.0,0.0,0.0
2021-05-28,69.36,40,0,0,0,0,0.0,0.0,0.0,0.0,0.0,0.0,0.0,0.0
2021-06-01,70.03,35,0,0,0,0,0.0,0.0,0.0,0.0,0.0,0.0,0.0,0.0
2021-06-02,70.6,43,0,0,0,0,0.0,0.0,0.0,0.0,0.0,0.0,0.0,0.0
2021-06-03,70.71,42,0,0,0,0,0.0,0.0,0.0,0.0,0.0,0.0,0.0,0.0
2021-06-04,71.3,32,0,0,0,0,0.0,0.0,0.0,0.0,0.0,0.0,0.0,0.0
2021-06-07,70.89,31,0,0,0,0,0.0,0.0,0.0,0.0,0.0,0.0,0.0,0.0
2021-06-08,71.39,41,0,0,0,0,0.0,0.0,0.0,0.0,0.0,0.0,0.0,0.0
2021-06-09,71.31,46,0,0,0,0,0.0,0.0,0.0,0.0,0.0,0.0,0.0,0.0
2021-06-10,71.65,33,0,0,0,0,0.0,0.0,0.0,0.0,0.0,0.0,0.0,0.0
2021-06-11,72.05,32,0,0,0,0,0.0,0.0,0.0,0.0,0.0,0.0,0.0,0.0
2021-06-14,72.27,37,0,0,0,0,0.0,0.0,0.0,0.0,0.0,0.0,0.0,0.0
2021-06-15,73.38,36,0,0,0,0,0.0,0.0,0.0,0.0,0.0,0.0,0.0,0.0
2021-06-16,73.88,50,0,0,0,0,0.0,0.0,0.0,0.0,0.0,0.0,0.0,0.0
2021-06-17,72.92,40,0,0,0,0,0.0,0.0,0.0,0.0,0.0,0.0,0.0,0.0
2021-06-18,73.1,32,0,0,0,0,0.0,0.0,0.0,0.0,0.0,0.0,0.0,0.0
2021-06-21,74.49,33,0,0,0,0,0.0,0.0,0.0,0.0,0.0,0.0,0.0,0.0
2021-06-22,74.92,45,0,0,0,0,0.0,0.0,0.0,0.0,0.0,0.0,0.0,0.0
2021-06-23,75.22,42,0,0,0,0,0.0,0.0,0.0,0.0,0.0,0.0,0.0,0.0
2021-06-24,75.95,51,0,0,0,0,0.0,0.0,0.0,0.0,0.0,0.0,0.0,0.0
2021-06-25,76.45,29,0,0,0,0,0.0,0.0,0.0,0.0,0.0,0.0,0.0,0.0
2021-06-28,74.78,45,0,0,0,0,0.0,0.0,0.0,0.0,0.0,0.0,0.0,0.0
2021-06-29,75.38,58,0,0,0,0,0.0,0.0,0.0,0.0,0.0,0.0,0.0,0.0
2021-06-30,76.94,47,0,0,0,0,0.0,0.0,0.0,0.0,0.0,0.0,0.0,0.0
2021-07-01,76.69,38,0,0,0,0,0.0,0.0,0.0,0.0,0.0,0.0,0.0,0.0
2021-07-02,77.51,36,0,0,0,0,0.0,0.0,0.0,0.0,0.0,0.0,0.0,0.0
2021-07-05,78.34,37,0,0,0,0,0.0,0.0,0.0,0.0,0.0,0.0,0.0,0.0
2021-07-06,75.81,42,0,0,0,0,0.0,0.0,0.0,0.0,0.0,0.0,0.0,0.0
2021-07-07,74.31,45,0,0,0,0,0.0,0.0,0.0,0.0,0.0,0.0,0.0,0.0
2021-07-08,75.07,52,1,0,0,1,0.019230769230769232,19.230769230769234,0.0,0.0,0.0,0.0,0.019230769230769232,19.230769230769234
2021-07-09,77.14,33,0,0,0,0,0.0,0.0,0.0,0.0,0.0,0.0,0.0,0.0
2021-07-12,76.77,40,0,0,0,0,0.0,0.0,0.0,0.0,0.0,0.0,0.0,0.0
2021-07-13,77.5,38,0,0,0,0,0.0,0.0,0.0,0.0,0.0,0.0,0.0,0.0
2021-07-14,75.74,52,0,0,0,0,0.0,0.0,0.0,0.0,0.0,0.0,0.0,0.0
2021-07-15,74.53,40,0,0,0,0,0.0,0.0,0.0,0.0,0.0,0.0,0.0,0.0
2021-07-16,74.46,28,0,0,0,0,0.0,0.0,0.0,0.0,0.0,0.0,0.0,0.0
2021-07-19,69.33,33,0,0,0,0,0.0,0.0,0.0,0.0,0.0,0.0,0.0,0.0
2021-07-20,70.03,37,0,0,0,0,0.0,0.0,0.0,0.0,0.0,0.0,0.0,0.0
2021-07-21,72.54,41,0,0,0,0,0.0,0.0,0.0,0.0,0.0,0.0,0.0,0.0
2021-07-22,74.25,45,0,0,0,0,0.0,0.0,0.0,0.0,0.0,0.0,0.0,0.0
2021-07-23,74.86,33,0,0,0,0,0.0,0.0,0.0,0.0,0.0,0.0,0.0,0.0
2021-07-26,74.79,34,0,0,0,0,0.0,0.0,0.0,0.0,0.0,0.0,0.0,0.0
2021-07-27,74.87,45,0,0,0,0,0.0,0.0,0.0,0.0,0.0,0.0,0.0,0.0
2021-07-28,75.09,37,0,0,0,0,0.0,0.0,0.0,0.0,0.0,0.0,0.0,0.0
2021-07-29,76.3,42,0,0,0,0,0.0,0.0,0.0,0.0,0.0,0.0,0.0,0.0
2021-07-30,77.72,28,0,0,0,0,0.0,0.0,0.0,0.0,0.0,0.0,0.0,0.0
2021-08-02,73.91,44,1,0,1,0,0.022727272727272728,22.727272727272727,0.0,0.0,0.022727272727272728,22.727272727272727,0.0,0.0
2021-08-03,73.24,45,0,0,0,0,0.0,0.0,0.0,0.0,0.0,0.0,0.0,0.0
2021-08-04,70.99,54,0,0,0,0,0.0,0.0,0.0,0.0,0.0,0.0,0.0,0.0
2021-08-05,72.14,51,0,0,0,0,0.0,0.0,0.0,0.0,0.0,0.0,0.0,0.0
2021-08-06,71.02,1,0,0,0,0,0.0,0.0,0.0,0.0,0.0,0.0,0.0,0.0
2021-08-09,69.65,43,0,0,0,0,0.0,0.0,0.0,0.0,0.0,0.0,0.0,0.0
2021-08-10,71.14,39,0,0,0,0,0.0,0.0,0.0,0.0,0.0,0.0,0.0,0.0
2021-08-11,71.99,43,0,0,0,0,0.0,0.0,0.0,0.0,0.0,0.0,0.0,0.0
2021-08-12,71.79,41,0,0,0,0,0.0,0.0,0.0,0.0,0.0,0.0,0.0,0.0
2021-08-13,70.9,27,0,0,0,0,0.0,0.0,0.0,0.0,0.0,0.0,0.0,0.0
2021-08-16,70.07,53,0,0,0,0,0.0,0.0,0.0,0.0,0.0,0.0,0.0,0.0
2021-08-17,69.4,45,0,0,0,0,0.0,0.0,0.0,0.0,0.0,0.0,0.0,0.0
2021-08-18,68.61,47,0,0,0,0,0.0,0.0,0.0,0.0,0.0,0.0,0.0,0.0
2021-08-19,66.8,45,0,0,0,0,0.0,0.0,0.0,0.0,0.0,0.0,0.0,0.0
2021-08-20,65.51,34,0,0,0,0,0.0,0.0,0.0,0.0,0.0,0.0,0.0,0.0
2021-08-23,69.07,57,0,0,0,0,0.0,0.0,0.0,0.0,0.0,0.0,0.0,0.0
2021-08-24,71.21,52,0,0,0,0,0.0,0.0,0.0,0.0,0.0,0.0,0.0,0.0
2021-08-25,72.12,51,0,0,0,0,0.0,0.0,0.0,0.0,0.0,0.0,0.0,0.0
2021-08-26,70.42,40,0,0,0,0,0.0,0.0,0.0,0.0,0.0,0.0,0.0,0.0
2021-08-27,72.26,34,0,0,0,0,0.0,0.0,0.0,0.0,0.0,0.0,0.0,0.0
2021-08-31,73.45,32,0,0,0,0,0.0,0.0,0.0,0.0,0.0,0.0,0.0,0.0
2021-09-01,71.99,39,0,0,0,0,0.0,0.0,0.0,0.0,0.0,0.0,0.0,0.0
2021-09-02,73.56,43,0,0,0,0,0.0,0.0,0.0,0.0,0.0,0.0,0.0,0.0
2021-09-03,73.07,37,0,0,0,0,0.0,0.0,0.0,0.0,0.0,0.0,0.0,0.0
2021-09-06,72.43,38,0,0,0,0,0.0,0.0,0.0,0.0,0.0,0.0,0.0,0.0
2021-09-07,71.52,46,0,0,0,0,0.0,0.0,0.0,0.0,0.0,0.0,0.0,0.0
2021-09-08,72.36,43,0,0,0,0,0.0,0.0,0.0,0.0,0.0,0.0,0.0,0.0
2021-09-09,71.32,45,0,0,0,0,0.0,0.0,0.0,0.0,0.0,0.0,0.0,0.0
2021-09-10,72.44,28,0,0,0,0,0.0,0.0,0.0,0.0,0.0,0.0,0.0,0.0
2021-09-13,72.97,41,0,0,0,0,0.0,0.0,0.0,0.0,0.0,0.0,0.0,0.0
2021-09-14,73.05,42,0,0,0,0,0.0,0.0,0.0,0.0,0.0,0.0,0.0,0.0
2021-09-15,74.84,37,0,0,0,0,0.0,0.0,0.0,0.0,0.0,0.0,0.0,0.0
2021-09-16,75.14,44,0,0,0,0,0.0,0.0,0.0,0.0,0.0,0.0,0.0,0.0
2021-09-17,74.64,28,0,0,0,0,0.0,0.0,0.0,0.0,0.0,0.0,0.0,0.0
2021-09-20,73.59,35,0,0,0,0,0.0,0.0,0.0,0.0,0.0,0.0,0.0,0.0
2021-09-21,73.65,50,0,0,0,0,0.0,0.0,0.0,0.0,0.0,0.0,0.0,0.0
2021-09-22,75.5,59,0,0,0,0,0.0,0.0,0.0,0.0,0.0,0.0,0.0,0.0
2021-09-23,76.44,54,0,0,0,0,0.0,0.0,0.0,0.0,0.0,0.0,0.0,0.0
2021-09-24,77.42,27,0,0,0,0,0.0,0.0,0.0,0.0,0.0,0.0,0.0,0.0
2021-09-27,78.85,41,0,0,0,0,0.0,0.0,0.0,0.0,0.0,0.0,0.0,0.0
2021-09-28,78.3,45,1,0,1,0,0.022222222222222223,22.22222222222222,0.0,0.0,0.022222222222222223,22.22222222222222,0.0,0.0
2021-09-29,77.86,49,0,0,0,0,0.0,0.0,0.0,0.0,0.0,0.0,0.0,0.0
2021-09-30,77.81,53,0,0,0,0,0.0,0.0,0.0,0.0,0.0,0.0,0.0,0.0
2021-10-01,79.4,38,0,0,0,0,0.0,0.0,0.0,0.0,0.0,0.0,0.0,0.0
2021-10-04,81.44,44,0,0,0,0,0.0,0.0,0.0,0.0,0.0,0.0,0.0,0.0
2021-10-05,82.72,46,0,0,0,0,0.0,0.0,0.0,0.0,0.0,0.0,0.0,0.0
2021-10-06,81.39,43,0,0,0,0,0.0,0.0,0.0,0.0,0.0,0.0,0.0,0.0
2021-10-07,82.34,34,0,0,0,0,0.0,0.0,0.0,0.0,0.0,0.0,0.0,0.0
2021-10-08,82.17,35,0,0,0,0,0.0,0.0,0.0,0.0,0.0,0.0,0.0,0.0
2021-10-11,83.75,47,0,0,0,0,0.0,0.0,0.0,0.0,0.0,0.0,0.0,0.0
2021-10-12,83.53,51,0,0,0,0,0.0,0.0,0.0,0.0,0.0,0.0,0.0,0.0
2021-10-13,83.53,35,0,0,0,0,0.0,0.0,0.0,0.0,0.0,0.0,0.0,0.0
2021-10-14,83.86,44,0,0,0,0,0.0,0.0,0.0,0.0,0.0,0.0,0.0,0.0
2021-10-15,84.67,40,0,0,0,0,0.0,0.0,0.0,0.0,0.0,0.0,0.0,0.0
2021-10-18,84.13,36,0,0,0,0,0.0,0.0,0.0,0.0,0.0,0.0,0.0,0.0
2021-10-19,85.02,42,0,0,0,0,0.0,0.0,0.0,0.0,0.0,0.0,0.0,0.0
2021-10-20,85.76,44,1,0,0,1,0.022727272727272728,22.727272727272727,0.0,0.0,0.0,0.0,0.022727272727272728,22.727272727272727
2021-10-21,84.58,46,0,0,0,0,0.0,0.0,0.0,0.0,0.0,0.0,0.0,0.0
2021-10-22,85.43,36,0,0,0,0,0.0,0.0,0.0,0.0,0.0,0.0,0.0,0.0
2021-10-25,84.85,41,0,0,0,0,0.0,0.0,0.0,0.0,0.0,0.0,0.0,0.0
2021-10-26,85.11,37,0,0,0,0,0.0,0.0,0.0,0.0,0.0,0.0,0.0,0.0
2021-10-27,84.12,38,1,0,0,1,0.02631578947368421,26.31578947368421,0.0,0.0,0.0,0.0,0.02631578947368421,26.31578947368421
2021-10-28,83.4,45,0,0,0,0,0.0,0.0,0.0,0.0,0.0,0.0,0.0,0.0
2021-10-29,83.1,34,0,0,0,0,0.0,0.0,0.0,0.0,0.0,0.0,0.0,0.0
2021-11-01,84.51,43,0,0,0,0,0.0,0.0,0.0,0.0,0.0,0.0,0.0,0.0
2021-11-02,84.42,35,0,0,0,0,0.0,0.0,0.0,0.0,0.0,0.0,0.0,0.0
2021-11-03,81.1,31,0,0,0,0,0.0,0.0,0.0,0.0,0.0,0.0,0.0,0.0
2021-11-04,80.15,43,0,0,0,0,0.0,0.0,0.0,0.0,0.0,0.0,0.0,0.0
2021-11-05,82.43,30,0,0,0,0,0.0,0.0,0.0,0.0,0.0,0.0,0.0,0.0
2021-11-08,83.22,33,0,0,0,0,0.0,0.0,0.0,0.0,0.0,0.0,0.0,0.0
2021-11-09,84.52,45,0,0,0,0,0.0,0.0,0.0,0.0,0.0,0.0,0.0,0.0
2021-11-10,82.91,40,0,0,0,0,0.0,0.0,0.0,0.0,0.0,0.0,0.0,0.0
2021-11-11,83.4,35,0,0,0,0,0.0,0.0,0.0,0.0,0.0,0.0,0.0,0.0
2021-11-12,82.9,36,0,0,0,0,0.0,0.0,0.0,0.0,0.0,0.0,0.0,0.0
2021-11-15,81.94,36,0,0,0,0,0.0,0.0,0.0,0.0,0.0,0.0,0.0,0.0
2021-11-16,82.85,43,0,0,0,0,0.0,0.0,0.0,0.0,0.0,0.0,0.0,0.0
2021-11-17,80.67,43,0,0,0,0,0.0,0.0,0.0,0.0,0.0,0.0,0.0,0.0
2021-11-18,82.45,37,0,0,0,0,0.0,0.0,0.0,0.0,0.0,0.0,0.0,0.0
2021-11-19,80.24,32,0,0,0,0,0.0,0.0,0.0,0.0,0.0,0.0,0.0,0.0
2021-11-22,80.97,40,0,0,0,0,0.0,0.0,0.0,0.0,0.0,0.0,0.0,0.0
2021-11-23,83.43,48,0,0,0,0,0.0,0.0,0.0,0.0,0.0,0.0,0.0,0.0
2021-11-24,82.37,42,0,0,0,0,0.0,0.0,0.0,0.0,0.0,0.0,0.0,0.0
2021-11-25,82.05,44,0,0,0,0,0.0,0.0,0.0,0.0,0.0,0.0,0.0,0.0
2021-11-26,72.37,31,0,0,0,0,0.0,0.0,0.0,0.0,0.0,0.0,0.0,0.0
2021-11-29,73.34,41,0,0,0,0,0.0,0.0,0.0,0.0,0.0,0.0,0.0,0.0
2021-11-30,70.86,38,0,0,0,0,0.0,0.0,0.0,0.0,0.0,0.0,0.0,0.0
2021-12-01,69.53,60,0,0,0,0,0.0,0.0,0.0,0.0,0.0,0.0,0.0,0.0
2021-12-02,70.56,67,0,0,0,0,0.0,0.0,0.0,0.0,0.0,0.0,0.0,0.0
2021-12-03,70.71,44,0,0,0,0,0.0,0.0,0.0,0.0,0.0,0.0,0.0,0.0
2021-12-06,73.38,52,0,0,0,0,0.0,0.0,0.0,0.0,0.0,0.0,0.0,0.0
2021-12-07,75.54,52,0,0,0,0,0.0,0.0,0.0,0.0,0.0,0.0,0.0,0.0
2021-12-08,75.94,50,1,0,0,1,0.02,20.0,0.0,0.0,0.0,0.0,0.02,20.0
2021-12-09,74.1,57,1,0,0,1,0.017543859649122806,17.543859649122805,0.0,0.0,0.0,0.0,0.017543859649122806,17.543859649122805
2021-12-10,74.98,47,0,0,0,0,0.0,0.0,0.0,0.0,0.0,0.0,0.0,0.0
2021-12-13,74.12,57,0,0,0,0,0.0,0.0,0.0,0.0,0.0,0.0,0.0,0.0
2021-12-14,73.37,54,0,0,0,0,0.0,0.0,0.0,0.0,0.0,0.0,0.0,0.0
2021-12-15,73.71,45,0,0,0,0,0.0,0.0,0.0,0.0,0.0,0.0,0.0,0.0
2021-12-16,74.64,37,0,0,0,0,0.0,0.0,0.0,0.0,0.0,0.0,0.0,0.0
2021-12-17,72.97,37,0,0,0,0,0.0,0.0,0.0,0.0,0.0,0.0,0.0,0.0
2021-12-20,70.51,25,0,0,0,0,0.0,0.0,0.0,0.0,0.0,0.0,0.0,0.0
2021-12-21,72.85,34,0,0,0,0,0.0,0.0,0.0,0.0,0.0,0.0,0.0,0.0
2021-12-22,74.69,43,0,0,0,0,0.0,0.0,0.0,0.0,0.0,0.0,0.0,0.0
2021-12-23,76.26,31,0,0,0,0,0.0,0.0,0.0,0.0,0.0,0.0,0.0,0.0
2021-12-24,75.24,31,0,0,0,0,0.0,0.0,0.0,0.0,0.0,0.0,0.0,0.0
2021-12-29,78.63,28,0,0,0,0,0.0,0.0,0.0,0.0,0.0,0.0,0.0,0.0
2021-12-30,78.61,28,0,0,0,0,0.0,0.0,0.0,0.0,0.0,0.0,0.0,0.0
2021-12-31,77.24,37,0,0,0,0,0.0,0.0,0.0,0.0,0.0,0.0,0.0,0.0
