date,total_headlines
2003-02-19,198
2003-02-20,250
2003-02-21,250
2003-02-22,126
2003-02-23,136
2003-02-24,250
2003-02-25,250
2003-02-26,250
2003-02-27,221
2003-02-28,249
2003-03-01,176
2003-03-02,168
2003-03-03,232
2003-03-04,215
2003-03-05,239
2003-03-06,214
2003-03-07,209
2003-03-08,124
2003-03-09,164
2003-03-10,217
2003-03-11,220
2003-03-12,226
2003-03-13,224
2003-03-14,229
2003-03-15,134
2003-03-16,119
2003-03-17,226
2003-03-18,226
2003-03-19,225
2003-03-20,219
2003-03-21,215
2003-03-22,196
2003-03-23,202
2003-03-24,233
2003-03-25,234
2003-03-26,224
2003-03-27,228
2003-03-28,223
2003-03-29,195
2003-03-30,220
2003-03-31,234
2003-04-01,215
2003-04-02,226
2003-04-03,219
2003-04-04,207
2003-04-05,177
2003-04-06,153
2003-04-07,216
2003-04-08,212
2003-04-09,219
2003-04-10,215
2003-04-11,202
2003-04-12,155
2003-04-13,171
2003-04-14,210
2003-04-15,234
2003-04-16,221
2003-04-17,237
2003-04-18,195
2003-04-19,195
2003-04-20,184
2003-04-21,210
2003-04-22,220
2003-04-23,214
2003-04-24,221
2003-04-25,226
2003-04-26,152
2003-04-27,153
2003-04-28,218
2003-04-29,213
2003-04-30,211
2003-05-01,221
2003-05-02,216
2003-05-03,132
2003-05-04,146
2003-05-05,231
2003-05-06,232
2003-05-07,222
2003-05-08,238
2003-05-09,230
2003-05-10,115
2003-05-11,156
2003-05-12,221
2003-05-13,212
2003-05-14,222
2003-05-15,233
2003-05-16,220
2003-05-17,140
2003-05-18,136
2003-05-19,238
2003-05-20,243
2003-05-21,246
2003-05-22,245
2003-05-23,245
2003-05-24,155
2003-05-25,145
2003-05-26,244
2003-05-27,238
2003-05-28,240
2003-05-29,238
2003-05-30,241
2003-05-31,158
2003-06-01,164
2003-06-02,240
2003-06-03,239
2003-06-04,241
2003-06-05,241
2003-06-06,240
2003-06-07,156
2003-06-08,166
2003-06-09,234
2003-06-10,235
2003-06-11,241
2003-06-12,237
2003-06-13,241
2003-06-14,131
2003-06-15,120
2003-06-16,240
2003-06-17,243
2003-06-18,237
2003-06-19,239
2003-06-20,245
2003-06-21,167
2003-06-22,158
2003-06-23,236
2003-06-24,246
2003-06-25,243
2003-06-26,239
2003-06-27,243
2003-06-28,138
2003-06-29,136
2003-06-30,210
2003-07-01,229
2003-07-02,215
2003-07-03,196
2003-07-04,238
2003-07-05,127
2003-07-06,127
2003-07-07,233
2003-07-08,238
2003-07-09,236
2003-07-10,242
2003-07-11,233
2003-07-12,149
2003-07-13,156
2003-07-14,231
2003-07-15,236
2003-07-16,242
2003-07-17,240
2003-07-18,242
2003-07-19,122
2003-07-20,118
2003-07-21,240
2003-07-22,239
2003-07-23,242
2003-07-24,244
2003-07-25,241
2003-07-26,159
2003-07-27,152
2003-07-28,227
2003-07-29,239
2003-07-30,227
2003-07-31,245
2003-08-01,241
2003-08-02,122
2003-08-03,128
2003-08-04,244
2003-08-05,244
2003-08-06,246
2003-08-07,239
2003-08-08,231
2003-08-09,125
2003-08-10,124
2003-08-11,236
2003-08-12,245
2003-08-13,242
2003-08-14,219
2003-08-15,244
2003-08-16,132
2003-08-17,111
2003-08-18,240
2003-08-19,245
2003-08-20,233
2003-08-21,226
2003-08-22,206
2003-08-23,133
2003-08-24,112
2003-08-25,222
2003-08-26,225
2003-08-27,206
2003-08-28,215
2003-08-29,208
2003-08-30,144
2003-08-31,140
2003-09-01,235
2003-09-02,226
2003-09-03,216
2003-09-04,225
2003-09-05,222
2003-09-06,106
2003-09-07,98
2003-09-08,236
2003-09-09,244
2003-09-10,220
2003-09-11,218
2003-09-12,229
2003-09-13,114
2003-09-14,106
2003-09-15,216
2003-09-16,200
2003-09-17,235
2003-09-18,232
2003-09-19,226
2003-09-20,121
2003-09-21,123
2003-09-22,208
2003-09-23,227
2003-09-24,223
2003-09-25,228
2003-09-26,201
2003-09-27,152
2003-09-28,128
2003-09-29,199
2003-09-30,226
2003-10-01,248
2003-10-02,230
2003-10-03,237
2003-10-04,135
2003-10-05,121
2003-10-06,211
2003-10-07,248
2003-10-08,241
2003-10-09,242
2003-10-10,234
2003-10-11,149
2003-10-12,148
2003-10-13,212
2003-10-14,238
2003-10-15,245
2003-10-16,245
2003-10-17,247
2003-10-18,127
2003-10-19,107
2003-10-20,245
2003-10-21,245
2003-10-22,246
2003-10-23,241
2003-10-24,242
2003-10-25,154
2003-10-26,146
2003-10-27,244
2003-10-28,246
2003-10-29,246
2003-10-30,245
2003-10-31,233
2003-11-01,109
2003-11-02,122
2003-11-03,242
2003-11-04,151
2003-11-05,160
2003-11-06,228
2003-11-07,235
2003-11-08,140
2003-11-09,126
2003-11-10,222
2003-11-11,196
2003-11-12,229
2003-11-13,241
2003-11-14,240
2003-11-15,129
2003-11-16,121
2003-11-17,231
2003-11-18,221
2003-11-19,195
2003-11-20,247
2003-11-21,244
2003-11-22,126
2003-11-23,141
2003-11-24,214
2003-11-25,240
2003-11-26,244
2003-11-27,239
2003-11-28,227
2003-11-29,123
2003-11-30,128
2003-12-01,246
2003-12-02,240
2003-12-03,240
2003-12-04,248
2003-12-05,246
2003-12-06,134
2003-12-07,129
2003-12-08,242
2003-12-09,238
2003-12-10,245
2003-12-11,244
2003-12-12,243
2003-12-13,124
2003-12-14,112
2003-12-15,245
2003-12-16,243
2003-12-17,218
2003-12-18,206
2003-12-19,193
2003-12-20,119
2003-12-21,118
2003-12-22,184
2003-12-23,168
2003-12-24,176
2003-12-25,97
2003-12-26,114
2003-12-27,137
2003-12-28,133
2003-12-29,135
2003-12-30,179
2003-12-31,183
2004-01-01,136
2004-01-02,165
2004-01-03,126
2004-01-04,122
2004-01-05,215
2004-01-06,220
2004-01-07,226
2004-01-08,217
2004-01-09,191
2004-01-10,167
2004-01-11,163
2004-01-12,177
2004-01-13,207
2004-01-14,235
2004-01-15,206
2004-01-16,227
2004-01-17,117
2004-01-18,97
2004-01-19,167
2004-01-20,182
2004-01-21,219
2004-01-22,214
2004-01-23,224
2004-01-24,148
2004-01-25,129
2004-01-26,178
2004-01-27,230
2004-01-28,232
2004-01-29,246
2004-01-30,238
2004-01-31,144
2004-02-01,136
2004-02-02,209
2004-02-03,220
2004-02-04,199
2004-02-05,229
2004-02-06,238
2004-02-07,152
2004-02-08,120
2004-02-09,222
2004-02-10,226
2004-02-11,233
2004-02-12,244
2004-02-13,229
2004-02-14,126
2004-02-15,120
2004-02-16,235
2004-02-17,234
2004-02-18,235
2004-02-19,242
2004-02-20,236
2004-02-21,127
2004-02-22,140
2004-02-23,238
2004-02-24,240
2004-02-25,244
2004-02-26,241
2004-02-27,233
2004-02-28,131
2004-02-29,142
2004-03-01,239
2004-03-02,214
2004-03-03,240
2004-03-04,222
2004-03-05,209
2004-03-06,150
2004-03-07,152
2004-03-08,223
2004-03-09,240
2004-03-10,240
2004-03-11,197
2004-03-12,237
2004-03-13,147
2004-03-14,129
2004-03-15,220
2004-03-16,234
2004-03-17,230
2004-03-18,239
2004-03-19,241
2004-03-20,151
2004-03-21,145
2004-03-22,236
2004-03-23,240
2004-03-24,239
2004-03-25,232
2004-03-26,223
2004-03-27,174
2004-03-28,164
2004-03-29,233
2004-03-30,236
2004-03-31,230
2004-04-01,228
2004-04-02,232
2004-04-03,156
2004-04-04,138
2004-04-05,229
2004-04-06,240
2004-04-07,239
2004-04-08,224
2004-04-09,138
2004-04-10,141
2004-04-11,128
2004-04-12,179
2004-04-13,234
2004-04-14,243
2004-04-15,234
2004-04-16,243
2004-04-17,126
2004-04-18,117
2004-04-19,204
2004-04-20,206
2004-04-21,210
2004-04-22,225
2004-04-23,237
2004-04-24,121
2004-04-25,133
2004-04-26,223
2004-04-27,234
2004-04-28,238
2004-04-29,222
2004-04-30,225
2004-05-01,164
2004-05-02,141
2004-05-03,208
2004-05-04,237
2004-05-05,234
2004-05-06,233
2004-05-07,233
2004-05-08,139
2004-05-09,108
2004-05-10,203
2004-05-11,239
2004-05-12,202
2004-05-13,231
2004-05-14,233
2004-05-15,118
2004-05-16,116
2004-05-17,239
2004-05-18,242
2004-05-19,226
2004-05-21,236
2004-05-22,140
2004-05-23,121
2004-05-24,224
2004-05-25,226
2004-05-26,239
2004-05-27,235
2004-05-28,236
2004-05-29,138
2004-05-30,106
2004-05-31,230
2004-06-01,242
2004-06-02,237
2004-06-03,242
2004-06-04,236
2004-06-05,134
2004-06-06,121
2004-06-07,212
2004-06-08,238
2004-06-09,242
2004-06-10,243
2004-06-11,235
2004-06-12,168
2004-06-13,158
2004-06-14,198
2004-06-15,233
2004-06-16,234
2004-06-17,236
2004-06-18,235
2004-06-19,163
2004-06-20,148
2004-06-21,239
2004-06-22,238
2004-06-23,230
2004-06-24,239
2004-06-25,240
2004-06-26,134
2004-06-27,130
2004-06-28,205
2004-06-29,233
2004-06-30,233
2004-07-01,230
2004-07-02,225
2004-07-03,130
2004-07-04,116
2004-07-05,221
2004-07-06,229
2004-07-07,236
2004-07-08,236
2004-07-09,229
2004-07-10,134
2004-07-11,122
2004-07-12,238
2004-07-13,237
2004-07-14,239
2004-07-15,239
2004-07-16,217
2004-07-17,132
2004-07-18,121
2004-07-19,232
2004-07-20,219
2004-07-21,236
2004-07-22,237
2004-07-23,237
2004-07-24,125
2004-07-25,121
2004-07-26,238
2004-07-27,220
2004-07-28,212
2004-07-29,227
2004-07-30,214
2004-07-31,98
2004-08-01,104
2004-08-02,218
2004-08-03,233
2004-08-04,236
2004-08-05,234
2004-08-06,237
2004-08-07,104
2004-08-08,113
2004-08-09,245
2004-08-10,237
2004-08-11,238
2004-08-12,235
2004-08-13,236
2004-08-14,131
2004-08-15,147
2004-08-16,239
2004-08-17,241
2004-08-18,245
2004-08-19,234
2004-08-20,239
2004-08-21,185
2004-08-22,175
2004-08-23,238
2004-08-24,240
2004-08-25,239
2004-08-26,244
2004-08-27,237
2004-08-28,134
2004-08-29,127
2004-08-30,241
2004-08-31,241
2004-09-02,236
2004-09-03,235
2004-09-04,127
2004-09-05,122
2004-09-06,242
2004-09-07,221
2004-09-08,211
2004-09-09,240
2004-09-10,236
2004-09-11,132
2004-09-12,110
2004-09-13,241
2004-09-14,221
2004-09-15,245
2004-09-16,239
2004-09-17,208
2004-09-18,115
2004-09-19,133
2004-09-20,240
2004-09-21,219
2004-09-22,238
2004-09-23,239
2004-09-24,222
2004-09-25,119
2004-09-26,103
2004-09-27,239
2004-09-28,238
2004-09-29,238
2004-09-30,234
2004-10-01,214
2004-10-02,148
2004-10-03,125
2004-10-04,202
2004-10-05,225
2004-10-06,243
2004-10-07,214
2004-10-08,242
2004-10-09,144
2004-10-10,125
2004-10-11,232
2004-10-12,220
2004-10-13,231
2004-10-14,229
2004-10-15,241
2004-10-16,121
2004-10-17,102
2004-10-18,235
2004-10-19,241
2004-10-20,241
2004-10-21,241
2004-10-22,237
2004-10-23,119
2004-10-24,98
2004-10-25,240
2004-10-26,239
2004-10-27,233
2004-10-28,238
2004-10-29,237
2004-10-30,102
2004-10-31,93
2004-11-01,225
2004-11-02,237
2004-11-03,235
2004-11-04,238
2004-11-05,237
2004-11-06,122
2004-11-07,123
2004-11-08,217
2004-11-09,231
2004-11-10,235
2004-11-11,239
2004-11-12,240
2004-11-13,139
2004-11-14,114
2004-11-15,229
2004-11-16,238
2004-11-17,233
2004-11-18,237
2004-11-19,238
2004-11-20,139
2004-11-21,147
2004-11-22,238
2004-11-23,241
2004-11-24,233
2004-11-25,235
2004-11-26,238
2004-11-27,137
2004-11-28,155
2004-11-29,209
2004-11-30,241
2004-12-01,235
2004-12-02,233
2004-12-03,234
2004-12-04,118
2004-12-05,122
2004-12-06,220
2004-12-07,237
2004-12-08,224
2004-12-09,233
2004-12-10,238
2004-12-11,134
2004-12-12,116
2004-12-13,232
2004-12-14,241
2004-12-15,215
2004-12-16,231
2004-12-17,223
2004-12-18,114
2004-12-19,127
2004-12-20,216
2004-12-21,210
2004-12-22,206
2004-12-23,214
2004-12-24,208
2004-12-25,68
2004-12-26,100
2004-12-27,132
2004-12-28,156
2004-12-29,152
2004-12-30,205
2004-12-31,179
2005-01-01,130
2005-01-02,114
2005-01-03,168
2005-01-04,226
2005-01-05,215
2005-01-06,231
2005-01-07,236
2005-01-08,128
2005-01-09,129
2005-01-10,214
2005-01-11,213
2005-01-12,232
2005-01-13,237
2005-01-14,228
2005-01-15,120
2005-01-16,131
2005-01-17,238
2005-01-18,238
2005-01-19,240
2005-01-20,235
2005-01-21,219
2005-01-22,126
2005-01-23,145
2005-01-24,243
2005-01-25,241
2005-01-26,238
2005-01-27,246
2005-01-28,240
2005-01-29,125
2005-01-30,130
2005-01-31,240
2005-02-01,241
2005-02-02,241
2005-02-03,241
2005-02-04,232
2005-02-05,118
2005-02-06,120
2005-02-07,238
2005-02-08,243
2005-02-09,238
2005-02-10,238
2005-02-11,236
2005-02-12,124
2005-02-13,125
2005-02-14,240
2005-02-15,233
2005-02-16,242
2005-02-17,239
2005-02-18,235
2005-02-19,114
2005-02-20,128
2005-02-21,227
2005-02-22,236
2005-02-23,237
2005-02-24,239
2005-02-25,238
2005-02-26,135
2005-02-27,128
2005-02-28,235
2005-03-01,232
2005-03-02,225
2005-03-03,234
2005-03-04,230
2005-03-05,130
2005-03-06,127
2005-03-07,237
2005-03-08,236
2005-03-09,231
2005-03-10,236
2005-03-11,236
2005-03-12,119
2005-03-13,125
2005-03-14,235
2005-03-15,235
2005-03-16,238
2005-03-17,235
2005-03-18,235
2005-03-19,132
2005-03-20,129
2005-03-21,240
2005-03-22,232
2005-03-23,237
2005-03-24,239
2005-03-25,118
2005-03-26,101
2005-03-27,120
2005-03-28,172
2005-03-29,230
2005-03-30,242
2005-03-31,235
2005-04-01,240
2005-04-02,120
2005-04-03,119
2005-04-04,237
2005-04-05,233
2005-04-06,240
2005-04-07,234
2005-04-08,234
2005-04-09,130
2005-04-10,117
2005-04-11,236
2005-04-12,235
2005-04-13,242
2005-04-14,245
2005-04-15,240
2005-04-16,124
2005-04-17,113
2005-04-18,238
2005-04-19,234
2005-04-20,234
2005-04-21,238
2005-04-22,243
2005-04-23,96
2005-04-24,107
2005-04-25,236
2005-04-26,233
2005-04-27,236
2005-04-28,243
2005-04-30,124
2005-05-01,109
2005-05-02,236
2005-05-03,237
2005-05-04,235
2005-05-05,235
2005-05-06,233
2005-05-07,126
2005-05-08,127
2005-05-09,242
2005-05-10,232
2005-05-11,233
2005-05-12,241
2005-05-13,242
2005-05-14,118
2005-05-15,123
2005-05-16,236
2005-05-17,235
2005-05-18,240
2005-05-19,241
2005-05-20,235
2005-05-21,128
2005-05-22,120
2005-05-23,238
2005-05-24,238
2005-05-25,235
2005-05-26,238
2005-05-27,235
2005-05-28,128
2005-05-29,122
2005-05-30,242
2005-05-31,235
2005-06-01,243
2005-06-02,238
2005-06-03,235
2005-06-04,120
2005-06-05,118
2005-06-06,231
2005-06-07,235
2005-06-08,234
2005-06-09,239
2005-06-10,232
2005-06-11,136
2005-06-12,131
2005-06-13,236
2005-06-14,237
2005-06-15,239
2005-06-16,242
2005-06-17,239
2005-06-18,127
2005-06-19,104
2005-06-20,237
2005-06-21,240
2005-06-22,235
2005-06-23,240
2005-06-24,238
2005-06-25,128
2005-06-26,141
2005-06-27,226
2005-06-28,239
2005-06-29,236
2005-06-30,242
2005-07-01,230
2005-07-02,118
2005-07-03,128
2005-07-04,217
2005-07-05,238
2005-07-06,235
2005-07-07,239
2005-07-08,238
2005-07-09,118
2005-07-10,119
2005-07-11,228
2005-07-12,244
2005-07-13,239
2005-07-14,231
2005-07-15,240
2005-07-16,124
2005-07-17,125
2005-07-18,230
2005-07-19,238
2005-07-20,237
2005-07-21,208
2005-07-22,243
2005-07-23,126
2005-07-24,123
2005-07-25,232
2005-07-26,239
2005-07-27,240
2005-07-28,243
2005-07-29,237
2005-07-30,129
2005-07-31,117
2005-08-01,236
2005-08-02,237
2005-08-03,236
2005-08-04,236
2005-08-05,237
2005-08-06,134
2005-08-07,145
2005-08-08,234
2005-08-09,232
2005-08-10,236
2005-08-11,237
2005-08-12,235
2005-08-13,105
2005-08-14,108
2005-08-15,241
2005-08-16,238
2005-08-17,235
2005-08-18,239
2005-08-19,237
2005-08-20,119
2005-08-21,133
2005-08-22,232
2005-08-23,234
2005-08-24,237
2005-08-25,230
2005-08-26,229
2005-08-27,120
2005-08-28,128
2005-08-29,235
2005-08-30,206
2005-08-31,230
2005-09-01,235
2005-09-02,235
2005-09-03,110
2005-09-04,114
2005-09-05,241
2005-09-06,231
2005-09-07,233
2005-09-08,229
2005-09-09,236
2005-09-10,128
2005-09-11,123
2005-09-12,235
2005-09-13,238
2005-09-14,230
2005-09-15,234
2005-09-16,237
2005-09-17,136
2005-09-18,130
2005-09-19,239
2005-09-20,239
2005-09-21,241
2005-09-22,244
2005-09-23,232
2005-09-24,124
2005-09-25,102
2005-09-26,215
2005-09-27,239
2005-09-28,237
2005-09-29,239
2005-09-30,241
2005-10-01,116
2005-10-02,113
2005-10-03,236
2005-10-04,240
2005-10-05,238
2005-10-06,234
2005-10-07,238
2005-10-08,118
2005-10-09,94
2005-10-10,238
2005-10-11,234
2005-10-12,235
2005-10-13,235
2005-10-14,234
2005-10-15,119
2005-10-16,113
2005-10-17,224
2005-10-18,236
2005-10-19,233
2005-10-20,237
2005-10-21,236
2005-10-22,141
2005-10-23,131
2005-10-24,234
2005-10-25,240
2005-10-26,229
2005-10-27,230
2005-10-28,237
2005-10-29,141
2005-10-30,83
2005-10-31,227
2005-11-01,219
2005-11-02,235
2005-11-03,239
2005-11-04,241
2005-11-05,126
2005-11-06,123
2005-11-07,227
2005-11-08,234
2005-11-09,233
2005-11-10,236
2005-11-11,237
2005-11-12,126
2005-11-13,122
2005-11-14,238
2005-11-15,239
2005-11-16,235
2005-11-17,235
2005-11-18,238
2005-11-19,139
2005-11-20,134
2005-11-21,236
2005-11-22,237
2005-11-23,234
2005-11-24,233
2005-11-25,234
2005-11-26,121
2005-11-27,118
2005-11-28,236
2005-11-29,233
2005-11-30,238
2005-12-01,234
2005-12-02,232
2005-12-03,125
2005-12-04,128
2005-12-05,239
2005-12-06,236
2005-12-07,238
2005-12-08,229
2005-12-09,237
2005-12-10,121
2005-12-11,128
2005-12-12,237
2005-12-13,236
2005-12-14,237
2005-12-15,240
2005-12-16,237
2005-12-17,117
2005-12-18,115
2005-12-19,233
2005-12-20,239
2005-12-21,241
2005-12-22,232
2005-12-23,218
2005-12-24,107
2005-12-25,74
2005-12-26,127
2005-12-27,152
2005-12-28,177
2005-12-29,191
2005-12-30,164
2005-12-31,88
2006-01-01,98
2006-01-02,135
2006-01-03,205
2006-01-04,230
2006-01-05,229
2006-01-06,240
2006-01-07,110
2006-01-08,113
2006-01-09,236
2006-01-10,232
2006-01-11,225
2006-01-12,235
2006-01-13,231
2006-01-14,111
2006-01-15,105
2006-01-16,235
2006-01-17,234
2006-01-18,234
2006-01-19,232
2006-01-20,237
2006-01-21,135
2006-01-22,129
2006-01-23,239
2006-01-24,240
2006-01-25,236
2006-01-26,234
2006-01-27,229
2006-01-28,117
2006-01-29,127
2006-01-30,233
2006-01-31,232
2006-02-01,236
2006-02-02,234
2006-02-03,225
2006-02-04,109
2006-02-05,108
2006-02-06,233
2006-02-07,235
2006-02-08,234
2006-02-09,237
2006-02-10,227
2006-02-11,98
2006-02-12,111
2006-02-13,235
2006-02-14,234
2006-02-15,232
2006-02-16,236
2006-02-17,236
2006-02-18,107
2006-02-19,111
2006-02-20,234
2006-02-21,232
2006-02-22,234
2006-02-23,238
2006-02-24,227
2006-02-25,130
2006-02-26,129
2006-02-27,232
2006-02-28,234
2006-03-01,231
2006-03-02,239
2006-03-03,236
2006-03-04,127
2006-03-05,122
2006-03-06,229
2006-03-07,232
2006-03-08,235
2006-03-09,236
2006-03-10,228
2006-03-11,125
2006-03-12,118
2006-03-13,234
2006-03-14,231
2006-03-15,237
2006-03-16,235
2006-03-17,231
2006-03-18,169
2006-03-19,154
2006-03-20,233
2006-03-21,238
2006-03-22,238
2006-03-23,230
2006-03-24,231
2006-03-25,168
2006-03-26,151
2006-03-27,238
2006-03-28,244
2006-03-29,236
2006-03-30,241
2006-03-31,233
2006-04-01,123
2006-04-02,134
2006-04-03,238
2006-04-04,241
2006-04-05,241
2006-04-06,236
2006-04-07,235
2006-04-08,133
2006-04-09,124
2006-04-10,239
2006-04-11,235
2006-04-12,238
2006-04-13,234
2006-04-14,122
2006-04-15,124
2006-04-16,130
2006-04-17,200
2006-04-18,235
2006-04-19,236
2006-04-20,235
2006-04-21,237
2006-04-22,126
2006-04-23,134
2006-04-24,235
2006-04-25,225
2006-04-26,236
2006-04-27,232
2006-04-28,237
2006-04-29,142
2006-04-30,140
2006-05-01,236
2006-05-02,236
2006-05-03,240
2006-05-04,235
2006-05-05,240
2006-05-06,110
2006-05-07,120
2006-05-08,231
2006-05-09,231
2006-05-10,235
2006-05-11,239
2006-05-12,237
2006-05-13,159
2006-05-14,152
2006-05-15,235
2006-05-16,234
2006-05-17,234
2006-05-18,240
2006-05-19,233
2006-05-20,128
2006-05-21,128
2006-05-22,238
2006-05-23,239
2006-05-24,235
2006-05-25,242
2006-05-26,237
2006-05-27,162
2006-05-28,139
2006-05-29,237
2006-05-30,239
2006-05-31,242
2006-06-01,238
2006-06-02,233
2006-06-03,137
2006-06-04,128
2006-06-05,246
2006-06-06,241
2006-06-07,237
2006-06-08,243
2006-06-09,240
2006-06-10,147
2006-06-11,144
2006-06-12,236
2006-06-13,238
2006-06-14,239
2006-06-15,239
2006-06-16,239
2006-06-17,143
2006-06-18,133
2006-06-19,240
2006-06-20,240
2006-06-21,237
2006-06-22,240
2006-06-23,238
2006-06-24,154
2006-06-25,169
2006-06-27,245
2006-06-28,237
2006-06-29,239
2006-06-30,233
2006-07-01,170
2006-07-02,157
2006-07-03,238
2006-07-04,239
2006-07-05,233
2006-07-06,238
2006-07-07,242
2006-07-08,121
2006-07-09,124
2006-07-10,239
2006-07-11,235
2006-07-12,238
2006-07-13,237
2006-07-14,234
2006-07-15,150
2006-07-16,137
2006-07-17,237
2006-07-18,234
2006-07-19,235
2006-07-20,241
2006-07-21,234
2006-07-22,126
2006-07-23,117
2006-07-24,237
2006-07-25,229
2006-07-26,235
2006-07-27,241
2006-07-28,238
2006-07-29,143
2006-07-30,139
2006-07-31,235
2006-08-01,236
2006-08-02,230
2006-08-03,236
2006-08-04,233
2006-08-05,128
2006-08-06,141
2006-08-07,229
2006-08-08,233
2006-08-09,234
2006-08-10,228
2006-08-11,235
2006-08-12,146
2006-08-13,157
2006-08-14,233
2006-08-15,238
2006-08-16,235
2006-08-17,238
2006-08-18,237
2006-08-19,144
2006-08-20,140
2006-08-21,230
2006-08-22,237
2006-08-23,240
2006-08-24,239
2006-08-25,235
2006-08-26,151
2006-08-27,138
2006-08-28,236
2006-08-29,239
2006-08-30,236
2006-08-31,239
2006-09-01,185
2006-09-02,19
2006-09-03,24
2006-09-04,25
2006-09-05,23
2006-09-06,24
2006-09-07,25
2006-09-08,23
2006-09-09,25
2006-09-10,24
2006-09-11,24
2006-09-12,24
2006-09-13,24
2006-09-14,143
2006-09-15,234
2006-09-16,122
2006-09-17,121
2006-09-18,233
2006-09-19,231
2006-09-20,240
2006-09-21,85
2006-09-22,236
2006-09-23,132
2006-09-24,123
2006-09-25,237
2006-09-26,234
2006-09-27,235
2006-09-28,24
2006-09-29,23
2006-09-30,25
2006-10-01,22
2006-10-02,25
2006-10-03,25
2006-10-04,23
2006-10-05,25
2006-10-06,23
2006-10-07,23
2006-10-08,23
2006-10-09,25
2006-10-10,122
2006-10-11,242
2006-10-12,240
2006-10-13,231
2006-10-14,137
2006-10-15,128
2006-10-16,235
2006-10-17,230
2006-10-18,230
2006-10-19,239
2006-10-20,231
2006-10-21,130
2006-10-22,131
2006-10-23,92
2006-10-24,24
2006-10-25,23
2006-10-26,24
2006-10-27,22
2006-10-28,21
2006-10-29,23
2006-10-30,25
2006-11-01,24
2006-11-02,24
2006-11-03,23
2006-11-04,21
2006-11-05,21
2006-11-06,241
2006-11-07,237
2006-11-08,240
2006-11-09,240
2006-11-10,239
2006-11-11,144
2006-11-12,153
2006-11-13,235
2006-11-14,237
2006-11-15,235
2006-11-16,239
2006-11-17,242
2006-11-18,146
2006-11-19,158
2006-11-20,239
2006-11-21,239
2006-11-22,241
2006-11-23,240
2006-11-24,231
2006-11-25,162
2006-11-26,163
2006-11-27,234
2006-11-28,239
2006-11-29,235
2006-11-30,239
2006-12-01,233
2006-12-02,123
2006-12-03,128
2006-12-04,233
2006-12-05,240
2006-12-06,237
2006-12-07,240
2006-12-08,240
2006-12-09,129
2006-12-10,143
2006-12-11,233
2006-12-12,238
2006-12-13,237
2006-12-14,238
2006-12-15,235
2006-12-16,140
2006-12-17,143
2006-12-18,241
2006-12-19,239
2006-12-20,242
2006-12-21,239
2006-12-22,238
2006-12-23,105
2006-12-24,76
2006-12-25,53
2006-12-26,98
2006-12-27,108
2006-12-28,125
2006-12-29,161
2006-12-30,112
2006-12-31,99
2007-01-01,111
2007-01-02,203
2007-01-03,231
2007-01-04,233
2007-01-05,243
2007-01-06,128
2007-01-07,124
2007-01-08,235
2007-01-09,236
2007-01-10,240
2007-01-11,242
2007-01-12,245
2007-01-13,146
2007-01-14,147
2007-01-15,238
2007-01-16,239
2007-01-17,239
2007-01-18,243
2007-01-19,241
2007-01-20,121
2007-01-21,121
2007-01-22,234
2007-01-23,239
2007-01-24,238
2007-01-25,235
2007-01-26,226
2007-01-27,118
2007-01-28,141
2007-01-29,239
2007-01-30,240
2007-01-31,232
2007-02-01,237
2007-02-02,234
2007-02-03,150
2007-02-04,137
2007-02-05,236
2007-02-06,237
2007-02-07,234
2007-02-08,234
2007-02-09,234
2007-02-10,141
2007-02-11,136
2007-02-12,239
2007-02-13,240
2007-02-14,233
2007-02-15,232
2007-02-16,240
2007-02-17,139
2007-02-18,116
2007-02-19,237
2007-02-20,238
2007-02-21,242
2007-02-22,231
2007-02-23,235
2007-02-24,139
2007-02-25,132
2007-02-26,238
2007-02-27,234
2007-02-28,236
2007-03-01,234
2007-03-02,234
2007-03-03,145
2007-03-04,139
2007-03-05,241
2007-03-06,235
2007-03-07,229
2007-03-08,237
2007-03-09,235
2007-03-10,147
2007-03-11,131
2007-03-12,235
2007-03-13,238
2007-03-14,235
2007-03-15,237
2007-03-16,233
2007-03-17,123
2007-03-18,127
2007-03-19,239
2007-03-20,234
2007-03-21,240
2007-03-22,238
2007-03-23,237
2007-03-24,201
2007-03-25,133
2007-03-26,231
2007-03-27,230
2007-03-28,236
2007-03-29,229
2007-03-30,236
2007-03-31,147
2007-04-01,129
2007-04-02,237
2007-04-03,235
2007-04-04,232
2007-04-05,235
2007-04-06,131
2007-04-07,127
2007-04-08,130
2007-04-09,215
2007-04-10,234
2007-04-11,239
2007-04-12,241
2007-04-13,235
2007-04-14,144
2007-04-15,139
2007-04-16,237
2007-04-17,240
2007-04-18,238
2007-04-19,233
2007-04-20,239
2007-04-21,150
2007-04-22,139
2007-04-23,237
2007-04-24,241
2007-04-25,239
2007-04-26,239
2007-04-27,235
2007-04-28,135
2007-04-29,138
2007-04-30,239
2007-05-01,240
2007-05-02,240
2007-05-03,235
2007-05-04,239
2007-05-05,139
2007-05-06,130
2007-05-07,238
2007-05-08,239
2007-05-09,235
2007-05-10,237
2007-05-11,237
2007-05-12,145
2007-05-13,139
2007-05-14,238
2007-05-15,242
2007-05-16,235
2007-05-17,237
2007-05-18,236
2007-05-19,142
2007-05-20,147
2007-05-21,234
2007-05-22,238
2007-05-23,235
2007-05-24,240
2007-05-25,236
2007-05-26,154
2007-05-27,157
2007-05-28,229
2007-05-29,238
2007-05-30,240
2007-05-31,238
2007-06-01,241
2007-06-02,149
2007-06-03,133
2007-06-04,235
2007-06-05,243
2007-06-06,239
2007-06-07,241
2007-06-08,241
2007-06-09,130
2007-06-10,126
2007-06-11,240
2007-06-12,235
2007-06-13,236
2007-06-14,240
2007-06-15,249
2007-06-17,148
2007-06-18,245
2007-06-19,249
2007-06-20,248
2007-06-21,249
2007-06-22,247
2007-06-23,145
2007-06-24,130
2007-06-25,250
2007-06-26,248
2007-06-27,246
2007-06-28,250
2007-06-29,249
2007-06-30,140
2007-07-01,120
2007-07-02,250
2007-07-03,244
2007-07-04,250
2007-07-05,246
2007-07-06,245
2007-07-07,139
2007-07-08,127
2007-07-09,248
2007-07-10,244
2007-07-11,248
2007-07-12,247
2007-07-13,249
2007-07-14,153
2007-07-15,146
2007-07-16,248
2007-07-17,250
2007-07-18,250
2007-07-19,244
2007-07-20,246
2007-07-21,147
2007-07-22,160
2007-07-23,250
2007-07-24,250
2007-07-25,250
2007-07-26,250
2007-07-27,247
2007-07-28,147
2007-07-29,152
2007-07-30,250
2007-07-31,249
2007-08-01,250
2007-08-02,250
2007-08-03,247
2007-08-04,147
2007-08-05,137
2007-08-06,249
2007-08-07,248
2007-08-08,249
2007-08-09,249
2007-08-10,250
2007-08-11,131
2007-08-12,118
2007-08-13,250
2007-08-14,249
2007-08-15,249
2007-08-16,247
2007-08-17,248
2007-08-18,148
2007-08-19,128
2007-08-20,249
2007-08-21,248
2007-08-22,250
2007-08-23,247
2007-08-24,249
2007-08-25,149
2007-08-26,162
2007-08-27,249
2007-08-28,249
2007-08-29,249
2007-08-30,245
2007-08-31,250
2007-09-01,126
2007-09-02,166
2007-09-03,249
2007-09-04,249
2007-09-05,250
2007-09-06,249
2007-09-07,248
2007-09-08,156
2007-09-09,171
2007-09-10,248
2007-09-11,246
2007-09-12,249
2007-09-13,250
2007-09-14,249
2007-09-15,167
2007-09-16,162
2007-09-17,249
2007-09-18,248
2007-09-19,249
2007-09-20,247
2007-09-21,250
2007-09-22,141
2007-09-23,118
2007-09-24,249
2007-09-25,249
2007-09-26,250
2007-09-27,248
2007-09-28,250
2007-09-29,136
2007-09-30,141
2007-10-01,246
2007-10-02,248
2007-10-03,250
2007-10-04,246
2007-10-05,247
2007-10-06,127
2007-10-07,160
2007-10-08,245
2007-10-09,247
2007-10-10,250
2007-10-11,245
2007-10-12,246
2007-10-13,147
2007-10-14,144
2007-10-15,246
2007-10-16,246
2007-10-17,246
2007-10-18,245
2007-10-19,247
2007-10-20,162
2007-10-21,136
2007-10-22,246
2007-10-23,248
2007-10-24,246
2007-10-25,249
2007-10-26,246
2007-10-27,154
2007-10-28,124
2007-10-29,247
2007-10-30,246
2007-10-31,356
2007-11-01,245
2007-11-03,143
2007-11-04,132
2007-11-05,246
2007-11-06,246
2007-11-07,247
2007-11-08,244
2007-11-09,249
2007-11-10,126
2007-11-11,121
2007-11-12,246
2007-11-13,247
2007-11-14,242
2007-11-15,245
2007-11-16,247
2007-11-17,148
2007-11-18,151
2007-11-19,246
2007-11-20,249
2007-11-21,249
2007-11-22,247
2007-11-23,244
2007-11-24,241
2007-11-25,153
2007-11-26,244
2007-11-27,244
2007-11-28,249
2007-11-29,248
2007-11-30,247
2007-12-01,136
2007-12-02,136
2007-12-03,248
2007-12-04,248
2007-12-05,250
2007-12-06,246
2007-12-07,249
2007-12-08,158
2007-12-09,151
2007-12-10,249
2007-12-11,246
2007-12-12,250
2007-12-13,249
2007-12-14,247
2007-12-15,150
2007-12-16,150
2007-12-17,248
2007-12-18,249
2007-12-19,248
2007-12-20,249
2007-12-21,248
2007-12-22,150
2007-12-23,115
2007-12-24,246
2007-12-25,94
2007-12-26,179
2007-12-27,182
2007-12-28,225
2007-12-29,137
2007-12-30,136
2007-12-31,197
2008-01-01,171
2008-01-02,248
2008-01-03,248
2008-01-04,246
2008-01-05,140
2008-01-06,145
2008-01-07,248
2008-01-08,248
2008-01-09,250
2008-01-10,250
2008-01-11,249
2008-01-12,153
2008-01-13,139
2008-01-14,249
2008-01-15,249
2008-01-16,248
2008-01-17,250
2008-01-18,248
2008-01-19,120
2008-01-20,131
2008-01-21,247
2008-01-22,249
2008-01-23,246
2008-01-24,248
2008-01-25,248
2008-01-26,161
2008-01-27,157
2008-01-28,248
2008-01-29,247
2008-01-30,247
2008-01-31,246
2008-02-01,246
2008-02-02,160
2008-02-03,155
2008-02-04,246
2008-02-05,246
2008-02-06,247
2008-02-07,247
2008-02-08,247
2008-02-09,175
2008-02-10,174
2008-02-11,249
2008-02-12,247
2008-02-13,247
2008-02-14,249
2008-02-15,245
2008-02-16,147
2008-02-17,145
2008-02-18,248
2008-02-19,249
2008-02-20,248
2008-02-21,244
2008-02-22,246
2008-02-23,155
2008-02-24,130
2008-02-25,245
2008-02-26,247
2008-02-27,247
2008-02-28,246
2008-02-29,249
2008-03-01,156
2008-03-02,143
2008-03-03,248
2008-03-04,247
2008-03-05,248
2008-03-06,248
2008-03-07,247
2008-03-08,144
2008-03-09,145
2008-03-10,247
2008-03-11,248
2008-03-12,246
2008-03-13,248
2008-03-14,247
2008-03-15,171
2008-03-16,148
2008-03-17,247
2008-03-18,248
2008-03-19,249
2008-03-20,247
2008-03-21,159
2008-03-22,155
2008-03-23,161
2008-03-24,245
2008-03-25,247
2008-03-26,248
2008-03-27,245
2008-03-28,246
2008-03-29,170
2008-03-30,152
2008-03-31,249
2008-04-01,246
2008-04-02,249
2008-04-03,247
2008-04-04,243
2008-04-05,170
2008-04-06,169
2008-04-07,247
2008-04-08,248
2008-04-09,247
2008-04-10,245
2008-04-11,246
2008-04-12,154
2008-04-13,167
2008-04-14,244
2008-04-15,246
2008-04-16,248
2008-04-17,248
2008-04-18,246
2008-04-19,183
2008-04-20,191
2008-04-21,246
2008-04-22,244
2008-04-23,247
2008-04-24,244
2008-04-25,247
2008-04-26,143
2008-04-27,162
2008-04-28,247
2008-04-29,247
2008-04-30,247
2008-05-01,249
2008-05-02,247
2008-05-03,168
2008-05-04,145
2008-05-05,246
2008-05-06,249
2008-05-07,247
2008-05-08,246
2008-05-09,242
2008-05-10,150
2008-05-11,151
2008-05-12,248
2008-05-13,246
2008-05-14,248
2008-05-15,249
2008-05-16,245
2008-05-17,142
2008-05-18,144
2008-05-19,243
2008-05-20,242
2008-05-21,243
2008-05-22,248
2008-05-23,246
2008-05-24,171
2008-05-25,157
2008-05-26,247
2008-05-27,243
2008-05-28,246
2008-05-29,248
2008-05-30,247
2008-05-31,171
2008-06-01,191
2008-06-02,246
2008-06-03,247
2008-06-04,247
2008-06-05,249
2008-06-06,247
2008-06-07,174
2008-06-08,169
2008-06-09,245
2008-06-10,247
2008-06-11,246
2008-06-12,246
2008-06-13,243
2008-06-14,168
2008-06-15,166
2008-06-16,248
2008-06-17,248
2008-06-18,246
2008-06-19,249
2008-06-20,245
2008-06-21,163
2008-06-22,159
2008-06-23,248
2008-06-24,247
2008-06-25,242
2008-06-26,248
2008-06-27,248
2008-06-28,167
2008-06-29,148
2008-06-30,249
2008-07-01,247
2008-07-02,246
2008-07-03,245
2008-07-04,246
2008-07-05,139
2008-07-06,132
2008-07-07,248
2008-07-08,243
2008-07-09,246
2008-07-10,242
2008-07-11,247
2008-07-12,168
2008-07-13,169
2008-07-14,246
2008-07-15,247
2008-07-16,248
2008-07-17,248
2008-07-18,247
2008-07-19,168
2008-07-20,142
2008-07-21,248
2008-07-22,245
2008-07-23,247
2008-07-24,248
2008-07-25,248
2008-07-26,172
2008-07-27,167
2008-07-28,246
2008-07-29,248
2008-07-30,246
2008-07-31,248
2008-08-01,248
2008-08-02,162
2008-08-03,148
2008-08-04,248
2008-08-05,246
2008-08-06,248
2008-08-07,248
2008-08-08,247
2008-08-09,175
2008-08-10,202
2008-08-11,245
2008-08-12,248
2008-08-13,245
2008-08-14,245
2008-08-15,245
2008-08-16,185
2008-08-17,191
2008-08-18,247
2008-08-19,242
2008-08-20,243
2008-08-21,244
2008-08-22,244
2008-08-23,190
2008-08-24,168
2008-08-25,245
2008-08-26,241
2008-08-27,249
2008-08-28,248
2008-08-29,246
2008-08-30,155
2008-08-31,138
2008-09-01,247
2008-09-02,247
2008-09-03,249
2008-09-04,244
2008-09-05,237
2008-09-06,156
2008-09-07,131
2008-09-08,247
2008-09-09,245
2008-09-10,246
2008-09-11,245
2008-09-12,248
2008-09-13,154
2008-09-14,156
2008-09-15,247
2008-09-16,244
2008-09-17,239
2008-09-18,244
2008-09-19,248
2008-09-20,137
2008-09-21,129
2008-09-22,246
2008-09-23,244
2008-09-24,247
2008-09-25,246
2008-09-26,246
2008-09-27,141
2008-09-29,245
2008-09-30,248
2008-10-01,243
2008-10-02,247
2008-10-03,248
2008-10-04,138
2008-10-05,140
2008-10-06,241
2008-10-07,241
2008-10-08,246
2008-10-09,243
2008-10-10,246
2008-10-11,146
2008-10-12,128
2008-10-13,247
2008-10-14,250
2008-10-15,243
2008-10-16,246
2008-10-17,245
2008-10-18,147
2008-10-19,158
2008-10-20,245
2008-10-21,244
2008-10-22,244
2008-10-23,246
2008-10-24,246
2008-10-25,177
2008-10-26,177
2008-10-27,247
2008-10-28,247
2008-10-29,249
2008-10-30,247
2008-10-31,362
2008-11-01,164
2008-11-02,170
2008-11-03,249
2008-11-04,246
2008-11-05,234
2008-11-06,245
2008-11-07,245
2008-11-08,156
2008-11-09,132
2008-11-10,244
2008-11-11,245
2008-11-12,244
2008-11-13,244
2008-11-14,246
2008-11-15,147
2008-11-16,134
2008-11-17,245
2008-11-18,246
2008-11-19,243
2008-11-20,247
2008-11-21,243
2008-11-22,159
2008-11-23,162
2008-11-24,248
2008-11-25,237
2008-11-26,243
2008-11-27,246
2008-11-28,244
2008-11-29,143
2008-11-30,130
2008-12-01,248
2008-12-02,242
2008-12-03,249
2008-12-04,246
2008-12-05,245
2008-12-06,112
2008-12-07,123
2008-12-08,244
2008-12-09,244
2008-12-10,245
2008-12-11,245
2008-12-12,244
2008-12-13,160
2008-12-14,163
2008-12-15,247
2008-12-16,245
2008-12-17,246
2008-12-18,246
2008-12-19,244
2008-12-20,151
2008-12-21,123
2008-12-22,247
2008-12-23,245
2008-12-24,241
2008-12-25,94
2008-12-26,96
2008-12-27,137
2008-12-28,112
2008-12-29,231
2008-12-30,213
2008-12-31,195
2009-01-01,186
2009-01-02,229
2009-01-03,124
2009-01-04,120
2009-01-05,248
2009-01-06,248
2009-01-07,242
2009-01-08,247
2009-01-09,246
2009-01-10,149
2009-01-11,144
2009-01-12,246
2009-01-13,247
2009-01-14,246
2009-01-15,247
2009-01-16,248
2009-01-17,144
2009-01-18,119
2009-01-19,246
2009-01-20,244
2009-01-21,239
2009-01-22,248
2009-01-23,247
2009-01-24,143
2009-01-25,155
2009-01-26,246
2009-01-27,244
2009-01-28,247
2009-01-29,246
2009-01-30,247
2009-01-31,124
2009-02-01,165
2009-02-02,248
2009-02-03,247
2009-02-04,241
2009-02-05,243
2009-02-06,242
2009-02-07,154
2009-02-08,196
2009-02-09,246
2009-02-10,248
2009-02-11,249
2009-02-12,247
2009-02-13,244
2009-02-14,153
2009-02-15,152
2009-02-16,247
2009-02-17,246
2009-02-18,244
2009-02-19,248
2009-02-20,240
2009-02-21,144
2009-02-22,140
2009-02-23,248
2009-02-24,245
2009-02-25,242
2009-02-26,246
2009-02-27,243
2009-02-28,144
2009-03-01,137
2009-03-02,246
2009-03-03,245
2009-03-04,246
2009-03-05,245
2009-03-06,244
2009-03-07,136
2009-03-08,115
2009-03-09,245
2009-03-10,244
2009-03-11,246
2009-03-12,234
2009-03-13,244
2009-03-14,136
2009-03-15,130
2009-03-16,248
2009-03-17,247
2009-03-18,248
2009-03-19,245
2009-03-20,243
2009-03-21,165
2009-03-22,145
2009-03-23,244
2009-03-24,242
2009-03-25,247
2009-03-26,245
2009-03-27,242
2009-03-28,144
2009-03-29,147
2009-03-30,245
2009-03-31,246
2009-04-01,247
2009-04-02,246
2009-04-03,242
2009-04-04,145
2009-04-05,139
2009-04-06,240
2009-04-07,246
2009-04-08,245
2009-04-09,243
2009-04-10,155
2009-04-11,121
2009-04-12,106
2009-04-13,244
2009-04-14,238
2009-04-15,245
2009-04-16,245
2009-04-17,246
2009-04-18,130
2009-04-19,128
2009-04-20,245
2009-04-21,244
2009-04-22,244
2009-04-23,247
2009-04-24,244
2009-04-25,119
2009-04-26,138
2009-04-27,247
2009-04-28,246
2009-04-29,244
2009-04-30,240
2009-05-01,248
2009-05-02,120
2009-05-03,136
2009-05-04,241
2009-05-05,241
2009-05-06,245
2009-05-07,248
2009-05-08,237
2009-05-09,124
2009-05-10,137
2009-05-11,244
2009-05-12,240
2009-05-13,246
2009-05-14,245
2009-05-15,248
2009-05-16,131
2009-05-17,147
2009-05-18,248
2009-05-19,241
2009-05-20,233
2009-05-21,239
2009-05-22,246
2009-05-23,114
2009-05-24,107
2009-05-25,245
2009-05-26,244
2009-05-27,239
2009-05-28,243
2009-05-29,245
2009-05-30,118
2009-05-31,125
2009-06-01,152
2009-06-02,243
2009-06-03,239
2009-06-04,244
2009-06-05,243
2009-06-06,118
2009-06-07,116
2009-06-08,244
2009-06-09,237
2009-06-10,236
2009-06-11,244
2009-06-12,243
2009-06-13,101
2009-06-14,100
2009-06-15,245
2009-06-16,245
2009-06-17,248
2009-06-18,243
2009-06-19,243
2009-06-20,106
2009-06-21,100
2009-06-22,247
2009-06-23,247
2009-06-24,244
2009-06-25,247
2009-06-26,244
2009-06-27,126
2009-06-28,126
2009-06-29,245
2009-06-30,244
2009-07-01,245
2009-07-02,245
2009-07-03,242
2009-07-04,120
2009-07-05,142
2009-07-06,244
2009-07-07,245
2009-07-08,244
2009-07-09,244
2009-07-10,246
2009-07-11,148
2009-07-12,169
2009-07-13,242
2009-07-14,244
2009-07-15,245
2009-07-16,246
2009-07-17,245
2009-07-18,148
2009-07-19,172
2009-07-20,247
2009-07-21,244
2009-07-22,247
2009-07-23,247
2009-07-24,246
2009-07-25,134
2009-07-26,130
2009-07-27,244
2009-07-28,245
2009-07-29,246
2009-07-30,249
2009-07-31,240
2009-08-01,175
2009-08-02,131
2009-08-03,247
2009-08-04,239
2009-08-05,246
2009-08-06,245
2009-08-07,247
2009-08-08,156
2009-08-09,134
2009-08-10,241
2009-08-11,247
2009-08-12,245
2009-08-13,243
2009-08-14,243
2009-08-15,127
2009-08-16,132
2009-08-17,245
2009-08-18,246
2009-08-19,240
2009-08-20,246
2009-08-21,247
2009-08-22,153
2009-08-23,136
2009-08-24,245
2009-08-25,247
2009-08-26,242
2009-08-27,247
2009-08-28,242
2009-08-29,137
2009-08-30,131
2009-08-31,241
2009-09-01,247
2009-09-02,245
2009-09-03,246
2009-09-04,244
2009-09-05,133
2009-09-06,138
2009-09-07,243
2009-09-08,243
2009-09-09,247
2009-09-10,247
2009-09-11,238
2009-09-12,126
2009-09-13,110
2009-09-14,243
2009-09-15,244
2009-09-16,243
2009-09-17,237
2009-09-18,241
2009-09-19,112
2009-09-20,115
2009-09-21,247
2009-09-22,244
2009-09-23,246
2009-09-24,245
2009-09-25,243
2009-09-26,101
2009-09-27,116
2009-09-28,242
2009-09-29,244
2009-09-30,239
2009-10-01,246
2009-10-02,246
2009-10-03,124
2009-10-04,99
2009-10-05,247
2009-10-06,242
2009-10-07,247
2009-10-08,247
2009-10-09,246
2009-10-10,112
2009-10-11,118
2009-10-12,244
2009-10-13,245
2009-10-14,247
2009-10-15,246
2009-10-16,247
2009-10-17,87
2009-10-18,96
2009-10-19,239
2009-10-20,240
2009-10-21,244
2009-10-22,244
2009-10-23,245
2009-10-24,119
2009-10-25,93
2009-10-26,248
2009-10-27,242
2009-10-28,240
2009-10-29,241
2009-10-30,245
2009-10-31,123
2009-11-01,118
2009-11-02,243
2009-11-03,244
2009-11-04,247
2009-11-05,244
2009-11-06,248
2009-11-07,90
2009-11-08,110
2009-11-09,248
2009-11-10,235
2009-11-11,243
2009-11-12,247
2009-11-13,237
2009-11-14,125
2009-11-15,123
2009-11-16,245
2009-11-17,248
2009-11-18,244
2009-11-19,243
2009-11-20,245
2009-11-21,98
2009-11-22,104
2009-11-23,239
2009-11-24,237
2009-11-25,242
2009-11-26,244
2009-11-27,245
2009-11-28,108
2009-11-29,117
2009-11-30,246
2009-12-01,248
2009-12-02,243
2009-12-03,247
2009-12-04,247
2009-12-05,115
2009-12-06,105
2009-12-07,246
2009-12-08,248
2009-12-09,246
2009-12-10,245
2009-12-11,246
2009-12-12,99
2009-12-13,107
2009-12-14,247
2009-12-15,246
2009-12-16,241
2009-12-17,246
2009-12-18,246
2009-12-19,111
2009-12-20,101
2009-12-21,245
2009-12-22,246
2009-12-23,247
2009-12-24,246
2009-12-25,57
2009-12-26,78
2009-12-27,84
2009-12-28,192
2009-12-29,242
2009-12-30,235
2009-12-31,211
2010-01-01,167
2010-01-02,89
2010-01-03,96
2010-01-04,248
2010-01-05,247
2010-01-06,248
2010-01-07,245
2010-01-08,247
2010-01-09,90
2010-01-10,101
2010-01-11,248
2010-01-12,248
2010-01-13,244
2010-01-14,248
2010-01-15,246
2010-01-16,117
2010-01-17,91
2010-01-18,247
2010-01-19,248
2010-01-20,246
2010-01-21,247
2010-01-22,248
2010-01-23,114
2010-01-24,107
2010-01-25,248
2010-01-26,249
2010-01-27,246
2010-01-28,247
2010-01-29,248
2010-01-30,126
2010-01-31,97
2010-02-01,245
2010-02-02,246
2010-02-03,249
2010-02-04,249
2010-02-05,248
2010-02-06,95
2010-02-07,113
2010-02-08,241
2010-02-09,248
2010-02-10,248
2010-02-11,244
2010-02-12,244
2010-02-13,113
2010-02-14,143
2010-02-15,247
2010-02-16,246
2010-02-17,249
2010-02-18,247
2010-02-19,245
2010-02-20,129
2010-02-21,146
2010-02-22,247
2010-02-23,248
2010-02-24,246
2010-02-25,244
2010-02-26,247
2010-02-27,109
2010-02-28,114
2010-03-01,244
2010-03-02,247
2010-03-03,248
2010-03-04,247
2010-03-05,246
2010-03-06,130
2010-03-07,121
2010-03-08,249
2010-03-09,246
2010-03-10,247
2010-03-11,249
2010-03-12,247
2010-03-13,136
2010-03-14,118
2010-03-15,248
2010-03-16,244
2010-03-17,246
2010-03-18,248
2010-03-19,246
2010-03-20,122
2010-03-21,129
2010-03-22,244
2010-03-23,247
2010-03-24,247
2010-03-25,243
2010-03-26,248
2010-03-27,113
2010-03-28,101
2010-03-29,247
2010-03-30,243
2010-03-31,246
2010-04-01,242
2010-04-02,101
2010-04-03,105
2010-04-04,91
2010-04-05,220
2010-04-06,246
2010-04-07,247
2010-04-08,246
2010-04-09,245
2010-04-10,113
2010-04-11,94
2010-04-12,246
2010-04-13,240
2010-04-14,247
2010-04-15,244
2010-04-16,246
2010-04-17,88
2010-04-18,101
2010-04-19,246
2010-04-20,247
2010-04-21,248
2010-04-22,246
2010-04-23,246
2010-04-24,86
2010-04-25,120
2010-04-26,246
2010-04-27,244
2010-04-28,247
2010-04-29,247
2010-04-30,245
2010-05-01,113
2010-05-02,131
2010-05-03,245
2010-05-04,245
2010-05-05,247
2010-05-06,244
2010-05-07,243
2010-05-08,94
2010-05-09,100
2010-05-10,245
2010-05-11,245
2010-05-12,244
2010-05-13,245
2010-05-14,246
2010-05-15,119
2010-05-16,96
2010-05-17,244
2010-05-18,250
2010-05-19,245
2010-05-20,246
2010-05-21,245
2010-05-22,102
2010-05-23,108
2010-05-24,247
2010-05-25,245
2010-05-26,244
2010-05-27,247
2010-05-28,245
2010-05-29,116
2010-05-30,114
2010-05-31,244
2010-06-01,243
2010-06-02,245
2010-06-03,242
2010-06-04,246
2010-06-05,106
2010-06-06,135
2010-06-07,246
2010-06-08,245
2010-06-09,243
2010-06-10,246
2010-06-11,242
2010-06-12,123
2010-06-13,110
2010-06-14,224
2010-06-15,243
2010-06-16,243
2010-06-17,245
2010-06-18,245
2010-06-19,113
2010-06-20,122
2010-06-21,244
2010-06-22,244
2010-06-23,246
2010-06-24,238
2010-06-25,246
2010-06-26,116
2010-06-27,104
2010-06-28,244
2010-06-29,241
2010-06-30,240
2010-07-01,246
2010-07-02,246
2010-07-03,104
2010-07-04,96
2010-07-05,245
2010-07-06,245
2010-07-07,245
2010-07-08,244
2010-07-09,245
2010-07-10,126
2010-07-11,120
2010-07-12,247
2010-07-13,245
2010-07-14,242
2010-07-15,246
2010-07-16,243
2010-07-17,151
2010-07-18,97
2010-07-19,245
2010-07-20,245
2010-07-21,246
2010-07-22,245
2010-07-23,242
2010-07-24,116
2010-07-25,107
2010-07-26,245
2010-07-27,243
2010-07-28,245
2010-07-29,242
2010-07-30,243
2010-07-31,130
2010-08-01,155
2010-08-02,243
2010-08-03,244
2010-08-04,242
2010-08-05,244
2010-08-06,242
2010-08-07,113
2010-08-08,104
2010-08-09,244
2010-08-10,247
2010-08-11,243
2010-08-12,245
2010-08-13,245
2010-08-14,112
2010-08-15,115
2010-08-16,245
2010-08-17,245
2010-08-18,245
2010-08-19,244
2010-08-20,237
2010-08-21,157
2010-08-22,126
2010-08-23,244
2010-08-24,242
2010-08-25,243
2010-08-26,245
2010-08-27,245
2010-08-28,112
2010-08-29,117
2010-08-30,245
2010-08-31,243
2010-09-01,238
2010-09-02,243
2010-09-03,242
2010-09-04,128
2010-09-05,98
2010-09-06,244
2010-09-07,246
2010-09-08,243
2010-09-09,245
2010-09-10,245
2010-09-11,104
2010-09-12,92
2010-09-13,243
2010-09-14,242
2010-09-15,245
2010-09-16,244
2010-09-17,244
2010-09-18,97
2010-09-19,91
2010-09-20,247
2010-09-21,246
2010-09-22,242
2010-09-23,245
2010-09-24,247
2010-09-25,113
2010-09-26,98
2010-09-27,243
2010-09-28,248
2010-09-29,245
2010-09-30,223
2010-10-01,241
2010-10-02,119
2010-10-03,110
2010-10-04,248
2010-10-05,250
2010-10-06,250
2010-10-07,250
2010-10-08,249
2010-10-09,128
2010-10-10,109
2010-10-11,250
2010-10-12,249
2010-10-13,250
2010-10-14,250
2010-10-15,248
2010-10-16,92
2010-10-17,95
2010-10-18,250
2010-10-19,249
2010-10-20,250
2010-10-21,249
2010-10-22,248
2010-10-23,83
2010-10-24,91
2010-10-25,250
2010-10-26,249
2010-10-27,250
2010-10-28,249
2010-10-29,247
2010-10-30,105
2010-10-31,107
2010-11-01,249
2010-11-02,249
2010-11-03,250
2010-11-04,248
2010-11-05,249
2010-11-06,120
2010-11-07,114
2010-11-08,250
2010-11-09,249
2010-11-10,248
2010-11-11,250
2010-11-12,250
2010-11-13,107
2010-11-14,76
2010-11-15,250
2010-11-16,250
2010-11-17,250
2010-11-18,250
2010-11-19,250
2010-11-20,93
2010-11-21,77
2010-11-22,250
2010-11-23,250
2010-11-24,247
2010-11-25,250
2010-11-26,250
2010-11-27,107
2010-11-28,116
2010-11-29,250
2010-11-30,250
2010-12-01,249
2010-12-02,249
2010-12-03,249
2010-12-04,101
2010-12-05,95
2010-12-06,249
2010-12-07,249
2010-12-08,250
2010-12-09,250
2010-12-10,250
2010-12-11,83
2010-12-12,88
2010-12-13,245
2010-12-14,250
2010-12-15,249
2010-12-16,249
2010-12-17,250
2010-12-18,136
2010-12-19,96
2010-12-20,249
2010-12-21,249
2010-12-22,249
2010-12-23,250
2010-12-24,201
2010-12-25,53
2010-12-26,95
2010-12-27,152
2010-12-28,164
2010-12-29,193
2010-12-30,202
2010-12-31,193
2011-01-01,82
2011-01-02,91
2011-01-03,219
2011-01-04,224
2011-01-05,250
2011-01-06,243
2011-01-07,249
2011-01-08,103
2011-01-09,85
2011-01-10,248
2011-01-11,248
2011-01-12,208
2011-01-13,248
2011-01-14,248
2011-01-15,124
2011-01-16,103
2011-01-17,250
2011-01-18,248
2011-01-19,249
2011-01-20,247
2011-01-21,250
2011-01-22,103
2011-01-23,113
2011-01-24,250
2011-01-25,250
2011-01-26,243
2011-01-27,249
2011-01-28,249
2011-01-29,81
2011-01-30,107
2011-01-31,248
2011-02-01,250
2011-02-02,249
2011-02-03,249
2011-02-04,248
2011-02-05,117
2011-02-06,106
2011-02-07,249
2011-02-08,248
2011-02-09,249
2011-02-10,248
2011-02-11,289
2011-02-12,122
2011-02-13,99
2011-02-14,326
2011-02-15,324
2011-02-16,318
2011-02-17,271
2011-02-18,354
2011-02-19,115
2011-02-20,107
2011-02-21,360
2011-02-22,380
2011-02-23,335
2011-02-24,331
2011-02-25,252
2011-02-26,117
2011-02-27,112
2011-02-28,245
2011-03-01,245
2011-03-02,249
2011-03-03,250
2011-03-04,249
2011-03-05,102
2011-03-06,101
2011-03-07,248
2011-03-08,247
2011-03-09,243
2011-03-10,245
2011-03-11,242
2011-03-12,131
2011-03-13,134
2011-03-14,244
2011-03-15,246
2011-03-16,247
2011-03-17,245
2011-03-18,245
2011-03-19,130
2011-03-20,101
2011-03-21,238
2011-03-22,246
2011-03-23,245
2011-03-24,246
2011-03-25,245
2011-03-26,137
2011-03-27,123
2011-03-28,240
2011-03-29,242
2011-03-30,241
2011-03-31,244
2011-04-01,243
2011-04-02,121
2011-04-03,119
2011-04-04,242
2011-04-05,240
2011-04-06,245
2011-04-07,249
2011-04-08,248
2011-04-09,126
2011-04-10,105
2011-04-11,249
2011-04-12,246
2011-04-13,248
2011-04-14,249
2011-04-15,254
2011-04-16,135
2011-04-17,112
2011-04-18,268
2011-04-19,283
2011-04-20,282
2011-04-21,281
2011-04-22,89
2011-04-23,99
2011-04-24,102
2011-04-25,203
2011-04-26,238
2011-04-27,305
2011-04-28,347
2011-04-29,326
2011-04-30,106
2011-05-01,94
2011-05-02,259
2011-05-03,246
2011-05-04,249
2011-05-05,243
2011-05-06,248
2011-05-07,96
2011-05-08,88
2011-05-09,249
2011-05-10,247
2011-05-11,249
2011-05-12,245
2011-05-13,245
2011-05-14,127
2011-05-15,99
2011-05-16,247
2011-05-17,245
2011-05-18,249
2011-05-19,246
2011-05-20,249
2011-05-21,105
2011-05-22,117
2011-05-23,249
2011-05-24,254
2011-05-25,252
2011-05-26,254
2011-05-27,243
2011-05-28,97
2011-05-29,92
2011-05-30,247
2011-05-31,252
2011-06-01,249
2011-06-02,249
2011-06-03,246
2011-06-04,102
2011-06-05,95
2011-06-06,249
2011-06-07,249
2011-06-08,248
2011-06-09,237
2011-06-10,298
2011-06-11,90
2011-06-12,83
2011-06-13,224
2011-06-14,295
2011-06-15,242
2011-06-16,295
2011-06-17,281
2011-06-18,110
2011-06-19,85
2011-06-20,280
2011-06-21,298
2011-06-22,303
2011-06-23,310
2011-06-24,249
2011-06-25,102
2011-06-26,108
2011-06-27,249
2011-06-28,248
2011-06-29,248
2011-06-30,249
2011-07-01,245
2011-07-02,86
2011-07-03,97
2011-07-04,249
2011-07-05,250
2011-07-06,247
2011-07-07,248
2011-07-08,248
2011-07-09,99
2011-07-10,118
2011-07-11,246
2011-07-12,246
2011-07-13,234
2011-07-14,237
2011-07-15,239
2011-07-16,67
2011-07-17,61
2011-07-18,241
2011-07-19,236
2011-07-20,237
2011-07-21,236
2011-07-22,242
2011-07-23,56
2011-07-24,71
2011-07-25,240
2011-07-26,237
2011-07-27,240
2011-07-28,208
2011-07-29,236
2011-07-30,76
2011-07-31,76
2011-08-01,237
2011-08-02,217
2011-08-03,240
2011-08-04,233
2011-08-05,271
2011-08-06,75
2011-08-07,65
2011-08-08,266
2011-08-09,288
2011-08-10,265
2011-08-11,274
2011-08-12,252
2011-08-13,62
2011-08-14,67
2011-08-15,272
2011-08-16,252
2011-08-17,273
2011-08-18,206
2011-08-19,281
2011-08-20,59
2011-08-21,82
2011-08-22,261
2011-08-23,263
2011-08-24,288
2011-08-25,265
2011-08-26,277
2011-08-27,71
2011-08-28,64
2011-08-29,281
2011-08-30,280
2011-08-31,265
2011-09-01,284
2011-09-02,261
2011-09-03,83
2011-09-04,64
2011-09-05,261
2011-09-06,275
2011-09-07,249
2011-09-08,250
2011-09-09,258
2011-09-10,74
2011-09-11,57
2011-09-12,232
2011-09-13,233
2011-09-14,251
2011-09-15,223
2011-09-16,215
2011-09-17,67
2011-09-18,69
2011-09-19,239
2011-09-20,243
2011-09-21,260
2011-09-22,251
2011-09-23,290
2011-09-24,61
2011-09-25,72
2011-09-26,237
2011-09-27,272
2011-09-28,253
2011-09-29,280
2011-09-30,265
2011-10-01,67
2011-10-02,74
2011-10-03,256
2011-10-04,272
2011-10-05,262
2011-10-06,281
2011-10-07,273
2011-10-08,76
2011-10-09,63
2011-10-10,249
2011-10-11,265
2011-10-12,253
2011-10-13,283
2011-10-14,299
2011-10-15,79
2011-10-16,79
2011-10-17,273
2011-10-18,287
2011-10-19,282
2011-10-20,268
2011-10-21,258
2011-10-22,83
2011-10-23,76
2011-10-24,279
2011-10-25,336
2011-10-26,319
2011-10-27,339
2011-10-28,307
2011-10-29,108
2011-10-30,72
2011-10-31,244
2011-11-01,305
2011-11-02,311
2011-11-03,281
2011-11-04,313
2011-11-05,105
2011-11-06,92
2011-11-07,298
2011-11-08,320
2011-11-09,320
2011-11-10,330
2011-11-11,317
2011-11-12,103
2011-11-13,75
2011-11-14,281
2011-11-15,313
2011-11-16,313
2011-11-17,328
2011-11-18,296
2011-11-19,98
2011-11-20,84
2011-11-21,290
2011-11-22,319
2011-11-23,321
2011-11-24,316
2011-11-25,320
2011-11-26,103
2011-11-27,81
2011-11-28,277
2011-11-29,287
2011-11-30,319
2011-12-01,318
2011-12-02,308
2011-12-03,91
2011-12-04,91
2011-12-05,287
2011-12-06,296
2011-12-07,319
2011-12-08,330
2011-12-09,293
2011-12-10,88
2011-12-11,74
2011-12-12,304
2011-12-13,296
2011-12-14,298
2011-12-15,331
2011-12-16,302
2011-12-17,85
2011-12-18,88
2011-12-19,276
2011-12-20,269
2011-12-21,284
2011-12-22,264
2011-12-23,195
2011-12-24,63
2011-12-25,36
2011-12-26,93
2011-12-27,131
2011-12-28,185
2011-12-29,169
2011-12-30,157
2011-12-31,64
2012-01-01,56
2012-01-02,133
2012-01-03,183
2012-01-04,204
2012-01-05,193
2012-01-06,195
2012-01-07,77
2012-01-08,71
2012-01-09,225
2012-01-10,283
2012-01-11,301
2012-01-12,281
2012-01-13,267
2012-01-14,77
2012-01-15,66
2012-01-16,267
2012-01-17,266
2012-01-18,287
2012-01-19,273
2012-01-20,350
2012-01-21,72
2012-01-22,78
2012-01-23,276
2012-01-24,268
2012-01-25,275
2012-01-26,223
2012-01-27,283
2012-01-28,81
2012-01-29,80
2012-01-30,272
2012-01-31,286
2012-02-01,296
2012-02-02,300
2012-02-03,303
2012-02-04,89
2012-02-05,76
2012-02-06,248
2012-02-07,284
2012-02-08,252
2012-02-09,271
2012-02-10,273
2012-02-11,99
2012-02-12,84
2012-02-13,252
2012-02-14,306
2012-02-15,303
2012-02-16,259
2012-02-17,269
2012-02-18,111
2012-02-19,89
2012-02-20,271
2012-02-21,297
2012-02-22,326
2012-02-23,323
2012-02-24,335
2012-02-25,99
2012-02-26,89
2012-02-27,299
2012-02-28,329
2012-02-29,307
2012-03-01,321
2012-03-02,261
2012-03-03,119
2012-03-04,113
2012-03-05,311
2012-03-06,331
2012-03-07,328
2012-03-08,345
2012-03-09,332
2012-03-10,108
2012-03-11,84
2012-03-12,312
2012-03-13,332
2012-03-14,371
2012-03-15,328
2012-03-16,348
2012-03-17,117
2012-03-18,89
2012-03-19,313
2012-03-20,306
2012-03-21,318
2012-03-22,319
2012-03-23,342
2012-03-24,125
2012-03-25,92
2012-03-26,293
2012-03-27,297
2012-03-28,311
2012-03-29,344
2012-03-30,354
2012-03-31,108
2012-04-01,95
2012-04-02,316
2012-04-03,329
2012-04-04,327
2012-04-05,322
2012-04-06,110
2012-04-07,95
2012-04-08,90
2012-04-09,209
2012-04-10,297
2012-04-11,323
2012-04-12,332
2012-04-13,318
2012-04-14,110
2012-04-15,98
2012-04-16,309
2012-04-17,338
2012-04-18,326
2012-04-19,344
2012-04-20,328
2012-04-21,94
2012-04-22,106
2012-04-23,315
2012-04-24,328
2012-04-25,242
2012-04-26,312
2012-04-27,332
2012-04-28,85
2012-04-29,81
2012-04-30,328
2012-05-01,337
2012-05-02,329
2012-05-03,320
2012-05-04,359
2012-05-05,98
2012-05-06,85
2012-05-07,300
2012-05-08,364
2012-05-09,294
2012-05-10,351
2012-05-11,336
2012-05-12,91
2012-05-13,82
2012-05-14,302
2012-05-15,318
2012-05-16,332
2012-05-17,309
2012-05-18,308
2012-05-19,94
2012-05-20,93
2012-05-21,310
2012-05-22,332
2012-05-23,326
2012-05-24,334
2012-05-25,328
2012-05-26,89
2012-05-27,89
2012-05-28,265
2012-05-29,263
2012-05-30,333
2012-05-31,313
2012-06-01,247
2012-06-02,81
2012-06-03,82
2012-06-04,244
2012-06-05,245
2012-06-06,248
2012-06-07,248
2012-06-08,245
2012-06-09,76
2012-06-10,94
2012-06-11,244
2012-06-12,246
2012-06-13,246
2012-06-14,245
2012-06-15,247
2012-06-16,88
2012-06-17,84
2012-06-18,247
2012-06-19,245
2012-06-20,243
2012-06-21,247
2012-06-22,246
2012-06-23,109
2012-06-24,101
2012-06-25,244
2012-06-26,246
2012-06-27,244
2012-06-28,244
2012-06-29,246
2012-06-30,97
2012-07-01,95
2012-07-02,248
2012-07-03,246
2012-07-04,248
2012-07-05,245
2012-07-06,246
2012-07-07,124
2012-07-08,99
2012-07-09,245
2012-07-10,246
2012-07-11,246
2012-07-12,246
2012-07-13,245
2012-07-14,102
2012-07-15,91
2012-07-16,243
2012-07-17,244
2012-07-18,247
2012-07-19,247
2012-07-20,247
2012-07-21,100
2012-07-22,88
2012-07-23,249
2012-07-24,242
2012-07-25,375
2012-07-26,316
2012-07-27,312
2012-07-28,97
2012-07-29,117
2012-07-30,356
2012-07-31,358
2012-08-01,377
2012-08-02,373
2012-08-03,362
2012-08-04,112
2012-08-05,105
2012-08-06,310
2012-08-07,368
2012-08-08,357
2012-08-09,373
2012-08-10,342
2012-08-11,123
2012-08-12,108
2012-08-13,337
2012-08-14,379
2012-08-15,332
2012-08-16,350
2012-08-17,345
2012-08-18,97
2012-08-19,91
2012-08-20,323
2012-08-21,353
2012-08-22,349
2012-08-23,355
2012-08-24,384
2012-08-25,110
2012-08-26,76
2012-08-27,353
2012-08-28,354
2012-08-29,356
2012-08-30,306
2012-08-31,363
2012-09-01,85
2012-09-02,100
2012-09-03,313
2012-09-04,321
2012-09-05,321
2012-09-06,305
2012-09-07,315
2012-09-08,107
2012-09-09,112
2012-09-10,297
2012-09-11,317
2012-09-12,363
2012-09-13,303
2012-09-14,254
2012-09-15,90
2012-09-16,76
2012-09-17,332
2012-09-18,340
2012-09-19,359
2012-09-20,347
2012-09-21,338
2012-09-22,87
2012-09-23,91
2012-09-24,284
2012-09-25,296
2012-09-26,293
2012-09-27,298
2012-09-28,312
2012-09-29,92
2012-09-30,93
2012-10-01,271
2012-10-02,339
2012-10-03,336
2012-10-04,352
2012-10-05,320
2012-10-06,68
2012-10-07,73
2012-10-08,319
2012-10-09,349
2012-10-10,355
2012-10-11,373
2012-10-12,340
2012-10-13,81
2012-10-14,69
2012-10-15,324
2012-10-16,358
2012-10-17,378
2012-10-18,375
2012-10-19,352
2012-10-20,102
2012-10-21,84
2012-10-22,354
2012-10-23,377
2012-10-24,359
2012-10-25,353
2012-10-26,349
2012-10-27,82
2012-10-28,83
2012-10-29,356
2012-10-30,344
2012-10-31,247
2012-11-01,351
2012-11-02,361
2012-11-03,89
2012-11-04,114
2012-11-05,344
2012-11-06,310
2012-11-07,345
2012-11-08,362
2012-11-09,339
2012-11-10,84
2012-11-11,70
2012-11-12,366
2012-11-13,354
2012-11-14,368
2012-11-15,359
2012-11-16,298
2012-11-17,81
2012-11-18,78
2012-11-19,330
2012-11-20,335
2012-11-21,372
2012-11-22,334
2012-11-23,321
2012-11-24,90
2012-11-25,94
2012-11-26,355
2012-11-27,349
2012-11-28,325
2012-11-29,368
2012-11-30,340
2012-12-01,91
2012-12-02,89
2012-12-03,326
2012-12-04,338
2012-12-05,341
2012-12-06,335
2012-12-07,330
2012-12-08,96
2012-12-09,82
2012-12-10,348
2012-12-11,337
2012-12-12,314
2012-12-13,354
2012-12-14,348
2012-12-15,94
2012-12-16,93
2012-12-17,316
2012-12-18,331
2012-12-19,340
2012-12-20,325
2012-12-21,315
2012-12-22,87
2012-12-23,63
2012-12-24,176
2012-12-25,60
2012-12-26,93
2012-12-27,177
2012-12-28,213
2012-12-29,87
2012-12-30,79
2012-12-31,196
2013-01-01,141
2013-01-02,204
2013-01-03,231
2013-01-04,202
2013-01-05,84
2013-01-06,81
2013-01-07,255
2013-01-08,266
2013-01-09,258
2013-01-10,267
2013-01-11,240
2013-01-12,97
2013-01-13,84
2013-01-14,269
2013-01-15,307
2013-01-16,323
2013-01-17,355
2013-01-18,322
2013-01-19,89
2013-01-20,79
2013-01-21,279
2013-01-22,323
2013-01-23,341
2013-01-24,323
2013-01-25,329
2013-01-26,99
2013-01-27,84
2013-01-28,256
2013-01-29,331
2013-01-30,348
2013-01-31,340
2013-02-01,370
2013-02-02,86
2013-02-03,82
2013-02-04,338
2013-02-05,360
2013-02-06,356
2013-02-07,358
2013-02-08,349
2013-02-09,99
2013-02-10,84
2013-02-11,310
2013-02-12,324
2013-02-13,359
2013-02-14,335
2013-02-15,311
2013-02-16,93
2013-02-17,98
2013-02-18,295
2013-02-19,351
2013-02-20,356
2013-02-21,334
2013-02-22,293
2013-02-23,101
2013-02-24,94
2013-02-25,359
2013-02-26,360
2013-02-27,343
2013-02-28,351
2013-03-01,363
2013-03-02,98
2013-03-03,73
2013-03-04,315
2013-03-05,348
2013-03-06,365
2013-03-07,363
2013-03-08,337
2013-03-09,124
2013-03-10,120
2013-03-11,309
2013-03-12,347
2013-03-13,364
2013-03-14,336
2013-03-15,376
2013-03-16,101
2013-03-17,86
2013-03-18,324
2013-03-19,367
2013-03-20,351
2013-03-21,368
2013-03-22,361
2013-03-23,115
2013-03-24,93
2013-03-25,314
2013-03-26,328
2013-03-27,302
2013-03-28,376
2013-03-29,108
2013-03-30,97
2013-03-31,89
2013-04-01,218
2013-04-02,319
2013-04-03,343
2013-04-04,340
2013-04-05,367
2013-04-06,93
2013-04-07,103
2013-04-08,351
2013-04-09,317
2013-04-10,344
2013-04-11,370
2013-04-12,383
2013-04-13,104
2013-04-14,85
2013-04-15,348
2013-04-16,378
2013-04-17,343
2013-04-18,338
2013-04-19,341
2013-04-20,79
2013-04-21,82
2013-04-22,343
2013-04-23,373
2013-04-24,364
2013-04-25,239
2013-04-26,330
2013-04-27,97
2013-04-28,79
2013-04-29,350
2013-04-30,347
2013-05-01,341
2013-05-02,363
2013-05-03,313
2013-05-04,92
2013-05-05,103
2013-05-06,319
2013-05-07,372
2013-05-08,324
2013-05-09,340
2013-05-10,307
2013-05-11,103
2013-05-12,85
2013-05-13,327
2013-05-14,378
2013-05-15,318
2013-05-16,339
2013-05-17,307
2013-05-18,114
2013-05-19,83
2013-05-20,371
2013-05-21,346
2013-05-22,351
2013-05-23,335
2013-05-24,310
2013-05-25,96
2013-05-26,86
2013-05-27,324
2013-05-28,339
2013-05-29,369
2013-05-30,355
2013-05-31,347
2013-06-01,72
2013-06-02,78
2013-06-03,340
2013-06-04,345
2013-06-05,348
2013-06-06,362
2013-06-07,320
2013-06-08,93
2013-06-09,92
2013-06-10,281
2013-06-11,343
2013-06-12,322
2013-06-13,332
2013-06-14,347
2013-06-15,76
2013-06-16,91
2013-06-17,285
2013-06-18,330
2013-06-19,311
2013-06-20,341
2013-06-21,335
2013-06-22,90
2013-06-23,89
2013-06-24,330
2013-06-25,362
2013-06-26,343
2013-06-27,342
2013-06-28,331
2013-06-29,98
2013-06-30,90
2013-07-01,324
2013-07-02,339
2013-07-03,308
2013-07-04,292
2013-07-05,322
2013-07-06,96
2013-07-07,86
2013-07-08,363
2013-07-09,311
2013-07-10,318
2013-07-11,292
2013-07-12,318
2013-07-13,92
2013-07-14,87
2013-07-15,327
2013-07-16,321
2013-07-17,322
2013-07-18,331
2013-07-19,273
2013-07-20,91
2013-07-21,85
2013-07-22,342
2013-07-23,327
2013-07-24,337
2013-07-25,355
2013-07-26,328
2013-07-27,103
2013-07-28,90
2013-07-29,358
2013-07-30,340
2013-07-31,321
2013-08-01,343
2013-08-02,344
2013-08-03,104
2013-08-04,92
2013-08-05,329
2013-08-06,330
2013-08-07,337
2013-08-08,307
2013-08-09,332
2013-08-10,84
2013-08-11,98
2013-08-12,340
2013-08-13,347
2013-08-14,355
2013-08-15,365
2013-08-16,344
2013-08-17,88
2013-08-18,98
2013-08-19,321
2013-08-20,343
2013-08-21,354
2013-08-22,326
2013-08-23,312
2013-08-24,96
2013-08-25,97
2013-08-26,349
2013-08-27,339
2013-08-28,358
2013-08-29,349
2013-08-30,355
2013-08-31,90
2013-09-01,74
2013-09-02,330
2013-09-03,333
2013-09-04,342
2013-09-05,335
2013-09-06,328
2013-09-07,171
2013-09-08,116
2013-09-09,302
2013-09-10,320
2013-09-11,361
2013-09-12,321
2013-09-13,324
2013-09-14,96
2013-09-15,90
2013-09-16,318
2013-09-17,302
2013-09-18,321
2013-09-19,331
2013-09-20,316
2013-09-21,72
2013-09-22,71
2013-09-23,253
2013-09-24,263
2013-09-25,273
2013-09-26,268
2013-09-27,269
2013-09-28,92
2013-09-29,73
2013-09-30,250
2013-10-01,265
2013-10-02,289
2013-10-03,313
2013-10-04,297
2013-10-05,70
2013-10-06,92
2013-10-07,263
2013-10-08,315
2013-10-09,313
2013-10-10,322
2013-10-11,291
2013-10-12,83
2013-10-13,74
2013-10-14,315
2013-10-15,333
2013-10-16,313
2013-10-17,314
2013-10-18,331
2013-10-19,85
2013-10-20,91
2013-10-21,316
2013-10-22,297
2013-10-23,348
2013-10-24,338
2013-10-25,332
2013-10-26,86
2013-10-27,81
2013-10-28,315
2013-10-29,334
2013-10-30,340
2013-10-31,355
2013-11-01,327
2013-11-02,88
2013-11-03,59
2013-11-04,312
2013-11-05,311
2013-11-06,327
2013-11-07,319
2013-11-08,304
2013-11-09,69
2013-11-10,69
2013-11-11,313
2013-11-12,319
2013-11-13,282
2013-11-14,318
2013-11-15,340
2013-11-16,95
2013-11-17,84
2013-11-18,337
2013-11-19,350
2013-11-20,333
2013-11-21,343
2013-11-22,346
2013-11-23,74
2013-11-24,67
2013-11-25,289
2013-11-26,301
2013-11-27,320
2013-11-28,281
2013-11-29,310
2013-11-30,88
2013-12-01,81
2013-12-02,301
2013-12-03,293
2013-12-04,299
2013-12-05,307
2013-12-06,300
2013-12-07,73
2013-12-08,82
2013-12-09,284
2013-12-10,284
2013-12-11,293
2013-12-12,294
2013-12-13,303
2013-12-14,88
2013-12-15,69
2013-12-16,219
2013-12-17,255
2013-12-18,242
2013-12-19,249
2013-12-20,252
2013-12-21,77
2013-12-22,66
2013-12-23,195
2013-12-24,148
2013-12-25,38
2013-12-26,102
2013-12-27,135
2013-12-28,68
2013-12-29,66
2013-12-30,161
2013-12-31,160
2014-01-01,123
2014-01-02,185
2014-01-03,189
2014-01-04,77
2014-01-05,81
2014-01-06,209
2014-01-07,239
2014-01-08,232
2014-01-09,217
2014-01-10,248
2014-01-11,83
2014-01-12,59
2014-01-13,229
2014-01-14,277
2014-01-15,276
2014-01-16,247
2014-01-17,282
2014-01-18,80
2014-01-19,72
2014-01-20,285
2014-01-21,279
2014-01-22,279
2014-01-23,276
2014-01-24,244
2014-01-25,70
2014-01-26,84
2014-01-27,226
2014-01-28,289
2014-01-29,298
2014-01-30,295
2014-01-31,313
2014-02-01,82
2014-02-02,68
2014-02-03,294
2014-02-04,298
2014-02-05,301
2014-02-06,311
2014-02-07,310
2014-02-08,90
2014-02-09,82
2014-02-10,308
2014-02-11,301
2014-02-12,321
2014-02-13,319
2014-02-14,318
2014-02-15,103
2014-02-16,94
2014-02-17,294
2014-02-18,298
2014-02-19,296
2014-02-20,327
2014-02-21,323
2014-02-22,103
2014-02-23,92
2014-02-24,309
2014-02-25,288
2014-02-26,322
2014-02-27,315
2014-02-28,291
2014-03-01,72
2014-03-02,78
2014-03-03,310
2014-03-04,279
2014-03-05,288
2014-03-06,322
2014-03-07,262
2014-03-08,77
2014-03-09,76
2014-03-10,267
2014-03-11,293
2014-03-12,294
2014-03-13,299
2014-03-14,315
2014-03-15,114
2014-03-16,80
2014-03-17,274
2014-03-18,264
2014-03-19,319
2014-03-20,295
2014-03-21,284
2014-03-22,117
2014-03-23,89
2014-03-24,294
2014-03-25,293
2014-03-26,294
2014-03-27,318
2014-03-28,302
2014-03-29,108
2014-03-30,94
2014-03-31,292
2014-04-01,306
2014-04-02,294
2014-04-03,307
2014-04-04,299
2014-04-05,115
2014-04-06,86
2014-04-07,319
2014-04-08,320
2014-04-09,317
2014-04-10,313
2014-04-11,305
2014-04-12,101
2014-04-13,79
2014-04-14,292
2014-04-15,342
2014-04-16,305
2014-04-17,268
2014-04-18,85
2014-04-19,92
2014-04-20,67
2014-04-21,198
2014-04-22,265
2014-04-23,281
2014-04-24,229
2014-04-25,220
2014-04-26,96
2014-04-27,66
2014-04-28,255
2014-04-29,281
2014-04-30,291
2014-05-01,275
2014-05-02,273
2014-05-03,91
2014-05-04,77
2014-05-05,297
2014-05-06,282
2014-05-07,304
2014-05-08,311
2014-05-09,349
2014-05-10,92
2014-05-11,86
2014-05-12,286
2014-05-13,332
2014-05-14,276
2014-05-15,319
2014-05-16,313
2014-05-17,84
2014-05-18,87
2014-05-19,288
2014-05-20,316
2014-05-21,304
2014-05-22,296
2014-05-23,302
2014-05-24,100
2014-05-25,66
2014-05-26,303
2014-05-27,308
2014-05-28,323
2014-05-29,283
2014-05-30,345
2014-05-31,85
2014-06-01,91
2014-06-02,272
2014-06-03,276
2014-06-04,306
2014-06-05,265
2014-06-06,295
2014-06-07,91
2014-06-08,89
2014-06-09,245
2014-06-10,303
2014-06-11,308
2014-06-12,303
2014-06-13,276
2014-06-14,91
2014-06-15,86
2014-06-16,321
2014-06-17,297
2014-06-18,325
2014-06-19,313
2014-06-20,297
2014-06-21,118
2014-06-22,85
2014-06-23,306
2014-06-24,317
2014-06-25,311
2014-06-26,306
2014-06-27,312
2014-06-28,90
2014-06-29,95
2014-06-30,286
2014-07-01,300
2014-07-02,303
2014-07-03,295
2014-07-04,289
2014-07-05,105
2014-07-06,87
2014-07-07,295
2014-07-08,270
2014-07-09,317
2014-07-10,287
2014-07-11,274
2014-07-12,97
2014-07-13,65
2014-07-14,287
2014-07-15,300
2014-07-16,280
2014-07-17,304
2014-07-18,224
2014-07-19,85
2014-07-20,81
2014-07-21,283
2014-07-22,308
2014-07-23,308
2014-07-24,299
2014-07-25,285
2014-07-26,114
2014-07-27,156
2014-07-28,278
2014-07-29,309
2014-07-30,295
2014-07-31,283
2014-08-01,295
2014-08-02,102
2014-08-03,107
2014-08-04,296
2014-08-05,274
2014-08-06,289
2014-08-07,277
2014-08-08,289
2014-08-09,92
2014-08-10,92
2014-08-11,213
2014-08-12,219
2014-08-13,236
2014-08-14,244
2014-08-15,248
2014-08-16,111
2014-08-17,90
2014-08-18,278
2014-08-19,288
2014-08-20,281
2014-08-21,259
2014-08-22,285
2014-08-23,112
2014-08-24,97
2014-08-25,278
2014-08-26,272
2014-08-27,271
2014-08-28,245
2014-08-29,259
2014-08-30,81
2014-08-31,82
2014-09-01,278
2014-09-02,283
2014-09-03,290
2014-09-04,273
2014-09-05,243
2014-09-06,96
2014-09-07,82
2014-09-08,262
2014-09-09,283
2014-09-10,294
2014-09-11,276
2014-09-12,284
2014-09-13,89
2014-09-14,84
2014-09-15,271
2014-09-16,262
2014-09-17,294
2014-09-18,266
2014-09-19,276
2014-09-20,85
2014-09-21,75
2014-09-22,215
2014-09-23,234
2014-09-24,238
2014-09-25,248
2014-09-26,237
2014-09-27,80
2014-09-28,76
2014-09-29,247
2014-09-30,260
2014-10-01,283
2014-10-02,285
2014-10-03,276
2014-10-04,68
2014-10-05,87
2014-10-06,234
2014-10-07,274
2014-10-08,266
2014-10-09,296
2014-10-10,293
2014-10-11,94
2014-10-12,80
2014-10-13,295
2014-10-14,299
2014-10-15,306
2014-10-16,316
2014-10-17,280
2014-10-18,92
2014-10-19,82
2014-10-20,279
2014-10-21,271
2014-10-22,281
2014-10-23,274
2014-10-24,312
2014-10-25,87
2014-10-26,82
2014-10-27,280
2014-10-28,297
2014-10-29,300
2014-10-30,302
2014-10-31,239
2014-11-01,86
2014-11-02,92
2014-11-03,273
2014-11-04,266
2014-11-05,296
2014-11-06,279
2014-11-07,309
2014-11-08,88
2014-11-09,97
2014-11-10,273
2014-11-11,300
2014-11-12,311
2014-11-13,283
2014-11-14,294
2014-11-15,96
2014-11-16,90
2014-11-17,284
2014-11-18,287
2014-11-19,281
2014-11-20,295
2014-11-21,257
2014-11-22,87
2014-11-23,79
2014-11-24,248
2014-11-25,273
2014-11-26,294
2014-11-27,296
2014-11-28,268
2014-11-29,91
2014-11-30,80
2014-12-01,287
2014-12-02,294
2014-12-03,291
2014-12-04,308
2014-12-05,260
2014-12-06,85
2014-12-07,84
2014-12-08,278
2014-12-09,259
2014-12-10,265
2014-12-11,273
2014-12-12,243
2014-12-13,80
2014-12-14,83
2014-12-15,223
2014-12-16,253
2014-12-17,236
2014-12-18,266
2014-12-19,264
2014-12-20,77
2014-12-21,68
2014-12-22,191
2014-12-23,199
2014-12-24,149
2014-12-25,38
2014-12-26,76
2014-12-27,71
2014-12-28,71
2014-12-29,112
2014-12-30,145
2014-12-31,146
2015-01-01,130
2015-01-02,148
2015-01-03,58
2015-01-04,74
2015-01-05,84
2015-01-06,21
2015-01-07,26
2015-01-08,23
2015-01-09,21
2015-01-10,19
2015-01-11,19
2015-01-12,25
2015-01-13,52
2015-01-14,64
2015-01-15,58
2015-01-16,61
2015-01-17,18
2015-01-18,19
2015-01-19,55
2015-01-20,170
2015-01-21,259
2015-01-22,242
2015-01-23,230
2015-01-24,66
2015-01-25,77
2015-01-26,198
2015-01-27,249
2015-01-28,284
2015-01-29,257
2015-01-30,250
2015-01-31,80
2015-02-01,76
2015-02-02,237
2015-02-03,260
2015-02-04,245
2015-02-05,255
2015-02-06,256
2015-02-07,92
2015-02-08,88
2015-02-09,253
2015-02-10,258
2015-02-11,267
2015-02-12,268
2015-02-13,278
2015-02-14,101
2015-02-15,90
2015-02-16,280
2015-02-17,269
2015-02-18,281
2015-02-19,278
2015-02-20,261
2015-02-21,103
2015-02-22,86
2015-02-23,234
2015-02-24,273
2015-02-25,301
2015-02-26,289
2015-02-27,285
2015-02-28,113
2015-03-01,112
2015-03-02,235
2015-03-03,229
2015-03-04,294
2015-03-05,301
2015-03-06,280
2015-03-07,123
2015-03-08,99
2015-03-09,220
2015-03-10,304
2015-03-11,300
2015-03-12,291
2015-03-13,279
2015-03-14,119
2015-03-15,108
2015-03-16,248
2015-03-17,287
2015-03-18,279
2015-03-19,294
2015-03-20,280
2015-03-21,105
2015-03-22,103
2015-03-23,294
2015-03-24,276
2015-03-25,276
2015-03-26,270
2015-03-27,279
2015-03-28,115
2015-03-29,93
2015-03-30,262
2015-03-31,256
2015-04-01,286
2015-04-02,261
2015-04-03,103
2015-04-04,105
2015-04-05,82
2015-04-06,174
2015-04-07,222
2015-04-08,282
2015-04-09,266
2015-04-10,294
2015-04-11,98
2015-04-12,87
2015-04-13,267
2015-04-14,253
2015-04-15,278
2015-04-16,281
2015-04-17,280
2015-04-18,113
2015-04-19,100
2015-04-20,260
2015-04-21,261
2015-04-22,260
2015-04-23,287
2015-04-24,262
2015-04-25,94
2015-04-26,89
2015-04-27,233
2015-04-28,285
2015-04-29,257
2015-04-30,302
2015-05-01,276
2015-05-02,90
2015-05-03,103
2015-05-04,292
2015-05-05,292
2015-05-06,266
2015-05-07,298
2015-05-08,272
2015-05-09,103
2015-05-10,97
2015-05-11,267
2015-05-12,306
2015-05-13,256
2015-05-14,270
2015-05-15,294
2015-05-16,96
2015-05-17,98
2015-05-18,247
2015-05-19,274
2015-05-20,283
2015-05-21,282
2015-05-22,282
2015-05-23,102
2015-05-24,88
2015-05-25,262
2015-05-26,272
2015-05-27,275
2015-05-28,266
2015-05-29,265
2015-05-30,97
2015-05-31,90
2015-06-01,251
2015-06-02,278
2015-06-03,296
2015-06-04,274
2015-06-05,331
2015-06-06,85
2015-06-07,81
2015-06-08,212
2015-06-09,276
2015-06-10,288
2015-06-11,303
2015-06-12,280
2015-06-13,87
2015-06-14,99
2015-06-15,260
2015-06-16,277
2015-06-17,280
2015-06-18,228
2015-06-19,272
2015-06-20,101
2015-06-21,96
2015-06-22,282
2015-06-23,283
2015-06-24,265
2015-06-25,251
2015-06-26,288
2015-06-27,100
2015-06-28,81
2015-06-29,272
2015-06-30,273
2015-07-01,289
2015-07-02,265
2015-07-03,260
2015-07-04,88
2015-07-05,98
2015-07-06,255
2015-07-07,271
2015-07-08,267
2015-07-09,283
2015-07-10,281
2015-07-11,93
2015-07-12,86
2015-07-13,269
2015-07-14,287
2015-07-15,291
2015-07-16,265
2015-07-17,283
2015-07-18,103
2015-07-19,98
2015-07-20,280
2015-07-21,281
2015-07-22,306
2015-07-23,301
2015-07-24,279
2015-07-25,92
2015-07-26,79
2015-07-27,289
2015-07-28,271
2015-07-29,286
2015-07-30,297
2015-07-31,272
2015-08-01,100
2015-08-02,100
2015-08-03,258
2015-08-04,295
2015-08-05,277
2015-08-06,304
2015-08-07,288
2015-08-08,100
2015-08-09,85
2015-08-10,270
2015-08-11,271
2015-08-12,299
2015-08-13,304
2015-08-14,257
2015-08-15,90
2015-08-16,79
2015-08-17,257
2015-08-18,275
2015-08-19,258
2015-08-20,270
2015-08-21,267
2015-08-22,108
2015-08-23,104
2015-08-24,247
2015-08-25,252
2015-08-26,283
2015-08-27,281
2015-08-28,273
2015-08-29,102
2015-08-30,92
2015-08-31,234
2015-09-01,259
2015-09-02,263
2015-09-03,258
2015-09-04,273
2015-09-05,98
2015-09-06,88
2015-09-07,280
2015-09-08,278
2015-09-09,294
2015-09-10,293
2015-09-11,291
2015-09-12,97
2015-09-13,83
2015-09-14,247
2015-09-15,250
2015-09-16,303
2015-09-17,313
2015-09-18,303
2015-09-19,93
2015-09-20,76
2015-09-21,270
2015-09-22,270
2015-09-23,271
2015-09-24,257
2015-09-25,275
2015-09-26,93
2015-09-27,91
2015-09-28,251
2015-09-29,273
2015-09-30,274
2015-10-01,310
2015-10-02,262
2015-10-03,89
2015-10-04,80
2015-10-05,233
2015-10-06,277
2015-10-07,308
2015-10-08,318
2015-10-09,285
2015-10-10,88
2015-10-11,84
2015-10-12,303
2015-10-13,287
2015-10-14,303
2015-10-15,318
2015-10-16,305
2015-10-17,97
2015-10-18,91
2015-10-19,311
2015-10-20,315
2015-10-21,299
2015-10-22,305
2015-10-23,300
2015-10-24,96
2015-10-25,100
2015-10-26,265
2015-10-27,291
2015-10-28,303
2015-10-29,284
2015-10-30,289
2015-10-31,93
2015-11-01,85
2015-11-02,262
2015-11-03,229
2015-11-04,305
2015-11-05,253
2015-11-06,258
2015-11-07,88
2015-11-08,89
2015-11-09,248
2015-11-10,281
2015-11-11,312
2015-11-12,328
2015-11-13,277
2015-11-14,89
2015-11-15,82
2015-11-16,277
2015-11-17,309
2015-11-18,286
2015-11-19,297
2015-11-20,286
2015-11-21,95
2015-11-22,74
2015-11-23,269
2015-11-24,312
2015-11-25,286
2015-11-26,331
2015-11-27,299
2015-11-28,92
2015-11-29,82
2015-11-30,304
2015-12-01,329
2015-12-02,316
2015-12-03,316
2015-12-04,301
2015-12-05,80
2015-12-06,94
2015-12-07,263
2015-12-08,303
2015-12-09,317
2015-12-10,283
2015-12-11,278
2015-12-12,95
2015-12-13,79
2015-12-14,266
2015-12-15,304
2015-12-16,276
2015-12-17,294
2015-12-18,273
2015-12-19,74
2015-12-20,67
2015-12-21,205
2015-12-22,251
2015-12-23,222
2015-12-24,190
2015-12-25,50
2015-12-26,70
2015-12-27,67
2015-12-28,125
2015-12-29,149
2015-12-30,160
2015-12-31,151
2016-01-01,100
2016-01-02,72
2016-01-03,64
2016-01-04,175
2016-01-05,208
2016-01-06,207
2016-01-07,205
2016-01-08,200
2016-01-09,86
2016-01-10,67
2016-01-11,209
2016-01-12,218
2016-01-13,217
2016-01-14,212
2016-01-15,218
2016-01-16,79
2016-01-17,55
2016-01-18,215
2016-01-19,221
2016-01-20,224
2016-01-21,227
2016-01-22,214
2016-01-23,82
2016-01-24,73
2016-01-25,211
2016-01-26,192
2016-01-27,225
2016-01-28,229
2016-01-29,234
2016-01-30,80
2016-01-31,83
2016-02-01,227
2016-02-02,226
2016-02-03,226
2016-02-04,222
2016-02-05,226
2016-02-06,78
2016-02-07,79
2016-02-08,226
2016-02-09,226
2016-02-10,227
2016-02-11,220
2016-02-12,227
2016-02-13,70
2016-02-14,86
2016-02-15,219
2016-02-16,220
2016-02-17,233
2016-02-18,231
2016-02-19,226
2016-02-20,78
2016-02-21,69
2016-02-22,217
2016-02-23,222
2016-02-24,222
2016-02-25,226
2016-02-26,235
2016-02-27,76
2016-02-28,72
2016-02-29,220
2016-03-01,222
2016-03-02,225
2016-03-03,216
2016-03-04,227
2016-03-05,79
2016-03-06,72
2016-03-07,229
2016-03-08,226
2016-03-09,218
2016-03-10,225
2016-03-11,227
2016-03-12,69
2016-03-13,76
2016-03-14,215
2016-03-15,218
2016-03-16,223
2016-03-17,221
2016-03-18,224
2016-03-19,63
2016-03-20,85
2016-03-21,214
2016-03-22,222
2016-03-23,221
2016-03-24,222
2016-03-25,79
2016-03-26,57
2016-03-27,64
2016-03-28,137
2016-03-29,213
2016-03-30,217
2016-03-31,218
2016-04-01,226
2016-04-02,89
2016-04-03,64
2016-04-04,222
2016-04-05,221
2016-04-06,226
2016-04-07,229
2016-04-08,216
2016-04-09,78
2016-04-10,76
2016-04-11,229
2016-04-12,220
2016-04-13,215
2016-04-14,222
2016-04-15,226
2016-04-16,70
2016-04-17,76
2016-04-18,217
2016-04-19,218
2016-04-20,221
2016-04-21,220
2016-04-22,220
2016-04-23,81
2016-04-24,79
2016-04-25,153
2016-04-26,216
2016-04-27,235
2016-04-28,217
2016-04-29,227
2016-04-30,68
2016-05-01,60
2016-05-02,217
2016-05-03,214
2016-05-04,220
2016-05-05,224
2016-05-06,217
2016-05-07,73
2016-05-08,71
2016-05-09,210
2016-05-10,219
2016-05-11,215
2016-05-12,223
2016-05-13,219
2016-05-14,77
2016-05-15,93
2016-05-16,222
2016-05-17,220
2016-05-18,221
2016-05-19,217
2016-05-20,220
2016-05-21,77
2016-05-22,84
2016-05-23,223
2016-05-24,222
2016-05-25,222
2016-05-26,224
2016-05-27,221
2016-05-28,82
2016-05-29,90
2016-05-30,223
2016-05-31,221
2016-06-01,214
2016-06-02,226
2016-06-03,218
2016-06-04,90
2016-06-05,72
2016-06-06,208
2016-06-07,223
2016-06-08,216
2016-06-09,220
2016-06-10,219
2016-06-11,75
2016-06-12,70
2016-06-13,203
2016-06-14,221
2016-06-15,215
2016-06-16,223
2016-06-17,222
2016-06-18,94
2016-06-19,79
2016-06-20,209
2016-06-21,217
2016-06-22,218
2016-06-23,222
2016-06-24,224
2016-06-25,88
2016-06-26,86
2016-06-27,212
2016-06-28,204
2016-06-29,216
2016-06-30,215
2016-07-01,206
2016-07-02,94
2016-07-03,87
2016-07-04,194
2016-07-05,217
2016-07-06,218
2016-07-07,208
2016-07-08,227
2016-07-09,74
2016-07-10,75
2016-07-11,197
2016-07-12,194
2016-07-13,216
2016-07-14,215
2016-07-15,207
2016-07-16,73
2016-07-17,72
2016-07-18,198
2016-07-19,214
2016-07-20,211
2016-07-21,220
2016-07-22,225
2016-07-23,81
2016-07-24,75
2016-07-25,215
2016-07-26,214
2016-07-27,211
2016-07-28,218
2016-07-29,216
2016-07-30,82
2016-07-31,79
2016-08-01,206
2016-08-02,213
2016-08-03,211
2016-08-04,215
2016-08-05,216
2016-08-06,81
2016-08-07,89
2016-08-08,191
2016-08-09,200
2016-08-10,216
2016-08-11,220
2016-08-12,196
2016-08-13,81
2016-08-14,88
2016-08-15,205
2016-08-16,208
2016-08-17,217
2016-08-18,223
2016-08-19,217
2016-08-20,82
2016-08-21,73
2016-08-22,193
2016-08-23,188
2016-08-24,223
2016-08-25,223
2016-08-26,217
2016-08-27,84
2016-08-28,87
2016-08-29,210
2016-08-30,206
2016-08-31,214
2016-09-01,224
2016-09-02,222
2016-09-03,89
2016-09-04,86
2016-09-05,212
2016-09-06,225
2016-09-07,220
2016-09-08,216
2016-09-09,218
2016-09-10,91
2016-09-11,74
2016-09-12,189
2016-09-13,218
2016-09-14,201
2016-09-15,222
2016-09-16,193
2016-09-17,70
2016-09-18,70
2016-09-19,196
2016-09-20,182
2016-09-21,187
2016-09-22,211
2016-09-23,201
2016-09-24,80
2016-09-25,59
2016-09-26,166
2016-09-27,185
2016-09-28,202
2016-09-29,191
2016-09-30,185
2016-10-01,68
2016-10-02,65
2016-10-03,162
2016-10-04,189
2016-10-05,188
2016-10-06,210
2016-10-07,186
2016-10-08,82
2016-10-09,65
2016-10-10,194
2016-10-11,185
2016-10-12,210
2016-10-13,216
2016-10-14,184
2016-10-15,76
2016-10-16,69
2016-10-17,181
2016-10-18,206
2016-10-19,203
2016-10-20,214
2016-10-21,205
2016-10-22,78
2016-10-23,63
2016-10-24,164
2016-10-25,198
2016-10-26,203
2016-10-27,198
2016-10-28,216
2016-10-29,68
2016-10-30,69
2016-10-31,180
2016-11-01,180
2016-11-02,186
2016-11-03,205
2016-11-04,176
2016-11-05,70
2016-11-06,70
2016-11-07,183
2016-11-08,217
2016-11-09,182
2016-11-10,221
2016-11-11,213
2016-11-12,71
2016-11-13,73
2016-11-14,163
2016-11-15,194
2016-11-16,190
2016-11-17,218
2016-11-18,185
2016-11-19,80
2016-11-20,61
2016-11-21,185
2016-11-22,210
2016-11-23,219
2016-11-24,199
2016-11-25,188
2016-11-26,84
2016-11-27,65
2016-11-28,192
2016-11-29,192
2016-11-30,220
2016-12-01,194
2016-12-02,181
2016-12-03,75
2016-12-04,66
2016-12-05,180
2016-12-06,186
2016-12-07,192
2016-12-08,188
2016-12-09,175
2016-12-10,64
2016-12-11,57
2016-12-12,171
2016-12-13,184
2016-12-14,201
2016-12-15,192
2016-12-16,165
2016-12-17,74
2016-12-18,66
2016-12-19,140
2016-12-20,169
2016-12-21,163
2016-12-22,155
2016-12-23,152
2016-12-24,59
2016-12-25,44
2016-12-26,68
2016-12-27,76
2016-12-28,76
2016-12-29,98
2016-12-30,107
2016-12-31,63
2017-01-01,60
2017-01-02,77
2017-01-03,119
2017-01-04,140
2017-01-05,133
2017-01-06,125
2017-01-07,58
2017-01-08,55
2017-01-09,132
2017-01-10,135
2017-01-11,146
2017-01-12,139
2017-01-13,146
2017-01-14,63
2017-01-15,67
2017-01-16,122
2017-01-17,162
2017-01-18,161
2017-01-19,154
2017-01-20,167
2017-01-21,80
2017-01-22,63
2017-01-23,143
2017-01-24,163
2017-01-25,159
2017-01-26,124
2017-01-27,143
2017-01-28,68
2017-01-29,63
2017-01-30,147
2017-01-31,176
2017-02-01,165
2017-02-02,193
2017-02-03,176
2017-02-04,66
2017-02-05,57
2017-02-06,156
2017-02-07,181
2017-02-08,190
2017-02-09,1
2017-02-10,186
2017-02-11,69
2017-02-12,75
2017-02-13,162
2017-02-14,177
2017-02-15,188
2017-02-16,166
2017-02-17,167
2017-02-18,65
2017-02-19,69
2017-02-20,156
2017-02-21,152
2017-02-22,177
2017-02-23,194
2017-02-24,204
2017-02-25,70
2017-02-26,54
2017-02-27,155
2017-02-28,185
2017-03-01,196
2017-03-02,183
2017-03-03,186
2017-03-04,68
2017-03-05,76
2017-03-06,157
2017-03-07,160
2017-03-08,195
2017-03-09,186
2017-03-10,184
2017-03-11,77
2017-03-12,59
2017-03-13,154
2017-03-14,166
2017-03-15,171
2017-03-16,191
2017-03-17,184
2017-03-18,77
2017-03-19,64
2017-03-20,171
2017-03-21,168
2017-03-22,178
2017-03-23,173
2017-03-24,194
2017-03-25,75
2017-03-26,64
2017-03-27,170
2017-03-28,158
2017-03-29,158
2017-03-30,148
2017-03-31,196
2017-04-01,63
2017-04-02,73
2017-04-03,144
2017-04-04,156
2017-04-05,151
2017-04-06,168
2017-04-07,176
2017-04-08,65
2017-04-09,73
2017-04-10,153
2017-04-11,152
2017-04-12,162
2017-04-13,153
2017-04-14,71
2017-04-15,56
2017-04-16,47
2017-04-17,93
2017-04-18,109
2017-04-19,144
2017-04-20,160
2017-04-21,167
2017-04-22,62
2017-04-23,62
2017-04-24,136
2017-04-25,127
2017-04-26,142
2017-04-27,161
2017-04-28,175
2017-04-29,52
2017-04-30,64
2017-05-01,135
2017-05-02,158
2017-05-03,165
2017-05-04,160
2017-05-05,158
2017-05-06,70
2017-05-07,66
2017-05-08,147
2017-05-09,193
2017-05-10,155
2017-05-11,164
2017-05-12,171
2017-05-13,55
2017-05-14,75
2017-05-15,143
2017-05-16,170
2017-05-17,164
2017-05-18,167
2017-05-19,153
2017-05-20,63
2017-05-21,57
2017-05-22,146
2017-05-23,156
2017-05-24,147
2017-05-25,167
2017-05-26,189
2017-05-27,63
2017-05-28,65
2017-05-29,140
2017-05-30,151
2017-05-31,174
2017-06-01,159
2017-06-02,157
2017-06-03,78
2017-06-04,56
2017-06-05,140
2017-06-06,150
2017-06-07,149
2017-06-08,185
2017-06-09,155
2017-06-10,66
2017-06-11,66
2017-06-12,118
2017-06-13,164
2017-06-14,150
2017-06-15,152
2017-06-16,156
2017-06-17,68
2017-06-18,60
2017-06-19,154
2017-06-20,166
2017-06-21,144
2017-06-22,180
2017-06-23,163
2017-06-24,76
2017-06-25,68
2017-06-26,139
2017-06-27,163
2017-06-28,148
2017-06-29,145
2017-06-30,143
2017-07-01,72
2017-07-02,74
2017-07-03,169
2017-07-04,143
2017-07-05,173
2017-07-06,154
2017-07-07,164
2017-07-08,68
2017-07-09,70
2017-07-10,161
2017-07-11,160
2017-07-12,157
2017-07-13,152
2017-07-14,158
2017-07-15,69
2017-07-16,76
2017-07-17,159
2017-07-18,174
2017-07-19,152
2017-07-20,160
2017-07-21,166
2017-07-22,72
2017-07-23,73
2017-07-24,150
2017-07-25,179
2017-07-26,182
2017-07-27,168
2017-07-28,165
2017-07-29,71
2017-07-30,69
2017-07-31,165
2017-08-01,163
2017-08-02,157
2017-08-03,172
2017-08-04,166
2017-08-05,72
2017-08-06,83
2017-08-07,156
2017-08-08,171
2017-08-09,198
2017-08-10,169
2017-08-11,172
2017-08-12,70
2017-08-13,63
2017-08-14,159
2017-08-15,164
2017-08-16,158
2017-08-17,167
2017-08-18,181
2017-08-19,63
2017-08-20,77
2017-08-21,147
2017-08-22,152
2017-08-23,168
2017-08-24,177
2017-08-25,170
2017-08-26,87
2017-08-27,82
2017-08-28,144
2017-08-29,150
2017-08-30,142
2017-08-31,169
2017-09-01,162
2017-09-02,71
2017-09-03,71
2017-09-04,156
2017-09-05,158
2017-09-06,169
2017-09-07,185
2017-09-08,172
2017-09-09,66
2017-09-10,58
2017-09-11,164
2017-09-12,148
2017-09-13,171
2017-09-14,187
2017-09-15,176
2017-09-16,78
2017-09-17,60
2017-09-18,148
2017-09-19,164
2017-09-20,168
2017-09-21,158
2017-09-22,150
2017-09-23,70
2017-09-24,68
2017-09-25,169
2017-09-26,150
2017-09-27,168
2017-09-28,166
2017-09-29,173
2017-09-30,76
2017-10-01,77
2017-10-02,127
2017-10-03,125
2017-10-04,148
2017-10-05,156
2017-10-06,142
2017-10-07,91
2017-10-08,71
2017-10-09,148
2017-10-10,149
2017-10-11,167
2017-10-12,179
2017-10-13,140
2017-10-14,84
2017-10-15,72
2017-10-16,162
2017-10-17,145
2017-10-18,182
2017-10-19,157
2017-10-20,147
2017-10-21,75
2017-10-22,76
2017-10-23,153
2017-10-24,161
2017-10-25,172
2017-10-26,172
2017-10-27,147
2017-10-28,78
2017-10-29,79
2017-10-30,124
2017-10-31,147
2017-11-01,144
2017-11-02,169
2017-11-03,148
2017-11-04,83
2017-11-05,72
2017-11-06,131
2017-11-07,143
2017-11-08,152
2017-11-09,154
2017-11-10,153
2017-11-11,68
2017-11-12,64
2017-11-13,147
2017-11-14,157
2017-11-15,132
2017-11-16,167
2017-11-17,154
2017-11-18,77
2017-11-19,68
2017-11-20,136
2017-11-21,158
2017-11-22,164
2017-11-23,168
2017-11-24,155
2017-11-25,69
2017-11-26,69
2017-11-27,137
2017-11-28,156
2017-11-29,156
2017-11-30,170
2017-12-01,154
2017-12-02,68
2017-12-03,71
2017-12-04,138
2017-12-05,149
2017-12-06,171
2017-12-07,163
2017-12-08,129
2017-12-09,70
2017-12-10,79
2017-12-11,131
2017-12-12,129
2017-12-13,149
2017-12-14,130
2017-12-15,129
2017-12-16,64
2017-12-17,78
2017-12-18,128
2017-12-19,134
2017-12-20,118
2017-12-21,125
2017-12-22,140
2017-12-23,66
2017-12-24,50
2017-12-25,24
2017-12-26,56
2017-12-27,71
2017-12-28,78
2017-12-29,99
2017-12-30,61
2017-12-31,56
2018-01-01,69
2018-01-02,99
2018-01-03,101
2018-01-04,108
2018-01-05,56
2018-01-06,58
2018-01-07,65
2018-01-08,107
2018-01-09,104
2018-01-10,117
2018-01-11,108
2018-01-12,100
2018-01-13,59
2018-01-14,59
2018-01-15,123
2018-01-16,120
2018-01-17,138
2018-01-18,127
2018-01-19,114
2018-01-20,51
2018-01-21,63
2018-01-22,110
2018-01-23,116
2018-01-24,117
2018-01-25,138
2018-01-26,86
2018-01-27,54
2018-01-28,66
2018-01-29,122
2018-01-30,131
2018-01-31,128
2018-02-01,148
2018-02-02,134
2018-02-03,68
2018-02-04,72
2018-02-05,120
2018-02-06,136
2018-02-07,148
2018-02-08,166
2018-02-09,134
2018-02-10,72
2018-02-11,85
2018-02-12,121
2018-02-13,146
2018-02-14,160
2018-02-15,163
2018-02-16,146
2018-02-17,64
2018-02-18,88
2018-02-19,131
2018-02-20,139
2018-02-21,157
2018-02-22,135
2018-02-23,146
2018-02-24,76
2018-02-25,81
2018-02-26,99
2018-02-27,133
2018-02-28,148
2018-03-01,156
2018-03-02,143
2018-03-03,77
2018-03-04,75
2018-03-05,120
2018-03-06,150
2018-03-07,162
2018-03-08,164
2018-03-09,151
2018-03-10,70
2018-03-11,89
2018-03-12,111
2018-03-13,132
2018-03-14,128
2018-03-15,160
2018-03-16,157
2018-03-17,89
2018-03-18,96
2018-03-19,124
2018-03-20,156
2018-03-21,155
2018-03-22,160
2018-03-23,148
2018-03-24,91
2018-03-25,98
2018-03-26,131
2018-03-27,154
2018-03-28,136
2018-03-29,139
2018-03-30,67
2018-03-31,59
2018-04-01,70
2018-04-02,90
2018-04-03,127
2018-04-04,162
2018-04-05,125
2018-04-06,132
2018-04-07,84
2018-04-08,74
2018-04-09,120
2018-04-10,127
2018-04-11,136
2018-04-12,141
2018-04-13,136
2018-04-14,80
2018-04-15,74
2018-04-16,112
2018-04-17,131
2018-04-18,141
2018-04-19,153
2018-04-20,140
2018-04-21,80
2018-04-22,87
2018-04-23,126
2018-04-24,130
2018-04-25,102
2018-04-26,137
2018-04-27,136
2018-04-28,84
2018-04-29,75
2018-04-30,120
2018-05-01,134
2018-05-02,121
2018-05-03,138
2018-05-04,139
2018-05-05,64
2018-05-06,79
2018-05-07,112
2018-05-08,136
2018-05-09,120
2018-05-10,147
2018-05-11,144
2018-05-12,64
2018-05-13,80
2018-05-14,109
2018-05-15,121
2018-05-16,133
2018-05-17,152
2018-05-18,114
2018-05-19,71
2018-05-20,74
2018-05-21,133
2018-05-22,143
2018-05-23,134
2018-05-24,151
2018-05-25,133
2018-05-26,67
2018-05-27,70
2018-05-28,120
2018-05-29,128
2018-05-30,135
2018-05-31,153
2018-06-01,136
2018-06-02,74
2018-06-03,79
2018-06-04,122
2018-06-05,149
2018-06-06,139
2018-06-07,137
2018-06-08,128
2018-06-09,68
2018-06-10,88
2018-06-11,100
2018-06-12,123
2018-06-13,134
2018-06-14,150
2018-06-15,131
2018-06-16,76
2018-06-17,73
2018-06-18,120
2018-06-19,134
2018-06-20,131
2018-06-21,153
2018-06-22,120
2018-06-23,75
2018-06-24,86
2018-06-25,118
2018-06-26,151
2018-06-27,146
2018-06-28,160
2018-06-29,164
2018-06-30,79
2018-07-01,85
2018-07-02,113
2018-07-03,134
2018-07-04,125
2018-07-05,117
2018-07-06,120
2018-07-07,78
2018-07-08,84
2018-07-09,133
2018-07-10,121
2018-07-11,135
2018-07-12,132
2018-07-13,135
2018-07-14,71
2018-07-15,96
2018-07-16,111
2018-07-17,115
2018-07-18,126
2018-07-19,143
2018-07-20,120
2018-07-21,79
2018-07-22,71
2018-07-23,118
2018-07-24,131
2018-07-25,142
2018-07-26,144
2018-07-27,127
2018-07-28,84
2018-07-29,79
2018-07-30,105
2018-07-31,123
2018-08-01,123
2018-08-02,140
2018-08-03,119
2018-08-04,60
2018-08-05,68
2018-08-06,104
2018-08-07,140
2018-08-08,139
2018-08-09,125
2018-08-10,140
2018-08-11,72
2018-08-12,73
2018-08-13,123
2018-08-14,127
2018-08-15,115
2018-08-16,136
2018-08-17,131
2018-08-18,68
2018-08-19,72
2018-08-20,101
2018-08-21,104
2018-08-22,145
2018-08-23,117
2018-08-24,126
2018-08-25,50
2018-08-26,78
2018-08-27,94
2018-08-28,116
2018-08-29,126
2018-08-30,138
2018-08-31,118
2018-09-01,71
2018-09-02,71
2018-09-03,92
2018-09-04,114
2018-09-05,108
2018-09-06,146
2018-09-07,127
2018-09-08,71
2018-09-09,74
2018-09-10,109
2018-09-11,109
2018-09-12,134
2018-09-13,129
2018-09-14,116
2018-09-15,69
2018-09-16,79
2018-09-17,101
2018-09-18,122
2018-09-19,127
2018-09-20,121
2018-09-21,120
2018-09-22,57
2018-09-23,63
2018-09-24,98
2018-09-25,101
2018-09-26,99
2018-09-27,110
2018-09-28,130
2018-09-29,67
2018-09-30,71
2018-10-01,100
2018-10-02,108
2018-10-03,124
2018-10-04,99
2018-10-05,127
2018-10-06,60
2018-10-07,70
2018-10-08,102
2018-10-09,119
2018-10-10,117
2018-10-11,141
2018-10-12,125
2018-10-13,62
2018-10-14,69
2018-10-15,92
2018-10-16,118
2018-10-17,133
2018-10-18,129
2018-10-19,124
2018-10-20,77
2018-10-21,85
2018-10-22,109
2018-10-23,109
2018-10-24,115
2018-10-25,130
2018-10-26,115
2018-10-27,68
2018-10-28,85
2018-10-29,111
2018-10-30,122
2018-10-31,128
2018-11-01,140
2018-11-02,129
2018-11-03,63
2018-11-04,67
2018-11-05,115
2018-11-06,122
2018-11-07,130
2018-11-08,137
2018-11-09,148
2018-11-10,59
2018-11-11,78
2018-11-12,106
2018-11-13,112
2018-11-14,143
2018-11-15,143
2018-11-16,126
2018-11-17,69
2018-11-18,81
2018-11-19,96
2018-11-20,127
2018-11-21,129
2018-11-22,140
2018-11-23,141
2018-11-24,68
2018-11-25,71
2018-11-26,118
2018-11-27,119
2018-11-28,126
2018-11-29,129
2018-11-30,131
2018-12-01,71
2018-12-02,59
2018-12-03,119
2018-12-04,129
2018-12-05,129
2018-12-06,134
2018-12-07,119
2018-12-08,65
2018-12-09,66
2018-12-10,106
2018-12-11,123
2018-12-12,120
2018-12-13,112
2018-12-14,113
2018-12-15,61
2018-12-16,63
2018-12-17,103
2018-12-18,114
2018-12-19,118
2018-12-20,119
2018-12-21,98
2018-12-22,73
2018-12-23,47
2018-12-24,59
2018-12-25,36
2018-12-26,58
2018-12-27,61
2018-12-28,73
2018-12-29,51
2018-12-30,51
2018-12-31,52
2019-01-01,61
2019-01-02,67
2019-01-03,73
2019-01-04,79
2019-01-05,63
2019-01-06,44
2019-01-07,67
2019-01-08,89
2019-01-09,94
2019-01-10,89
2019-01-11,92
2019-01-12,64
2019-01-13,48
2019-01-14,88
2019-01-15,109
2019-01-16,108
2019-01-17,102
2019-01-18,100
2019-01-19,68
2019-01-20,61
2019-01-21,97
2019-01-22,107
2019-01-23,112
2019-01-24,116
2019-01-25,105
2019-01-26,61
2019-01-27,51
2019-01-28,56
2019-01-29,107
2019-01-30,110
2019-01-31,119
2019-02-01,122
2019-02-02,72
2019-02-03,70
2019-02-04,98
2019-02-05,109
2019-02-06,108
2019-02-07,130
2019-02-08,118
2019-02-09,60
2019-02-10,61
2019-02-11,111
2019-02-12,101
2019-02-13,120
2019-02-14,140
2019-02-15,125
2019-02-16,70
2019-02-17,60
2019-02-18,93
2019-02-19,120
2019-02-20,121
2019-02-21,121
2019-02-22,121
2019-02-23,69
2019-02-24,68
2019-02-25,102
2019-02-26,119
2019-02-27,108
2019-02-28,121
2019-03-01,108
2019-03-02,80
2019-03-03,70
2019-03-04,96
2019-03-05,110
2019-03-06,107
2019-03-07,102
2019-03-08,115
2019-03-09,68
2019-03-10,59
2019-03-11,95
2019-03-12,98
2019-03-13,112
2019-03-14,117
2019-03-15,114
2019-03-16,67
2019-03-17,72
2019-03-18,110
2019-03-19,111
2019-03-20,119
2019-03-21,112
2019-03-22,111
2019-03-23,72
2019-03-24,77
2019-03-25,102
2019-03-26,115
2019-03-27,117
2019-03-28,120
2019-03-29,118
2019-03-30,68
2019-03-31,63
2019-04-01,96
2019-04-02,120
2019-04-03,96
2019-04-04,101
2019-04-05,115
2019-04-06,68
2019-04-07,66
2019-04-08,99
2019-04-09,103
2019-04-10,132
2019-04-11,124
2019-04-12,121
2019-04-13,73
2019-04-14,66
2019-04-15,98
2019-04-16,102
2019-04-17,115
2019-04-18,124
2019-04-19,61
2019-04-20,57
2019-04-21,57
2019-04-22,78
2019-04-23,85
2019-04-24,118
2019-04-25,77
2019-04-26,94
2019-04-27,57
2019-04-28,69
2019-04-29,105
2019-04-30,96
2019-05-01,118
2019-05-02,119
2019-05-03,134
2019-05-04,55
2019-05-05,72
2019-05-06,104
2019-05-07,113
2019-05-08,117
2019-05-09,130
2019-05-10,114
2019-05-11,54
2019-05-12,78
2019-05-13,104
2019-05-14,102
2019-05-15,137
2019-05-16,133
2019-05-17,123
2019-05-18,71
2019-05-19,69
2019-05-20,100
2019-05-21,110
2019-05-22,112
2019-05-23,112
2019-05-24,105
2019-05-25,81
2019-05-26,83
2019-05-27,93
2019-05-28,94
2019-05-29,120
2019-05-30,101
2019-05-31,107
2019-06-01,67
2019-06-02,58
2019-06-03,82
2019-06-04,114
2019-06-05,120
2019-06-06,108
2019-06-07,110
2019-06-08,76
2019-06-09,64
2019-06-10,80
2019-06-11,95
2019-06-12,110
2019-06-13,114
2019-06-14,107
2019-06-15,61
2019-06-16,61
2019-06-17,104
2019-06-18,109
2019-06-19,97
2019-06-20,122
2019-06-21,95
2019-06-22,74
2019-06-23,69
2019-06-24,90
2019-06-25,89
2019-06-26,111
2019-06-27,112
2019-06-28,108
2019-06-29,57
2019-06-30,63
2019-07-01,97
2019-07-02,90
2019-07-03,102
2019-07-04,116
2019-07-05,101
2019-07-06,71
2019-07-07,67
2019-07-08,81
2019-07-09,94
2019-07-10,93
2019-07-11,108
2019-07-12,102
2019-07-13,68
2019-07-14,72
2019-07-15,99
2019-07-16,84
2019-07-17,122
2019-07-18,104
2019-07-19,114
2019-07-20,58
2019-07-21,58
2019-07-22,85
2019-07-23,96
2019-07-24,126
2019-07-25,127
2019-07-26,112
2019-07-27,72
2019-07-28,74
2019-07-29,95
2019-07-30,105
2019-07-31,116
2019-08-01,127
2019-08-02,115
2019-08-03,73
2019-08-04,68
2019-08-05,80
2019-08-06,108
2019-08-07,109
2019-08-08,117
2019-08-09,94
2019-08-10,72
2019-08-11,65
2019-08-12,90
2019-08-13,119
2019-08-14,100
2019-08-15,117
2019-08-16,124
2019-08-17,64
2019-08-18,69
2019-08-19,92
2019-08-20,101
2019-08-21,106
2019-08-22,108
2019-08-23,107
2019-08-24,67
2019-08-25,78
2019-08-26,79
2019-08-27,100
2019-08-28,107
2019-08-29,119
2019-08-30,108
2019-08-31,70
2019-09-01,83
2019-09-02,91
2019-09-03,100
2019-09-04,126
2019-09-05,112
2019-09-06,114
2019-09-07,61
2019-09-08,65
2019-09-09,98
2019-09-10,128
2019-09-11,102
2019-09-12,113
2019-09-13,104
2019-09-14,67
2019-09-15,63
2019-09-16,90
2019-09-17,99
2019-09-18,103
2019-09-19,120
2019-09-20,112
2019-09-21,60
2019-09-22,67
2019-09-23,92
2019-09-24,124
2019-09-25,99
2019-09-26,107
2019-09-27,105
2019-09-28,65
2019-09-29,62
2019-09-30,96
2019-10-01,109
2019-10-02,119
2019-10-03,100
2019-10-04,98
2019-10-05,63
2019-10-06,54
2019-10-07,77
2019-10-08,96
2019-10-09,96
2019-10-10,105
2019-10-11,120
2019-10-12,64
2019-10-13,56
2019-10-14,100
2019-10-15,115
2019-10-16,96
2019-10-17,127
2019-10-18,104
2019-10-19,83
2019-10-20,78
2019-10-21,91
2019-10-22,118
2019-10-23,125
2019-10-24,120
2019-10-25,107
2019-10-26,77
2019-10-27,74
2019-10-28,94
2019-10-29,117
2019-10-30,128
2019-10-31,105
2019-11-01,115
2019-11-02,66
2019-11-03,63
2019-11-04,90
2019-11-05,108
2019-11-06,108
2019-11-07,114
2019-11-08,114
2019-11-09,63
2019-11-10,77
2019-11-11,101
2019-11-12,103
2019-11-13,93
2019-11-14,106
2019-11-15,110
2019-11-16,63
2019-11-17,63
2019-11-18,87
2019-11-19,107
2019-11-20,100
2019-11-21,103
2019-11-22,105
2019-11-23,63
2019-11-24,67
2019-11-25,88
2019-11-26,128
2019-11-27,90
2019-11-28,110
2019-11-29,111
2019-11-30,52
2019-12-01,64
2019-12-02,92
2019-12-03,115
2019-12-04,123
2019-12-05,121
2019-12-06,115
2019-12-07,62
2019-12-08,61
2019-12-09,108
2019-12-10,98
2019-12-11,100
2019-12-12,103
2019-12-13,103
2019-12-14,64
2019-12-15,48
2019-12-16,93
2019-12-17,91
2019-12-18,100
2019-12-19,109
2019-12-20,106
2019-12-21,67
2019-12-22,48
2019-12-23,66
2019-12-24,69
2019-12-25,27
2019-12-26,46
2019-12-27,52
2019-12-28,60
2019-12-29,43
2019-12-30,46
2019-12-31,71
2020-01-01,59
2020-01-02,67
2020-01-03,67
2020-01-04,57
2020-01-05,58
2020-01-06,94
2020-01-07,92
2020-01-08,89
2020-01-09,86
2020-01-11,49
2020-01-12,48
2020-01-13,81
2020-01-14,98
2020-01-15,110
2020-01-16,103
2020-01-17,90
2020-01-18,64
2020-01-19,37
2020-01-20,92
2020-01-21,88
2020-01-22,112
2020-01-23,108
2020-01-24,96
2020-01-25,84
2020-01-26,51
2020-01-27,71
2020-01-28,90
2020-01-29,117
2020-01-30,91
2020-01-31,98
2020-02-01,79
2020-02-02,64
2020-02-03,95
2020-02-04,112
2020-02-05,108
2020-02-06,121
2020-02-07,114
2020-02-08,71
2020-02-09,70
2020-02-10,91
2020-02-11,115
2020-02-12,110
2020-02-13,115
2020-02-14,100
2020-02-15,51
2020-02-16,66
2020-02-17,104
2020-02-18,108
2020-02-19,119
2020-02-20,122
2020-02-21,106
2020-02-22,65
2020-02-23,59
2020-02-24,95
2020-02-25,112
2020-02-26,122
2020-02-27,106
2020-02-28,101
2020-02-29,69
2020-03-01,60
2020-03-02,98
2020-03-03,113
2020-03-04,96
2020-03-05,128
2020-03-06,95
2020-03-07,74
2020-03-08,69
2020-03-09,72
2020-03-10,92
2020-03-11,108
2020-03-12,106
2020-03-13,91
2020-03-14,69
2020-03-15,61
2020-03-16,88
2020-03-17,113
2020-03-18,124
2020-03-19,118
2020-03-20,110
2020-03-21,82
2020-03-22,66
2020-03-23,99
2020-03-24,121
2020-03-25,121
2020-03-26,102
2020-03-27,116
2020-03-28,77
2020-03-29,81
2020-03-30,87
2020-03-31,122
2020-04-01,105
2020-04-02,108
2020-04-03,106
2020-04-04,75
2020-04-05,87
2020-04-06,82
2020-04-07,122
2020-04-08,118
2020-04-09,122
2020-04-10,61
2020-04-11,65
2020-04-12,51
2020-04-13,82
2020-04-14,89
2020-04-15,96
2020-04-16,112
2020-04-17,106
2020-04-18,85
2020-04-19,83
2020-04-20,118
2020-04-21,124
2020-04-22,128
2020-04-23,124
2020-04-24,127
2020-04-25,81
2020-04-26,78
2020-04-27,100
2020-04-28,142
2020-04-29,125
2020-04-30,128
2020-05-01,135
2020-05-02,75
2020-05-03,82
2020-05-04,112
2020-05-05,129
2020-05-06,163
2020-05-07,132
2020-05-08,120
2020-05-09,82
2020-05-10,69
2020-05-11,110
2020-05-12,159
2020-05-13,136
2020-05-14,123
2020-05-15,141
2020-05-16,81
2020-05-17,85
2020-05-18,130
2020-05-19,136
2020-05-20,141
2020-05-21,158
2020-05-22,128
2020-05-23,76
2020-05-24,84
2020-05-25,122
2020-05-26,131
2020-05-27,160
2020-05-28,143
2020-05-29,131
2020-05-30,86
2020-05-31,105
2020-06-01,129
2020-06-02,157
2020-06-03,157
2020-06-04,142
2020-06-05,137
2020-06-06,88
2020-06-07,85
2020-06-08,117
2020-06-09,132
2020-06-10,148
2020-06-11,150
2020-06-12,143
2020-06-13,99
2020-06-14,77
2020-06-15,123
2020-06-16,154
2020-06-17,177
2020-06-18,161
2020-06-19,149
2020-06-20,82
2020-06-21,75
2020-06-22,134
2020-06-23,141
2020-06-24,147
2020-06-25,136
2020-06-26,147
2020-06-27,89
2020-06-28,74
2020-06-29,118
2020-06-30,141
2020-07-01,142
2020-07-02,144
2020-07-03,144
2020-07-04,95
2020-07-05,70
2020-07-06,115
2020-07-07,137
2020-07-08,143
2020-07-09,138
2020-07-10,134
2020-07-11,75
2020-07-12,77
2020-07-13,126
2020-07-14,139
2020-07-15,146
2020-07-16,140
2020-07-17,133
2020-07-18,79
2020-07-19,83
2020-07-20,120
2020-07-21,127
2020-07-22,139
2020-07-23,129
2020-07-24,136
2020-07-25,76
2020-07-26,80
2020-07-27,105
2020-07-28,133
2020-07-29,132
2020-07-30,154
2020-07-31,152
2020-08-01,89
2020-08-02,71
2020-08-03,114
2020-08-04,142
2020-08-05,128
2020-08-06,131
2020-08-07,126
2020-08-08,91
2020-08-09,79
2020-08-10,130
2020-08-11,131
2020-08-12,152
2020-08-13,152
2020-08-14,148
2020-08-15,97
2020-08-16,83
2020-08-17,126
2020-08-18,140
2020-08-19,150
2020-08-20,156
2020-08-21,140
2020-08-22,95
2020-08-23,84
2020-08-24,124
2020-08-25,148
2020-08-26,139
2020-08-27,167
2020-08-28,145
2020-08-29,81
2020-08-30,81
2020-08-31,128
2020-09-01,143
2020-09-02,146
2020-09-03,148
2020-09-04,132
2020-09-05,87
2020-09-06,79
2020-09-07,121
2020-09-08,144
2020-09-09,128
2020-09-10,150
2020-09-11,129
2020-09-12,81
2020-09-13,96
2020-09-14,127
2020-09-15,133
2020-09-16,135
2020-09-17,130
2020-09-18,127
2020-09-19,95
2020-09-20,86
2020-09-21,126
2020-09-22,135
2020-09-23,151
2020-09-24,163
2020-09-25,148
2020-09-26,80
2020-09-27,80
2020-09-28,107
2020-09-29,119
2020-09-30,131
2020-10-01,130
2020-10-02,121
2020-10-03,89
2020-10-04,74
2020-10-05,105
2020-10-06,134
2020-10-07,126
2020-10-08,146
2020-10-09,126
2020-10-10,69
2020-10-11,93
2020-10-12,125
2020-10-13,131
2020-10-14,124
2020-10-15,141
2020-10-16,133
2020-10-17,97
2020-10-18,101
2020-10-19,116
2020-10-20,133
2020-10-21,124
2020-10-22,146
2020-10-23,136
2020-10-24,75
2020-10-25,85
2020-10-26,130
2020-10-27,126
2020-10-28,135
2020-10-29,149
2020-10-30,121
2020-10-31,96
2020-11-01,80
2020-11-02,135
2020-11-03,134
2020-11-04,142
2020-11-05,130
2020-11-06,121
2020-11-07,76
2020-11-08,102
2020-11-09,127
2020-11-10,147
2020-11-11,141
2020-11-12,139
2020-11-13,134
2020-11-14,88
2020-11-15,84
2020-11-16,133
2020-11-17,139
2020-11-18,143
2020-11-19,161
2020-11-20,114
2020-11-21,75
2020-11-22,79
2020-11-23,128
2020-11-24,135
2020-11-25,140
2020-11-26,135
2020-11-27,134
2020-11-28,60
2020-11-29,85
2020-11-30,145
2020-12-01,144
2020-12-02,149
2020-12-03,145
2020-12-04,118
2020-12-05,62
2020-12-06,71
2020-12-07,128
2020-12-08,131
2020-12-09,132
2020-12-10,151
2020-12-11,128
2020-12-12,70
2020-12-13,82
2020-12-14,130
2020-12-15,129
2020-12-16,133
2020-12-17,138
2020-12-18,132
2020-12-19,75
2020-12-20,69
2020-12-21,100
2020-12-22,112
2020-12-23,100
2020-12-24,89
2020-12-25,38
2020-12-26,51
2020-12-27,50
2020-12-28,64
2020-12-29,84
2020-12-30,84
2020-12-31,80
2021-01-01,73
2021-01-02,65
2021-01-03,42
2021-01-04,73
2021-01-05,111
2021-01-06,109
2021-01-07,117
2021-01-08,113
2021-01-09,74
2021-01-10,71
2021-01-11,113
2021-01-12,115
2021-01-13,119
2021-01-14,124
2021-01-15,102
2021-01-16,70
2021-01-17,69
2021-01-18,112
2021-01-19,119
2021-01-20,142
2021-01-21,129
2021-01-22,135
2021-01-23,86
2021-01-24,79
2021-01-25,108
2021-01-26,89
2021-01-27,119
2021-01-28,135
2021-01-29,124
2021-01-30,56
2021-01-31,78
2021-02-01,110
2021-02-02,121
2021-02-03,158
2021-02-04,136
2021-02-05,122
2021-02-06,86
2021-02-07,75
2021-02-08,120
2021-02-09,140
2021-02-10,142
2021-02-11,162
2021-02-12,133
2021-02-13,86
2021-02-14,89
2021-02-15,114
2021-02-16,130
2021-02-17,137
2021-02-18,153
2021-02-19,125
2021-02-20,74
2021-02-21,83
2021-02-22,126
2021-02-23,150
2021-02-24,138
2021-02-25,162
2021-02-26,136
2021-02-27,88
2021-02-28,85
2021-03-01,117
2021-03-02,122
2021-03-03,142
2021-03-04,140
2021-03-05,121
2021-03-06,72
2021-03-07,76
2021-03-08,91
2021-03-09,119
2021-03-10,138
2021-03-11,150
2021-03-12,116
2021-03-13,68
2021-03-14,79
2021-03-15,128
2021-03-16,111
2021-03-17,95
2021-03-18,90
2021-03-19,65
2021-03-20,51
2021-03-21,44
2021-03-22,81
2021-03-23,68
2021-03-24,60
2021-03-25,40
2021-03-26,27
2021-03-27,12
2021-03-28,24
2021-03-29,28
2021-03-30,54
2021-03-31,42
2021-04-01,34
2021-04-02,17
2021-04-03,17
2021-04-04,18
2021-04-05,22
2021-04-06,25
2021-04-07,34
2021-04-08,36
2021-04-09,47
2021-04-10,17
2021-04-11,18
2021-04-12,30
2021-04-13,38
2021-04-14,34
2021-04-15,38
2021-04-16,21
2021-04-17,9
2021-04-18,13
2021-04-19,36
2021-04-20,29
2021-04-21,29
2021-04-22,41
2021-04-23,20
2021-04-24,8
2021-04-25,21
2021-04-26,35
2021-04-27,30
2021-04-28,38
2021-04-29,41
2021-04-30,27
2021-05-01,12
2021-05-02,17
2021-05-03,33
2021-05-04,39
2021-05-05,40
2021-05-06,33
2021-05-07,32
2021-05-08,15
2021-05-09,15
2021-05-10,30
2021-05-11,62
2021-05-12,47
2021-05-13,49
2021-05-14,26
2021-05-15,5
2021-05-16,21
2021-05-17,26
2021-05-18,46
2021-05-19,38
2021-05-20,40
2021-05-21,18
2021-05-22,10
2021-05-23,16
2021-05-24,33
2021-05-25,39
2021-05-26,45
2021-05-27,46
2021-05-28,40
2021-05-29,6
2021-05-30,17
2021-05-31,37
2021-06-01,35
2021-06-02,43
2021-06-03,42
2021-06-04,32
2021-06-05,6
2021-06-06,15
2021-06-07,31
2021-06-08,41
2021-06-09,46
2021-06-10,33
2021-06-11,32
2021-06-12,11
2021-06-13,18
2021-06-14,37
2021-06-15,36
2021-06-16,50
2021-06-17,40
2021-06-18,32
2021-06-19,9
2021-06-20,15
2021-06-21,33
2021-06-22,45
2021-06-23,42
2021-06-24,51
2021-06-25,29
2021-06-26,13
2021-06-27,22
2021-06-28,45
2021-06-29,58
2021-06-30,47
2021-07-01,38
2021-07-02,36
2021-07-03,18
2021-07-04,18
2021-07-05,37
2021-07-06,42
2021-07-07,45
2021-07-08,52
2021-07-09,33
2021-07-10,8
2021-07-11,17
2021-07-12,40
2021-07-13,38
2021-07-14,52
2021-07-15,40
2021-07-16,28
2021-07-17,10
2021-07-18,19
2021-07-19,33
2021-07-20,37
2021-07-21,41
2021-07-22,45
2021-07-23,33
2021-07-24,13
2021-07-25,16
2021-07-26,34
2021-07-27,45
2021-07-28,37
2021-07-29,42
2021-07-30,28
2021-07-31,10
2021-08-01,19
2021-08-02,44
2021-08-03,45
2021-08-04,54
2021-08-05,51
2021-08-06,1
2021-08-07,12
2021-08-08,13
2021-08-09,43
2021-08-10,39
2021-08-11,43
2021-08-12,41
2021-08-13,27
2021-08-14,14
2021-08-15,29
2021-08-16,53
2021-08-17,45
2021-08-18,47
2021-08-19,45
2021-08-20,34
2021-08-21,16
2021-08-22,17
2021-08-23,57
2021-08-24,52
2021-08-25,51
2021-08-26,40
2021-08-27,34
2021-08-28,10
2021-08-29,26
2021-08-30,36
2021-08-31,32
2021-09-01,39
2021-09-02,43
2021-09-03,37
2021-09-04,8
2021-09-05,16
2021-09-06,38
2021-09-07,46
2021-09-08,43
2021-09-09,45
2021-09-10,28
2021-09-11,7
2021-09-12,19
2021-09-13,41
2021-09-14,42
2021-09-15,37
2021-09-16,44
2021-09-17,28
2021-09-18,15
2021-09-19,23
2021-09-20,35
2021-09-21,50
2021-09-22,59
2021-09-23,54
2021-09-24,27
2021-09-25,15
2021-09-26,24
2021-09-27,41
2021-09-28,45
2021-09-29,49
2021-09-30,53
2021-10-01,38
2021-10-02,10
2021-10-03,28
2021-10-04,44
2021-10-05,46
2021-10-06,43
2021-10-07,34
2021-10-08,35
2021-10-09,6
2021-10-10,8
2021-10-11,47
2021-10-12,51
2021-10-13,35
2021-10-14,44
2021-10-15,40
2021-10-16,11
2021-10-17,21
2021-10-18,36
2021-10-19,42
2021-10-20,44
2021-10-21,46
2021-10-22,36
2021-10-23,5
2021-10-24,13
2021-10-25,41
2021-10-26,37
2021-10-27,38
2021-10-28,45
2021-10-29,34
2021-10-30,9
2021-10-31,21
2021-11-01,43
2021-11-02,35
2021-11-03,31
2021-11-04,43
2021-11-05,30
2021-11-06,15
2021-11-07,13
2021-11-08,33
2021-11-09,45
2021-11-10,40
2021-11-11,35
2021-11-12,36
2021-11-13,13
2021-11-14,23
2021-11-15,36
2021-11-16,43
2021-11-17,43
2021-11-18,37
2021-11-19,32
2021-11-20,12
2021-11-21,21
2021-11-22,40
2021-11-23,48
2021-11-24,42
2021-11-25,44
2021-11-26,31
2021-11-27,10
2021-11-28,15
2021-11-29,41
2021-11-30,38
2021-12-01,60
2021-12-02,67
2021-12-03,44
2021-12-04,26
2021-12-05,20
2021-12-06,52
2021-12-07,52
2021-12-08,50
2021-12-09,57
2021-12-10,47
2021-12-11,7
2021-12-12,11
2021-12-13,57
2021-12-14,54
2021-12-15,45
2021-12-16,37
2021-12-17,37
2021-12-18,11
2021-12-19,20
2021-12-20,25
2021-12-21,34
2021-12-22,43
2021-12-23,31
2021-12-24,31
2021-12-25,9
2021-12-26,9
2021-12-27,31
2021-12-28,34
2021-12-29,28
2021-12-30,28
2021-12-31,37
