date,sentiment_headline_count,mean_sentiment,median_sentiment,mean_positive_score,mean_negative_score,mean_neutral_score,positive_headlines,negative_headlines,neutral_headlines,positive_headline_share,negative_headline_share,neutral_headline_share,market_headline_count,market_mean_sentiment,market_median_sentiment,market_mean_positive_score,market_mean_negative_score,market_mean_neutral_score,market_positive_headlines,market_negative_headlines,market_neutral_headlines,market_positive_headline_share,market_negative_headline_share,market_neutral_headline_share,supply_headline_count,supply_mean_sentiment,supply_median_sentiment,supply_mean_positive_score,supply_mean_negative_score,supply_mean_neutral_score,supply_positive_headlines,supply_negative_headlines,supply_neutral_headlines,supply_positive_headline_share,supply_negative_headline_share,supply_neutral_headline_share,consumer_headline_count,consumer_mean_sentiment,consumer_median_sentiment,consumer_mean_positive_score,consumer_mean_negative_score,consumer_mean_neutral_score,consumer_positive_headlines,consumer_negative_headlines,consumer_neutral_headlines,consumer_positive_headline_share,consumer_negative_headline_share,consumer_neutral_headline_share
2003-02-20,2,0.0,0.0,0.0,0.0,1.0,0,0,2,0.0,0.0,1.0,1,0.0,0.0,0.0,0.0,1.0,0,0,1,0.0,0.0,1.0,0,,,,,,0,0,0,,,,1,0.0,0.0,0.0,0.0,1.0,0,0,1,0.0,0.0,1.0
2003-02-21,3,-0.1744,-0.25,0.0,0.16033333333333333,0.8396666666666667,0,2,1,0.0,0.6666666666666666,0.3333333333333333,0,,,,,,0,0,0,,,,0,,,,,,0,0,0,,,,3,-0.1744,-0.25,0.0,0.16033333333333333,0.8396666666666667,0,2,1,0.0,0.6666666666666666,0.3333333333333333
2003-02-22,2,0.2294,0.2294,0.15,0.0,0.85,1,0,1,0.5,0.0,0.5,1,0.0,0.0,0.0,0.0,1.0,0,0,1,0.0,0.0,1.0,0,,,,,,0,0,0,,,,1,0.4588,0.4588,0.3,0.0,0.7,1,0,0,1.0,0.0,0.0
2003-02-23,1,0.4847,0.4847,0.344,0.0,0.656,1,0,0,1.0,0.0,0.0,0,,,,,,0,0,0,,,,1,0.4847,0.4847,0.344,0.0,0.656,1,0,0,1.0,0.0,0.0,0,,,,,,0,0,0,,,
2003-02-26,4,-0.16297499999999998,-0.125,0.0,0.15775,0.8422499999999999,0,2,2,0.0,0.5,0.5,0,,,,,,0,0,0,,,,1,-0.4019,-0.4019,0.0,0.381,0.619,0,1,0,0.0,1.0,0.0,3,-0.08333333333333333,0.0,0.0,0.08333333333333333,0.9166666666666666,0,1,2,0.0,0.3333333333333333,0.6666666666666666
2003-02-27,2,0.17,0.17,0.1475,0.085,0.768,1,0,1,0.5,0.0,0.5,2,0.17,0.17,0.1475,0.085,0.768,1,0,1,0.5,0.0,0.5,0,,,,,,0,0,0,,,,0,,,,,,0,0,0,,,
2003-02-28,3,0.0,0.0,0.0,0.0,1.0,0,0,3,0.0,0.0,1.0,2,0.0,0.0,0.0,0.0,1.0,0,0,2,0.0,0.0,1.0,0,,,,,,0,0,0,,,,1,0.0,0.0,0.0,0.0,1.0,0,0,1,0.0,0.0,1.0
2003-03-03,1,0.0,0.0,0.0,0.0,1.0,0,0,1,0.0,0.0,1.0,0,,,,,,0,0,0,,,,0,,,,,,0,0,0,,,,1,0.0,0.0,0.0,0.0,1.0,0,0,1,0.0,0.0,1.0
2003-03-04,1,0.0,0.0,0.0,0.0,1.0,0,0,1,0.0,0.0,1.0,0,,,,,,0,0,0,,,,0,,,,,,0,0,0,,,,1,0.0,0.0,0.0,0.0,1.0,0,0,1,0.0,0.0,1.0
2003-03-06,1,0.4939,0.4939,0.39,0.0,0.61,1,0,0,1.0,0.0,0.0,0,,,,,,0,0,0,,,,1,0.4939,0.4939,0.39,0.0,0.61,1,0,0,1.0,0.0,0.0,0,,,,,,0,0,0,,,
2003-03-08,1,-0.4215,-0.4215,0.0,0.359,0.641,0,1,0,0.0,1.0,0.0,0,,,,,,0,0,0,,,,1,-0.4215,-0.4215,0.0,0.359,0.641,0,1,0,0.0,1.0,0.0,0,,,,,,0,0,0,,,
2003-03-11,1,0.4939,0.4939,0.348,0.0,0.652,1,0,0,1.0,0.0,0.0,0,,,,,,0,0,0,,,,1,0.4939,0.4939,0.348,0.0,0.652,1,0,0,1.0,0.0,0.0,0,,,,,,0,0,0,,,
2003-03-14,1,0.0,0.0,0.0,0.0,1.0,0,0,1,0.0,0.0,1.0,0,,,,,,0,0,0,,,,0,,,,,,0,0,0,,,,1,0.0,0.0,0.0,0.0,1.0,0,0,1,0.0,0.0,1.0
2003-03-19,2,-0.58565,-0.58565,0.0,0.3875,0.6125,0,2,0,0.0,1.0,0.0,1,-0.5719,-0.5719,0.0,0.381,0.619,0,1,0,0.0,1.0,0.0,0,,,,,,0,0,0,,,,1,-0.5994,-0.5994,0.0,0.394,0.606,0,1,0,0.0,1.0,0.0
2003-03-20,4,-0.19432500000000003,-0.08895,0.053,0.16925,0.7777499999999999,0,2,2,0.0,0.5,0.5,0,,,,,,0,0,0,,,,3,-0.0593,0.0,0.07066666666666667,0.09433333333333332,0.835,0,1,2,0.0,0.3333333333333333,0.6666666666666666,1,-0.5994,-0.5994,0.0,0.394,0.606,0,1,0,0.0,1.0,0.0
2003-03-21,2,-0.2997,-0.2997,0.0,0.164,0.8360000000000001,0,1,1,0.0,0.5,0.5,1,-0.5994,-0.5994,0.0,0.328,0.672,0,1,0,0.0,1.0,0.0,2,-0.2997,-0.2997,0.0,0.164,0.8360000000000001,0,1,1,0.0,0.5,0.5,0,,,,,,0,0,0,,,
2003-03-22,2,0.125,0.125,0.111,0.0,0.889,1,0,1,0.5,0.0,0.5,1,0.25,0.25,0.222,0.0,0.778,1,0,0,1.0,0.0,0.0,1,0.0,0.0,0.0,0.0,1.0,0,0,1,0.0,0.0,1.0,0,,,,,,0,0,0,,,
2003-03-23,4,-0.25522500000000004,-0.21075,0.0,0.178,0.8220000000000001,0,2,2,0.0,0.5,0.5,0,,,,,,0,0,0,,,,3,-0.14049999999999999,0.0,0.0,0.106,0.894,0,1,2,0.0,0.3333333333333333,0.6666666666666666,1,-0.5994,-0.5994,0.0,0.394,0.606,0,1,0,0.0,1.0,0.0
2003-03-24,4,0.074875,0.11315,0.18725,0.087,0.72575,2,1,1,0.5,0.25,0.25,1,-0.1531,-0.1531,0.295,0.348,0.357,0,1,0,0.0,1.0,0.0,4,0.074875,0.11315,0.18725,0.087,0.72575,2,1,1,0.5,0.25,0.25,0,,,,,,0,0,0,,,
2003-03-25,2,0.07415,0.07415,0.206,0.172,0.622,1,1,0,0.5,0.5,0.0,0,,,,,,0,0,0,,,,1,0.4215,0.4215,0.412,0.0,0.588,1,0,0,1.0,0.0,0.0,1,-0.2732,-0.2732,0.0,0.344,0.656,0,1,0,0.0,1.0,0.0
2003-03-28,4,-0.035150000000000015,0.0,0.10725,0.0985,0.79425,1,1,2,0.25,0.25,0.5,0,,,,,,0,0,0,,,,3,-0.04686666666666669,0.0,0.143,0.13133333333333333,0.7256666666666667,1,1,1,0.3333333333333333,0.3333333333333333,0.3333333333333333,1,0.0,0.0,0.0,0.0,1.0,0,0,1,0.0,0.0,1.0
2003-03-29,1,-0.296,-0.296,0.0,0.355,0.645,0,1,0,0.0,1.0,0.0,0,,,,,,0,0,0,,,,0,,,,,,0,0,0,,,,1,-0.296,-0.296,0.0,0.355,0.645,0,1,0,0.0,1.0,0.0
2003-03-30,3,-0.5107,-0.4939,0.031,0.39266666666666666,0.5763333333333334,0,3,0,0.0,1.0,0.0,0,,,,,,0,0,0,,,,3,-0.5107,-0.4939,0.031,0.39266666666666666,0.5763333333333334,0,3,0,0.0,1.0,0.0,0,,,,,,0,0,0,,,
2003-03-31,3,0.16623333333333332,0.0772,0.19400000000000003,0.08066666666666666,0.7253333333333334,2,0,1,0.6666666666666666,0.0,0.3333333333333333,0,,,,,,0,0,0,,,,2,0.0386,0.0386,0.1615,0.121,0.7175,1,0,1,0.5,0.0,0.5,1,0.4215,0.4215,0.259,0.0,0.741,1,0,0,1.0,0.0,0.0
2003-04-02,1,-0.2732,-0.2732,0.0,0.259,0.741,0,1,0,0.0,1.0,0.0,0,,,,,,0,0,0,,,,0,,,,,,0,0,0,,,,1,-0.2732,-0.2732,0.0,0.259,0.741,0,1,0,0.0,1.0,0.0
2003-04-07,1,0.4215,0.4215,0.286,0.0,0.714,1,0,0,1.0,0.0,0.0,0,,,,,,0,0,0,,,,1,0.4215,0.4215,0.286,0.0,0.714,1,0,0,1.0,0.0,0.0,0,,,,,,0,0,0,,,
2003-04-08,1,-0.296,-0.296,0.0,0.268,0.732,0,1,0,0.0,1.0,0.0,0,,,,,,0,0,0,,,,1,-0.296,-0.296,0.0,0.268,0.732,0,1,0,0.0,1.0,0.0,0,,,,,,0,0,0,,,
2003-04-12,1,-0.5106,-0.5106,0.0,0.32,0.68,0,1,0,0.0,1.0,0.0,0,,,,,,0,0,0,,,,1,-0.5106,-0.5106,0.0,0.32,0.68,0,1,0,0.0,1.0,0.0,0,,,,,,0,0,0,,,
2003-04-15,1,0.4019,0.4019,0.31,0.0,0.69,1,0,0,1.0,0.0,0.0,0,,,,,,0,0,0,,,,1,0.4019,0.4019,0.31,0.0,0.69,1,0,0,1.0,0.0,0.0,0,,,,,,0,0,0,,,
2003-04-16,1,0.0,0.0,0.0,0.0,1.0,0,0,1,0.0,0.0,1.0,0,,,,,,0,0,0,,,,1,0.0,0.0,0.0,0.0,1.0,0,0,1,0.0,0.0,1.0,0,,,,,,0,0,0,,,
2003-04-18,1,-0.5574,-0.5574,0.0,0.479,0.521,0,1,0,0.0,1.0,0.0,0,,,,,,0,0,0,,,,0,,,,,,0,0,0,,,,1,-0.5574,-0.5574,0.0,0.479,0.521,0,1,0,0.0,1.0,0.0
2003-04-21,1,0.0,0.0,0.0,0.0,1.0,0,0,1,0.0,0.0,1.0,0,,,,,,0,0,0,,,,1,0.0,0.0,0.0,0.0,1.0,0,0,1,0.0,0.0,1.0,0,,,,,,0,0,0,,,
2003-04-24,1,0.0,0.0,0.0,0.0,1.0,0,0,1,0.0,0.0,1.0,1,0.0,0.0,0.0,0.0,1.0,0,0,1,0.0,0.0,1.0,0,,,,,,0,0,0,,,,0,,,,,,0,0,0,,,
2003-04-25,1,-0.296,-0.296,0.0,0.268,0.732,0,1,0,0.0,1.0,0.0,1,-0.296,-0.296,0.0,0.268,0.732,0,1,0,0.0,1.0,0.0,1,-0.296,-0.296,0.0,0.268,0.732,0,1,0,0.0,1.0,0.0,0,,,,,,0,0,0,,,
2003-05-06,2,-0.148,-0.148,0.0,0.1195,0.8805000000000001,0,1,1,0.0,0.5,0.5,0,,,,,,0,0,0,,,,1,0.0,0.0,0.0,0.0,1.0,0,0,1,0.0,0.0,1.0,1,-0.296,-0.296,0.0,0.239,0.761,0,1,0,0.0,1.0,0.0
2003-05-08,1,0.0,0.0,0.0,0.0,1.0,0,0,1,0.0,0.0,1.0,0,,,,,,0,0,0,,,,0,,,,,,0,0,0,,,,1,0.0,0.0,0.0,0.0,1.0,0,0,1,0.0,0.0,1.0
2003-05-10,1,0.0,0.0,0.0,0.0,1.0,0,0,1,0.0,0.0,1.0,0,,,,,,0,0,0,,,,1,0.0,0.0,0.0,0.0,1.0,0,0,1,0.0,0.0,1.0,0,,,,,,0,0,0,,,
2003-05-16,1,0.0,0.0,0.0,0.0,1.0,0,0,1,0.0,0.0,1.0,0,,,,,,0,0,0,,,,0,,,,,,0,0,0,,,,1,0.0,0.0,0.0,0.0,1.0,0,0,1,0.0,0.0,1.0
2003-05-22,2,0.1806,0.1806,0.1315,0.0,0.8685,1,0,1,0.5,0.0,0.5,0,,,,,,0,0,0,,,,1,0.3612,0.3612,0.263,0.0,0.737,1,0,0,1.0,0.0,0.0,1,0.0,0.0,0.0,0.0,1.0,0,0,1,0.0,0.0,1.0
2003-05-23,1,-0.25,-0.25,0.0,0.286,0.714,0,1,0,0.0,1.0,0.0,0,,,,,,0,0,0,,,,0,,,,,,0,0,0,,,,1,-0.25,-0.25,0.0,0.286,0.714,0,1,0,0.0,1.0,0.0
2003-05-24,1,0.0,0.0,0.0,0.0,1.0,0,0,1,0.0,0.0,1.0,0,,,,,,0,0,0,,,,1,0.0,0.0,0.0,0.0,1.0,0,0,1,0.0,0.0,1.0,0,,,,,,0,0,0,,,
2003-05-25,1,0.0,0.0,0.0,0.0,1.0,0,0,1,0.0,0.0,1.0,0,,,,,,0,0,0,,,,1,0.0,0.0,0.0,0.0,1.0,0,0,1,0.0,0.0,1.0,0,,,,,,0,0,0,,,
2003-05-26,1,-0.4939,-0.4939,0.0,0.39,0.61,0,1,0,0.0,1.0,0.0,0,,,,,,0,0,0,,,,1,-0.4939,-0.4939,0.0,0.39,0.61,0,1,0,0.0,1.0,0.0,0,,,,,,0,0,0,,,
2003-05-28,1,0.4019,0.4019,0.403,0.0,0.597,1,0,0,1.0,0.0,0.0,0,,,,,,0,0,0,,,,0,,,,,,0,0,0,,,,1,0.4019,0.4019,0.403,0.0,0.597,1,0,0,1.0,0.0,0.0
2003-05-29,1,0.296,0.296,0.395,0.256,0.349,1,0,0,1.0,0.0,0.0,0,,,,,,0,0,0,,,,0,,,,,,0,0,0,,,,1,0.296,0.296,0.395,0.256,0.349,1,0,0,1.0,0.0,0.0
2003-06-06,1,-0.0516,-0.0516,0.0,0.146,0.854,0,1,0,0.0,1.0,0.0,0,,,,,,0,0,0,,,,0,,,,,,0,0,0,,,,1,-0.0516,-0.0516,0.0,0.146,0.854,0,1,0,0.0,1.0,0.0
2003-06-11,1,0.0,0.0,0.0,0.0,1.0,0,0,1,0.0,0.0,1.0,0,,,,,,0,0,0,,,,1,0.0,0.0,0.0,0.0,1.0,0,0,1,0.0,0.0,1.0,0,,,,,,0,0,0,,,
2003-06-12,1,-0.25,-0.25,0.0,0.333,0.667,0,1,0,0.0,1.0,0.0,0,,,,,,0,0,0,,,,0,,,,,,0,0,0,,,,1,-0.25,-0.25,0.0,0.333,0.667,0,1,0,0.0,1.0,0.0
2003-06-13,1,0.0,0.0,0.0,0.0,1.0,0,0,1,0.0,0.0,1.0,0,,,,,,0,0,0,,,,1,0.0,0.0,0.0,0.0,1.0,0,0,1,0.0,0.0,1.0,0,,,,,,0,0,0,,,
2003-06-14,1,0.0,0.0,0.0,0.0,1.0,0,0,1,0.0,0.0,1.0,0,,,,,,0,0,0,,,,1,0.0,0.0,0.0,0.0,1.0,0,0,1,0.0,0.0,1.0,0,,,,,,0,0,0,,,
2003-06-18,1,0.3612,0.3612,0.294,0.0,0.706,1,0,0,1.0,0.0,0.0,0,,,,,,0,0,0,,,,1,0.3612,0.3612,0.294,0.0,0.706,1,0,0,1.0,0.0,0.0,0,,,,,,0,0,0,,,
2003-06-19,1,0.0,0.0,0.0,0.0,1.0,0,0,1,0.0,0.0,1.0,0,,,,,,0,0,0,,,,1,0.0,0.0,0.0,0.0,1.0,0,0,1,0.0,0.0,1.0,0,,,,,,0,0,0,,,
2003-06-21,1,-0.296,-0.296,0.0,0.268,0.732,0,1,0,0.0,1.0,0.0,0,,,,,,0,0,0,,,,1,-0.296,-0.296,0.0,0.268,0.732,0,1,0,0.0,1.0,0.0,0,,,,,,0,0,0,,,
2003-06-22,3,-0.25286666666666663,-0.3182,0.0,0.26166666666666666,0.7383333333333333,0,2,1,0.0,0.6666666666666666,0.3333333333333333,0,,,,,,0,0,0,,,,3,-0.25286666666666663,-0.3182,0.0,0.26166666666666666,0.7383333333333333,0,2,1,0.0,0.6666666666666666,0.3333333333333333,0,,,,,,0,0,0,,,
2003-06-26,1,-0.4404,-0.4404,0.0,0.326,0.674,0,1,0,0.0,1.0,0.0,0,,,,,,0,0,0,,,,1,-0.4404,-0.4404,0.0,0.326,0.674,0,1,0,0.0,1.0,0.0,0,,,,,,0,0,0,,,
2003-06-28,1,0.5423,0.5423,0.529,0.0,0.471,1,0,0,1.0,0.0,0.0,0,,,,,,0,0,0,,,,0,,,,,,0,0,0,,,,1,0.5423,0.5423,0.529,0.0,0.471,1,0,0,1.0,0.0,0.0
2003-07-01,1,-0.4404,-0.4404,0.0,0.367,0.633,0,1,0,0.0,1.0,0.0,0,,,,,,0,0,0,,,,0,,,,,,0,0,0,,,,1,-0.4404,-0.4404,0.0,0.367,0.633,0,1,0,0.0,1.0,0.0
2003-07-02,1,-0.2732,-0.2732,0.0,0.259,0.741,0,1,0,0.0,1.0,0.0,0,,,,,,0,0,0,,,,0,,,,,,0,0,0,,,,1,-0.2732,-0.2732,0.0,0.259,0.741,0,1,0,0.0,1.0,0.0
2003-07-04,1,0.0,0.0,0.0,0.0,1.0,0,0,1,0.0,0.0,1.0,0,,,,,,0,0,0,,,,0,,,,,,0,0,0,,,,1,0.0,0.0,0.0,0.0,1.0,0,0,1,0.0,0.0,1.0
2003-07-08,1,-0.128,-0.128,0.0,0.2,0.8,0,1,0,0.0,1.0,0.0,0,,,,,,0,0,0,,,,1,-0.128,-0.128,0.0,0.2,0.8,0,1,0,0.0,1.0,0.0,0,,,,,,0,0,0,,,
2003-07-10,1,0.0,0.0,0.0,0.0,1.0,0,0,1,0.0,0.0,1.0,0,,,,,,0,0,0,,,,0,,,,,,0,0,0,,,,1,0.0,0.0,0.0,0.0,1.0,0,0,1,0.0,0.0,1.0
2003-07-14,1,0.0,0.0,0.0,0.0,1.0,0,0,1,0.0,0.0,1.0,0,,,,,,0,0,0,,,,1,0.0,0.0,0.0,0.0,1.0,0,0,1,0.0,0.0,1.0,0,,,,,,0,0,0,,,
2003-07-18,1,0.4019,0.4019,0.31,0.0,0.69,1,0,0,1.0,0.0,0.0,0,,,,,,0,0,0,,,,1,0.4019,0.4019,0.31,0.0,0.69,1,0,0,1.0,0.0,0.0,0,,,,,,0,0,0,,,
2003-07-19,1,0.4019,0.4019,0.403,0.0,0.597,1,0,0,1.0,0.0,0.0,0,,,,,,0,0,0,,,,1,0.4019,0.4019,0.403,0.0,0.597,1,0,0,1.0,0.0,0.0,0,,,,,,0,0,0,,,
2003-07-21,1,0.25,0.25,0.25,0.0,0.75,1,0,0,1.0,0.0,0.0,0,,,,,,0,0,0,,,,0,,,,,,0,0,0,,,,1,0.25,0.25,0.25,0.0,0.75,1,0,0,1.0,0.0,0.0
2003-07-23,1,0.0,0.0,0.0,0.0,1.0,0,0,1,0.0,0.0,1.0,0,,,,,,0,0,0,,,,1,0.0,0.0,0.0,0.0,1.0,0,0,1,0.0,0.0,1.0,0,,,,,,0,0,0,,,
2003-08-01,1,0.0,0.0,0.0,0.0,1.0,0,0,1,0.0,0.0,1.0,0,,,,,,0,0,0,,,,1,0.0,0.0,0.0,0.0,1.0,0,0,1,0.0,0.0,1.0,0,,,,,,0,0,0,,,
2003-08-07,1,0.0,0.0,0.0,0.0,1.0,0,0,1,0.0,0.0,1.0,0,,,,,,0,0,0,,,,0,,,,,,0,0,0,,,,1,0.0,0.0,0.0,0.0,1.0,0,0,1,0.0,0.0,1.0
2003-08-09,1,0.0,0.0,0.0,0.0,1.0,0,0,1,0.0,0.0,1.0,1,0.0,0.0,0.0,0.0,1.0,0,0,1,0.0,0.0,1.0,0,,,,,,0,0,0,,,,0,,,,,,0,0,0,,,
2003-08-10,1,-0.34,-0.34,0.0,0.324,0.676,0,1,0,0.0,1.0,0.0,0,,,,,,0,0,0,,,,1,-0.34,-0.34,0.0,0.324,0.676,0,1,0,0.0,1.0,0.0,0,,,,,,0,0,0,,,
2003-08-16,1,-0.34,-0.34,0.0,0.231,0.769,0,1,0,0.0,1.0,0.0,0,,,,,,0,0,0,,,,1,-0.34,-0.34,0.0,0.231,0.769,0,1,0,0.0,1.0,0.0,0,,,,,,0,0,0,,,
2003-08-17,2,-0.6134999999999999,-0.6134999999999999,0.0,0.47550000000000003,0.5245,0,2,0,0.0,1.0,0.0,0,,,,,,0,0,0,,,,2,-0.6134999999999999,-0.6134999999999999,0.0,0.47550000000000003,0.5245,0,2,0,0.0,1.0,0.0,0,,,,,,0,0,0,,,
2003-08-19,1,0.0,0.0,0.0,0.0,1.0,0,0,1,0.0,0.0,1.0,0,,,,,,0,0,0,,,,1,0.0,0.0,0.0,0.0,1.0,0,0,1,0.0,0.0,1.0,0,,,,,,0,0,0,,,
2003-08-20,1,0.0,0.0,0.0,0.0,1.0,0,0,1,0.0,0.0,1.0,0,,,,,,0,0,0,,,,0,,,,,,0,0,0,,,,1,0.0,0.0,0.0,0.0,1.0,0,0,1,0.0,0.0,1.0
2003-08-21,1,0.4404,0.4404,0.367,0.0,0.633,1,0,0,1.0,0.0,0.0,1,0.4404,0.4404,0.367,0.0,0.633,1,0,0,1.0,0.0,0.0,0,,,,,,0,0,0,,,,0,,,,,,0,0,0,,,
2003-08-25,1,0.0,0.0,0.0,0.0,1.0,0,0,1,0.0,0.0,1.0,0,,,,,,0,0,0,,,,1,0.0,0.0,0.0,0.0,1.0,0,0,1,0.0,0.0,1.0,0,,,,,,0,0,0,,,
2003-08-26,1,0.0,0.0,0.0,0.0,1.0,0,0,1,0.0,0.0,1.0,0,,,,,,0,0,0,,,,1,0.0,0.0,0.0,0.0,1.0,0,0,1,0.0,0.0,1.0,0,,,,,,0,0,0,,,
2003-09-15,1,0.0,0.0,0.0,0.0,1.0,0,0,1,0.0,0.0,1.0,0,,,,,,0,0,0,,,,1,0.0,0.0,0.0,0.0,1.0,0,0,1,0.0,0.0,1.0,0,,,,,,0,0,0,,,
2003-09-16,1,-0.5994,-0.5994,0.0,0.328,0.672,0,1,0,0.0,1.0,0.0,0,,,,,,0,0,0,,,,1,-0.5994,-0.5994,0.0,0.328,0.672,0,1,0,0.0,1.0,0.0,0,,,,,,0,0,0,,,
2003-09-17,1,0.0,0.0,0.0,0.0,1.0,0,0,1,0.0,0.0,1.0,0,,,,,,0,0,0,,,,1,0.0,0.0,0.0,0.0,1.0,0,0,1,0.0,0.0,1.0,0,,,,,,0,0,0,,,
2003-09-19,1,0.1779,0.1779,0.371,0.292,0.337,1,0,0,1.0,0.0,0.0,0,,,,,,0,0,0,,,,0,,,,,,0,0,0,,,,1,0.1779,0.1779,0.371,0.292,0.337,1,0,0,1.0,0.0,0.0
2003-09-24,1,-0.2732,-0.2732,0.0,0.296,0.704,0,1,0,0.0,1.0,0.0,1,-0.2732,-0.2732,0.0,0.296,0.704,0,1,0,0.0,1.0,0.0,1,-0.2732,-0.2732,0.0,0.296,0.704,0,1,0,0.0,1.0,0.0,0,,,,,,0,0,0,,,
2003-09-25,3,0.000699999999999997,0.0258,0.18000000000000002,0.15833333333333333,0.6616666666666666,1,1,1,0.3333333333333333,0.3333333333333333,0.3333333333333333,1,0.0258,0.0258,0.265,0.253,0.482,0,0,1,0.0,0.0,1.0,3,0.000699999999999997,0.0258,0.18000000000000002,0.15833333333333333,0.6616666666666666,1,1,1,0.3333333333333333,0.3333333333333333,0.3333333333333333,0,,,,,,0,0,0,,,
2003-09-26,5,-0.504,-0.5574,0.0,0.5254,0.4746,0,5,0,0.0,1.0,0.0,1,-0.7003,-0.7003,0.0,0.492,0.508,0,1,0,0.0,1.0,0.0,5,-0.504,-0.5574,0.0,0.5254,0.4746,0,5,0,0.0,1.0,0.0,0,,,,,,0,0,0,,,
2003-09-28,1,-0.25,-0.25,0.0,0.25,0.75,0,1,0,0.0,1.0,0.0,0,,,,,,0,0,0,,,,1,-0.25,-0.25,0.0,0.25,0.75,0,1,0,0.0,1.0,0.0,1,-0.25,-0.25,0.0,0.25,0.75,0,1,0,0.0,1.0,0.0
2003-09-30,2,-0.273,-0.273,0.0,0.26249999999999996,0.7375,0,2,0,0.0,1.0,0.0,0,,,,,,0,0,0,,,,2,-0.273,-0.273,0.0,0.26249999999999996,0.7375,0,2,0,0.0,1.0,0.0,0,,,,,,0,0,0,,,
2003-10-05,1,0.0,0.0,0.0,0.0,1.0,0,0,1,0.0,0.0,1.0,0,,,,,,0,0,0,,,,1,0.0,0.0,0.0,0.0,1.0,0,0,1,0.0,0.0,1.0,0,,,,,,0,0,0,,,
2003-10-06,1,-0.1027,-0.1027,0.0,0.219,0.781,0,1,0,0.0,1.0,0.0,0,,,,,,0,0,0,,,,0,,,,,,0,0,0,,,,1,-0.1027,-0.1027,0.0,0.219,0.781,0,1,0,0.0,1.0,0.0
2003-10-10,1,0.5423,0.5423,0.467,0.0,0.533,1,0,0,1.0,0.0,0.0,0,,,,,,0,0,0,,,,1,0.5423,0.5423,0.467,0.0,0.533,1,0,0,1.0,0.0,0.0,0,,,,,,0,0,0,,,
2003-10-17,2,0.0,0.0,0.0,0.0,1.0,0,0,2,0.0,0.0,1.0,0,,,,,,0,0,0,,,,2,0.0,0.0,0.0,0.0,1.0,0,0,2,0.0,0.0,1.0,0,,,,,,0,0,0,,,
2003-10-29,1,0.0,0.0,0.0,0.0,1.0,0,0,1,0.0,0.0,1.0,0,,,,,,0,0,0,,,,1,0.0,0.0,0.0,0.0,1.0,0,0,1,0.0,0.0,1.0,0,,,,,,0,0,0,,,
2003-11-01,1,-0.128,-0.128,0.222,0.374,0.404,0,1,0,0.0,1.0,0.0,1,-0.128,-0.128,0.222,0.374,0.404,0,1,0,0.0,1.0,0.0,0,,,,,,0,0,0,,,,0,,,,,,0,0,0,,,
2003-11-03,1,0.0,0.0,0.0,0.0,1.0,0,0,1,0.0,0.0,1.0,0,,,,,,0,0,0,,,,1,0.0,0.0,0.0,0.0,1.0,0,0,1,0.0,0.0,1.0,0,,,,,,0,0,0,,,
2003-11-04,1,-0.3182,-0.3182,0.0,0.315,0.685,0,1,0,0.0,1.0,0.0,0,,,,,,0,0,0,,,,1,-0.3182,-0.3182,0.0,0.315,0.685,0,1,0,0.0,1.0,0.0,0,,,,,,0,0,0,,,
2003-11-17,1,0.0,0.0,0.0,0.0,1.0,0,0,1,0.0,0.0,1.0,0,,,,,,0,0,0,,,,0,,,,,,0,0,0,,,,1,0.0,0.0,0.0,0.0,1.0,0,0,1,0.0,0.0,1.0
2003-11-18,1,0.0,0.0,0.0,0.0,1.0,0,0,1,0.0,0.0,1.0,0,,,,,,0,0,0,,,,1,0.0,0.0,0.0,0.0,1.0,0,0,1,0.0,0.0,1.0,0,,,,,,0,0,0,,,
2003-11-19,1,0.0,0.0,0.0,0.0,1.0,0,0,1,0.0,0.0,1.0,1,0.0,0.0,0.0,0.0,1.0,0,0,1,0.0,0.0,1.0,0,,,,,,0,0,0,,,,0,,,,,,0,0,0,,,
2003-11-21,1,-0.2732,-0.2732,0.0,0.259,0.741,0,1,0,0.0,1.0,0.0,0,,,,,,0,0,0,,,,0,,,,,,0,0,0,,,,1,-0.2732,-0.2732,0.0,0.259,0.741,0,1,0,0.0,1.0,0.0
2003-11-23,1,-0.5574,-0.5574,0.0,0.34,0.66,0,1,0,0.0,1.0,0.0,0,,,,,,0,0,0,,,,1,-0.5574,-0.5574,0.0,0.34,0.66,0,1,0,0.0,1.0,0.0,0,,,,,,0,0,0,,,
2003-12-02,1,0.0,0.0,0.0,0.0,1.0,0,0,1,0.0,0.0,1.0,0,,,,,,0,0,0,,,,1,0.0,0.0,0.0,0.0,1.0,0,0,1,0.0,0.0,1.0,0,,,,,,0,0,0,,,
2003-12-05,1,0.0,0.0,0.0,0.0,1.0,0,0,1,0.0,0.0,1.0,0,,,,,,0,0,0,,,,1,0.0,0.0,0.0,0.0,1.0,0,0,1,0.0,0.0,1.0,0,,,,,,0,0,0,,,
2003-12-06,1,-0.3102,-0.3102,0.0,0.395,0.605,0,1,0,0.0,1.0,0.0,0,,,,,,0,0,0,,,,1,-0.3102,-0.3102,0.0,0.395,0.605,0,1,0,0.0,1.0,0.0,0,,,,,,0,0,0,,,
2003-12-08,1,-0.25,-0.25,0.0,0.25,0.75,0,1,0,0.0,1.0,0.0,0,,,,,,0,0,0,,,,1,-0.25,-0.25,0.0,0.25,0.75,0,1,0,0.0,1.0,0.0,0,,,,,,0,0,0,,,
2003-12-09,1,-0.296,-0.296,0.0,0.306,0.694,0,1,0,0.0,1.0,0.0,0,,,,,,0,0,0,,,,0,,,,,,0,0,0,,,,1,-0.296,-0.296,0.0,0.306,0.694,0,1,0,0.0,1.0,0.0
2003-12-12,1,0.0,0.0,0.0,0.0,1.0,0,0,1,0.0,0.0,1.0,0,,,,,,0,0,0,,,,1,0.0,0.0,0.0,0.0,1.0,0,0,1,0.0,0.0,1.0,0,,,,,,0,0,0,,,
2003-12-13,1,0.25,0.25,0.25,0.0,0.75,1,0,0,1.0,0.0,0.0,0,,,,,,0,0,0,,,,0,,,,,,0,0,0,,,,1,0.25,0.25,0.25,0.0,0.75,1,0,0,1.0,0.0,0.0
2003-12-16,2,0.0,0.0,0.0,0.0,1.0,0,0,2,0.0,0.0,1.0,0,,,,,,0,0,0,,,,0,,,,,,0,0,0,,,,2,0.0,0.0,0.0,0.0,1.0,0,0,2,0.0,0.0,1.0
2003-12-17,2,-0.125,-0.125,0.0,0.1665,0.8335,0,1,1,0.0,0.5,0.5,0,,,,,,0,0,0,,,,1,-0.25,-0.25,0.0,0.333,0.667,0,1,0,0.0,1.0,0.0,1,0.0,0.0,0.0,0.0,1.0,0,0,1,0.0,0.0,1.0
2003-12-18,2,-0.1338,-0.1338,0.133,0.32,0.5465,1,1,0,0.5,0.5,0.0,0,,,,,,0,0,0,,,,2,-0.1338,-0.1338,0.133,0.32,0.5465,1,1,0,0.5,0.5,0.0,0,,,,,,0,0,0,,,
2003-12-23,2,0.0,0.0,0.0,0.0,1.0,0,0,2,0.0,0.0,1.0,0,,,,,,0,0,0,,,,2,0.0,0.0,0.0,0.0,1.0,0,0,2,0.0,0.0,1.0,0,,,,,,0,0,0,,,
2003-12-30,1,0.0772,0.0772,0.178,0.0,0.822,1,0,0,1.0,0.0,0.0,0,,,,,,0,0,0,,,,1,0.0772,0.0772,0.178,0.0,0.822,1,0,0,1.0,0.0,0.0,0,,,,,,0,0,0,,,
2004-01-02,1,0.5574,0.5574,0.434,0.0,0.566,1,0,0,1.0,0.0,0.0,0,,,,,,0,0,0,,,,1,0.5574,0.5574,0.434,0.0,0.566,1,0,0,1.0,0.0,0.0,0,,,,,,0,0,0,,,
2004-01-09,1,0.296,0.296,0.355,0.0,0.645,1,0,0,1.0,0.0,0.0,1,0.296,0.296,0.355,0.0,0.645,1,0,0,1.0,0.0,0.0,1,0.296,0.296,0.355,0.0,0.645,1,0,0,1.0,0.0,0.0,0,,,,,,0,0,0,,,
2004-01-13,1,-0.296,-0.296,0.0,0.268,0.732,0,1,0,0.0,1.0,0.0,0,,,,,,0,0,0,,,,1,-0.296,-0.296,0.0,0.268,0.732,0,1,0,0.0,1.0,0.0,0,,,,,,0,0,0,,,
2004-01-14,1,-0.4767,-0.4767,0.0,0.341,0.659,0,1,0,0.0,1.0,0.0,0,,,,,,0,0,0,,,,0,,,,,,0,0,0,,,,1,-0.4767,-0.4767,0.0,0.341,0.659,0,1,0,0.0,1.0,0.0
2004-01-21,1,0.4404,0.4404,0.367,0.0,0.633,1,0,0,1.0,0.0,0.0,0,,,,,,0,0,0,,,,1,0.4404,0.4404,0.367,0.0,0.633,1,0,0,1.0,0.0,0.0,0,,,,,,0,0,0,,,
2004-01-22,1,0.0,0.0,0.0,0.0,1.0,0,0,1,0.0,0.0,1.0,0,,,,,,0,0,0,,,,0,,,,,,0,0,0,,,,1,0.0,0.0,0.0,0.0,1.0,0,0,1,0.0,0.0,1.0
2004-01-24,1,-0.4939,-0.4939,0.14,0.36,0.5,0,1,0,0.0,1.0,0.0,0,,,,,,0,0,0,,,,1,-0.4939,-0.4939,0.14,0.36,0.5,0,1,0,0.0,1.0,0.0,0,,,,,,0,0,0,,,
2004-01-31,1,0.0,0.0,0.0,0.0,1.0,0,0,1,0.0,0.0,1.0,0,,,,,,0,0,0,,,,1,0.0,0.0,0.0,0.0,1.0,0,0,1,0.0,0.0,1.0,0,,,,,,0,0,0,,,
2004-02-02,1,0.0,0.0,0.0,0.0,1.0,0,0,1,0.0,0.0,1.0,0,,,,,,0,0,0,,,,0,,,,,,0,0,0,,,,1,0.0,0.0,0.0,0.0,1.0,0,0,1,0.0,0.0,1.0
2004-02-03,1,0.0,0.0,0.0,0.0,1.0,0,0,1,0.0,0.0,1.0,0,,,,,,0,0,0,,,,0,,,,,,0,0,0,,,,1,0.0,0.0,0.0,0.0,1.0,0,0,1,0.0,0.0,1.0
2004-02-11,1,-0.2023,-0.2023,0.0,0.375,0.625,0,1,0,0.0,1.0,0.0,0,,,,,,0,0,0,,,,1,-0.2023,-0.2023,0.0,0.375,0.625,0,1,0,0.0,1.0,0.0,0,,,,,,0,0,0,,,
2004-02-13,1,0.0,0.0,0.0,0.0,1.0,0,0,1,0.0,0.0,1.0,0,,,,,,0,0,0,,,,1,0.0,0.0,0.0,0.0,1.0,0,0,1,0.0,0.0,1.0,0,,,,,,0,0,0,,,
2004-02-14,1,0.0,0.0,0.0,0.0,1.0,0,0,1,0.0,0.0,1.0,0,,,,,,0,0,0,,,,1,0.0,0.0,0.0,0.0,1.0,0,0,1,0.0,0.0,1.0,0,,,,,,0,0,0,,,
2004-02-17,1,0.0,0.0,0.0,0.0,1.0,0,0,1,0.0,0.0,1.0,0,,,,,,0,0,0,,,,1,0.0,0.0,0.0,0.0,1.0,0,0,1,0.0,0.0,1.0,0,,,,,,0,0,0,,,
2004-02-28,1,0.0,0.0,0.0,0.0,1.0,0,0,1,0.0,0.0,1.0,1,0.0,0.0,0.0,0.0,1.0,0,0,1,0.0,0.0,1.0,0,,,,,,0,0,0,,,,0,,,,,,0,0,0,,,
2004-03-06,1,-0.5994,-0.5994,0.0,0.394,0.606,0,1,0,0.0,1.0,0.0,1,-0.5994,-0.5994,0.0,0.394,0.606,0,1,0,0.0,1.0,0.0,1,-0.5994,-0.5994,0.0,0.394,0.606,0,1,0,0.0,1.0,0.0,0,,,,,,0,0,0,,,
2004-03-17,1,-0.5994,-0.5994,0.0,0.394,0.606,0,1,0,0.0,1.0,0.0,1,-0.5994,-0.5994,0.0,0.394,0.606,0,1,0,0.0,1.0,0.0,1,-0.5994,-0.5994,0.0,0.394,0.606,0,1,0,0.0,1.0,0.0,0,,,,,,0,0,0,,,
2004-03-18,2,0.0,0.0,0.0,0.0,1.0,0,0,2,0.0,0.0,1.0,1,0.0,0.0,0.0,0.0,1.0,0,0,1,0.0,0.0,1.0,0,,,,,,0,0,0,,,,1,0.0,0.0,0.0,0.0,1.0,0,0,1,0.0,0.0,1.0
2004-03-19,1,0.3612,0.3612,0.294,0.0,0.706,1,0,0,1.0,0.0,0.0,1,0.3612,0.3612,0.294,0.0,0.706,1,0,0,1.0,0.0,0.0,0,,,,,,0,0,0,,,,0,,,,,,0,0,0,,,
2004-03-29,1,0.2263,0.2263,0.241,0.0,0.759,1,0,0,1.0,0.0,0.0,0,,,,,,0,0,0,,,,1,0.2263,0.2263,0.241,0.0,0.759,1,0,0,1.0,0.0,0.0,0,,,,,,0,0,0,,,
2004-03-31,2,-0.02345,-0.02345,0.161,0.1295,0.7095,1,1,0,0.5,0.5,0.0,1,-0.2732,-0.2732,0.0,0.259,0.741,0,1,0,0.0,1.0,0.0,1,0.2263,0.2263,0.322,0.0,0.678,1,0,0,1.0,0.0,0.0,0,,,,,,0,0,0,,,
2004-04-07,1,0.0,0.0,0.0,0.0,1.0,0,0,1,0.0,0.0,1.0,0,,,,,,0,0,0,,,,0,,,,,,0,0,0,,,,1,0.0,0.0,0.0,0.0,1.0,0,0,1,0.0,0.0,1.0
2004-04-10,1,0.0,0.0,0.0,0.0,1.0,0,0,1,0.0,0.0,1.0,0,,,,,,0,0,0,,,,0,,,,,,0,0,0,,,,1,0.0,0.0,0.0,0.0,1.0,0,0,1,0.0,0.0,1.0
2004-04-12,1,0.0,0.0,0.0,0.0,1.0,0,0,1,0.0,0.0,1.0,0,,,,,,0,0,0,,,,0,,,,,,0,0,0,,,,1,0.0,0.0,0.0,0.0,1.0,0,0,1,0.0,0.0,1.0
2004-04-21,1,0.4019,0.4019,0.252,0.0,0.748,1,0,0,1.0,0.0,0.0,0,,,,,,0,0,0,,,,1,0.4019,0.4019,0.252,0.0,0.748,1,0,0,1.0,0.0,0.0,0,,,,,,0,0,0,,,
2004-04-28,2,0.0,0.0,0.0,0.0,1.0,0,0,2,0.0,0.0,1.0,0,,,,,,0,0,0,,,,1,0.0,0.0,0.0,0.0,1.0,0,0,1,0.0,0.0,1.0,1,0.0,0.0,0.0,0.0,1.0,0,0,1,0.0,0.0,1.0
2004-05-01,1,0.0,0.0,0.0,0.0,1.0,0,0,1,0.0,0.0,1.0,1,0.0,0.0,0.0,0.0,1.0,0,0,1,0.0,0.0,1.0,0,,,,,,0,0,0,,,,0,,,,,,0,0,0,,,
2004-05-02,1,0.0,0.0,0.0,0.0,1.0,0,0,1,0.0,0.0,1.0,0,,,,,,0,0,0,,,,1,0.0,0.0,0.0,0.0,1.0,0,0,1,0.0,0.0,1.0,0,,,,,,0,0,0,,,
2004-05-04,1,-0.4767,-0.4767,0.0,0.307,0.693,0,1,0,0.0,1.0,0.0,0,,,,,,0,0,0,,,,1,-0.4767,-0.4767,0.0,0.307,0.693,0,1,0,0.0,1.0,0.0,0,,,,,,0,0,0,,,
2004-05-05,1,0.0,0.0,0.0,0.0,1.0,0,0,1,0.0,0.0,1.0,0,,,,,,0,0,0,,,,0,,,,,,0,0,0,,,,1,0.0,0.0,0.0,0.0,1.0,0,0,1,0.0,0.0,1.0
2004-05-07,1,0.0,0.0,0.0,0.0,1.0,0,0,1,0.0,0.0,1.0,1,0.0,0.0,0.0,0.0,1.0,0,0,1,0.0,0.0,1.0,1,0.0,0.0,0.0,0.0,1.0,0,0,1,0.0,0.0,1.0,0,,,,,,0,0,0,,,
2004-05-08,1,0.0,0.0,0.0,0.0,1.0,0,0,1,0.0,0.0,1.0,1,0.0,0.0,0.0,0.0,1.0,0,0,1,0.0,0.0,1.0,0,,,,,,0,0,0,,,,0,,,,,,0,0,0,,,
2004-05-10,5,-0.11600000000000002,0.0,0.073,0.14020000000000002,0.7868,1,2,2,0.2,0.4,0.4,1,-0.4215,-0.4215,0.0,0.318,0.682,0,1,0,0.0,1.0,0.0,1,-0.4767,-0.4767,0.0,0.383,0.617,0,1,0,0.0,1.0,0.0,3,0.10606666666666666,0.0,0.12166666666666666,0.0,0.8783333333333333,1,0,2,0.3333333333333333,0.0,0.6666666666666666
2004-05-11,2,-0.148,-0.148,0.0,0.153,0.847,0,1,1,0.0,0.5,0.5,0,,,,,,0,0,0,,,,1,-0.296,-0.296,0.0,0.306,0.694,0,1,0,0.0,1.0,0.0,1,0.0,0.0,0.0,0.0,1.0,0,0,1,0.0,0.0,1.0
2004-05-12,3,-0.24653333333333335,-0.1027,0.0,0.25133333333333335,0.7486666666666667,0,2,1,0.0,0.6666666666666666,0.3333333333333333,1,-0.6369,-0.6369,0.0,0.565,0.435,0,1,0,0.0,1.0,0.0,0,,,,,,0,0,0,,,,2,-0.05135,-0.05135,0.0,0.0945,0.9055,0,1,1,0.0,0.5,0.5
2004-05-13,4,0.044475,0.0,0.0745,0.0,0.9255,1,0,3,0.25,0.0,0.75,2,0.0,0.0,0.0,0.0,1.0,0,0,2,0.0,0.0,1.0,0,,,,,,0,0,0,,,,2,0.08895,0.08895,0.149,0.0,0.851,1,0,1,0.5,0.0,0.5
2004-05-14,6,-0.019733333333333335,0.0,0.105,0.11466666666666665,0.7803333333333334,2,2,2,0.3333333333333333,0.3333333333333333,0.3333333333333333,1,0.0,0.0,0.0,0.0,1.0,0,0,1,0.0,0.0,1.0,0,,,,,,0,0,0,,,,5,-0.02368,0.0,0.126,0.1376,0.7364,2,2,1,0.4,0.4,0.2
2004-05-15,1,-0.7096,-0.7096,0.0,0.596,0.404,0,1,0,0.0,1.0,0.0,1,-0.7096,-0.7096,0.0,0.596,0.404,0,1,0,0.0,1.0,0.0,0,,,,,,0,0,0,,,,0,,,,,,0,0,0,,,
2004-05-16,3,0.17876666666666666,0.2584,0.248,0.09033333333333333,0.6616666666666666,2,1,0,0.6666666666666666,0.3333333333333333,0.0,1,-0.3818,-0.3818,0.0,0.271,0.729,0,1,0,0.0,1.0,0.0,1,0.6597,0.6597,0.519,0.0,0.481,1,0,0,1.0,0.0,0.0,1,0.2584,0.2584,0.225,0.0,0.775,1,0,0,1.0,0.0,0.0
2004-05-17,2,0.0,0.0,0.0,0.0,1.0,0,0,2,0.0,0.0,1.0,1,0.0,0.0,0.0,0.0,1.0,0,0,1,0.0,0.0,1.0,0,,,,,,0,0,0,,,,1,0.0,0.0,0.0,0.0,1.0,0,0,1,0.0,0.0,1.0
2004-05-18,5,-0.0848,0.0,0.05639999999999999,0.1506,0.7929999999999999,0,2,3,0.0,0.4,0.6,1,-0.296,-0.296,0.0,0.423,0.577,0,1,0,0.0,1.0,0.0,0,,,,,,0,0,0,,,,4,-0.032,0.0,0.0705,0.0825,0.847,0,1,3,0.0,0.25,0.75
2004-05-19,1,0.4927,0.4927,0.313,0.0,0.687,1,0,0,1.0,0.0,0.0,0,,,,,,0,0,0,,,,0,,,,,,0,0,0,,,,1,0.4927,0.4927,0.313,0.0,0.687,1,0,0,1.0,0.0,0.0
2004-05-21,4,-0.015524999999999997,0.064,0.15125,0.157,0.6915,2,1,1,0.5,0.25,0.25,2,-0.09505,-0.09505,0.151,0.1905,0.6585,1,1,0,0.5,0.5,0.0,1,0.128,0.128,0.303,0.247,0.449,1,0,0,1.0,0.0,0.0,2,-0.28595,-0.28595,0.0,0.1905,0.8095,0,1,1,0.0,0.5,0.5
2004-05-22,1,0.6124,0.6124,0.455,0.0,0.545,1,0,0,1.0,0.0,0.0,1,0.6124,0.6124,0.455,0.0,0.545,1,0,0,1.0,0.0,0.0,0,,,,,,0,0,0,,,,0,,,,,,0,0,0,,,
2004-05-23,4,0.12695,0.20095,0.1405,0.0765,0.7829999999999999,2,1,1,0.5,0.25,0.25,0,,,,,,0,0,0,,,,3,0.0353,0.0,0.10333333333333333,0.102,0.7946666666666666,1,1,1,0.3333333333333333,0.3333333333333333,0.3333333333333333,1,0.4019,0.4019,0.252,0.0,0.748,1,0,0,1.0,0.0,0.0
2004-05-24,2,0.0,0.0,0.0,0.0,1.0,0,0,2,0.0,0.0,1.0,1,0.0,0.0,0.0,0.0,1.0,0,0,1,0.0,0.0,1.0,1,0.0,0.0,0.0,0.0,1.0,0,0,1,0.0,0.0,1.0,1,0.0,0.0,0.0,0.0,1.0,0,0,1,0.0,0.0,1.0
2004-05-25,3,0.0,0.0,0.0,0.0,1.0,0,0,3,0.0,0.0,1.0,1,0.0,0.0,0.0,0.0,1.0,0,0,1,0.0,0.0,1.0,1,0.0,0.0,0.0,0.0,1.0,0,0,1,0.0,0.0,1.0,1,0.0,0.0,0.0,0.0,1.0,0,0,1,0.0,0.0,1.0
2004-05-26,2,-0.1366,-0.1366,0.1075,0.2055,0.687,0,1,1,0.0,0.5,0.5,1,-0.2732,-0.2732,0.215,0.411,0.374,0,1,0,0.0,1.0,0.0,0,,,,,,0,0,0,,,,1,0.0,0.0,0.0,0.0,1.0,0,0,1,0.0,0.0,1.0
2004-05-27,1,0.0,0.0,0.0,0.0,1.0,0,0,1,0.0,0.0,1.0,1,0.0,0.0,0.0,0.0,1.0,0,0,1,0.0,0.0,1.0,0,,,,,,0,0,0,,,,0,,,,,,0,0,0,,,
2004-05-28,3,0.2283666666666667,0.2263,0.20533333333333334,0.0,0.7946666666666666,2,0,1,0.6666666666666666,0.0,0.3333333333333333,2,0.2294,0.2294,0.1875,0.0,0.8125,1,0,1,0.5,0.0,0.5,1,0.2263,0.2263,0.241,0.0,0.759,1,0,0,1.0,0.0,0.0,0,,,,,,0,0,0,,,
2004-05-29,1,-0.7906,-0.7906,0.0,0.5,0.5,0,1,0,0.0,1.0,0.0,0,,,,,,0,0,0,,,,1,-0.7906,-0.7906,0.0,0.5,0.5,0,1,0,0.0,1.0,0.0,0,,,,,,0,0,0,,,
2004-05-30,1,-0.6597,-0.6597,0.0,0.643,0.357,0,1,0,0.0,1.0,0.0,1,-0.6597,-0.6597,0.0,0.643,0.357,0,1,0,0.0,1.0,0.0,1,-0.6597,-0.6597,0.0,0.643,0.357,0,1,0,0.0,1.0,0.0,0,,,,,,0,0,0,,,
2004-05-31,2,-0.1366,-0.1366,0.0,0.148,0.852,0,1,1,0.0,0.5,0.5,1,-0.2732,-0.2732,0.0,0.296,0.704,0,1,0,0.0,1.0,0.0,1,-0.2732,-0.2732,0.0,0.296,0.704,0,1,0,0.0,1.0,0.0,1,0.0,0.0,0.0,0.0,1.0,0,0,1,0.0,0.0,1.0
2004-06-01,7,0.03835714285714286,0.0,0.12742857142857142,0.11014285714285713,0.7624285714285713,2,2,3,0.2857142857142857,0.2857142857142857,0.42857142857142855,3,0.23653333333333335,0.0,0.18033333333333335,0.0,0.8196666666666667,1,0,2,0.3333333333333333,0.0,0.6666666666666666,2,0.20095,0.20095,0.1755,0.0,0.8245,1,0,1,0.5,0.0,0.5,3,-0.28099999999999997,-0.4215,0.0,0.25699999999999995,0.743,0,2,1,0.0,0.6666666666666666,0.3333333333333333
2004-06-02,6,0.0744,0.0129,0.147,0.07716666666666666,0.7758333333333333,1,1,4,0.16666666666666666,0.16666666666666666,0.6666666666666666,3,0.23886666666666667,0.0258,0.234,0.052333333333333336,0.7136666666666667,1,0,2,0.3333333333333333,0.0,0.6666666666666666,1,0.0,0.0,0.0,0.0,1.0,0,0,1,0.0,0.0,1.0,2,-0.1351,-0.1351,0.09,0.153,0.7569999999999999,0,1,1,0.0,0.5,0.5
2004-06-03,5,0.15897999999999998,0.0,0.16419999999999998,0.0,0.8358000000000001,2,0,3,0.4,0.0,0.6,2,0.0,0.0,0.0,0.0,1.0,0,0,2,0.0,0.0,1.0,2,0.39744999999999997,0.39744999999999997,0.4105,0.0,0.5895,2,0,0,1.0,0.0,0.0,1,0.0,0.0,0.0,0.0,1.0,0,0,1,0.0,0.0,1.0
2004-06-04,2,-0.07655,-0.07655,0.0,0.1055,0.8945000000000001,0,1,1,0.0,0.5,0.5,1,-0.1531,-0.1531,0.0,0.211,0.789,0,1,0,0.0,1.0,0.0,0,,,,,,0,0,0,,,,1,0.0,0.0,0.0,0.0,1.0,0,0,1,0.0,0.0,1.0
2004-06-05,3,0.025466666666666665,0.0,0.17333333333333334,0.165,0.6616666666666667,1,1,1,0.3333333333333333,0.3333333333333333,0.3333333333333333,2,0.0382,0.0382,0.26,0.2475,0.49250000000000005,1,1,0,0.5,0.5,0.0,2,-0.0258,-0.0258,0.136,0.1465,0.7175,0,1,1,0.0,0.5,0.5,0,,,,,,0,0,0,,,
2004-06-07,1,-0.4588,-0.4588,0.0,0.364,0.636,0,1,0,0.0,1.0,0.0,0,,,,,,0,0,0,,,,1,-0.4588,-0.4588,0.0,0.364,0.636,0,1,0,0.0,1.0,0.0,0,,,,,,0,0,0,,,
2004-06-08,1,0.296,0.296,0.268,0.0,0.732,1,0,0,1.0,0.0,0.0,1,0.296,0.296,0.268,0.0,0.732,1,0,0,1.0,0.0,0.0,0,,,,,,0,0,0,,,,0,,,,,,0,0,0,,,
2004-06-09,1,-0.4767,-0.4767,0.0,0.383,0.617,0,1,0,0.0,1.0,0.0,0,,,,,,0,0,0,,,,1,-0.4767,-0.4767,0.0,0.383,0.617,0,1,0,0.0,1.0,0.0,0,,,,,,0,0,0,,,
2004-06-11,2,-0.5986,-0.5986,0.0,0.42,0.5800000000000001,0,2,0,0.0,1.0,0.0,0,,,,,,0,0,0,,,,2,-0.5986,-0.5986,0.0,0.42,0.5800000000000001,0,2,0,0.0,1.0,0.0,0,,,,,,0,0,0,,,
2004-06-16,1,0.0,0.0,0.0,0.0,1.0,0,0,1,0.0,0.0,1.0,0,,,,,,0,0,0,,,,1,0.0,0.0,0.0,0.0,1.0,0,0,1,0.0,0.0,1.0,0,,,,,,0,0,0,,,
2004-06-19,1,0.0,0.0,0.0,0.0,1.0,0,0,1,0.0,0.0,1.0,0,,,,,,0,0,0,,,,1,0.0,0.0,0.0,0.0,1.0,0,0,1,0.0,0.0,1.0,0,,,,,,0,0,0,,,
2004-06-21,2,0.05135,0.05135,0.113,0.0895,0.7975,1,0,1,0.5,0.0,0.5,0,,,,,,0,0,0,,,,2,0.05135,0.05135,0.113,0.0895,0.7975,1,0,1,0.5,0.0,0.5,0,,,,,,0,0,0,,,
2004-06-28,1,-0.3182,-0.3182,0.0,0.315,0.685,0,1,0,0.0,1.0,0.0,0,,,,,,0,0,0,,,,0,,,,,,0,0,0,,,,1,-0.3182,-0.3182,0.0,0.315,0.685,0,1,0,0.0,1.0,0.0
2004-07-01,1,0.0,0.0,0.0,0.0,1.0,0,0,1,0.0,0.0,1.0,0,,,,,,0,0,0,,,,1,0.0,0.0,0.0,0.0,1.0,0,0,1,0.0,0.0,1.0,0,,,,,,0,0,0,,,
2004-07-03,1,0.0,0.0,0.0,0.0,1.0,0,0,1,0.0,0.0,1.0,0,,,,,,0,0,0,,,,1,0.0,0.0,0.0,0.0,1.0,0,0,1,0.0,0.0,1.0,0,,,,,,0,0,0,,,
2004-07-05,1,-0.5267,-0.5267,0.0,0.405,0.595,0,1,0,0.0,1.0,0.0,0,,,,,,0,0,0,,,,1,-0.5267,-0.5267,0.0,0.405,0.595,0,1,0,0.0,1.0,0.0,0,,,,,,0,0,0,,,
2004-07-06,1,-0.4939,-0.4939,0.0,0.348,0.652,0,1,0,0.0,1.0,0.0,0,,,,,,0,0,0,,,,0,,,,,,0,0,0,,,,1,-0.4939,-0.4939,0.0,0.348,0.652,0,1,0,0.0,1.0,0.0
2004-07-07,2,-0.1366,-0.1366,0.0,0.1295,0.8705,0,1,1,0.0,0.5,0.5,1,0.0,0.0,0.0,0.0,1.0,0,0,1,0.0,0.0,1.0,0,,,,,,0,0,0,,,,1,-0.2732,-0.2732,0.0,0.259,0.741,0,1,0,0.0,1.0,0.0
2004-07-08,2,-0.3286,-0.3286,0.0,0.253,0.747,0,2,0,0.0,1.0,0.0,0,,,,,,0,0,0,,,,1,-0.3612,-0.3612,0.0,0.238,0.762,0,1,0,0.0,1.0,0.0,1,-0.296,-0.296,0.0,0.268,0.732,0,1,0,0.0,1.0,0.0
2004-07-09,1,-0.7003,-0.7003,0.0,0.537,0.463,0,1,0,0.0,1.0,0.0,1,-0.7003,-0.7003,0.0,0.537,0.463,0,1,0,0.0,1.0,0.0,0,,,,,,0,0,0,,,,0,,,,,,0,0,0,,,
2004-07-10,1,0.0,0.0,0.0,0.0,1.0,0,0,1,0.0,0.0,1.0,1,0.0,0.0,0.0,0.0,1.0,0,0,1,0.0,0.0,1.0,1,0.0,0.0,0.0,0.0,1.0,0,0,1,0.0,0.0,1.0,0,,,,,,0,0,0,,,
2004-07-13,1,0.0,0.0,0.0,0.0,1.0,0,0,1,0.0,0.0,1.0,0,,,,,,0,0,0,,,,0,,,,,,0,0,0,,,,1,0.0,0.0,0.0,0.0,1.0,0,0,1,0.0,0.0,1.0
2004-07-15,1,-0.5719,-0.5719,0.0,0.381,0.619,0,1,0,0.0,1.0,0.0,1,-0.5719,-0.5719,0.0,0.381,0.619,0,1,0,0.0,1.0,0.0,0,,,,,,0,0,0,,,,0,,,,,,0,0,0,,,
2004-07-20,1,0.0,0.0,0.0,0.0,1.0,0,0,1,0.0,0.0,1.0,1,0.0,0.0,0.0,0.0,1.0,0,0,1,0.0,0.0,1.0,0,,,,,,0,0,0,,,,0,,,,,,0,0,0,,,
2004-07-23,1,0.4404,0.4404,0.326,0.0,0.674,1,0,0,1.0,0.0,0.0,0,,,,,,0,0,0,,,,1,0.4404,0.4404,0.326,0.0,0.674,1,0,0,1.0,0.0,0.0,0,,,,,,0,0,0,,,
2004-07-24,1,0.0,0.0,0.0,0.0,1.0,0,0,1,0.0,0.0,1.0,0,,,,,,0,0,0,,,,1,0.0,0.0,0.0,0.0,1.0,0,0,1,0.0,0.0,1.0,0,,,,,,0,0,0,,,
2004-07-29,3,-0.14049999999999999,0.0,0.0,0.11966666666666666,0.8803333333333333,0,1,2,0.0,0.3333333333333333,0.6666666666666666,2,-0.21075,-0.21075,0.0,0.1795,0.8205,0,1,1,0.0,0.5,0.5,0,,,,,,0,0,0,,,,1,0.0,0.0,0.0,0.0,1.0,0,0,1,0.0,0.0,1.0
2004-07-30,4,0.215675,0.27225,0.2505,0.0,0.7495,3,0,1,0.75,0.0,0.25,2,0.3182,0.3182,0.33999999999999997,0.0,0.66,2,0,0,1.0,0.0,0.0,1,0.2263,0.2263,0.322,0.0,0.678,1,0,0,1.0,0.0,0.0,1,0.0,0.0,0.0,0.0,1.0,0,0,1,0.0,0.0,1.0
2004-08-03,2,-0.09035000000000001,-0.09035000000000001,0.134,0.1705,0.6955,1,1,0,0.5,0.5,0.0,1,0.296,0.296,0.268,0.0,0.732,1,0,0,1.0,0.0,0.0,1,-0.4767,-0.4767,0.0,0.341,0.659,0,1,0,0.0,1.0,0.0,0,,,,,,0,0,0,,,
2004-08-04,2,0.0,0.0,0.0,0.0,1.0,0,0,2,0.0,0.0,1.0,2,0.0,0.0,0.0,0.0,1.0,0,0,2,0.0,0.0,1.0,0,,,,,,0,0,0,,,,0,,,,,,0,0,0,,,
2004-08-05,3,0.0,0.0,0.0,0.0,1.0,0,0,3,0.0,0.0,1.0,2,0.0,0.0,0.0,0.0,1.0,0,0,2,0.0,0.0,1.0,0,,,,,,0,0,0,,,,1,0.0,0.0,0.0,0.0,1.0,0,0,1,0.0,0.0,1.0
2004-08-06,2,-0.28595,-0.28595,0.0,0.276,0.724,0,1,1,0.0,0.5,0.5,2,-0.28595,-0.28595,0.0,0.276,0.724,0,1,1,0.0,0.5,0.5,0,,,,,,0,0,0,,,,0,,,,,,0,0,0,,,
2004-08-07,1,-0.3612,-0.3612,0.169,0.349,0.482,0,1,0,0.0,1.0,0.0,1,-0.3612,-0.3612,0.169,0.349,0.482,0,1,0,0.0,1.0,0.0,0,,,,,,0,0,0,,,,0,,,,,,0,0,0,,,
2004-08-08,1,0.0,0.0,0.0,0.0,1.0,0,0,1,0.0,0.0,1.0,0,,,,,,0,0,0,,,,1,0.0,0.0,0.0,0.0,1.0,0,0,1,0.0,0.0,1.0,0,,,,,,0,0,0,,,
2004-08-09,1,0.0,0.0,0.0,0.0,1.0,0,0,1,0.0,0.0,1.0,0,,,,,,0,0,0,,,,1,0.0,0.0,0.0,0.0,1.0,0,0,1,0.0,0.0,1.0,0,,,,,,0,0,0,,,
2004-08-10,2,0.0,0.0,0.0,0.0,1.0,0,0,2,0.0,0.0,1.0,2,0.0,0.0,0.0,0.0,1.0,0,0,2,0.0,0.0,1.0,1,0.0,0.0,0.0,0.0,1.0,0,0,1,0.0,0.0,1.0,0,,,,,,0,0,0,,,
2004-08-11,2,-0.49985,-0.49985,0.0,0.4245,0.5755,0,2,0,0.0,1.0,0.0,1,-0.34,-0.34,0.0,0.375,0.625,0,1,0,0.0,1.0,0.0,0,,,,,,0,0,0,,,,1,-0.6597,-0.6597,0.0,0.474,0.526,0,1,0,0.0,1.0,0.0
2004-08-12,4,-0.367975,-0.4967,0.101,0.39225,0.507,1,3,0,0.25,0.75,0.0,3,-0.2637,-0.4215,0.13466666666666668,0.36199999999999993,0.5036666666666667,1,2,0,0.3333333333333333,0.6666666666666666,0.0,3,-0.3,-0.4215,0.13466666666666668,0.3626666666666667,0.503,1,2,0,0.3333333333333333,0.6666666666666666,0.0,0,,,,,,0,0,0,,,
2004-08-13,5,-0.07974,0.0,0.10979999999999998,0.1056,0.7846,1,2,2,0.2,0.4,0.4,3,-0.23156666666666667,-0.2732,0.042,0.17600000000000002,0.782,0,2,1,0.0,0.6666666666666666,0.3333333333333333,2,-0.06275,-0.06275,0.2115,0.143,0.6455,1,1,0,0.5,0.5,0.0,1,0.0,0.0,0.0,0.0,1.0,0,0,1,0.0,0.0,1.0
2004-08-14,3,0.0,0.0,0.0,0.0,1.0,0,0,3,0.0,0.0,1.0,2,0.0,0.0,0.0,0.0,1.0,0,0,2,0.0,0.0,1.0,1,0.0,0.0,0.0,0.0,1.0,0,0,1,0.0,0.0,1.0,0,,,,,,0,0,0,,,
2004-08-16,3,-0.18076666666666666,0.0,0.0,0.12266666666666666,0.8773333333333334,0,1,2,0.0,0.3333333333333333,0.6666666666666666,2,0.0,0.0,0.0,0.0,1.0,0,0,2,0.0,0.0,1.0,0,,,,,,0,0,0,,,,1,-0.5423,-0.5423,0.0,0.368,0.632,0,1,0,0.0,1.0,0.0
2004-08-17,1,0.3182,0.3182,0.464,0.227,0.309,1,0,0,1.0,0.0,0.0,1,0.3182,0.3182,0.464,0.227,0.309,1,0,0,1.0,0.0,0.0,0,,,,,,0,0,0,,,,0,,,,,,0,0,0,,,
2004-08-18,2,-0.0129,-0.0129,0.144,0.1505,0.7055,0,0,2,0.0,0.0,1.0,1,0.0,0.0,0.0,0.0,1.0,0,0,1,0.0,0.0,1.0,0,,,,,,0,0,0,,,,1,-0.0258,-0.0258,0.288,0.301,0.411,0,0,1,0.0,0.0,1.0
2004-08-19,1,0.3818,0.3818,0.302,0.0,0.698,1,0,0,1.0,0.0,0.0,0,,,,,,0,0,0,,,,0,,,,,,0,0,0,,,,1,0.3818,0.3818,0.302,0.0,0.698,1,0,0,1.0,0.0,0.0
2004-08-20,3,-0.3551,-0.4404,0.0,0.237,0.7629999999999999,0,2,1,0.0,0.6666666666666666,0.3333333333333333,2,-0.2202,-0.2202,0.0,0.21,0.79,0,1,1,0.0,0.5,0.5,1,-0.6249,-0.6249,0.0,0.291,0.709,0,1,0,0.0,1.0,0.0,0,,,,,,0,0,0,,,
2004-08-21,3,0.07356666666666667,0.0,0.15233333333333335,0.08633333333333333,0.7613333333333333,1,1,1,0.3333333333333333,0.3333333333333333,0.3333333333333333,2,0.24695,0.24695,0.2285,0.0,0.7715000000000001,1,0,1,0.5,0.0,0.5,0,,,,,,0,0,0,,,,1,-0.2732,-0.2732,0.0,0.259,0.741,0,1,0,0.0,1.0,0.0
2004-08-22,3,0.0,0.0,0.0,0.0,1.0,0,0,3,0.0,0.0,1.0,2,0.0,0.0,0.0,0.0,1.0,0,0,2,0.0,0.0,1.0,1,0.0,0.0,0.0,0.0,1.0,0,0,1,0.0,0.0,1.0,0,,,,,,0,0,0,,,
2004-08-23,4,0.0962,0.0,0.132,0.067,0.8009999999999999,1,1,2,0.25,0.25,0.5,1,0.6808,0.6808,0.528,0.0,0.472,1,0,0,1.0,0.0,0.0,0,,,,,,0,0,0,,,,3,-0.09866666666666667,0.0,0.0,0.08933333333333333,0.9106666666666667,0,1,2,0.0,0.3333333333333333,0.6666666666666666
2004-08-24,3,-0.07543333333333334,0.0,0.06533333333333334,0.09633333333333333,0.8383333333333334,0,1,2,0.0,0.3333333333333333,0.6666666666666666,1,0.0,0.0,0.0,0.0,1.0,0,0,1,0.0,0.0,1.0,1,-0.2263,-0.2263,0.196,0.289,0.515,0,1,0,0.0,1.0,0.0,1,0.0,0.0,0.0,0.0,1.0,0,0,1,0.0,0.0,1.0
2004-08-25,2,-0.21075,-0.21075,0.0,0.1795,0.8205,0,1,1,0.0,0.5,0.5,1,0.0,0.0,0.0,0.0,1.0,0,0,1,0.0,0.0,1.0,0,,,,,,0,0,0,,,,1,-0.4215,-0.4215,0.0,0.359,0.641,0,1,0,0.0,1.0,0.0
2004-08-26,4,-0.099675,-0.05135,0.06775,0.17125,0.761,0,2,2,0.0,0.5,0.5,3,-0.1329,-0.1027,0.09033333333333333,0.22833333333333336,0.6813333333333333,0,2,1,0.0,0.6666666666666666,0.3333333333333333,0,,,,,,0,0,0,,,,1,0.0,0.0,0.0,0.0,1.0,0,0,1,0.0,0.0,1.0
2004-08-27,1,0.3412,0.3412,0.286,0.0,0.714,1,0,0,1.0,0.0,0.0,1,0.3412,0.3412,0.286,0.0,0.714,1,0,0,1.0,0.0,0.0,1,0.3412,0.3412,0.286,0.0,0.714,1,0,0,1.0,0.0,0.0,0,,,,,,0,0,0,,,
2004-08-28,2,-0.21075,-0.21075,0.0905,0.192,0.7175,0,1,1,0.0,0.5,0.5,2,-0.21075,-0.21075,0.0905,0.192,0.7175,0,1,1,0.0,0.5,0.5,0,,,,,,0,0,0,,,,0,,,,,,0,0,0,,,
2004-08-29,1,0.0,0.0,0.0,0.0,1.0,0,0,1,0.0,0.0,1.0,1,0.0,0.0,0.0,0.0,1.0,0,0,1,0.0,0.0,1.0,0,,,,,,0,0,0,,,,0,,,,,,0,0,0,,,
2004-08-31,1,-0.4588,-0.4588,0.0,0.5,0.5,0,1,0,0.0,1.0,0.0,0,,,,,,0,0,0,,,,1,-0.4588,-0.4588,0.0,0.5,0.5,0,1,0,0.0,1.0,0.0,0,,,,,,0,0,0,,,
2004-09-02,4,-0.044275,-0.0258,0.119,0.14525,0.73575,1,2,1,0.25,0.5,0.25,2,-0.06275,-0.06275,0.1195,0.159,0.7215,1,1,0,0.5,0.5,0.0,1,-0.0516,-0.0516,0.237,0.263,0.5,0,1,0,0.0,1.0,0.0,1,0.0,0.0,0.0,0.0,1.0,0,0,1,0.0,0.0,1.0
2004-09-03,4,0.28969999999999996,0.35,0.19125,0.0,0.80875,3,0,1,0.75,0.0,0.25,3,0.3862666666666666,0.3818,0.255,0.0,0.745,3,0,0,1.0,0.0,0.0,0,,,,,,0,0,0,,,,2,0.1591,0.1591,0.1235,0.0,0.8765000000000001,1,0,1,0.5,0.0,0.5
2004-09-04,1,-0.4767,-0.4767,0.0,0.508,0.492,0,1,0,0.0,1.0,0.0,0,,,,,,0,0,0,,,,1,-0.4767,-0.4767,0.0,0.508,0.492,0,1,0,0.0,1.0,0.0,0,,,,,,0,0,0,,,
2004-09-05,1,0.4019,0.4019,0.278,0.0,0.722,1,0,0,1.0,0.0,0.0,1,0.4019,0.4019,0.278,0.0,0.722,1,0,0,1.0,0.0,0.0,0,,,,,,0,0,0,,,,0,,,,,,0,0,0,,,
2004-09-07,1,-0.1779,-0.1779,0.253,0.432,0.316,0,1,0,0.0,1.0,0.0,0,,,,,,0,0,0,,,,1,-0.1779,-0.1779,0.253,0.432,0.316,0,1,0,0.0,1.0,0.0,0,,,,,,0,0,0,,,
2004-09-09,1,0.0,0.0,0.0,0.0,1.0,0,0,1,0.0,0.0,1.0,0,,,,,,0,0,0,,,,1,0.0,0.0,0.0,0.0,1.0,0,0,1,0.0,0.0,1.0,0,,,,,,0,0,0,,,
2004-09-10,1,0.0,0.0,0.0,0.0,1.0,0,0,1,0.0,0.0,1.0,0,,,,,,0,0,0,,,,1,0.0,0.0,0.0,0.0,1.0,0,0,1,0.0,0.0,1.0,0,,,,,,0,0,0,,,
2004-09-11,1,0.2732,0.2732,0.325,0.193,0.482,1,0,0,1.0,0.0,0.0,1,0.2732,0.2732,0.325,0.193,0.482,1,0,0,1.0,0.0,0.0,0,,,,,,0,0,0,,,,0,,,,,,0,0,0,,,
2004-09-16,2,0.0258,0.0258,0.139,0.1295,0.7315,1,0,1,0.5,0.0,0.5,1,0.0516,0.0516,0.278,0.259,0.463,1,0,0,1.0,0.0,0.0,2,0.0258,0.0258,0.139,0.1295,0.7315,1,0,1,0.5,0.0,0.5,0,,,,,,0,0,0,,,
2004-09-17,1,0.0,0.0,0.0,0.0,1.0,0,0,1,0.0,0.0,1.0,0,,,,,,0,0,0,,,,0,,,,,,0,0,0,,,,1,0.0,0.0,0.0,0.0,1.0,0,0,1,0.0,0.0,1.0
2004-09-20,1,0.0,0.0,0.0,0.0,1.0,0,0,1,0.0,0.0,1.0,1,0.0,0.0,0.0,0.0,1.0,0,0,1,0.0,0.0,1.0,0,,,,,,0,0,0,,,,0,,,,,,0,0,0,,,
2004-09-21,1,0.0,0.0,0.0,0.0,1.0,0,0,1,0.0,0.0,1.0,1,0.0,0.0,0.0,0.0,1.0,0,0,1,0.0,0.0,1.0,0,,,,,,0,0,0,,,,0,,,,,,0,0,0,,,
2004-09-23,2,-0.24695,-0.24695,0.0,0.195,0.8049999999999999,0,1,1,0.0,0.5,0.5,2,-0.24695,-0.24695,0.0,0.195,0.8049999999999999,0,1,1,0.0,0.5,0.5,0,,,,,,0,0,0,,,,0,,,,,,0,0,0,,,
2004-09-24,3,0.0,0.0,0.0,0.0,1.0,0,0,3,0.0,0.0,1.0,2,0.0,0.0,0.0,0.0,1.0,0,0,2,0.0,0.0,1.0,0,,,,,,0,0,0,,,,1,0.0,0.0,0.0,0.0,1.0,0,0,1,0.0,0.0,1.0
2004-09-27,2,0.1591,0.1591,0.2575,0.1415,0.601,1,0,1,0.5,0.0,0.5,2,0.1591,0.1591,0.2575,0.1415,0.601,1,0,1,0.5,0.0,0.5,0,,,,,,0,0,0,,,,0,,,,,,0,0,0,,,
2004-09-28,6,-0.033716666666666666,0.0,0.03933333333333333,0.0515,0.9091666666666667,0,1,5,0.0,0.16666666666666666,0.8333333333333334,5,-0.04046,0.0,0.0472,0.0618,0.891,0,1,4,0.0,0.2,0.8,1,0.0,0.0,0.0,0.0,1.0,0,0,1,0.0,0.0,1.0,0,,,,,,0,0,0,,,
2004-09-29,2,-0.5081,-0.5081,0.0,0.471,0.5289999999999999,0,2,0,0.0,1.0,0.0,0,,,,,,0,0,0,,,,1,-0.743,-0.743,0.0,0.646,0.354,0,1,0,0.0,1.0,0.0,1,-0.2732,-0.2732,0.0,0.296,0.704,0,1,0,0.0,1.0,0.0
2004-09-30,3,0.2694666666666667,0.4215,0.336,0.13699999999999998,0.527,2,1,0,0.6666666666666666,0.3333333333333333,0.0,1,0.7269,0.7269,0.466,0.0,0.534,1,0,0,1.0,0.0,0.0,2,0.04074999999999998,0.04074999999999998,0.271,0.2055,0.5235,1,1,0,0.5,0.5,0.0,0,,,,,,0,0,0,,,
2004-10-01,2,0.0,0.0,0.0,0.0,1.0,0,0,2,0.0,0.0,1.0,1,0.0,0.0,0.0,0.0,1.0,0,0,1,0.0,0.0,1.0,1,0.0,0.0,0.0,0.0,1.0,0,0,1,0.0,0.0,1.0,0,,,,,,0,0,0,,,
2004-10-02,2,-0.1909,-0.1909,0.108,0.1765,0.7155,0,1,1,0.0,0.5,0.5,2,-0.1909,-0.1909,0.108,0.1765,0.7155,0,1,1,0.0,0.5,0.5,0,,,,,,0,0,0,,,,0,,,,,,0,0,0,,,
2004-10-03,1,-0.3818,-0.3818,0.0,0.342,0.658,0,1,0,0.0,1.0,0.0,1,-0.3818,-0.3818,0.0,0.342,0.658,0,1,0,0.0,1.0,0.0,0,,,,,,0,0,0,,,,0,,,,,,0,0,0,,,
2004-10-05,2,0.17,0.17,0.1155,0.0,0.8845000000000001,1,0,1,0.5,0.0,0.5,2,0.17,0.17,0.1155,0.0,0.8845000000000001,1,0,1,0.5,0.0,0.5,0,,,,,,0,0,0,,,,0,,,,,,0,0,0,,,
2004-10-06,3,-0.12806666666666666,-0.4215,0.111,0.22566666666666668,0.6633333333333334,1,2,0,0.3333333333333333,0.6666666666666666,0.0,3,-0.12806666666666666,-0.4215,0.111,0.22566666666666668,0.6633333333333334,1,2,0,0.3333333333333333,0.6666666666666666,0.0,1,-0.4215,-0.4215,0.0,0.318,0.682,0,1,0,0.0,1.0,0.0,0,,,,,,0,0,0,,,
2004-10-07,3,0.10606666666666666,0.0,0.105,0.0,0.895,1,0,2,0.3333333333333333,0.0,0.6666666666666666,2,0.1591,0.1591,0.1575,0.0,0.8425,1,0,1,0.5,0.0,0.5,0,,,,,,0,0,0,,,,1,0.0,0.0,0.0,0.0,1.0,0,0,1,0.0,0.0,1.0
2004-10-08,4,0.06344999999999999,0.0,0.0755,0.05,0.8745,1,1,2,0.25,0.25,0.5,4,0.06344999999999999,0.0,0.0755,0.05,0.8745,1,1,2,0.25,0.25,0.5,0,,,,,,0,0,0,,,,0,,,,,,0,0,0,,,
2004-10-11,3,-0.11909999999999998,-0.296,0.13899999999999998,0.231,0.63,1,2,0,0.3333333333333333,0.6666666666666666,0.0,2,-0.030649999999999955,-0.030649999999999955,0.2085,0.2125,0.579,1,1,0,0.5,0.5,0.0,0,,,,,,0,0,0,,,,1,-0.296,-0.296,0.0,0.268,0.732,0,1,0,0.0,1.0,0.0
2004-10-12,6,0.10833333333333332,0.0258,0.124,0.055333333333333325,0.8206666666666665,3,0,3,0.5,0.0,0.5,4,0.1496,0.1366,0.13425,0.03725,0.8285,2,0,2,0.5,0.0,0.5,1,0.0516,0.0516,0.207,0.183,0.61,1,0,0,1.0,0.0,0.0,2,0.1366,0.1366,0.1285,0.0745,0.7969999999999999,1,0,1,0.5,0.0,0.5
2004-10-13,2,0.0,0.0,0.0,0.0,1.0,0,0,2,0.0,0.0,1.0,2,0.0,0.0,0.0,0.0,1.0,0,0,2,0.0,0.0,1.0,0,,,,,,0,0,0,,,,0,,,,,,0,0,0,,,
2004-10-14,3,0.09129999999999999,0.0,0.17700000000000002,0.10266666666666667,0.7206666666666667,1,1,1,0.3333333333333333,0.3333333333333333,0.3333333333333333,3,0.09129999999999999,0.0,0.17700000000000002,0.10266666666666667,0.7206666666666667,1,1,1,0.3333333333333333,0.3333333333333333,0.3333333333333333,0,,,,,,0,0,0,,,,0,,,,,,0,0,0,,,
2004-10-15,7,-0.0736,0.0,0.033,0.08371428571428573,0.8832857142857142,1,2,4,0.14285714285714285,0.2857142857142857,0.5714285714285714,3,-0.14049999999999999,0.0,0.0,0.106,0.894,0,1,2,0.0,0.3333333333333333,0.6666666666666666,1,0.2023,0.2023,0.231,0.0,0.769,1,0,0,1.0,0.0,0.0,3,-0.09866666666666667,0.0,0.0,0.08933333333333333,0.9106666666666667,0,1,2,0.0,0.3333333333333333,0.6666666666666666
2004-10-16,1,-0.7717,-0.7717,0.0,0.794,0.206,0,1,0,0.0,1.0,0.0,1,-0.7717,-0.7717,0.0,0.794,0.206,0,1,0,0.0,1.0,0.0,0,,,,,,0,0,0,,,,0,,,,,,0,0,0,,,
2004-10-18,3,0.0,0.0,0.0,0.0,1.0,0,0,3,0.0,0.0,1.0,1,0.0,0.0,0.0,0.0,1.0,0,0,1,0.0,0.0,1.0,0,,,,,,0,0,0,,,,2,0.0,0.0,0.0,0.0,1.0,0,0,2,0.0,0.0,1.0
2004-10-19,3,0.16536666666666666,0.1779,0.17866666666666667,0.0,0.8213333333333334,2,0,1,0.6666666666666666,0.0,0.3333333333333333,1,0.3182,0.3182,0.315,0.0,0.685,1,0,0,1.0,0.0,0.0,0,,,,,,0,0,0,,,,2,0.08895,0.08895,0.1105,0.0,0.8895,1,0,1,0.5,0.0,0.5
2004-10-20,7,-0.06810000000000001,0.0,0.0,0.04385714285714286,0.9561428571428571,0,1,6,0.0,0.14285714285714285,0.8571428571428571,2,0.0,0.0,0.0,0.0,1.0,0,0,2,0.0,0.0,1.0,0,,,,,,0,0,0,,,,5,-0.09534000000000001,0.0,0.0,0.061399999999999996,0.9385999999999999,0,1,4,0.0,0.2,0.8
2004-10-21,3,0.18946666666666667,0.128,0.20333333333333334,0.06533333333333334,0.7313333333333333,2,0,1,0.6666666666666666,0.0,0.3333333333333333,2,0.2842,0.2842,0.305,0.098,0.597,2,0,0,1.0,0.0,0.0,0,,,,,,0,0,0,,,,1,0.0,0.0,0.0,0.0,1.0,0,0,1,0.0,0.0,1.0
2004-10-23,1,0.0,0.0,0.0,0.0,1.0,0,0,1,0.0,0.0,1.0,1,0.0,0.0,0.0,0.0,1.0,0,0,1,0.0,0.0,1.0,0,,,,,,0,0,0,,,,0,,,,,,0,0,0,,,
2004-10-25,5,-0.22554,-0.2263,0.0436,0.23420000000000002,0.7222,0,4,1,0.0,0.8,0.2,2,-0.3141,-0.3141,0.0,0.2765,0.7235,0,2,0,0.0,1.0,0.0,1,-0.4019,-0.4019,0.0,0.278,0.722,0,1,0,0.0,1.0,0.0,3,-0.1665,-0.2263,0.07266666666666667,0.206,0.7213333333333333,0,2,1,0.0,0.6666666666666666,0.3333333333333333
2004-10-26,5,-0.15230000000000002,0.0,0.0,0.129,0.8710000000000001,0,2,3,0.0,0.4,0.6,1,0.0,0.0,0.0,0.0,1.0,0,0,1,0.0,0.0,1.0,1,0.0,0.0,0.0,0.0,1.0,0,0,1,0.0,0.0,1.0,4,-0.19037500000000002,-0.17,0.0,0.16125,0.83875,0,2,2,0.0,0.5,0.5
2004-10-27,3,-0.20413333333333336,0.0,0.0,0.18533333333333335,0.8146666666666667,0,1,2,0.0,0.3333333333333333,0.6666666666666666,1,0.0,0.0,0.0,0.0,1.0,0,0,1,0.0,0.0,1.0,1,-0.6124,-0.6124,0.0,0.556,0.444,0,1,0,0.0,1.0,0.0,1,0.0,0.0,0.0,0.0,1.0,0,0,1,0.0,0.0,1.0
2004-10-28,2,0.2202,0.2202,0.163,0.0,0.837,1,0,1,0.5,0.0,0.5,2,0.2202,0.2202,0.163,0.0,0.837,1,0,1,0.5,0.0,0.5,0,,,,,,0,0,0,,,,0,,,,,,0,0,0,,,
2004-10-29,1,-0.5719,-0.5719,0.0,0.381,0.619,0,1,0,0.0,1.0,0.0,1,-0.5719,-0.5719,0.0,0.381,0.619,0,1,0,0.0,1.0,0.0,0,,,,,,0,0,0,,,,0,,,,,,0,0,0,,,
2004-10-30,1,0.25,0.25,0.222,0.0,0.778,1,0,0,1.0,0.0,0.0,0,,,,,,0,0,0,,,,1,0.25,0.25,0.222,0.0,0.778,1,0,0,1.0,0.0,0.0,0,,,,,,0,0,0,,,
2004-11-01,1,-0.128,-0.128,0.0,0.2,0.8,0,1,0,0.0,1.0,0.0,0,,,,,,0,0,0,,,,0,,,,,,0,0,0,,,,1,-0.128,-0.128,0.0,0.2,0.8,0,1,0,0.0,1.0,0.0
2004-11-03,1,0.0,0.0,0.0,0.0,1.0,0,0,1,0.0,0.0,1.0,1,0.0,0.0,0.0,0.0,1.0,0,0,1,0.0,0.0,1.0,0,,,,,,0,0,0,,,,0,,,,,,0,0,0,,,
2004-11-05,2,0.0,0.0,0.0,0.0,1.0,0,0,2,0.0,0.0,1.0,2,0.0,0.0,0.0,0.0,1.0,0,0,2,0.0,0.0,1.0,0,,,,,,0,0,0,,,,0,,,,,,0,0,0,,,
2004-11-06,1,0.0,0.0,0.0,0.0,1.0,0,0,1,0.0,0.0,1.0,0,,,,,,0,0,0,,,,1,0.0,0.0,0.0,0.0,1.0,0,0,1,0.0,0.0,1.0,0,,,,,,0,0,0,,,
2004-11-09,1,0.0,0.0,0.0,0.0,1.0,0,0,1,0.0,0.0,1.0,1,0.0,0.0,0.0,0.0,1.0,0,0,1,0.0,0.0,1.0,0,,,,,,0,0,0,,,,0,,,,,,0,0,0,,,
2004-11-10,5,0.02285999999999999,0.0,0.184,0.099,0.717,2,2,1,0.4,0.4,0.2,2,0.16795,0.16795,0.28200000000000003,0.114,0.6040000000000001,1,1,0,0.5,0.5,0.0,0,,,,,,0,0,0,,,,3,-0.07386666666666666,0.0,0.11866666666666666,0.08900000000000001,0.7923333333333332,1,1,1,0.3333333333333333,0.3333333333333333,0.3333333333333333
2004-11-12,1,-0.3182,-0.3182,0.0,0.277,0.723,0,1,0,0.0,1.0,0.0,1,-0.3182,-0.3182,0.0,0.277,0.723,0,1,0,0.0,1.0,0.0,0,,,,,,0,0,0,,,,0,,,,,,0,0,0,,,
2004-11-13,1,0.3182,0.3182,0.277,0.0,0.723,1,0,0,1.0,0.0,0.0,1,0.3182,0.3182,0.277,0.0,0.723,1,0,0,1.0,0.0,0.0,0,,,,,,0,0,0,,,,0,,,,,,0,0,0,,,
2004-11-16,1,-0.4767,-0.4767,0.0,0.437,0.563,0,1,0,0.0,1.0,0.0,0,,,,,,0,0,0,,,,1,-0.4767,-0.4767,0.0,0.437,0.563,0,1,0,0.0,1.0,0.0,0,,,,,,0,0,0,,,
2004-11-17,3,-0.49100000000000005,-0.4767,0.0,0.414,0.586,0,3,0,0.0,1.0,0.0,0,,,,,,0,0,0,,,,3,-0.49100000000000005,-0.4767,0.0,0.414,0.586,0,3,0,0.0,1.0,0.0,0,,,,,,0,0,0,,,
2004-11-19,1,0.0,0.0,0.0,0.0,1.0,0,0,1,0.0,0.0,1.0,0,,,,,,0,0,0,,,,0,,,,,,0,0,0,,,,1,0.0,0.0,0.0,0.0,1.0,0,0,1,0.0,0.0,1.0
2004-11-20,2,-0.34735,-0.34735,0.0,0.309,0.6910000000000001,0,2,0,0.0,1.0,0.0,2,-0.34735,-0.34735,0.0,0.309,0.6910000000000001,0,2,0,0.0,1.0,0.0,0,,,,,,0,0,0,,,,0,,,,,,0,0,0,,,
2004-11-24,2,-0.148,-0.148,0.0,0.153,0.847,0,1,1,0.0,0.5,0.5,1,0.0,0.0,0.0,0.0,1.0,0,0,1,0.0,0.0,1.0,0,,,,,,0,0,0,,,,1,-0.296,-0.296,0.0,0.306,0.694,0,1,0,0.0,1.0,0.0
2004-11-26,1,-0.1531,-0.1531,0.226,0.298,0.476,0,1,0,0.0,1.0,0.0,0,,,,,,0,0,0,,,,1,-0.1531,-0.1531,0.226,0.298,0.476,0,1,0,0.0,1.0,0.0,0,,,,,,0,0,0,,,
2004-11-27,1,-0.5719,-0.5719,0.0,0.381,0.619,0,1,0,0.0,1.0,0.0,1,-0.5719,-0.5719,0.0,0.381,0.619,0,1,0,0.0,1.0,0.0,0,,,,,,0,0,0,,,,0,,,,,,0,0,0,,,
2004-11-30,1,0.0,0.0,0.0,0.0,1.0,0,0,1,0.0,0.0,1.0,1,0.0,0.0,0.0,0.0,1.0,0,0,1,0.0,0.0,1.0,0,,,,,,0,0,0,,,,0,,,,,,0,0,0,,,
2004-12-01,1,-0.4588,-0.4588,0.0,0.5,0.5,0,1,0,0.0,1.0,0.0,1,-0.4588,-0.4588,0.0,0.5,0.5,0,1,0,0.0,1.0,0.0,0,,,,,,0,0,0,,,,0,,,,,,0,0,0,,,
2004-12-02,1,0.0,0.0,0.0,0.0,1.0,0,0,1,0.0,0.0,1.0,1,0.0,0.0,0.0,0.0,1.0,0,0,1,0.0,0.0,1.0,0,,,,,,0,0,0,,,,0,,,,,,0,0,0,,,
2004-12-03,2,-0.09759999999999999,-0.09759999999999999,0.1665,0.27749999999999997,0.556,1,1,0,0.5,0.5,0.0,1,-0.4215,-0.4215,0.0,0.318,0.682,0,1,0,0.0,1.0,0.0,0,,,,,,0,0,0,,,,1,0.2263,0.2263,0.333,0.237,0.43,1,0,0,1.0,0.0,0.0
2004-12-04,1,0.0,0.0,0.0,0.0,1.0,0,0,1,0.0,0.0,1.0,0,,,,,,0,0,0,,,,0,,,,,,0,0,0,,,,1,0.0,0.0,0.0,0.0,1.0,0,0,1,0.0,0.0,1.0
2004-12-07,1,-0.5994,-0.5994,0.0,0.412,0.588,0,1,0,0.0,1.0,0.0,1,-0.5994,-0.5994,0.0,0.412,0.588,0,1,0,0.0,1.0,0.0,1,-0.5994,-0.5994,0.0,0.412,0.588,0,1,0,0.0,1.0,0.0,0,,,,,,0,0,0,,,
2004-12-08,1,0.0,0.0,0.228,0.228,0.543,0,0,1,0.0,0.0,1.0,1,0.0,0.0,0.228,0.228,0.543,0,0,1,0.0,0.0,1.0,0,,,,,,0,0,0,,,,0,,,,,,0,0,0,,,
2004-12-09,2,-0.0129,-0.0129,0.1175,0.1215,0.761,0,0,2,0.0,0.0,1.0,0,,,,,,0,0,0,,,,0,,,,,,0,0,0,,,,2,-0.0129,-0.0129,0.1175,0.1215,0.761,0,0,2,0.0,0.0,1.0
2004-12-10,1,0.0,0.0,0.0,0.0,1.0,0,0,1,0.0,0.0,1.0,0,,,,,,0,0,0,,,,0,,,,,,0,0,0,,,,1,0.0,0.0,0.0,0.0,1.0,0,0,1,0.0,0.0,1.0
2004-12-11,3,-0.1564,-0.2732,0.09566666666666666,0.2523333333333333,0.652,1,2,0,0.3333333333333333,0.6666666666666666,0.0,1,-0.2732,-0.2732,0.0,0.208,0.792,0,1,0,0.0,1.0,0.0,3,-0.1564,-0.2732,0.09566666666666666,0.2523333333333333,0.652,1,2,0,0.3333333333333333,0.6666666666666666,0.0,0,,,,,,0,0,0,,,
2004-12-13,1,0.0,0.0,0.0,0.0,1.0,0,0,1,0.0,0.0,1.0,0,,,,,,0,0,0,,,,0,,,,,,0,0,0,,,,1,0.0,0.0,0.0,0.0,1.0,0,0,1,0.0,0.0,1.0
2004-12-15,2,0.1591,0.1591,0.1385,0.0,0.8614999999999999,1,0,1,0.5,0.0,0.5,0,,,,,,0,0,0,,,,1,0.3182,0.3182,0.277,0.0,0.723,1,0,0,1.0,0.0,0.0,1,0.0,0.0,0.0,0.0,1.0,0,0,1,0.0,0.0,1.0
2004-12-16,1,0.296,0.296,0.306,0.0,0.694,1,0,0,1.0,0.0,0.0,1,0.296,0.296,0.306,0.0,0.694,1,0,0,1.0,0.0,0.0,0,,,,,,0,0,0,,,,0,,,,,,0,0,0,,,
2004-12-18,2,0.0,0.0,0.0,0.0,1.0,0,0,2,0.0,0.0,1.0,1,0.0,0.0,0.0,0.0,1.0,0,0,1,0.0,0.0,1.0,0,,,,,,0,0,0,,,,1,0.0,0.0,0.0,0.0,1.0,0,0,1,0.0,0.0,1.0
2004-12-19,1,0.0,0.0,0.0,0.0,1.0,0,0,1,0.0,0.0,1.0,0,,,,,,0,0,0,,,,1,0.0,0.0,0.0,0.0,1.0,0,0,1,0.0,0.0,1.0,0,,,,,,0,0,0,,,
2004-12-21,1,0.0,0.0,0.0,0.0,1.0,0,0,1,0.0,0.0,1.0,0,,,,,,0,0,0,,,,0,,,,,,0,0,0,,,,1,0.0,0.0,0.0,0.0,1.0,0,0,1,0.0,0.0,1.0
2004-12-23,1,-0.3182,-0.3182,0.0,0.247,0.753,0,1,0,0.0,1.0,0.0,0,,,,,,0,0,0,,,,1,-0.3182,-0.3182,0.0,0.247,0.753,0,1,0,0.0,1.0,0.0,0,,,,,,0,0,0,,,
2004-12-24,1,0.0,0.0,0.0,0.0,1.0,0,0,1,0.0,0.0,1.0,0,,,,,,0,0,0,,,,0,,,,,,0,0,0,,,,1,0.0,0.0,0.0,0.0,1.0,0,0,1,0.0,0.0,1.0
2004-12-28,1,-0.5719,-0.5719,0.0,0.552,0.448,0,1,0,0.0,1.0,0.0,1,-0.5719,-0.5719,0.0,0.552,0.448,0,1,0,0.0,1.0,0.0,0,,,,,,0,0,0,,,,0,,,,,,0,0,0,,,
2004-12-29,1,0.296,0.296,0.321,0.208,0.472,1,0,0,1.0,0.0,0.0,0,,,,,,0,0,0,,,,0,,,,,,0,0,0,,,,1,0.296,0.296,0.321,0.208,0.472,1,0,0,1.0,0.0,0.0
2004-12-30,1,0.0,0.0,0.0,0.0,1.0,0,0,1,0.0,0.0,1.0,1,0.0,0.0,0.0,0.0,1.0,0,0,1,0.0,0.0,1.0,0,,,,,,0,0,0,,,,0,,,,,,0,0,0,,,
2005-01-02,1,-0.5994,-0.5994,0.0,0.438,0.562,0,1,0,0.0,1.0,0.0,0,,,,,,0,0,0,,,,1,-0.5994,-0.5994,0.0,0.438,0.562,0,1,0,0.0,1.0,0.0,0,,,,,,0,0,0,,,
2005-01-06,2,0.0,0.0,0.0,0.0,1.0,0,0,2,0.0,0.0,1.0,2,0.0,0.0,0.0,0.0,1.0,0,0,2,0.0,0.0,1.0,0,,,,,,0,0,0,,,,0,,,,,,0,0,0,,,
2005-01-07,1,-0.2263,-0.2263,0.218,0.322,0.46,0,1,0,0.0,1.0,0.0,1,-0.2263,-0.2263,0.218,0.322,0.46,0,1,0,0.0,1.0,0.0,0,,,,,,0,0,0,,,,0,,,,,,0,0,0,,,
2005-01-08,1,0.0,0.0,0.0,0.0,1.0,0,0,1,0.0,0.0,1.0,1,0.0,0.0,0.0,0.0,1.0,0,0,1,0.0,0.0,1.0,0,,,,,,0,0,0,,,,0,,,,,,0,0,0,,,
2005-01-10,1,-0.4767,-0.4767,0.0,0.341,0.659,0,1,0,0.0,1.0,0.0,0,,,,,,0,0,0,,,,1,-0.4767,-0.4767,0.0,0.341,0.659,0,1,0,0.0,1.0,0.0,0,,,,,,0,0,0,,,
2005-01-11,1,0.0,0.0,0.0,0.0,1.0,0,0,1,0.0,0.0,1.0,0,,,,,,0,0,0,,,,0,,,,,,0,0,0,,,,1,0.0,0.0,0.0,0.0,1.0,0,0,1,0.0,0.0,1.0
2005-01-12,4,0.00645,0.0,0.06175,0.0585,0.87975,0,0,4,0.0,0.0,1.0,1,0.0,0.0,0.0,0.0,1.0,0,0,1,0.0,0.0,1.0,2,0.0129,0.0129,0.1235,0.117,0.7595000000000001,0,0,2,0.0,0.0,1.0,1,0.0,0.0,0.0,0.0,1.0,0,0,1,0.0,0.0,1.0
2005-01-13,2,-0.2553,-0.2553,0.0,0.1775,0.8225,0,1,1,0.0,0.5,0.5,1,0.0,0.0,0.0,0.0,1.0,0,0,1,0.0,0.0,1.0,0,,,,,,0,0,0,,,,1,-0.5106,-0.5106,0.0,0.355,0.645,0,1,0,0.0,1.0,0.0
2005-01-14,1,-0.4019,-0.4019,0.0,0.31,0.69,0,1,0,0.0,1.0,0.0,1,-0.4019,-0.4019,0.0,0.31,0.69,0,1,0,0.0,1.0,0.0,0,,,,,,0,0,0,,,,0,,,,,,0,0,0,,,
2005-01-15,1,-0.4215,-0.4215,0.0,0.359,0.641,0,1,0,0.0,1.0,0.0,1,-0.4215,-0.4215,0.0,0.359,0.641,0,1,0,0.0,1.0,0.0,0,,,,,,0,0,0,,,,0,,,,,,0,0,0,,,
2005-01-18,1,0.2023,0.2023,0.261,0.17,0.568,1,0,0,1.0,0.0,0.0,0,,,,,,0,0,0,,,,1,0.2023,0.2023,0.261,0.17,0.568,1,0,0,1.0,0.0,0.0,0,,,,,,0,0,0,,,
2005-01-19,2,0.1909,0.1909,0.171,0.0,0.829,1,0,1,0.5,0.0,0.5,2,0.1909,0.1909,0.171,0.0,0.829,1,0,1,0.5,0.0,0.5,0,,,,,,0,0,0,,,,0,,,,,,0,0,0,,,
2005-01-20,1,0.0,0.0,0.0,0.0,1.0,0,0,1,0.0,0.0,1.0,0,,,,,,0,0,0,,,,0,,,,,,0,0,0,,,,1,0.0,0.0,0.0,0.0,1.0,0,0,1,0.0,0.0,1.0
2005-01-21,1,0.296,0.296,0.306,0.0,0.694,1,0,0,1.0,0.0,0.0,1,0.296,0.296,0.306,0.0,0.694,1,0,0,1.0,0.0,0.0,0,,,,,,0,0,0,,,,0,,,,,,0,0,0,,,
2005-01-23,1,0.3182,0.3182,0.452,0.0,0.548,1,0,0,1.0,0.0,0.0,0,,,,,,0,0,0,,,,1,0.3182,0.3182,0.452,0.0,0.548,1,0,0,1.0,0.0,0.0,0,,,,,,0,0,0,,,
2005-01-29,1,0.0,0.0,0.0,0.0,1.0,0,0,1,0.0,0.0,1.0,0,,,,,,0,0,0,,,,1,0.0,0.0,0.0,0.0,1.0,0,0,1,0.0,0.0,1.0,0,,,,,,0,0,0,,,
2005-01-30,3,-0.09866666666666667,0.0,0.0,0.07966666666666666,0.9203333333333333,0,1,2,0.0,0.3333333333333333,0.6666666666666666,0,,,,,,0,0,0,,,,2,-0.148,-0.148,0.0,0.1195,0.8805000000000001,0,1,1,0.0,0.5,0.5,1,0.0,0.0,0.0,0.0,1.0,0,0,1,0.0,0.0,1.0
2005-01-31,1,0.0,0.0,0.0,0.0,1.0,0,0,1,0.0,0.0,1.0,0,,,,,,0,0,0,,,,0,,,,,,0,0,0,,,,1,0.0,0.0,0.0,0.0,1.0,0,0,1,0.0,0.0,1.0
2005-02-02,2,0.0,0.0,0.0,0.0,1.0,0,0,2,0.0,0.0,1.0,0,,,,,,0,0,0,,,,1,0.0,0.0,0.0,0.0,1.0,0,0,1,0.0,0.0,1.0,1,0.0,0.0,0.0,0.0,1.0,0,0,1,0.0,0.0,1.0
2005-02-03,1,-0.4019,-0.4019,0.0,0.31,0.69,0,1,0,0.0,1.0,0.0,0,,,,,,0,0,0,,,,0,,,,,,0,0,0,,,,1,-0.4019,-0.4019,0.0,0.31,0.69,0,1,0,0.0,1.0,0.0
2005-02-05,1,0.5267,0.5267,0.274,0.0,0.726,1,0,0,1.0,0.0,0.0,0,,,,,,0,0,0,,,,1,0.5267,0.5267,0.274,0.0,0.726,1,0,0,1.0,0.0,0.0,0,,,,,,0,0,0,,,
2005-02-15,1,-0.5574,-0.5574,0.0,0.34,0.66,0,1,0,0.0,1.0,0.0,0,,,,,,0,0,0,,,,1,-0.5574,-0.5574,0.0,0.34,0.66,0,1,0,0.0,1.0,0.0,0,,,,,,0,0,0,,,
2005-02-16,1,0.296,0.296,0.306,0.0,0.694,1,0,0,1.0,0.0,0.0,1,0.296,0.296,0.306,0.0,0.694,1,0,0,1.0,0.0,0.0,0,,,,,,0,0,0,,,,0,,,,,,0,0,0,,,
2005-02-17,1,0.0,0.0,0.0,0.0,1.0,0,0,1,0.0,0.0,1.0,0,,,,,,0,0,0,,,,1,0.0,0.0,0.0,0.0,1.0,0,0,1,0.0,0.0,1.0,0,,,,,,0,0,0,,,
2005-02-21,1,-0.6908,-0.6908,0.0,0.416,0.584,0,1,0,0.0,1.0,0.0,0,,,,,,0,0,0,,,,1,-0.6908,-0.6908,0.0,0.416,0.584,0,1,0,0.0,1.0,0.0,0,,,,,,0,0,0,,,
2005-02-22,1,0.1154,0.1154,0.27,0.309,0.421,1,0,0,1.0,0.0,0.0,0,,,,,,0,0,0,,,,1,0.1154,0.1154,0.27,0.309,0.421,1,0,0,1.0,0.0,0.0,0,,,,,,0,0,0,,,
2005-02-23,3,0.1468,0.0,0.10866666666666668,0.0,0.8913333333333333,1,0,2,0.3333333333333333,0.0,0.6666666666666666,3,0.1468,0.0,0.10866666666666668,0.0,0.8913333333333333,1,0,2,0.3333333333333333,0.0,0.6666666666666666,0,,,,,,0,0,0,,,,0,,,,,,0,0,0,,,
2005-03-01,2,0.0,0.0,0.122,0.122,0.7565,0,0,2,0.0,0.0,1.0,0,,,,,,0,0,0,,,,0,,,,,,0,0,0,,,,2,0.0,0.0,0.122,0.122,0.7565,0,0,2,0.0,0.0,1.0
2005-03-02,1,-0.25,-0.25,0.0,0.286,0.714,0,1,0,0.0,1.0,0.0,0,,,,,,0,0,0,,,,0,,,,,,0,0,0,,,,1,-0.25,-0.25,0.0,0.286,0.714,0,1,0,0.0,1.0,0.0
2005-03-04,1,0.0,0.0,0.0,0.0,1.0,0,0,1,0.0,0.0,1.0,1,0.0,0.0,0.0,0.0,1.0,0,0,1,0.0,0.0,1.0,0,,,,,,0,0,0,,,,0,,,,,,0,0,0,,,
2005-03-05,1,-0.6705,-0.6705,0.0,0.478,0.522,0,1,0,0.0,1.0,0.0,1,-0.6705,-0.6705,0.0,0.478,0.522,0,1,0,0.0,1.0,0.0,1,-0.6705,-0.6705,0.0,0.478,0.522,0,1,0,0.0,1.0,0.0,0,,,,,,0,0,0,,,
2005-03-07,2,0.0,0.0,0.0,0.0,1.0,0,0,2,0.0,0.0,1.0,1,0.0,0.0,0.0,0.0,1.0,0,0,1,0.0,0.0,1.0,1,0.0,0.0,0.0,0.0,1.0,0,0,1,0.0,0.0,1.0,1,0.0,0.0,0.0,0.0,1.0,0,0,1,0.0,0.0,1.0
2005-03-10,3,-0.14049999999999999,0.0,0.0,0.13733333333333334,0.8626666666666667,0,1,2,0.0,0.3333333333333333,0.6666666666666666,2,-0.21075,-0.21075,0.0,0.206,0.794,0,1,1,0.0,0.5,0.5,1,0.0,0.0,0.0,0.0,1.0,0,0,1,0.0,0.0,1.0,0,,,,,,0,0,0,,,
2005-03-11,1,-0.128,-0.128,0.0,0.2,0.8,0,1,0,0.0,1.0,0.0,0,,,,,,0,0,0,,,,1,-0.128,-0.128,0.0,0.2,0.8,0,1,0,0.0,1.0,0.0,0,,,,,,0,0,0,,,
2005-03-15,1,0.4404,0.4404,0.293,0.0,0.707,1,0,0,1.0,0.0,0.0,0,,,,,,0,0,0,,,,0,,,,,,0,0,0,,,,1,0.4404,0.4404,0.293,0.0,0.707,1,0,0,1.0,0.0,0.0
2005-03-16,1,0.3182,0.3182,0.535,0.0,0.465,1,0,0,1.0,0.0,0.0,0,,,,,,0,0,0,,,,1,0.3182,0.3182,0.535,0.0,0.465,1,0,0,1.0,0.0,0.0,0,,,,,,0,0,0,,,
2005-03-17,4,-0.045825000000000005,0.0,0.05875,0.10275000000000001,0.8385,1,1,2,0.25,0.25,0.5,3,-0.12040000000000001,0.0,0.0,0.08766666666666667,0.9123333333333333,0,1,2,0.0,0.3333333333333333,0.6666666666666666,2,-0.09165000000000001,-0.09165000000000001,0.1175,0.20550000000000002,0.677,1,1,0,0.5,0.5,0.0,1,0.0,0.0,0.0,0.0,1.0,0,0,1,0.0,0.0,1.0
2005-03-18,1,-0.2732,-0.2732,0.0,0.259,0.741,0,1,0,0.0,1.0,0.0,0,,,,,,0,0,0,,,,0,,,,,,0,0,0,,,,1,-0.2732,-0.2732,0.0,0.259,0.741,0,1,0,0.0,1.0,0.0
2005-03-19,1,0.0,0.0,0.0,0.0,1.0,0,0,1,0.0,0.0,1.0,1,0.0,0.0,0.0,0.0,1.0,0,0,1,0.0,0.0,1.0,0,,,,,,0,0,0,,,,0,,,,,,0,0,0,,,
2005-03-20,1,0.0,0.0,0.0,0.0,1.0,0,0,1,0.0,0.0,1.0,1,0.0,0.0,0.0,0.0,1.0,0,0,1,0.0,0.0,1.0,0,,,,,,0,0,0,,,,0,,,,,,0,0,0,,,
2005-03-21,4,0.100475,0.0,0.08775,0.0,0.91225,1,0,3,0.25,0.0,0.75,2,0.20095,0.20095,0.1755,0.0,0.8245,1,0,1,0.5,0.0,0.5,0,,,,,,0,0,0,,,,2,0.0,0.0,0.0,0.0,1.0,0,0,2,0.0,0.0,1.0
2005-03-22,3,-0.1897333333333333,-0.2732,0.0,0.17566666666666667,0.8243333333333333,0,2,1,0.0,0.6666666666666666,0.3333333333333333,0,,,,,,0,0,0,,,,0,,,,,,0,0,0,,,,3,-0.1897333333333333,-0.2732,0.0,0.17566666666666667,0.8243333333333333,0,2,1,0.0,0.6666666666666666,0.3333333333333333
2005-03-23,1,0.0,0.0,0.0,0.0,1.0,0,0,1,0.0,0.0,1.0,0,,,,,,0,0,0,,,,0,,,,,,0,0,0,,,,1,0.0,0.0,0.0,0.0,1.0,0,0,1,0.0,0.0,1.0
2005-03-24,1,0.0,0.0,0.0,0.0,1.0,0,0,1,0.0,0.0,1.0,1,0.0,0.0,0.0,0.0,1.0,0,0,1,0.0,0.0,1.0,0,,,,,,0,0,0,,,,0,,,,,,0,0,0,,,
2005-03-29,2,0.1806,0.1806,0.147,0.0,0.853,1,0,1,0.5,0.0,0.5,2,0.1806,0.1806,0.147,0.0,0.853,1,0,1,0.5,0.0,0.5,0,,,,,,0,0,0,,,,0,,,,,,0,0,0,,,
2005-04-01,2,0.1591,0.1591,0.1825,0.0,0.8175,1,0,1,0.5,0.0,0.5,1,0.3182,0.3182,0.365,0.0,0.635,1,0,0,1.0,0.0,0.0,0,,,,,,0,0,0,,,,1,0.0,0.0,0.0,0.0,1.0,0,0,1,0.0,0.0,1.0
2005-04-02,1,-0.5719,-0.5719,0.0,0.481,0.519,0,1,0,0.0,1.0,0.0,1,-0.5719,-0.5719,0.0,0.481,0.519,0,1,0,0.0,1.0,0.0,0,,,,,,0,0,0,,,,0,,,,,,0,0,0,,,
2005-04-04,1,0.0,0.0,0.0,0.0,1.0,0,0,1,0.0,0.0,1.0,1,0.0,0.0,0.0,0.0,1.0,0,0,1,0.0,0.0,1.0,0,,,,,,0,0,0,,,,0,,,,,,0,0,0,,,
2005-04-05,3,0.0,0.0,0.0,0.0,1.0,0,0,3,0.0,0.0,1.0,0,,,,,,0,0,0,,,,1,0.0,0.0,0.0,0.0,1.0,0,0,1,0.0,0.0,1.0,2,0.0,0.0,0.0,0.0,1.0,0,0,2,0.0,0.0,1.0
2005-04-06,1,0.0,0.0,0.0,0.0,1.0,0,0,1,0.0,0.0,1.0,0,,,,,,0,0,0,,,,0,,,,,,0,0,0,,,,1,0.0,0.0,0.0,0.0,1.0,0,0,1,0.0,0.0,1.0
2005-04-07,2,0.0,0.0,0.0,0.0,1.0,0,0,2,0.0,0.0,1.0,0,,,,,,0,0,0,,,,0,,,,,,0,0,0,,,,2,0.0,0.0,0.0,0.0,1.0,0,0,2,0.0,0.0,1.0
2005-04-08,3,-0.23156666666666667,-0.2732,0.0,0.18166666666666664,0.8183333333333334,0,2,1,0.0,0.6666666666666666,0.3333333333333333,0,,,,,,0,0,0,,,,0,,,,,,0,0,0,,,,3,-0.23156666666666667,-0.2732,0.0,0.18166666666666664,0.8183333333333334,0,2,1,0.0,0.6666666666666666,0.3333333333333333
2005-04-09,2,-0.17439999999999997,-0.17439999999999997,0.1285,0.2895,0.5820000000000001,1,1,0,0.5,0.5,0.0,1,-0.5267,-0.5267,0.0,0.386,0.614,0,1,0,0.0,1.0,0.0,1,0.1779,0.1779,0.257,0.193,0.55,1,0,0,1.0,0.0,0.0,0,,,,,,0,0,0,,,
2005-04-10,5,-0.0643,0.0,0.0974,0.1224,0.7802,1,1,3,0.2,0.2,0.6,2,-0.3715,-0.3715,0.0,0.306,0.694,0,1,1,0.0,0.5,0.5,2,0.21075,0.21075,0.2435,0.0,0.7565,1,0,1,0.5,0.0,0.5,2,0.0,0.0,0.0,0.0,1.0,0,0,2,0.0,0.0,1.0
2005-04-11,4,-0.07955,0.0,0.0,0.07875,0.92125,0,1,3,0.0,0.25,0.75,0,,,,,,0,0,0,,,,0,,,,,,0,0,0,,,,4,-0.07955,0.0,0.0,0.07875,0.92125,0,1,3,0.0,0.25,0.75
2005-04-12,4,-0.10265,0.0,0.05325,0.116,0.83075,1,1,2,0.25,0.25,0.5,0,,,,,,0,0,0,,,,1,0.2263,0.2263,0.213,0.0,0.787,1,0,0,1.0,0.0,0.0,3,-0.21230000000000002,0.0,0.0,0.15466666666666667,0.8453333333333334,0,1,2,0.0,0.3333333333333333,0.6666666666666666
2005-04-13,4,0.14227499999999998,0.20095,0.201,0.05775,0.74125,2,1,1,0.5,0.25,0.25,0,,,,,,0,0,0,,,,3,0.28076666666666666,0.4019,0.268,0.0,0.7319999999999999,2,0,1,0.6666666666666666,0.0,0.3333333333333333,1,-0.2732,-0.2732,0.0,0.231,0.769,0,1,0,0.0,1.0,0.0
2005-04-15,1,-0.4215,-0.4215,0.0,0.359,0.641,0,1,0,0.0,1.0,0.0,0,,,,,,0,0,0,,,,0,,,,,,0,0,0,,,,1,-0.4215,-0.4215,0.0,0.359,0.641,0,1,0,0.0,1.0,0.0
2005-04-17,1,0.0,0.0,0.0,0.0,1.0,0,0,1,0.0,0.0,1.0,0,,,,,,0,0,0,,,,0,,,,,,0,0,0,,,,1,0.0,0.0,0.0,0.0,1.0,0,0,1,0.0,0.0,1.0
2005-04-19,2,-0.05135,-0.05135,0.0,0.0945,0.9055,0,1,1,0.0,0.5,0.5,0,,,,,,0,0,0,,,,0,,,,,,0,0,0,,,,2,-0.05135,-0.05135,0.0,0.0945,0.9055,0,1,1,0.0,0.5,0.5
2005-04-22,2,0.0,0.0,0.0,0.0,1.0,0,0,2,0.0,0.0,1.0,0,,,,,,0,0,0,,,,0,,,,,,0,0,0,,,,2,0.0,0.0,0.0,0.0,1.0,0,0,2,0.0,0.0,1.0
2005-04-25,1,0.0,0.0,0.0,0.0,1.0,0,0,1,0.0,0.0,1.0,1,0.0,0.0,0.0,0.0,1.0,0,0,1,0.0,0.0,1.0,1,0.0,0.0,0.0,0.0,1.0,0,0,1,0.0,0.0,1.0,0,,,,,,0,0,0,,,
2005-04-26,1,0.0,0.0,0.0,0.0,1.0,0,0,1,0.0,0.0,1.0,1,0.0,0.0,0.0,0.0,1.0,0,0,1,0.0,0.0,1.0,1,0.0,0.0,0.0,0.0,1.0,0,0,1,0.0,0.0,1.0,0,,,,,,0,0,0,,,
2005-04-27,1,0.0,0.0,0.0,0.0,1.0,0,0,1,0.0,0.0,1.0,1,0.0,0.0,0.0,0.0,1.0,0,0,1,0.0,0.0,1.0,0,,,,,,0,0,0,,,,0,,,,,,0,0,0,,,
2005-04-28,2,-0.27695000000000003,-0.27695000000000003,0.1105,0.2945,0.595,0,2,0,0.0,1.0,0.0,1,-0.0772,-0.0772,0.221,0.248,0.531,0,1,0,0.0,1.0,0.0,0,,,,,,0,0,0,,,,1,-0.4767,-0.4767,0.0,0.341,0.659,0,1,0,0.0,1.0,0.0
2005-04-30,1,0.0,0.0,0.0,0.0,1.0,0,0,1,0.0,0.0,1.0,1,0.0,0.0,0.0,0.0,1.0,0,0,1,0.0,0.0,1.0,0,,,,,,0,0,0,,,,0,,,,,,0,0,0,,,
2005-05-05,1,0.0,0.0,0.0,0.0,1.0,0,0,1,0.0,0.0,1.0,1,0.0,0.0,0.0,0.0,1.0,0,0,1,0.0,0.0,1.0,0,,,,,,0,0,0,,,,0,,,,,,0,0,0,,,
2005-05-06,1,0.0516,0.0516,0.167,0.0,0.833,1,0,0,1.0,0.0,0.0,0,,,,,,0,0,0,,,,0,,,,,,0,0,0,,,,1,0.0516,0.0516,0.167,0.0,0.833,1,0,0,1.0,0.0,0.0
2005-05-08,1,-0.25,-0.25,0.201,0.276,0.522,0,1,0,0.0,1.0,0.0,0,,,,,,0,0,0,,,,1,-0.25,-0.25,0.201,0.276,0.522,0,1,0,0.0,1.0,0.0,0,,,,,,0,0,0,,,
2005-05-09,1,0.0,0.0,0.0,0.0,1.0,0,0,1,0.0,0.0,1.0,0,,,,,,0,0,0,,,,1,0.0,0.0,0.0,0.0,1.0,0,0,1,0.0,0.0,1.0,0,,,,,,0,0,0,,,
2005-05-11,2,-0.07415,-0.07415,0.117,0.2105,0.6725,1,1,0,0.5,0.5,0.0,2,-0.07415,-0.07415,0.117,0.2105,0.6725,1,1,0,0.5,0.5,0.0,0,,,,,,0,0,0,,,,0,,,,,,0,0,0,,,
2005-05-12,1,-0.4404,-0.4404,0.0,0.266,0.734,0,1,0,0.0,1.0,0.0,0,,,,,,0,0,0,,,,1,-0.4404,-0.4404,0.0,0.266,0.734,0,1,0,0.0,1.0,0.0,0,,,,,,0,0,0,,,
2005-05-17,1,0.0,0.0,0.0,0.0,1.0,0,0,1,0.0,0.0,1.0,1,0.0,0.0,0.0,0.0,1.0,0,0,1,0.0,0.0,1.0,0,,,,,,0,0,0,,,,0,,,,,,0,0,0,,,
2005-05-18,1,-0.128,-0.128,0.0,0.176,0.824,0,1,0,0.0,1.0,0.0,0,,,,,,0,0,0,,,,0,,,,,,0,0,0,,,,1,-0.128,-0.128,0.0,0.176,0.824,0,1,0,0.0,1.0,0.0
2005-05-19,1,-0.25,-0.25,0.153,0.292,0.556,0,1,0,0.0,1.0,0.0,1,-0.25,-0.25,0.153,0.292,0.556,0,1,0,0.0,1.0,0.0,0,,,,,,0,0,0,,,,0,,,,,,0,0,0,,,
2005-05-20,1,-0.4215,-0.4215,0.0,0.412,0.588,0,1,0,0.0,1.0,0.0,0,,,,,,0,0,0,,,,1,-0.4215,-0.4215,0.0,0.412,0.588,0,1,0,0.0,1.0,0.0,0,,,,,,0,0,0,,,
2005-05-23,1,0.2263,0.2263,0.275,0.0,0.725,1,0,0,1.0,0.0,0.0,0,,,,,,0,0,0,,,,1,0.2263,0.2263,0.275,0.0,0.725,1,0,0,1.0,0.0,0.0,0,,,,,,0,0,0,,,
2005-05-30,3,0.0,0.0,0.0,0.0,1.0,0,0,3,0.0,0.0,1.0,0,,,,,,0,0,0,,,,1,0.0,0.0,0.0,0.0,1.0,0,0,1,0.0,0.0,1.0,2,0.0,0.0,0.0,0.0,1.0,0,0,2,0.0,0.0,1.0
2005-06-02,1,-0.0258,-0.0258,0.284,0.295,0.421,0,0,1,0.0,0.0,1.0,1,-0.0258,-0.0258,0.284,0.295,0.421,0,0,1,0.0,0.0,1.0,0,,,,,,0,0,0,,,,0,,,,,,0,0,0,,,
2005-06-03,1,0.0,0.0,0.0,0.0,1.0,0,0,1,0.0,0.0,1.0,1,0.0,0.0,0.0,0.0,1.0,0,0,1,0.0,0.0,1.0,0,,,,,,0,0,0,,,,0,,,,,,0,0,0,,,
2005-06-04,1,-0.4404,-0.4404,0.0,0.266,0.734,0,1,0,0.0,1.0,0.0,1,-0.4404,-0.4404,0.0,0.266,0.734,0,1,0,0.0,1.0,0.0,0,,,,,,0,0,0,,,,0,,,,,,0,0,0,,,
2005-06-07,1,0.0,0.0,0.0,0.0,1.0,0,0,1,0.0,0.0,1.0,0,,,,,,0,0,0,,,,0,,,,,,0,0,0,,,,1,0.0,0.0,0.0,0.0,1.0,0,0,1,0.0,0.0,1.0
2005-06-10,1,0.34,0.34,0.255,0.0,0.745,1,0,0,1.0,0.0,0.0,0,,,,,,0,0,0,,,,0,,,,,,0,0,0,,,,1,0.34,0.34,0.255,0.0,0.745,1,0,0,1.0,0.0,0.0
2005-06-14,1,0.0,0.0,0.0,0.0,1.0,0,0,1,0.0,0.0,1.0,1,0.0,0.0,0.0,0.0,1.0,0,0,1,0.0,0.0,1.0,0,,,,,,0,0,0,,,,0,,,,,,0,0,0,,,
2005-06-16,3,-0.23329999999999998,-0.128,0.0,0.227,0.773,0,2,1,0.0,0.6666666666666666,0.3333333333333333,0,,,,,,0,0,0,,,,2,-0.064,-0.064,0.0,0.1,0.9,0,1,1,0.0,0.5,0.5,2,-0.34995,-0.34995,0.0,0.3405,0.6595,0,2,0,0.0,1.0,0.0
2005-06-18,1,-0.296,-0.296,0.0,0.306,0.694,0,1,0,0.0,1.0,0.0,1,-0.296,-0.296,0.0,0.306,0.694,0,1,0,0.0,1.0,0.0,0,,,,,,0,0,0,,,,0,,,,,,0,0,0,,,
2005-06-20,3,0.14049999999999999,0.0,0.11233333333333334,0.051,0.8366666666666666,1,0,2,0.3333333333333333,0.0,0.6666666666666666,1,0.4215,0.4215,0.337,0.153,0.51,1,0,0,1.0,0.0,0.0,0,,,,,,0,0,0,,,,2,0.0,0.0,0.0,0.0,1.0,0,0,2,0.0,0.0,1.0
2005-06-21,4,-0.09545,0.0,0.0,0.10475,0.89525,0,1,3,0.0,0.25,0.75,2,0.0,0.0,0.0,0.0,1.0,0,0,2,0.0,0.0,1.0,0,,,,,,0,0,0,,,,2,-0.1909,-0.1909,0.0,0.2095,0.7905,0,1,1,0.0,0.5,0.5
2005-06-22,2,0.0,0.0,0.0,0.0,1.0,0,0,2,0.0,0.0,1.0,2,0.0,0.0,0.0,0.0,1.0,0,0,2,0.0,0.0,1.0,1,0.0,0.0,0.0,0.0,1.0,0,0,1,0.0,0.0,1.0,0,,,,,,0,0,0,,,
2005-06-24,2,0.0,0.0,0.0,0.0,1.0,0,0,2,0.0,0.0,1.0,2,0.0,0.0,0.0,0.0,1.0,0,0,2,0.0,0.0,1.0,0,,,,,,0,0,0,,,,0,,,,,,0,0,0,,,
2005-06-25,7,0.10194285714285714,0.0,0.07842857142857142,0.023571428571428573,0.8979999999999999,2,0,5,0.2857142857142857,0.0,0.7142857142857143,5,0.0,0.0,0.0,0.0,1.0,0,0,5,0.0,0.0,1.0,0,,,,,,0,0,0,,,,3,0.23786666666666667,0.2732,0.18299999999999997,0.055,0.762,2,0,1,0.6666666666666666,0.0,0.3333333333333333
2005-06-26,2,-0.148,-0.148,0.0,0.1195,0.8805000000000001,0,1,1,0.0,0.5,0.5,0,,,,,,0,0,0,,,,0,,,,,,0,0,0,,,,2,-0.148,-0.148,0.0,0.1195,0.8805000000000001,0,1,1,0.0,0.5,0.5
2005-06-27,2,0.0,0.0,0.0,0.0,1.0,0,0,2,0.0,0.0,1.0,2,0.0,0.0,0.0,0.0,1.0,0,0,2,0.0,0.0,1.0,0,,,,,,0,0,0,,,,0,,,,,,0,0,0,,,
2005-06-28,3,0.09866666666666667,0.0,0.102,0.0,0.898,1,0,2,0.3333333333333333,0.0,0.6666666666666666,1,0.296,0.296,0.306,0.0,0.694,1,0,0,1.0,0.0,0.0,0,,,,,,0,0,0,,,,2,0.0,0.0,0.0,0.0,1.0,0,0,2,0.0,0.0,1.0
2005-06-29,2,-0.1366,-0.1366,0.0,0.148,0.852,0,1,1,0.0,0.5,0.5,1,-0.2732,-0.2732,0.0,0.296,0.704,0,1,0,0.0,1.0,0.0,0,,,,,,0,0,0,,,,1,0.0,0.0,0.0,0.0,1.0,0,0,1,0.0,0.0,1.0
2005-06-30,1,0.0,0.0,0.0,0.0,1.0,0,0,1,0.0,0.0,1.0,0,,,,,,0,0,0,,,,1,0.0,0.0,0.0,0.0,1.0,0,0,1,0.0,0.0,1.0,0,,,,,,0,0,0,,,
2005-07-04,1,0.0,0.0,0.0,0.0,1.0,0,0,1,0.0,0.0,1.0,0,,,,,,0,0,0,,,,0,,,,,,0,0,0,,,,1,0.0,0.0,0.0,0.0,1.0,0,0,1,0.0,0.0,1.0
2005-07-06,2,0.0,0.0,0.0,0.0,1.0,0,0,2,0.0,0.0,1.0,1,0.0,0.0,0.0,0.0,1.0,0,0,1,0.0,0.0,1.0,1,0.0,0.0,0.0,0.0,1.0,0,0,1,0.0,0.0,1.0,0,,,,,,0,0,0,,,
2005-07-07,4,-0.1101,0.0,0.0,0.1095,0.8905000000000001,0,1,3,0.0,0.25,0.75,4,-0.1101,0.0,0.0,0.1095,0.8905000000000001,0,1,3,0.0,0.25,0.75,0,,,,,,0,0,0,,,,0,,,,,,0,0,0,,,
2005-07-12,3,-0.10296666666666666,0.0,0.0,0.09100000000000001,0.9089999999999999,0,1,2,0.0,0.3333333333333333,0.6666666666666666,1,0.0,0.0,0.0,0.0,1.0,0,0,1,0.0,0.0,1.0,0,,,,,,0,0,0,,,,2,-0.15445,-0.15445,0.0,0.1365,0.8634999999999999,0,1,1,0.0,0.5,0.5
2005-07-13,1,0.0,0.0,0.0,0.0,1.0,0,0,1,0.0,0.0,1.0,1,0.0,0.0,0.0,0.0,1.0,0,0,1,0.0,0.0,1.0,0,,,,,,0,0,0,,,,0,,,,,,0,0,0,,,
2005-07-16,1,0.0,0.0,0.0,0.0,1.0,0,0,1,0.0,0.0,1.0,0,,,,,,0,0,0,,,,1,0.0,0.0,0.0,0.0,1.0,0,0,1,0.0,0.0,1.0,1,0.0,0.0,0.0,0.0,1.0,0,0,1,0.0,0.0,1.0
2005-07-18,2,0.0,0.0,0.0,0.0,1.0,0,0,2,0.0,0.0,1.0,0,,,,,,0,0,0,,,,0,,,,,,0,0,0,,,,2,0.0,0.0,0.0,0.0,1.0,0,0,2,0.0,0.0,1.0
2005-07-19,1,-0.296,-0.296,0.0,0.239,0.761,0,1,0,0.0,1.0,0.0,0,,,,,,0,0,0,,,,0,,,,,,0,0,0,,,,1,-0.296,-0.296,0.0,0.239,0.761,0,1,0,0.0,1.0,0.0
2005-07-20,2,-0.4158,-0.4158,0.0,0.2635,0.7364999999999999,0,1,1,0.0,0.5,0.5,1,0.0,0.0,0.0,0.0,1.0,0,0,1,0.0,0.0,1.0,0,,,,,,0,0,0,,,,1,-0.8316,-0.8316,0.0,0.527,0.473,0,1,0,0.0,1.0,0.0
2005-07-21,1,0.3182,0.3182,0.365,0.0,0.635,1,0,0,1.0,0.0,0.0,0,,,,,,0,0,0,,,,1,0.3182,0.3182,0.365,0.0,0.635,1,0,0,1.0,0.0,0.0,0,,,,,,0,0,0,,,
2005-07-22,2,-0.2221,-0.2221,0.1375,0.18,0.6825,1,1,0,0.5,0.5,0.0,0,,,,,,0,0,0,,,,1,0.2263,0.2263,0.275,0.0,0.725,1,0,0,1.0,0.0,0.0,1,-0.6705,-0.6705,0.0,0.36,0.64,0,1,0,0.0,1.0,0.0
2005-07-23,1,-0.5719,-0.5719,0.0,0.346,0.654,0,1,0,0.0,1.0,0.0,1,-0.5719,-0.5719,0.0,0.346,0.654,0,1,0,0.0,1.0,0.0,0,,,,,,0,0,0,,,,0,,,,,,0,0,0,,,
2005-07-25,2,0.20095,0.20095,0.139,0.0,0.861,1,0,1,0.5,0.0,0.5,1,0.0,0.0,0.0,0.0,1.0,0,0,1,0.0,0.0,1.0,0,,,,,,0,0,0,,,,1,0.4019,0.4019,0.278,0.0,0.722,1,0,0,1.0,0.0,0.0
2005-07-30,1,0.0,0.0,0.0,0.0,1.0,0,0,1,0.0,0.0,1.0,1,0.0,0.0,0.0,0.0,1.0,0,0,1,0.0,0.0,1.0,0,,,,,,0,0,0,,,,0,,,,,,0,0,0,,,
2005-08-01,1,0.0,0.0,0.0,0.0,1.0,0,0,1,0.0,0.0,1.0,1,0.0,0.0,0.0,0.0,1.0,0,0,1,0.0,0.0,1.0,0,,,,,,0,0,0,,,,0,,,,,,0,0,0,,,
2005-08-02,1,0.0,0.0,0.0,0.0,1.0,0,0,1,0.0,0.0,1.0,1,0.0,0.0,0.0,0.0,1.0,0,0,1,0.0,0.0,1.0,0,,,,,,0,0,0,,,,0,,,,,,0,0,0,,,
2005-08-04,1,0.0,0.0,0.0,0.0,1.0,0,0,1,0.0,0.0,1.0,1,0.0,0.0,0.0,0.0,1.0,0,0,1,0.0,0.0,1.0,0,,,,,,0,0,0,,,,0,,,,,,0,0,0,,,
2005-08-08,2,0.0,0.0,0.0,0.0,1.0,0,0,2,0.0,0.0,1.0,1,0.0,0.0,0.0,0.0,1.0,0,0,1,0.0,0.0,1.0,0,,,,,,0,0,0,,,,1,0.0,0.0,0.0,0.0,1.0,0,0,1,0.0,0.0,1.0
2005-08-09,1,0.0,0.0,0.0,0.0,1.0,0,0,1,0.0,0.0,1.0,0,,,,,,0,0,0,,,,0,,,,,,0,0,0,,,,1,0.0,0.0,0.0,0.0,1.0,0,0,1,0.0,0.0,1.0
2005-08-10,1,0.0,0.0,0.0,0.0,1.0,0,0,1,0.0,0.0,1.0,0,,,,,,0,0,0,,,,0,,,,,,0,0,0,,,,1,0.0,0.0,0.0,0.0,1.0,0,0,1,0.0,0.0,1.0
2005-08-11,1,0.0,0.0,0.0,0.0,1.0,0,0,1,0.0,0.0,1.0,1,0.0,0.0,0.0,0.0,1.0,0,0,1,0.0,0.0,1.0,0,,,,,,0,0,0,,,,0,,,,,,0,0,0,,,
2005-08-12,2,0.08895,0.08895,0.0875,0.0,0.9125,1,0,1,0.5,0.0,0.5,1,0.0,0.0,0.0,0.0,1.0,0,0,1,0.0,0.0,1.0,0,,,,,,0,0,0,,,,1,0.1779,0.1779,0.175,0.0,0.825,1,0,0,1.0,0.0,0.0
2005-08-13,1,0.0,0.0,0.0,0.0,1.0,0,0,1,0.0,0.0,1.0,1,0.0,0.0,0.0,0.0,1.0,0,0,1,0.0,0.0,1.0,0,,,,,,0,0,0,,,,0,,,,,,0,0,0,,,
2005-08-15,3,-0.2011666666666667,-0.2023,0.07366666666666667,0.24066666666666667,0.6856666666666666,0,3,0,0.0,1.0,0.0,1,-0.2023,-0.2023,0.221,0.287,0.492,0,1,0,0.0,1.0,0.0,0,,,,,,0,0,0,,,,2,-0.2006,-0.2006,0.0,0.2175,0.7825,0,2,0,0.0,1.0,0.0
2005-08-16,1,0.0,0.0,0.0,0.0,1.0,0,0,1,0.0,0.0,1.0,0,,,,,,0,0,0,,,,0,,,,,,0,0,0,,,,1,0.0,0.0,0.0,0.0,1.0,0,0,1,0.0,0.0,1.0
2005-08-17,2,0.0,0.0,0.0,0.0,1.0,0,0,2,0.0,0.0,1.0,0,,,,,,0,0,0,,,,0,,,,,,0,0,0,,,,2,0.0,0.0,0.0,0.0,1.0,0,0,2,0.0,0.0,1.0
2005-08-18,3,0.10420000000000001,0.0,0.19399999999999998,0.14233333333333334,0.6636666666666667,1,0,2,0.3333333333333333,0.0,0.6666666666666666,0,,,,,,0,0,0,,,,1,0.0,0.0,0.0,0.0,1.0,0,0,1,0.0,0.0,1.0,2,0.15630000000000002,0.15630000000000002,0.291,0.2135,0.4955,1,0,1,0.5,0.0,0.5
2005-08-19,1,0.0,0.0,0.0,0.0,1.0,0,0,1,0.0,0.0,1.0,1,0.0,0.0,0.0,0.0,1.0,0,0,1,0.0,0.0,1.0,0,,,,,,0,0,0,,,,0,,,,,,0,0,0,,,
2005-08-20,1,-0.5719,-0.5719,0.133,0.39,0.476,0,1,0,0.0,1.0,0.0,1,-0.5719,-0.5719,0.133,0.39,0.476,0,1,0,0.0,1.0,0.0,0,,,,,,0,0,0,,,,0,,,,,,0,0,0,,,
2005-08-22,1,-0.4215,-0.4215,0.0,0.318,0.682,0,1,0,0.0,1.0,0.0,0,,,,,,0,0,0,,,,0,,,,,,0,0,0,,,,1,-0.4215,-0.4215,0.0,0.318,0.682,0,1,0,0.0,1.0,0.0
2005-08-23,2,-0.0129,-0.0129,0.1175,0.1215,0.761,0,0,2,0.0,0.0,1.0,1,-0.0258,-0.0258,0.235,0.243,0.522,0,0,1,0.0,0.0,1.0,0,,,,,,0,0,0,,,,1,0.0,0.0,0.0,0.0,1.0,0,0,1,0.0,0.0,1.0
2005-08-24,1,0.0,0.0,0.0,0.0,1.0,0,0,1,0.0,0.0,1.0,0,,,,,,0,0,0,,,,0,,,,,,0,0,0,,,,1,0.0,0.0,0.0,0.0,1.0,0,0,1,0.0,0.0,1.0
2005-08-27,3,-0.1433,-0.1027,0.081,0.259,0.66,0,3,0,0.0,1.0,0.0,1,-0.0772,-0.0772,0.243,0.272,0.485,0,1,0,0.0,1.0,0.0,1,-0.25,-0.25,0.0,0.286,0.714,0,1,0,0.0,1.0,0.0,1,-0.1027,-0.1027,0.0,0.219,0.781,0,1,0,0.0,1.0,0.0
2005-08-28,1,-0.4588,-0.4588,0.0,0.571,0.429,0,1,0,0.0,1.0,0.0,0,,,,,,0,0,0,,,,1,-0.4588,-0.4588,0.0,0.571,0.429,0,1,0,0.0,1.0,0.0,0,,,,,,0,0,0,,,
2005-08-29,3,-0.19979999999999998,-0.1779,0.0,0.19466666666666665,0.8053333333333333,0,2,1,0.0,0.6666666666666666,0.3333333333333333,2,-0.29969999999999997,-0.29969999999999997,0.0,0.292,0.708,0,2,0,0.0,1.0,0.0,1,0.0,0.0,0.0,0.0,1.0,0,0,1,0.0,0.0,1.0,0,,,,,,0,0,0,,,
2005-08-30,5,-0.03221999999999999,0.0,0.0696,0.1276,0.8028000000000001,1,2,2,0.2,0.4,0.4,2,-0.1366,-0.1366,0.0,0.148,0.852,0,1,1,0.0,0.5,0.5,3,0.03736666666666668,0.0,0.11599999999999999,0.114,0.77,1,1,1,0.3333333333333333,0.3333333333333333,0.3333333333333333,1,0.0,0.0,0.0,0.0,1.0,0,0,1,0.0,0.0,1.0
2005-08-31,6,-0.017116666666666665,0.0,0.0,0.0365,0.9635000000000001,0,1,5,0.0,0.16666666666666666,0.8333333333333334,5,-0.02054,0.0,0.0,0.0438,0.9562000000000002,0,1,4,0.0,0.2,0.8,1,0.0,0.0,0.0,0.0,1.0,0,0,1,0.0,0.0,1.0,0,,,,,,0,0,0,,,
2005-09-01,5,-0.07832,0.0,0.0,0.094,0.906,0,2,3,0.0,0.4,0.6,0,,,,,,0,0,0,,,,1,0.0,0.0,0.0,0.0,1.0,0,0,1,0.0,0.0,1.0,4,-0.0979,-0.0258,0.0,0.1175,0.8825000000000001,0,2,2,0.0,0.5,0.5
2005-09-02,4,-0.036025,-0.125,0.08775,0.15975,0.7525,1,2,1,0.25,0.5,0.25,0,,,,,,0,0,0,,,,1,-0.25,-0.25,0.0,0.333,0.667,0,1,0,0.0,1.0,0.0,3,0.0353,0.0,0.11699999999999999,0.102,0.781,1,1,1,0.3333333333333333,0.3333333333333333,0.3333333333333333
2005-09-03,1,0.3818,0.3818,0.342,0.0,0.658,1,0,0,1.0,0.0,0.0,1,0.3818,0.3818,0.342,0.0,0.658,1,0,0,1.0,0.0,0.0,0,,,,,,0,0,0,,,,0,,,,,,0,0,0,,,
2005-09-04,1,0.0,0.0,0.0,0.0,1.0,0,0,1,0.0,0.0,1.0,0,,,,,,0,0,0,,,,0,,,,,,0,0,0,,,,1,0.0,0.0,0.0,0.0,1.0,0,0,1,0.0,0.0,1.0
2005-09-05,6,0.07351666666666667,0.05135,0.14466666666666667,0.11733333333333333,0.7381666666666667,3,1,2,0.5,0.16666666666666666,0.3333333333333333,1,-0.296,-0.296,0.0,0.239,0.761,0,1,0,0.0,1.0,0.0,0,,,,,,0,0,0,,,,5,0.14742000000000002,0.1027,0.1736,0.093,0.7336,3,0,2,0.6,0.0,0.4
2005-09-06,1,-0.296,-0.296,0.0,0.239,0.761,0,1,0,0.0,1.0,0.0,0,,,,,,0,0,0,,,,0,,,,,,0,0,0,,,,1,-0.296,-0.296,0.0,0.239,0.761,0,1,0,0.0,1.0,0.0
2005-09-07,6,-0.23976666666666666,-0.29205,0.053,0.22199999999999998,0.7248333333333333,0,4,2,0.0,0.6666666666666666,0.3333333333333333,0,,,,,,0,0,0,,,,0,,,,,,0,0,0,,,,6,-0.23976666666666666,-0.29205,0.053,0.22199999999999998,0.7248333333333333,0,4,2,0.0,0.6666666666666666,0.3333333333333333
2005-09-08,6,0.10651666666666666,0.0,0.12666666666666668,0.06983333333333334,0.8035,2,1,3,0.3333333333333333,0.16666666666666666,0.5,2,0.0726,0.0726,0.185,0.20950000000000002,0.6055,1,1,0,0.5,0.5,0.0,0,,,,,,0,0,0,,,,4,0.123475,0.0,0.0975,0.0,0.9025,1,0,3,0.25,0.0,0.75
2005-09-09,5,-0.13504,-0.2732,0.0586,0.2238,0.7176,1,4,0,0.2,0.8,0.0,0,,,,,,0,0,0,,,,0,,,,,,0,0,0,,,,5,-0.13504,-0.2732,0.0586,0.2238,0.7176,1,4,0,0.2,0.8,0.0
2005-09-10,1,0.128,0.128,0.2,0.0,0.8,1,0,0,1.0,0.0,0.0,0,,,,,,0,0,0,,,,0,,,,,,0,0,0,,,,1,0.128,0.128,0.2,0.0,0.8,1,0,0,1.0,0.0,0.0
2005-09-11,2,-0.2997,-0.2997,0.0,0.179,0.821,0,1,1,0.0,0.5,0.5,0,,,,,,0,0,0,,,,0,,,,,,0,0,0,,,,2,-0.2997,-0.2997,0.0,0.179,0.821,0,1,1,0.0,0.5,0.5
2005-09-12,6,0.05838333333333334,0.0286,0.14566666666666667,0.1145,0.7396666666666668,3,2,1,0.5,0.3333333333333333,0.16666666666666666,0,,,,,,0,0,0,,,,1,-0.4215,-0.4215,0.0,0.259,0.741,0,1,0,0.0,1.0,0.0,5,0.15436,0.0572,0.1748,0.08560000000000001,0.7394000000000001,3,1,1,0.6,0.2,0.2
2005-09-13,5,-0.01422,0.0,0.1066,0.08120000000000001,0.8122,2,2,1,0.4,0.4,0.2,1,-0.1531,-0.1531,0.0,0.167,0.833,0,1,0,0.0,1.0,0.0,0,,,,,,0,0,0,,,,4,0.020500000000000004,0.064,0.13325,0.05975,0.807,2,1,1,0.5,0.25,0.25
2005-09-14,6,0.10138333333333334,0.05135,0.19783333333333333,0.16966666666666666,0.6325,3,2,1,0.5,0.3333333333333333,0.16666666666666666,1,0.0,0.0,0.0,0.0,1.0,0,0,1,0.0,0.0,1.0,1,-0.25,-0.25,0.0,0.25,0.75,0,1,0,0.0,1.0,0.0,4,0.21457500000000002,0.19935,0.29675,0.192,0.51125,3,1,0,0.75,0.25,0.0
2005-09-15,2,0.08895,0.08895,0.1105,0.0,0.8895,1,0,1,0.5,0.0,0.5,1,0.0,0.0,0.0,0.0,1.0,0,0,1,0.0,0.0,1.0,0,,,,,,0,0,0,,,,1,0.1779,0.1779,0.221,0.0,0.779,1,0,0,1.0,0.0,0.0
2005-09-16,5,-0.0843,0.0,0.0,0.0718,0.9282,0,1,4,0.0,0.2,0.8,1,0.0,0.0,0.0,0.0,1.0,0,0,1,0.0,0.0,1.0,0,,,,,,0,0,0,,,,4,-0.105375,0.0,0.0,0.08975,0.91025,0,1,3,0.0,0.25,0.75
2005-09-17,1,0.0,0.0,0.0,0.0,1.0,0,0,1,0.0,0.0,1.0,1,0.0,0.0,0.0,0.0,1.0,0,0,1,0.0,0.0,1.0,0,,,,,,0,0,0,,,,0,,,,,,0,0,0,,,
2005-09-18,1,0.0,0.0,0.0,0.0,1.0,0,0,1,0.0,0.0,1.0,1,0.0,0.0,0.0,0.0,1.0,0,0,1,0.0,0.0,1.0,1,0.0,0.0,0.0,0.0,1.0,0,0,1,0.0,0.0,1.0,0,,,,,,0,0,0,,,
2005-09-19,5,0.12955999999999998,0.0,0.11400000000000002,0.0358,0.8501999999999998,2,0,3,0.4,0.0,0.6,1,0.0,0.0,0.0,0.0,1.0,0,0,1,0.0,0.0,1.0,0,,,,,,0,0,0,,,,4,0.16194999999999998,0.11315,0.14250000000000002,0.04475,0.81275,2,0,2,0.5,0.0,0.5
2005-09-20,9,0.013044444444444438,0.0,0.12622222222222224,0.07488888888888888,0.7987777777777778,3,2,4,0.3333333333333333,0.2222222222222222,0.4444444444444444,1,-0.4939,-0.4939,0.0,0.39,0.61,0,1,0,0.0,1.0,0.0,1,0.0,0.0,0.0,0.0,1.0,0,0,1,0.0,0.0,1.0,7,0.08732857142857142,0.0,0.1622857142857143,0.04057142857142857,0.7969999999999999,3,1,3,0.42857142857142855,0.14285714285714285,0.42857142857142855
2005-09-21,5,0.046299999999999994,0.0,0.0948,0.046400000000000004,0.8588000000000001,1,0,4,0.2,0.0,0.8,0,,,,,,0,0,0,,,,1,0.0,0.0,0.0,0.0,1.0,0,0,1,0.0,0.0,1.0,4,0.057874999999999996,0.0129,0.1185,0.058,0.8235,1,0,3,0.25,0.0,0.75
2005-09-22,8,0.1052875,0.0,0.071375,0.0,0.928625,2,0,6,0.25,0.0,0.75,0,,,,,,0,0,0,,,,1,0.4404,0.4404,0.293,0.0,0.707,1,0,0,1.0,0.0,0.0,7,0.05741428571428571,0.0,0.039714285714285716,0.0,0.9602857142857142,1,0,6,0.14285714285714285,0.0,0.8571428571428571
2005-09-23,7,-0.1423142857142857,0.0,0.03828571428571429,0.13342857142857142,0.8282857142857143,1,3,3,0.14285714285714285,0.42857142857142855,0.42857142857142855,0,,,,,,0,0,0,,,,1,0.0,0.0,0.0,0.0,1.0,0,0,1,0.0,0.0,1.0,6,-0.16603333333333334,-0.1366,0.04466666666666667,0.15566666666666665,0.7996666666666666,1,3,2,0.16666666666666666,0.5,0.3333333333333333
2005-09-24,3,-0.1643666666666667,-0.1531,0.16,0.22833333333333336,0.6116666666666667,0,2,1,0.0,0.6666666666666666,0.3333333333333333,1,0.0,0.0,0.0,0.0,1.0,0,0,1,0.0,0.0,1.0,1,-0.34,-0.34,0.23,0.37,0.4,0,1,0,0.0,1.0,0.0,1,-0.1531,-0.1531,0.25,0.315,0.435,0,1,0,0.0,1.0,0.0
2005-09-25,1,-0.296,-0.296,0.0,0.268,0.732,0,1,0,0.0,1.0,0.0,0,,,,,,0,0,0,,,,0,,,,,,0,0,0,,,,1,-0.296,-0.296,0.0,0.268,0.732,0,1,0,0.0,1.0,0.0
2005-09-26,4,-0.0683,0.0,0.0,0.05775,0.94225,0,1,3,0.0,0.25,0.75,1,0.0,0.0,0.0,0.0,1.0,0,0,1,0.0,0.0,1.0,0,,,,,,0,0,0,,,,3,-0.09106666666666667,0.0,0.0,0.077,0.923,0,1,2,0.0,0.3333333333333333,0.6666666666666666
2005-09-27,3,0.17613333333333334,0.3612,0.22599999999999998,0.08633333333333333,0.6876666666666665,2,1,0,0.6666666666666666,0.3333333333333333,0.0,2,0.40080000000000005,0.40080000000000005,0.33899999999999997,0.0,0.661,2,0,0,1.0,0.0,0.0,0,,,,,,0,0,0,,,,1,-0.2732,-0.2732,0.0,0.259,0.741,0,1,0,0.0,1.0,0.0
2005-09-28,4,-0.4708,-0.47620000000000007,0.0,0.402,0.598,0,4,0,0.0,1.0,0.0,1,-0.34,-0.34,0.0,0.375,0.625,0,1,0,0.0,1.0,0.0,0,,,,,,0,0,0,,,,3,-0.5144000000000001,-0.6124,0.0,0.41100000000000003,0.589,0,3,0,0.0,1.0,0.0
2005-09-29,2,-0.23835,-0.23835,0.0,0.2185,0.7815,0,1,1,0.0,0.5,0.5,0,,,,,,0,0,0,,,,0,,,,,,0,0,0,,,,2,-0.23835,-0.23835,0.0,0.2185,0.7815,0,1,1,0.0,0.5,0.5
2005-09-30,4,-0.360425,-0.3286,0.0,0.33875,0.66125,0,3,1,0.0,0.75,0.25,0,,,,,,0,0,0,,,,0,,,,,,0,0,0,,,,4,-0.360425,-0.3286,0.0,0.33875,0.66125,0,3,1,0.0,0.75,0.25
2005-10-01,2,0.0,0.0,0.0,0.0,1.0,0,0,2,0.0,0.0,1.0,0,,,,,,0,0,0,,,,0,,,,,,0,0,0,,,,2,0.0,0.0,0.0,0.0,1.0,0,0,2,0.0,0.0,1.0
2005-10-02,2,-0.55845,-0.55845,0.0,0.575,0.425,0,2,0,0.0,1.0,0.0,0,,,,,,0,0,0,,,,2,-0.55845,-0.55845,0.0,0.575,0.425,0,2,0,0.0,1.0,0.0,0,,,,,,0,0,0,,,
2005-10-03,1,-0.2732,-0.2732,0.0,0.296,0.704,0,1,0,0.0,1.0,0.0,0,,,,,,0,0,0,,,,0,,,,,,0,0,0,,,,1,-0.2732,-0.2732,0.0,0.296,0.704,0,1,0,0.0,1.0,0.0
2005-10-04,1,-0.128,-0.128,0.0,0.2,0.8,0,1,0,0.0,1.0,0.0,0,,,,,,0,0,0,,,,0,,,,,,0,0,0,,,,1,-0.128,-0.128,0.0,0.2,0.8,0,1,0,0.0,1.0,0.0
2005-10-05,5,-0.10212000000000002,0.0,0.0,0.09240000000000001,0.9076000000000001,0,1,4,0.0,0.2,0.8,0,,,,,,0,0,0,,,,2,0.0,0.0,0.0,0.0,1.0,0,0,2,0.0,0.0,1.0,3,-0.17020000000000002,0.0,0.0,0.154,0.8460000000000001,0,1,2,0.0,0.3333333333333333,0.6666666666666666
2005-10-07,2,-0.6588499999999999,-0.6588499999999999,0.0,0.4965,0.5035000000000001,0,2,0,0.0,1.0,0.0,1,-0.6369,-0.6369,0.0,0.51,0.49,0,1,0,0.0,1.0,0.0,0,,,,,,0,0,0,,,,1,-0.6808,-0.6808,0.0,0.483,0.517,0,1,0,0.0,1.0,0.0
2005-10-10,3,-0.1998,0.0,0.0,0.165,0.835,0,1,2,0.0,0.3333333333333333,0.6666666666666666,0,,,,,,0,0,0,,,,2,-0.2997,-0.2997,0.0,0.2475,0.7525,0,1,1,0.0,0.5,0.5,1,0.0,0.0,0.0,0.0,1.0,0,0,1,0.0,0.0,1.0
2005-10-11,1,-0.2732,-0.2732,0.0,0.296,0.704,0,1,0,0.0,1.0,0.0,1,-0.2732,-0.2732,0.0,0.296,0.704,0,1,0,0.0,1.0,0.0,0,,,,,,0,0,0,,,,0,,,,,,0,0,0,,,
2005-10-12,3,-0.14049999999999999,0.0,0.0,0.13733333333333334,0.8626666666666667,0,1,2,0.0,0.3333333333333333,0.6666666666666666,1,0.0,0.0,0.0,0.0,1.0,0,0,1,0.0,0.0,1.0,0,,,,,,0,0,0,,,,2,-0.21075,-0.21075,0.0,0.206,0.794,0,1,1,0.0,0.5,0.5
2005-10-13,1,0.0,0.0,0.0,0.0,1.0,0,0,1,0.0,0.0,1.0,0,,,,,,0,0,0,,,,0,,,,,,0,0,0,,,,1,0.0,0.0,0.0,0.0,1.0,0,0,1,0.0,0.0,1.0
2005-10-16,1,0.296,0.296,0.268,0.0,0.732,1,0,0,1.0,0.0,0.0,1,0.296,0.296,0.268,0.0,0.732,1,0,0,1.0,0.0,0.0,0,,,,,,0,0,0,,,,0,,,,,,0,0,0,,,
2005-10-17,1,0.0,0.0,0.0,0.0,1.0,0,0,1,0.0,0.0,1.0,0,,,,,,0,0,0,,,,0,,,,,,0,0,0,,,,1,0.0,0.0,0.0,0.0,1.0,0,0,1,0.0,0.0,1.0
2005-10-18,4,-0.0683,0.0,0.0,0.074,0.9259999999999999,0,1,3,0.0,0.25,0.75,2,-0.1366,-0.1366,0.0,0.148,0.852,0,1,1,0.0,0.5,0.5,0,,,,,,0,0,0,,,,2,0.0,0.0,0.0,0.0,1.0,0,0,2,0.0,0.0,1.0
2005-10-26,2,-0.21075,-0.21075,0.0,0.1295,0.8705,0,1,1,0.0,0.5,0.5,1,-0.4215,-0.4215,0.0,0.259,0.741,0,1,0,0.0,1.0,0.0,0,,,,,,0,0,0,,,,1,0.0,0.0,0.0,0.0,1.0,0,0,1,0.0,0.0,1.0
2005-10-31,1,0.0,0.0,0.0,0.0,1.0,0,0,1,0.0,0.0,1.0,1,0.0,0.0,0.0,0.0,1.0,0,0,1,0.0,0.0,1.0,1,0.0,0.0,0.0,0.0,1.0,0,0,1,0.0,0.0,1.0,0,,,,,,0,0,0,,,
2005-11-01,3,0.05103333333333334,0.0,0.05566666666666667,0.0,0.9443333333333334,1,0,2,0.3333333333333333,0.0,0.6666666666666666,1,0.1531,0.1531,0.167,0.0,0.833,1,0,0,1.0,0.0,0.0,0,,,,,,0,0,0,,,,2,0.0,0.0,0.0,0.0,1.0,0,0,2,0.0,0.0,1.0
2005-11-03,3,0.0,0.0,0.0,0.0,1.0,0,0,3,0.0,0.0,1.0,0,,,,,,0,0,0,,,,0,,,,,,0,0,0,,,,3,0.0,0.0,0.0,0.0,1.0,0,0,3,0.0,0.0,1.0
2005-11-04,3,0.11423333333333334,0.0516,0.13733333333333334,0.0,0.8626666666666667,2,0,1,0.6666666666666666,0.0,0.3333333333333333,0,,,,,,0,0,0,,,,2,0.14555,0.14555,0.133,0.0,0.867,1,0,1,0.5,0.0,0.5,1,0.0516,0.0516,0.146,0.0,0.854,1,0,0,1.0,0.0,0.0
2005-11-08,1,0.3182,0.3182,0.315,0.0,0.685,1,0,0,1.0,0.0,0.0,1,0.3182,0.3182,0.315,0.0,0.685,1,0,0,1.0,0.0,0.0,0,,,,,,0,0,0,,,,0,,,,,,0,0,0,,,
2005-11-09,1,-0.2732,-0.2732,0.0,0.296,0.704,0,1,0,0.0,1.0,0.0,0,,,,,,0,0,0,,,,0,,,,,,0,0,0,,,,1,-0.2732,-0.2732,0.0,0.296,0.704,0,1,0,0.0,1.0,0.0
2005-11-10,1,0.3182,0.3182,0.247,0.0,0.753,1,0,0,1.0,0.0,0.0,0,,,,,,0,0,0,,,,0,,,,,,0,0,0,,,,1,0.3182,0.3182,0.247,0.0,0.753,1,0,0,1.0,0.0,0.0
2005-11-12,1,-0.5106,-0.5106,0.0,0.381,0.619,0,1,0,0.0,1.0,0.0,0,,,,,,0,0,0,,,,1,-0.5106,-0.5106,0.0,0.381,0.619,0,1,0,0.0,1.0,0.0,0,,,,,,0,0,0,,,
2005-11-17,1,0.0,0.0,0.0,0.0,1.0,0,0,1,0.0,0.0,1.0,1,0.0,0.0,0.0,0.0,1.0,0,0,1,0.0,0.0,1.0,0,,,,,,0,0,0,,,,0,,,,,,0,0,0,,,
2005-11-19,1,-0.296,-0.296,0.223,0.33,0.446,0,1,0,0.0,1.0,0.0,1,-0.296,-0.296,0.223,0.33,0.446,0,1,0,0.0,1.0,0.0,0,,,,,,0,0,0,,,,0,,,,,,0,0,0,,,
2005-11-20,1,-0.5267,-0.5267,0.0,0.524,0.476,0,1,0,0.0,1.0,0.0,0,,,,,,0,0,0,,,,1,-0.5267,-0.5267,0.0,0.524,0.476,0,1,0,0.0,1.0,0.0,0,,,,,,0,0,0,,,
2005-11-22,1,0.0,0.0,0.0,0.0,1.0,0,0,1,0.0,0.0,1.0,0,,,,,,0,0,0,,,,1,0.0,0.0,0.0,0.0,1.0,0,0,1,0.0,0.0,1.0,0,,,,,,0,0,0,,,
2005-11-23,1,-0.4019,-0.4019,0.0,0.31,0.69,0,1,0,0.0,1.0,0.0,0,,,,,,0,0,0,,,,1,-0.4019,-0.4019,0.0,0.31,0.69,0,1,0,0.0,1.0,0.0,0,,,,,,0,0,0,,,
2005-11-24,1,0.0,0.0,0.0,0.0,1.0,0,0,1,0.0,0.0,1.0,0,,,,,,0,0,0,,,,0,,,,,,0,0,0,,,,1,0.0,0.0,0.0,0.0,1.0,0,0,1,0.0,0.0,1.0
2005-11-25,1,0.0,0.0,0.0,0.0,1.0,0,0,1,0.0,0.0,1.0,0,,,,,,0,0,0,,,,1,0.0,0.0,0.0,0.0,1.0,0,0,1,0.0,0.0,1.0,0,,,,,,0,0,0,,,
2005-11-29,2,0.28595,0.28595,0.173,0.0,0.827,1,0,1,0.5,0.0,0.5,0,,,,,,0,0,0,,,,0,,,,,,0,0,0,,,,2,0.28595,0.28595,0.173,0.0,0.827,1,0,1,0.5,0.0,0.5
2005-12-05,1,0.4404,0.4404,0.42,0.0,0.58,1,0,0,1.0,0.0,0.0,0,,,,,,0,0,0,,,,1,0.4404,0.4404,0.42,0.0,0.58,1,0,0,1.0,0.0,0.0,0,,,,,,0,0,0,,,
2005-12-06,1,0.0,0.0,0.0,0.0,1.0,0,0,1,0.0,0.0,1.0,0,,,,,,0,0,0,,,,0,,,,,,0,0,0,,,,1,0.0,0.0,0.0,0.0,1.0,0,0,1,0.0,0.0,1.0
2005-12-10,1,0.0,0.0,0.0,0.0,1.0,0,0,1,0.0,0.0,1.0,0,,,,,,0,0,0,,,,1,0.0,0.0,0.0,0.0,1.0,0,0,1,0.0,0.0,1.0,0,,,,,,0,0,0,,,
2005-12-12,1,0.0,0.0,0.0,0.0,1.0,0,0,1,0.0,0.0,1.0,0,,,,,,0,0,0,,,,0,,,,,,0,0,0,,,,1,0.0,0.0,0.0,0.0,1.0,0,0,1,0.0,0.0,1.0
2005-12-13,1,0.0,0.0,0.0,0.0,1.0,0,0,1,0.0,0.0,1.0,0,,,,,,0,0,0,,,,1,0.0,0.0,0.0,0.0,1.0,0,0,1,0.0,0.0,1.0,0,,,,,,0,0,0,,,
2005-12-20,3,-0.08456666666666666,0.0,0.09233333333333334,0.20333333333333334,0.7043333333333334,1,1,1,0.3333333333333333,0.3333333333333333,0.3333333333333333,0,,,,,,0,0,0,,,,1,-0.5719,-0.5719,0.0,0.61,0.39,0,1,0,0.0,1.0,0.0,2,0.1591,0.1591,0.1385,0.0,0.8614999999999999,1,0,1,0.5,0.0,0.5
2005-12-21,1,-0.8225,-0.8225,0.0,0.603,0.397,0,1,0,0.0,1.0,0.0,0,,,,,,0,0,0,,,,1,-0.8225,-0.8225,0.0,0.603,0.397,0,1,0,0.0,1.0,0.0,0,,,,,,0,0,0,,,
2005-12-22,1,-0.4404,-0.4404,0.0,0.326,0.674,0,1,0,0.0,1.0,0.0,0,,,,,,0,0,0,,,,1,-0.4404,-0.4404,0.0,0.326,0.674,0,1,0,0.0,1.0,0.0,0,,,,,,0,0,0,,,
2005-12-26,1,-0.7579,-0.7579,0.0,0.565,0.435,0,1,0,0.0,1.0,0.0,0,,,,,,0,0,0,,,,0,,,,,,0,0,0,,,,1,-0.7579,-0.7579,0.0,0.565,0.435,0,1,0,0.0,1.0,0.0
2005-12-28,1,-0.5859,-0.5859,0.0,0.545,0.455,0,1,0,0.0,1.0,0.0,1,-0.5859,-0.5859,0.0,0.545,0.455,0,1,0,0.0,1.0,0.0,0,,,,,,0,0,0,,,,0,,,,,,0,0,0,,,
2005-12-31,1,-0.6249,-0.6249,0.0,0.406,0.594,0,1,0,0.0,1.0,0.0,1,-0.6249,-0.6249,0.0,0.406,0.594,0,1,0,0.0,1.0,0.0,1,-0.6249,-0.6249,0.0,0.406,0.594,0,1,0,0.0,1.0,0.0,0,,,,,,0,0,0,,,
2006-01-03,1,-0.296,-0.296,0.0,0.239,0.761,0,1,0,0.0,1.0,0.0,0,,,,,,0,0,0,,,,0,,,,,,0,0,0,,,,1,-0.296,-0.296,0.0,0.239,0.761,0,1,0,0.0,1.0,0.0
2006-01-06,2,-0.1909,-0.1909,0.0,0.155,0.845,0,1,1,0.0,0.5,0.5,0,,,,,,0,0,0,,,,0,,,,,,0,0,0,,,,2,-0.1909,-0.1909,0.0,0.155,0.845,0,1,1,0.0,0.5,0.5
2006-01-11,1,0.0,0.0,0.0,0.0,1.0,0,0,1,0.0,0.0,1.0,0,,,,,,0,0,0,,,,0,,,,,,0,0,0,,,,1,0.0,0.0,0.0,0.0,1.0,0,0,1,0.0,0.0,1.0
2006-01-12,3,-0.09866666666666667,0.0,0.0,0.08933333333333333,0.9106666666666667,0,1,2,0.0,0.3333333333333333,0.6666666666666666,0,,,,,,0,0,0,,,,0,,,,,,0,0,0,,,,3,-0.09866666666666667,0.0,0.0,0.08933333333333333,0.9106666666666667,0,1,2,0.0,0.3333333333333333,0.6666666666666666
2006-01-13,2,-0.0258,-0.0258,0.0,0.1155,0.8845000000000001,0,1,1,0.0,0.5,0.5,1,-0.0516,-0.0516,0.0,0.231,0.769,0,1,0,0.0,1.0,0.0,1,-0.0516,-0.0516,0.0,0.231,0.769,0,1,0,0.0,1.0,0.0,1,0.0,0.0,0.0,0.0,1.0,0,0,1,0.0,0.0,1.0
2006-01-16,1,-0.7003,-0.7003,0.0,0.537,0.463,0,1,0,0.0,1.0,0.0,0,,,,,,0,0,0,,,,1,-0.7003,-0.7003,0.0,0.537,0.463,0,1,0,0.0,1.0,0.0,0,,,,,,0,0,0,,,
2006-01-18,2,0.0,0.0,0.0,0.0,1.0,0,0,2,0.0,0.0,1.0,2,0.0,0.0,0.0,0.0,1.0,0,0,2,0.0,0.0,1.0,0,,,,,,0,0,0,,,,0,,,,,,0,0,0,,,
2006-01-19,2,-0.2202,-0.2202,0.0,0.163,0.837,0,1,1,0.0,0.5,0.5,1,-0.4404,-0.4404,0.0,0.326,0.674,0,1,0,0.0,1.0,0.0,1,0.0,0.0,0.0,0.0,1.0,0,0,1,0.0,0.0,1.0,0,,,,,,0,0,0,,,
2006-01-22,1,-0.4019,-0.4019,0.0,0.403,0.597,0,1,0,0.0,1.0,0.0,0,,,,,,0,0,0,,,,1,-0.4019,-0.4019,0.0,0.403,0.597,0,1,0,0.0,1.0,0.0,0,,,,,,0,0,0,,,
2006-01-23,1,0.0,0.0,0.0,0.0,1.0,0,0,1,0.0,0.0,1.0,0,,,,,,0,0,0,,,,1,0.0,0.0,0.0,0.0,1.0,0,0,1,0.0,0.0,1.0,0,,,,,,0,0,0,,,
2006-01-24,1,-0.5719,-0.5719,0.0,0.439,0.561,0,1,0,0.0,1.0,0.0,0,,,,,,0,0,0,,,,1,-0.5719,-0.5719,0.0,0.439,0.561,0,1,0,0.0,1.0,0.0,0,,,,,,0,0,0,,,
2006-01-29,1,0.4019,0.4019,0.403,0.0,0.597,1,0,0,1.0,0.0,0.0,0,,,,,,0,0,0,,,,1,0.4019,0.4019,0.403,0.0,0.597,1,0,0,1.0,0.0,0.0,0,,,,,,0,0,0,,,
2006-01-31,1,-0.2023,-0.2023,0.185,0.25,0.565,0,1,0,0.0,1.0,0.0,0,,,,,,0,0,0,,,,0,,,,,,0,0,0,,,,1,-0.2023,-0.2023,0.185,0.25,0.565,0,1,0,0.0,1.0,0.0
2006-02-01,1,0.0,0.0,0.0,0.0,1.0,0,0,1,0.0,0.0,1.0,1,0.0,0.0,0.0,0.0,1.0,0,0,1,0.0,0.0,1.0,0,,,,,,0,0,0,,,,0,,,,,,0,0,0,,,
2006-02-02,1,0.8689,0.8689,0.662,0.0,0.338,1,0,0,1.0,0.0,0.0,1,0.8689,0.8689,0.662,0.0,0.338,1,0,0,1.0,0.0,0.0,0,,,,,,0,0,0,,,,0,,,,,,0,0,0,,,
2006-02-06,1,-0.296,-0.296,0.0,0.239,0.761,0,1,0,0.0,1.0,0.0,0,,,,,,0,0,0,,,,1,-0.296,-0.296,0.0,0.239,0.761,0,1,0,0.0,1.0,0.0,0,,,,,,0,0,0,,,
2006-02-07,3,-0.28636666666666666,-0.2732,0.0,0.2803333333333334,0.7196666666666666,0,2,1,0.0,0.6666666666666666,0.3333333333333333,2,-0.42955,-0.42955,0.0,0.4205,0.5795,0,2,0,0.0,1.0,0.0,0,,,,,,0,0,0,,,,1,0.0,0.0,0.0,0.0,1.0,0,0,1,0.0,0.0,1.0
2006-02-08,2,0.11870000000000003,0.11870000000000003,0.226,0.148,0.626,1,1,0,0.5,0.5,0.0,1,-0.2732,-0.2732,0.0,0.296,0.704,0,1,0,0.0,1.0,0.0,0,,,,,,0,0,0,,,,1,0.5106,0.5106,0.452,0.0,0.548,1,0,0,1.0,0.0,0.0
2006-02-09,1,0.2263,0.2263,0.213,0.0,0.787,1,0,0,1.0,0.0,0.0,0,,,,,,0,0,0,,,,0,,,,,,0,0,0,,,,1,0.2263,0.2263,0.213,0.0,0.787,1,0,0,1.0,0.0,0.0
2006-02-10,1,0.0,0.0,0.0,0.0,1.0,0,0,1,0.0,0.0,1.0,0,,,,,,0,0,0,,,,0,,,,,,0,0,0,,,,1,0.0,0.0,0.0,0.0,1.0,0,0,1,0.0,0.0,1.0
2006-02-11,1,-0.4404,-0.4404,0.171,0.352,0.476,0,1,0,0.0,1.0,0.0,1,-0.4404,-0.4404,0.171,0.352,0.476,0,1,0,0.0,1.0,0.0,0,,,,,,0,0,0,,,,0,,,,,,0,0,0,,,
2006-02-14,2,0.1366,0.1366,0.148,0.0,0.852,1,0,1,0.5,0.0,0.5,0,,,,,,0,0,0,,,,2,0.1366,0.1366,0.148,0.0,0.852,1,0,1,0.5,0.0,0.5,1,0.2732,0.2732,0.296,0.0,0.704,1,0,0,1.0,0.0,0.0
2006-02-16,1,-0.296,-0.296,0.0,0.239,0.761,0,1,0,0.0,1.0,0.0,0,,,,,,0,0,0,,,,0,,,,,,0,0,0,,,,1,-0.296,-0.296,0.0,0.239,0.761,0,1,0,0.0,1.0,0.0
2006-02-17,1,0.0,0.0,0.0,0.0,1.0,0,0,1,0.0,0.0,1.0,1,0.0,0.0,0.0,0.0,1.0,0,0,1,0.0,0.0,1.0,0,,,,,,0,0,0,,,,0,,,,,,0,0,0,,,
2006-02-19,1,-0.4767,-0.4767,0.0,0.341,0.659,0,1,0,0.0,1.0,0.0,0,,,,,,0,0,0,,,,1,-0.4767,-0.4767,0.0,0.341,0.659,0,1,0,0.0,1.0,0.0,0,,,,,,0,0,0,,,
2006-02-22,2,0.064,0.064,0.1,0.0,0.9,1,0,1,0.5,0.0,0.5,0,,,,,,0,0,0,,,,0,,,,,,0,0,0,,,,2,0.064,0.064,0.1,0.0,0.9,1,0,1,0.5,0.0,0.5
2006-02-23,1,0.4404,0.4404,0.367,0.0,0.633,1,0,0,1.0,0.0,0.0,1,0.4404,0.4404,0.367,0.0,0.633,1,0,0,1.0,0.0,0.0,0,,,,,,0,0,0,,,,0,,,,,,0,0,0,,,
2006-02-24,1,0.4588,0.4588,0.333,0.0,0.667,1,0,0,1.0,0.0,0.0,0,,,,,,0,0,0,,,,0,,,,,,0,0,0,,,,1,0.4588,0.4588,0.333,0.0,0.667,1,0,0,1.0,0.0,0.0
2006-02-25,4,-0.4767,-0.4767,0.0,0.35350000000000004,0.6465,0,4,0,0.0,1.0,0.0,1,-0.4767,-0.4767,0.0,0.383,0.617,0,1,0,0.0,1.0,0.0,4,-0.4767,-0.4767,0.0,0.35350000000000004,0.6465,0,4,0,0.0,1.0,0.0,0,,,,,,0,0,0,,,
2006-02-27,2,0.20095,0.20095,0.155,0.0,0.845,1,0,1,0.5,0.0,0.5,1,0.4019,0.4019,0.31,0.0,0.69,1,0,0,1.0,0.0,0.0,0,,,,,,0,0,0,,,,1,0.0,0.0,0.0,0.0,1.0,0,0,1,0.0,0.0,1.0
2006-02-28,1,-0.2732,-0.2732,0.0,0.208,0.792,0,1,0,0.0,1.0,0.0,0,,,,,,0,0,0,,,,0,,,,,,0,0,0,,,,1,-0.2732,-0.2732,0.0,0.208,0.792,0,1,0,0.0,1.0,0.0
2006-03-02,1,0.0,0.0,0.0,0.0,1.0,0,0,1,0.0,0.0,1.0,0,,,,,,0,0,0,,,,0,,,,,,0,0,0,,,,1,0.0,0.0,0.0,0.0,1.0,0,0,1,0.0,0.0,1.0
2006-03-03,1,0.0,0.0,0.0,0.0,1.0,0,0,1,0.0,0.0,1.0,0,,,,,,0,0,0,,,,0,,,,,,0,0,0,,,,1,0.0,0.0,0.0,0.0,1.0,0,0,1,0.0,0.0,1.0
2006-03-14,2,0.064,0.064,0.1155,0.0,0.8845000000000001,1,0,1,0.5,0.0,0.5,1,0.0,0.0,0.0,0.0,1.0,0,0,1,0.0,0.0,1.0,1,0.128,0.128,0.231,0.0,0.769,1,0,0,1.0,0.0,0.0,0,,,,,,0,0,0,,,
2006-03-29,2,-0.1366,-0.1366,0.0,0.148,0.852,0,1,1,0.0,0.5,0.5,0,,,,,,0,0,0,,,,0,,,,,,0,0,0,,,,2,-0.1366,-0.1366,0.0,0.148,0.852,0,1,1,0.0,0.5,0.5
2006-03-30,3,0.0,0.0,0.0,0.0,1.0,0,0,3,0.0,0.0,1.0,0,,,,,,0,0,0,,,,0,,,,,,0,0,0,,,,3,0.0,0.0,0.0,0.0,1.0,0,0,3,0.0,0.0,1.0
2006-04-01,2,0.3071,0.3071,0.3355,0.0,0.6645,2,0,0,1.0,0.0,0.0,1,0.296,0.296,0.306,0.0,0.694,1,0,0,1.0,0.0,0.0,1,0.3182,0.3182,0.365,0.0,0.635,1,0,0,1.0,0.0,0.0,0,,,,,,0,0,0,,,
2006-04-03,1,-0.2732,-0.2732,0.0,0.296,0.704,0,1,0,0.0,1.0,0.0,0,,,,,,0,0,0,,,,0,,,,,,0,0,0,,,,1,-0.2732,-0.2732,0.0,0.296,0.704,0,1,0,0.0,1.0,0.0
2006-04-05,1,0.2263,0.2263,0.275,0.0,0.725,1,0,0,1.0,0.0,0.0,0,,,,,,0,0,0,,,,1,0.2263,0.2263,0.275,0.0,0.725,1,0,0,1.0,0.0,0.0,0,,,,,,0,0,0,,,
2006-04-07,4,-0.085,0.0,0.0,0.05775,0.94225,0,1,3,0.0,0.25,0.75,1,-0.34,-0.34,0.0,0.231,0.769,0,1,0,0.0,1.0,0.0,0,,,,,,0,0,0,,,,4,-0.085,0.0,0.0,0.05775,0.94225,0,1,3,0.0,0.25,0.75
2006-04-08,3,-0.09013333333333333,0.0,0.07966666666666666,0.13,0.7903333333333333,1,1,1,0.3333333333333333,0.3333333333333333,0.3333333333333333,0,,,,,,0,0,0,,,,0,,,,,,0,0,0,,,,3,-0.09013333333333333,0.0,0.07966666666666666,0.13,0.7903333333333333,1,1,1,0.3333333333333333,0.3333333333333333,0.3333333333333333
2006-04-11,4,-0.09555000000000001,0.0,0.10075,0.145,0.75425,1,1,2,0.25,0.25,0.5,1,0.4019,0.4019,0.403,0.0,0.597,1,0,0,1.0,0.0,0.0,0,,,,,,0,0,0,,,,3,-0.2613666666666667,0.0,0.0,0.19333333333333333,0.8066666666666666,0,1,2,0.0,0.3333333333333333,0.6666666666666666
2006-04-12,7,-0.1490142857142857,0.0,0.04314285714285714,0.1422857142857143,0.8145714285714286,1,3,3,0.14285714285714285,0.42857142857142855,0.42857142857142855,2,-0.21075,-0.21075,0.0,0.143,0.857,0,1,1,0.0,0.5,0.5,0,,,,,,0,0,0,,,,5,-0.12431999999999999,0.0,0.060399999999999995,0.142,0.7976,1,2,2,0.2,0.4,0.4
2006-04-13,1,-0.5267,-0.5267,0.0,0.327,0.673,0,1,0,0.0,1.0,0.0,0,,,,,,0,0,0,,,,0,,,,,,0,0,0,,,,1,-0.5267,-0.5267,0.0,0.327,0.673,0,1,0,0.0,1.0,0.0
2006-04-14,1,-0.34,-0.34,0.0,0.255,0.745,0,1,0,0.0,1.0,0.0,0,,,,,,0,0,0,,,,0,,,,,,0,0,0,,,,1,-0.34,-0.34,0.0,0.255,0.745,0,1,0,0.0,1.0,0.0
2006-04-18,4,0.0,0.0,0.0,0.0,1.0,0,0,4,0.0,0.0,1.0,2,0.0,0.0,0.0,0.0,1.0,0,0,2,0.0,0.0,1.0,1,0.0,0.0,0.0,0.0,1.0,0,0,1,0.0,0.0,1.0,2,0.0,0.0,0.0,0.0,1.0,0,0,2,0.0,0.0,1.0
2006-04-19,6,-0.22253333333333333,-0.148,0.0385,0.16983333333333336,0.7916666666666666,1,3,2,0.16666666666666666,0.5,0.3333333333333333,3,-0.2083,0.0,0.0,0.113,0.887,0,1,2,0.0,0.3333333333333333,0.6666666666666666,0,,,,,,0,0,0,,,,3,-0.23676666666666665,-0.296,0.077,0.22666666666666666,0.6963333333333334,1,2,0,0.3333333333333333,0.6666666666666666,0.0
2006-04-20,5,-0.15067999999999998,0.0,0.047,0.20659999999999998,0.7464000000000001,1,2,2,0.2,0.4,0.4,1,0.0,0.0,0.0,0.0,1.0,0,0,1,0.0,0.0,1.0,0,,,,,,0,0,0,,,,4,-0.18834999999999996,-0.148,0.05875,0.25825,0.683,1,2,1,0.25,0.5,0.25
2006-04-21,5,0.036140000000000005,0.0,0.0766,0.0432,0.8802,1,1,3,0.2,0.2,0.6,2,0.0,0.0,0.0,0.0,1.0,0,0,2,0.0,0.0,1.0,0,,,,,,0,0,0,,,,3,0.06023333333333334,0.0,0.12766666666666668,0.072,0.8003333333333332,1,1,1,0.3333333333333333,0.3333333333333333,0.3333333333333333
2006-04-22,2,0.0,0.0,0.0,0.0,1.0,0,0,2,0.0,0.0,1.0,1,0.0,0.0,0.0,0.0,1.0,0,0,1,0.0,0.0,1.0,0,,,,,,0,0,0,,,,1,0.0,0.0,0.0,0.0,1.0,0,0,1,0.0,0.0,1.0
2006-04-24,3,0.042666666666666665,0.0,0.06666666666666667,0.0,0.9333333333333332,1,0,2,0.3333333333333333,0.0,0.6666666666666666,0,,,,,,0,0,0,,,,0,,,,,,0,0,0,,,,3,0.042666666666666665,0.0,0.06666666666666667,0.0,0.9333333333333332,1,0,2,0.3333333333333333,0.0,0.6666666666666666
2006-04-25,2,0.1026,0.1026,0.275,0.22449999999999998,0.5005,2,0,0,1.0,0.0,0.0,1,0.128,0.128,0.273,0.208,0.519,1,0,0,1.0,0.0,0.0,0,,,,,,0,0,0,,,,1,0.0772,0.0772,0.277,0.241,0.482,1,0,0,1.0,0.0,0.0
2006-04-26,3,0.0,0.0,0.0,0.0,1.0,0,0,3,0.0,0.0,1.0,0,,,,,,0,0,0,,,,0,,,,,,0,0,0,,,,3,0.0,0.0,0.0,0.0,1.0,0,0,3,0.0,0.0,1.0
2006-04-27,4,0.04517500000000001,0.0,0.07675,0.067,0.85625,1,1,2,0.25,0.25,0.5,0,,,,,,0,0,0,,,,0,,,,,,0,0,0,,,,4,0.04517500000000001,0.0,0.07675,0.067,0.85625,1,1,2,0.25,0.25,0.5
2006-04-28,2,-0.2621,-0.2621,0.0,0.2535,0.7465,0,2,0,0.0,1.0,0.0,1,-0.1027,-0.1027,0.0,0.189,0.811,0,1,0,0.0,1.0,0.0,0,,,,,,0,0,0,,,,1,-0.4215,-0.4215,0.0,0.318,0.682,0,1,0,0.0,1.0,0.0
2006-04-29,1,0.3612,0.3612,0.294,0.0,0.706,1,0,0,1.0,0.0,0.0,0,,,,,,0,0,0,,,,0,,,,,,0,0,0,,,,1,0.3612,0.3612,0.294,0.0,0.706,1,0,0,1.0,0.0,0.0
2006-04-30,4,-0.093975,-0.05135,0.0,0.1195,0.8805000000000001,0,2,2,0.0,0.5,0.5,0,,,,,,0,0,0,,,,0,,,,,,0,0,0,,,,4,-0.093975,-0.05135,0.0,0.1195,0.8805000000000001,0,2,2,0.0,0.5,0.5
2006-05-01,4,-0.005699999999999997,0.0,0.05775,0.067,0.87525,1,1,2,0.25,0.25,0.5,1,0.0,0.0,0.0,0.0,1.0,0,0,1,0.0,0.0,1.0,0,,,,,,0,0,0,,,,3,-0.007599999999999996,0.0,0.077,0.08933333333333333,0.8336666666666667,1,1,1,0.3333333333333333,0.3333333333333333,0.3333333333333333
2006-05-02,4,0.342825,0.43035,0.24125,0.0,0.75875,3,0,1,0.75,0.0,0.25,3,0.4571,0.4588,0.32166666666666666,0.0,0.6783333333333333,3,0,0,1.0,0.0,0.0,0,,,,,,0,0,0,,,,1,0.0,0.0,0.0,0.0,1.0,0,0,1,0.0,0.0,1.0
2006-05-03,1,0.34,0.34,0.324,0.0,0.676,1,0,0,1.0,0.0,0.0,0,,,,,,0,0,0,,,,0,,,,,,0,0,0,,,,1,0.34,0.34,0.324,0.0,0.676,1,0,0,1.0,0.0,0.0
2006-05-05,3,-0.13396666666666665,0.0,0.0,0.10333333333333333,0.8966666666666666,0,1,2,0.0,0.3333333333333333,0.6666666666666666,0,,,,,,0,0,0,,,,0,,,,,,0,0,0,,,,3,-0.13396666666666665,0.0,0.0,0.10333333333333333,0.8966666666666666,0,1,2,0.0,0.3333333333333333,0.6666666666666666
2006-05-08,3,0.13396666666666665,0.0,0.10333333333333333,0.0,0.8966666666666666,1,0,2,0.3333333333333333,0.0,0.6666666666666666,1,0.0,0.0,0.0,0.0,1.0,0,0,1,0.0,0.0,1.0,1,0.4019,0.4019,0.31,0.0,0.69,1,0,0,1.0,0.0,0.0,1,0.0,0.0,0.0,0.0,1.0,0,0,1,0.0,0.0,1.0
2006-05-10,1,0.1779,0.1779,0.319,0.242,0.44,1,0,0,1.0,0.0,0.0,0,,,,,,0,0,0,,,,0,,,,,,0,0,0,,,,1,0.1779,0.1779,0.319,0.242,0.44,1,0,0,1.0,0.0,0.0
2006-05-11,2,-0.03484999999999999,-0.03484999999999999,0.1205,0.1775,0.702,1,1,0,0.5,0.5,0.0,0,,,,,,0,0,0,,,,2,-0.03484999999999999,-0.03484999999999999,0.1205,0.1775,0.702,1,1,0,0.5,0.5,0.0,0,,,,,,0,0,0,,,
2006-05-14,1,-0.6808,-0.6808,0.0,0.583,0.417,0,1,0,0.0,1.0,0.0,0,,,,,,0,0,0,,,,0,,,,,,0,0,0,,,,1,-0.6808,-0.6808,0.0,0.583,0.417,0,1,0,0.0,1.0,0.0
2006-05-15,1,0.802,0.802,0.672,0.0,0.328,1,0,0,1.0,0.0,0.0,0,,,,,,0,0,0,,,,1,0.802,0.802,0.672,0.0,0.328,1,0,0,1.0,0.0,0.0,0,,,,,,0,0,0,,,
2006-05-17,1,-0.4215,-0.4215,0.0,0.318,0.682,0,1,0,0.0,1.0,0.0,0,,,,,,0,0,0,,,,0,,,,,,0,0,0,,,,1,-0.4215,-0.4215,0.0,0.318,0.682,0,1,0,0.0,1.0,0.0
2006-05-18,2,-0.11315,-0.11315,0.0,0.1835,0.8165,0,1,1,0.0,0.5,0.5,0,,,,,,0,0,0,,,,0,,,,,,0,0,0,,,,2,-0.11315,-0.11315,0.0,0.1835,0.8165,0,1,1,0.0,0.5,0.5
2006-05-22,1,-0.4767,-0.4767,0.0,0.341,0.659,0,1,0,0.0,1.0,0.0,0,,,,,,0,0,0,,,,0,,,,,,0,0,0,,,,1,-0.4767,-0.4767,0.0,0.341,0.659,0,1,0,0.0,1.0,0.0
2006-05-25,1,0.0,0.0,0.0,0.0,1.0,0,0,1,0.0,0.0,1.0,1,0.0,0.0,0.0,0.0,1.0,0,0,1,0.0,0.0,1.0,0,,,,,,0,0,0,,,,0,,,,,,0,0,0,,,
2006-05-30,2,-0.26335,-0.26335,0.0,0.2025,0.7975,0,1,1,0.0,0.5,0.5,0,,,,,,0,0,0,,,,0,,,,,,0,0,0,,,,2,-0.26335,-0.26335,0.0,0.2025,0.7975,0,1,1,0.0,0.5,0.5
2006-05-31,1,0.25,0.25,0.34,0.234,0.426,1,0,0,1.0,0.0,0.0,0,,,,,,0,0,0,,,,0,,,,,,0,0,0,,,,1,0.25,0.25,0.34,0.234,0.426,1,0,0,1.0,0.0,0.0
2006-06-02,1,0.0,0.0,0.0,0.0,1.0,0,0,1,0.0,0.0,1.0,0,,,,,,0,0,0,,,,0,,,,,,0,0,0,,,,1,0.0,0.0,0.0,0.0,1.0,0,0,1,0.0,0.0,1.0
2006-06-05,3,0.12726666666666667,0.0,0.09033333333333333,0.0,0.9096666666666667,1,0,2,0.3333333333333333,0.0,0.6666666666666666,0,,,,,,0,0,0,,,,2,0.0,0.0,0.0,0.0,1.0,0,0,2,0.0,0.0,1.0,1,0.3818,0.3818,0.271,0.0,0.729,1,0,0,1.0,0.0,0.0
2006-06-06,1,0.4019,0.4019,0.31,0.0,0.69,1,0,0,1.0,0.0,0.0,0,,,,,,0,0,0,,,,0,,,,,,0,0,0,,,,1,0.4019,0.4019,0.31,0.0,0.69,1,0,0,1.0,0.0,0.0
2006-06-08,7,0.057185714285714284,0.0,0.08299999999999999,0.033,0.8840000000000001,2,1,4,0.2857142857142857,0.14285714285714285,0.5714285714285714,1,0.0,0.0,0.0,0.0,1.0,0,0,1,0.0,0.0,1.0,0,,,,,,0,0,0,,,,6,0.06671666666666666,0.0,0.09683333333333333,0.0385,0.8646666666666668,2,1,3,0.3333333333333333,0.16666666666666666,0.5
2006-06-09,1,0.0,0.0,0.0,0.0,1.0,0,0,1,0.0,0.0,1.0,0,,,,,,0,0,0,,,,0,,,,,,0,0,0,,,,1,0.0,0.0,0.0,0.0,1.0,0,0,1,0.0,0.0,1.0
2006-06-12,2,0.05695,0.05695,0.097,0.0,0.903,1,0,1,0.5,0.0,0.5,1,0.0,0.0,0.0,0.0,1.0,0,0,1,0.0,0.0,1.0,0,,,,,,0,0,0,,,,1,0.1139,0.1139,0.194,0.0,0.806,1,0,0,1.0,0.0,0.0
2006-06-13,1,-0.4767,-0.4767,0.0,0.307,0.693,0,1,0,0.0,1.0,0.0,0,,,,,,0,0,0,,,,0,,,,,,0,0,0,,,,1,-0.4767,-0.4767,0.0,0.307,0.693,0,1,0,0.0,1.0,0.0
2006-06-16,1,-0.4215,-0.4215,0.0,0.286,0.714,0,1,0,0.0,1.0,0.0,0,,,,,,0,0,0,,,,0,,,,,,0,0,0,,,,1,-0.4215,-0.4215,0.0,0.286,0.714,0,1,0,0.0,1.0,0.0
2006-06-18,2,0.37095,0.37095,0.3185,0.0,0.6815,2,0,0,1.0,0.0,0.0,0,,,,,,0,0,0,,,,0,,,,,,0,0,0,,,,2,0.37095,0.37095,0.3185,0.0,0.6815,2,0,0,1.0,0.0,0.0
2006-06-22,1,0.0,0.0,0.0,0.0,1.0,0,0,1,0.0,0.0,1.0,0,,,,,,0,0,0,,,,0,,,,,,0,0,0,,,,1,0.0,0.0,0.0,0.0,1.0,0,0,1,0.0,0.0,1.0
2006-06-23,4,-0.16945,-0.148,0.0,0.14250000000000002,0.8574999999999999,0,2,2,0.0,0.5,0.5,0,,,,,,0,0,0,,,,1,0.0,0.0,0.0,0.0,1.0,0,0,1,0.0,0.0,1.0,4,-0.16945,-0.148,0.0,0.14250000000000002,0.8574999999999999,0,2,2,0.0,0.5,0.5
2006-06-25,2,-0.05135,-0.05135,0.0,0.1295,0.8705,0,1,1,0.0,0.5,0.5,0,,,,,,0,0,0,,,,0,,,,,,0,0,0,,,,2,-0.05135,-0.05135,0.0,0.1295,0.8705,0,1,1,0.0,0.5,0.5
2006-06-27,3,-0.06346666666666667,0.0,0.06666666666666667,0.12233333333333334,0.8109999999999999,1,1,1,0.3333333333333333,0.3333333333333333,0.3333333333333333,0,,,,,,0,0,0,,,,1,0.0,0.0,0.0,0.0,1.0,0,0,1,0.0,0.0,1.0,2,-0.0952,-0.0952,0.1,0.1835,0.7165,1,1,0,0.5,0.5,0.0
2006-06-30,1,0.0,0.0,0.0,0.0,1.0,0,0,1,0.0,0.0,1.0,0,,,,,,0,0,0,,,,0,,,,,,0,0,0,,,,1,0.0,0.0,0.0,0.0,1.0,0,0,1,0.0,0.0,1.0
2006-07-03,1,0.0,0.0,0.0,0.0,1.0,0,0,1,0.0,0.0,1.0,0,,,,,,0,0,0,,,,0,,,,,,0,0,0,,,,1,0.0,0.0,0.0,0.0,1.0,0,0,1,0.0,0.0,1.0
2006-07-04,1,0.0,0.0,0.0,0.0,1.0,0,0,1,0.0,0.0,1.0,0,,,,,,0,0,0,,,,0,,,,,,0,0,0,,,,1,0.0,0.0,0.0,0.0,1.0,0,0,1,0.0,0.0,1.0
2006-07-05,1,0.0,0.0,0.0,0.0,1.0,0,0,1,0.0,0.0,1.0,0,,,,,,0,0,0,,,,0,,,,,,0,0,0,,,,1,0.0,0.0,0.0,0.0,1.0,0,0,1,0.0,0.0,1.0
2006-07-06,2,-0.1366,-0.1366,0.0,0.104,0.896,0,1,1,0.0,0.5,0.5,1,0.0,0.0,0.0,0.0,1.0,0,0,1,0.0,0.0,1.0,0,,,,,,0,0,0,,,,1,-0.2732,-0.2732,0.0,0.208,0.792,0,1,0,0.0,1.0,0.0
2006-07-07,3,-0.23786666666666667,-0.2732,0.0,0.19633333333333333,0.8036666666666666,0,2,1,0.0,0.6666666666666666,0.3333333333333333,0,,,,,,0,0,0,,,,1,-0.4404,-0.4404,0.0,0.293,0.707,0,1,0,0.0,1.0,0.0,2,-0.1366,-0.1366,0.0,0.148,0.852,0,1,1,0.0,0.5,0.5
2006-07-09,1,-0.3818,-0.3818,0.0,0.342,0.658,0,1,0,0.0,1.0,0.0,0,,,,,,0,0,0,,,,0,,,,,,0,0,0,,,,1,-0.3818,-0.3818,0.0,0.342,0.658,0,1,0,0.0,1.0,0.0
2006-07-10,3,0.03423333333333333,0.0,0.08633333333333333,0.0,0.9136666666666667,1,0,2,0.3333333333333333,0.0,0.6666666666666666,0,,,,,,0,0,0,,,,1,0.1027,0.1027,0.259,0.0,0.741,1,0,0,1.0,0.0,0.0,2,0.0,0.0,0.0,0.0,1.0,0,0,2,0.0,0.0,1.0
2006-07-11,2,0.0,0.0,0.0,0.0,1.0,0,0,2,0.0,0.0,1.0,0,,,,,,0,0,0,,,,0,,,,,,0,0,0,,,,2,0.0,0.0,0.0,0.0,1.0,0,0,2,0.0,0.0,1.0
2006-07-12,1,0.0,0.0,0.0,0.0,1.0,0,0,1,0.0,0.0,1.0,0,,,,,,0,0,0,,,,0,,,,,,0,0,0,,,,1,0.0,0.0,0.0,0.0,1.0,0,0,1,0.0,0.0,1.0
2006-07-13,1,0.0,0.0,0.0,0.0,1.0,0,0,1,0.0,0.0,1.0,0,,,,,,0,0,0,,,,0,,,,,,0,0,0,,,,1,0.0,0.0,0.0,0.0,1.0,0,0,1,0.0,0.0,1.0
2006-07-14,4,0.00645,0.0,0.069,0.066,0.865,0,0,4,0.0,0.0,1.0,1,0.0,0.0,0.0,0.0,1.0,0,0,1,0.0,0.0,1.0,0,,,,,,0,0,0,,,,3,0.0086,0.0,0.09200000000000001,0.08800000000000001,0.82,0,0,3,0.0,0.0,1.0
2006-07-15,1,-0.3182,-0.3182,0.0,0.277,0.723,0,1,0,0.0,1.0,0.0,0,,,,,,0,0,0,,,,0,,,,,,0,0,0,,,,1,-0.3182,-0.3182,0.0,0.277,0.723,0,1,0,0.0,1.0,0.0
2006-07-17,2,-0.21075,-0.21075,0.0,0.143,0.857,0,1,1,0.0,0.5,0.5,1,-0.4215,-0.4215,0.0,0.286,0.714,0,1,0,0.0,1.0,0.0,0,,,,,,0,0,0,,,,1,0.0,0.0,0.0,0.0,1.0,0,0,1,0.0,0.0,1.0
2006-07-18,1,0.0,0.0,0.0,0.0,1.0,0,0,1,0.0,0.0,1.0,0,,,,,,0,0,0,,,,0,,,,,,0,0,0,,,,1,0.0,0.0,0.0,0.0,1.0,0,0,1,0.0,0.0,1.0
2006-07-19,2,-0.21075,-0.21075,0.0,0.159,0.841,0,1,1,0.0,0.5,0.5,0,,,,,,0,0,0,,,,0,,,,,,0,0,0,,,,2,-0.21075,-0.21075,0.0,0.159,0.841,0,1,1,0.0,0.5,0.5
2006-07-21,3,-0.009033333333333319,0.0,0.08866666666666667,0.06799999999999999,0.8433333333333334,1,1,1,0.3333333333333333,0.3333333333333333,0.3333333333333333,0,,,,,,0,0,0,,,,1,0.2911,0.2911,0.266,0.0,0.734,1,0,0,1.0,0.0,0.0,2,-0.1591,-0.1591,0.0,0.102,0.898,0,1,1,0.0,0.5,0.5
2006-07-22,1,0.0,0.0,0.0,0.0,1.0,0,0,1,0.0,0.0,1.0,0,,,,,,0,0,0,,,,0,,,,,,0,0,0,,,,1,0.0,0.0,0.0,0.0,1.0,0,0,1,0.0,0.0,1.0
2006-07-23,1,-0.0516,-0.0516,0.0,0.146,0.854,0,1,0,0.0,1.0,0.0,0,,,,,,0,0,0,,,,0,,,,,,0,0,0,,,,1,-0.0516,-0.0516,0.0,0.146,0.854,0,1,0,0.0,1.0,0.0
2006-07-24,2,0.011099999999999999,0.011099999999999999,0.1575,0.134,0.7085,1,1,0,0.5,0.5,0.0,1,-0.296,-0.296,0.0,0.268,0.732,0,1,0,0.0,1.0,0.0,1,-0.296,-0.296,0.0,0.268,0.732,0,1,0,0.0,1.0,0.0,1,0.3182,0.3182,0.315,0.0,0.685,1,0,0,1.0,0.0,0.0
2006-07-25,2,0.125,0.125,0.143,0.0,0.857,1,0,1,0.5,0.0,0.5,0,,,,,,0,0,0,,,,1,0.25,0.25,0.286,0.0,0.714,1,0,0,1.0,0.0,0.0,1,0.0,0.0,0.0,0.0,1.0,0,0,1,0.0,0.0,1.0
2006-07-27,1,-0.3724,-0.3724,0.0,0.267,0.733,0,1,0,0.0,1.0,0.0,0,,,,,,0,0,0,,,,0,,,,,,0,0,0,,,,1,-0.3724,-0.3724,0.0,0.267,0.733,0,1,0,0.0,1.0,0.0
2006-07-31,1,0.0,0.0,0.0,0.0,1.0,0,0,1,0.0,0.0,1.0,0,,,,,,0,0,0,,,,0,,,,,,0,0,0,,,,1,0.0,0.0,0.0,0.0,1.0,0,0,1,0.0,0.0,1.0
2006-08-01,1,-0.296,-0.296,0.256,0.395,0.349,0,1,0,0.0,1.0,0.0,0,,,,,,0,0,0,,,,0,,,,,,0,0,0,,,,1,-0.296,-0.296,0.256,0.395,0.349,0,1,0,0.0,1.0,0.0
2006-08-03,6,0.03771666666666667,0.0,0.050166666666666665,0.035666666666666666,0.9141666666666666,1,0,5,0.16666666666666666,0.0,0.8333333333333334,0,,,,,,0,0,0,,,,0,,,,,,0,0,0,,,,6,0.03771666666666667,0.0,0.050166666666666665,0.035666666666666666,0.9141666666666666,1,0,5,0.16666666666666666,0.0,0.8333333333333334
2006-08-06,3,-0.3727666666666667,-0.2732,0.0,0.288,0.7120000000000001,0,3,0,0.0,1.0,0.0,0,,,,,,0,0,0,,,,0,,,,,,0,0,0,,,,3,-0.3727666666666667,-0.2732,0.0,0.288,0.7120000000000001,0,3,0,0.0,1.0,0.0
2006-08-07,4,-0.17235,-0.128,0.0445,0.231,0.7245,1,3,0,0.25,0.75,0.0,1,-0.5106,-0.5106,0.0,0.462,0.538,0,1,0,0.0,1.0,0.0,0,,,,,,0,0,0,,,,3,-0.05960000000000001,-0.128,0.05933333333333333,0.154,0.7866666666666666,1,2,0,0.3333333333333333,0.6666666666666666,0.0
2006-08-08,5,-0.03186,0.0,0.0874,0.126,0.7866,1,2,2,0.2,0.4,0.4,2,-0.17,-0.17,0.0,0.162,0.8380000000000001,0,1,1,0.0,0.5,0.5,1,0.0,0.0,0.0,0.0,1.0,0,0,1,0.0,0.0,1.0,3,0.06023333333333334,0.0,0.14566666666666667,0.102,0.7523333333333332,1,1,1,0.3333333333333333,0.3333333333333333,0.3333333333333333
2006-08-09,2,0.0,0.0,0.0,0.0,1.0,0,0,2,0.0,0.0,1.0,0,,,,,,0,0,0,,,,0,,,,,,0,0,0,,,,2,0.0,0.0,0.0,0.0,1.0,0,0,2,0.0,0.0,1.0
2006-08-10,1,-0.296,-0.296,0.0,0.306,0.694,0,1,0,0.0,1.0,0.0,0,,,,,,0,0,0,,,,0,,,,,,0,0,0,,,,1,-0.296,-0.296,0.0,0.306,0.694,0,1,0,0.0,1.0,0.0
2006-08-11,1,-0.5859,-0.5859,0.0,0.444,0.556,0,1,0,0.0,1.0,0.0,1,-0.5859,-0.5859,0.0,0.444,0.556,0,1,0,0.0,1.0,0.0,0,,,,,,0,0,0,,,,0,,,,,,0,0,0,,,
2006-08-14,1,-0.4019,-0.4019,0.0,0.403,0.597,0,1,0,0.0,1.0,0.0,0,,,,,,0,0,0,,,,0,,,,,,0,0,0,,,,1,-0.4019,-0.4019,0.0,0.403,0.597,0,1,0,0.0,1.0,0.0
2006-08-15,1,-0.4404,-0.4404,0.0,0.438,0.562,0,1,0,0.0,1.0,0.0,1,-0.4404,-0.4404,0.0,0.438,0.562,0,1,0,0.0,1.0,0.0,1,-0.4404,-0.4404,0.0,0.438,0.562,0,1,0,0.0,1.0,0.0,0,,,,,,0,0,0,,,
2006-08-17,3,0.2740666666666667,0.3818,0.223,0.0,0.777,2,0,1,0.6666666666666666,0.0,0.3333333333333333,0,,,,,,0,0,0,,,,0,,,,,,0,0,0,,,,3,0.2740666666666667,0.3818,0.223,0.0,0.777,2,0,1,0.6666666666666666,0.0,0.3333333333333333
2006-08-18,2,0.1806,0.1806,0.1325,0.0685,0.7989999999999999,1,0,1,0.5,0.0,0.5,0,,,,,,0,0,0,,,,0,,,,,,0,0,0,,,,2,0.1806,0.1806,0.1325,0.0685,0.7989999999999999,1,0,1,0.5,0.0,0.5
2006-08-20,1,-0.25,-0.25,0.0,0.333,0.667,0,1,0,0.0,1.0,0.0,0,,,,,,0,0,0,,,,0,,,,,,0,0,0,,,,1,-0.25,-0.25,0.0,0.333,0.667,0,1,0,0.0,1.0,0.0
2006-08-21,2,0.1909,0.1909,0.171,0.0,0.829,1,0,1,0.5,0.0,0.5,0,,,,,,0,0,0,,,,0,,,,,,0,0,0,,,,2,0.1909,0.1909,0.171,0.0,0.829,1,0,1,0.5,0.0,0.5
2006-08-22,2,0.20095,0.20095,0.155,0.0,0.845,1,0,1,0.5,0.0,0.5,1,0.4019,0.4019,0.31,0.0,0.69,1,0,0,1.0,0.0,0.0,0,,,,,,0,0,0,,,,1,0.0,0.0,0.0,0.0,1.0,0,0,1,0.0,0.0,1.0
2006-08-23,2,0.2073,0.2073,0.3005,0.145,0.5545,1,0,1,0.5,0.0,0.5,0,,,,,,0,0,0,,,,1,-0.0258,-0.0258,0.275,0.29,0.435,0,0,1,0.0,0.0,1.0,1,0.4404,0.4404,0.326,0.0,0.674,1,0,0,1.0,0.0,0.0
2006-08-25,1,0.0,0.0,0.0,0.0,1.0,0,0,1,0.0,0.0,1.0,1,0.0,0.0,0.0,0.0,1.0,0,0,1,0.0,0.0,1.0,0,,,,,,0,0,0,,,,0,,,,,,0,0,0,,,
2006-08-28,1,0.0,0.0,0.0,0.0,1.0,0,0,1,0.0,0.0,1.0,0,,,,,,0,0,0,,,,0,,,,,,0,0,0,,,,1,0.0,0.0,0.0,0.0,1.0,0,0,1,0.0,0.0,1.0
2006-08-29,1,0.0,0.0,0.0,0.0,1.0,0,0,1,0.0,0.0,1.0,1,0.0,0.0,0.0,0.0,1.0,0,0,1,0.0,0.0,1.0,0,,,,,,0,0,0,,,,0,,,,,,0,0,0,,,
2006-08-31,1,0.4404,0.4404,0.326,0.0,0.674,1,0,0,1.0,0.0,0.0,0,,,,,,0,0,0,,,,0,,,,,,0,0,0,,,,1,0.4404,0.4404,0.326,0.0,0.674,1,0,0,1.0,0.0,0.0
2006-09-13,1,-0.296,-0.296,0.0,0.355,0.645,0,1,0,0.0,1.0,0.0,0,,,,,,0,0,0,,,,0,,,,,,0,0,0,,,,1,-0.296,-0.296,0.0,0.355,0.645,0,1,0,0.0,1.0,0.0
2006-09-15,1,0.0,0.0,0.0,0.0,1.0,0,0,1,0.0,0.0,1.0,0,,,,,,0,0,0,,,,0,,,,,,0,0,0,,,,1,0.0,0.0,0.0,0.0,1.0,0,0,1,0.0,0.0,1.0
2006-09-17,1,-0.25,-0.25,0.0,0.375,0.625,0,1,0,0.0,1.0,0.0,1,-0.25,-0.25,0.0,0.375,0.625,0,1,0,0.0,1.0,0.0,0,,,,,,0,0,0,,,,0,,,,,,0,0,0,,,
2006-09-18,1,0.4588,0.4588,0.3,0.0,0.7,1,0,0,1.0,0.0,0.0,0,,,,,,0,0,0,,,,1,0.4588,0.4588,0.3,0.0,0.7,1,0,0,1.0,0.0,0.0,0,,,,,,0,0,0,,,
2006-09-19,4,-0.124875,-0.11315,0.071,0.1905,0.73875,0,2,2,0.0,0.5,0.5,0,,,,,,0,0,0,,,,1,-0.2263,-0.2263,0.284,0.418,0.299,0,1,0,0.0,1.0,0.0,3,-0.09106666666666667,0.0,0.0,0.11466666666666665,0.8853333333333334,0,1,2,0.0,0.3333333333333333,0.6666666666666666
2006-09-20,1,0.0,0.0,0.0,0.0,1.0,0,0,1,0.0,0.0,1.0,0,,,,,,0,0,0,,,,0,,,,,,0,0,0,,,,1,0.0,0.0,0.0,0.0,1.0,0,0,1,0.0,0.0,1.0
2006-09-23,1,-0.4215,-0.4215,0.0,0.286,0.714,0,1,0,0.0,1.0,0.0,0,,,,,,0,0,0,,,,1,-0.4215,-0.4215,0.0,0.286,0.714,0,1,0,0.0,1.0,0.0,0,,,,,,0,0,0,,,
2006-09-24,1,0.0,0.0,0.0,0.0,1.0,0,0,1,0.0,0.0,1.0,0,,,,,,0,0,0,,,,0,,,,,,0,0,0,,,,1,0.0,0.0,0.0,0.0,1.0,0,0,1,0.0,0.0,1.0
2006-09-26,2,-0.03484999999999999,-0.03484999999999999,0.1205,0.1195,0.76,1,1,0,0.5,0.5,0.0,0,,,,,,0,0,0,,,,1,0.2263,0.2263,0.241,0.0,0.759,1,0,0,1.0,0.0,0.0,1,-0.296,-0.296,0.0,0.239,0.761,0,1,0,0.0,1.0,0.0
2006-09-28,1,-0.6705,-0.6705,0.0,0.524,0.476,0,1,0,0.0,1.0,0.0,0,,,,,,0,0,0,,,,1,-0.6705,-0.6705,0.0,0.524,0.476,0,1,0,0.0,1.0,0.0,0,,,,,,0,0,0,,,
2006-10-19,1,-0.0516,-0.0516,0.0,0.194,0.806,0,1,0,0.0,1.0,0.0,0,,,,,,0,0,0,,,,0,,,,,,0,0,0,,,,1,-0.0516,-0.0516,0.0,0.194,0.806,0,1,0,0.0,1.0,0.0
2006-10-20,2,-0.04684999999999999,-0.04684999999999999,0.15,0.2925,0.5575,1,1,0,0.5,0.5,0.0,0,,,,,,0,0,0,,,,2,-0.04684999999999999,-0.04684999999999999,0.15,0.2925,0.5575,1,1,0,0.5,0.5,0.0,0,,,,,,0,0,0,,,
2006-10-21,1,-0.2732,-0.2732,0.0,0.296,0.704,0,1,0,0.0,1.0,0.0,1,-0.2732,-0.2732,0.0,0.296,0.704,0,1,0,0.0,1.0,0.0,0,,,,,,0,0,0,,,,0,,,,,,0,0,0,,,
2006-10-23,1,0.0,0.0,0.0,0.0,1.0,0,0,1,0.0,0.0,1.0,0,,,,,,0,0,0,,,,0,,,,,,0,0,0,,,,1,0.0,0.0,0.0,0.0,1.0,0,0,1,0.0,0.0,1.0
2006-11-14,2,0.4247,0.4247,0.4455,0.117,0.4375,2,0,0,1.0,0.0,0.0,0,,,,,,0,0,0,,,,1,0.5994,0.5994,0.551,0.0,0.449,1,0,0,1.0,0.0,0.0,1,0.25,0.25,0.34,0.234,0.426,1,0,0,1.0,0.0,0.0
2006-11-15,1,0.0,0.0,0.0,0.0,1.0,0,0,1,0.0,0.0,1.0,0,,,,,,0,0,0,,,,0,,,,,,0,0,0,,,,1,0.0,0.0,0.0,0.0,1.0,0,0,1,0.0,0.0,1.0
2006-11-16,1,0.2263,0.2263,0.241,0.0,0.759,1,0,0,1.0,0.0,0.0,0,,,,,,0,0,0,,,,1,0.2263,0.2263,0.241,0.0,0.759,1,0,0,1.0,0.0,0.0,0,,,,,,0,0,0,,,
2006-11-20,1,-0.5267,-0.5267,0.0,0.362,0.638,0,1,0,0.0,1.0,0.0,0,,,,,,0,0,0,,,,1,-0.5267,-0.5267,0.0,0.362,0.638,0,1,0,0.0,1.0,0.0,0,,,,,,0,0,0,,,
2006-11-25,1,0.0,0.0,0.0,0.0,1.0,0,0,1,0.0,0.0,1.0,0,,,,,,0,0,0,,,,0,,,,,,0,0,0,,,,1,0.0,0.0,0.0,0.0,1.0,0,0,1,0.0,0.0,1.0
2006-11-30,1,0.3182,0.3182,0.315,0.0,0.685,1,0,0,1.0,0.0,0.0,0,,,,,,0,0,0,,,,0,,,,,,0,0,0,,,,1,0.3182,0.3182,0.315,0.0,0.685,1,0,0,1.0,0.0,0.0
2006-12-01,1,0.0,0.0,0.0,0.0,1.0,0,0,1,0.0,0.0,1.0,0,,,,,,0,0,0,,,,0,,,,,,0,0,0,,,,1,0.0,0.0,0.0,0.0,1.0,0,0,1,0.0,0.0,1.0
2006-12-08,1,0.0,0.0,0.0,0.0,1.0,0,0,1,0.0,0.0,1.0,0,,,,,,0,0,0,,,,0,,,,,,0,0,0,,,,1,0.0,0.0,0.0,0.0,1.0,0,0,1,0.0,0.0,1.0
2006-12-21,1,0.0,0.0,0.0,0.0,1.0,0,0,1,0.0,0.0,1.0,0,,,,,,0,0,0,,,,0,,,,,,0,0,0,,,,1,0.0,0.0,0.0,0.0,1.0,0,0,1,0.0,0.0,1.0
2007-01-03,1,0.3818,0.3818,0.327,0.163,0.51,1,0,0,1.0,0.0,0.0,0,,,,,,0,0,0,,,,1,0.3818,0.3818,0.327,0.163,0.51,1,0,0,1.0,0.0,0.0,0,,,,,,0,0,0,,,
2007-01-10,1,-0.1779,-0.1779,0.0,0.254,0.746,0,1,0,0.0,1.0,0.0,1,-0.1779,-0.1779,0.0,0.254,0.746,0,1,0,0.0,1.0,0.0,0,,,,,,0,0,0,,,,0,,,,,,0,0,0,,,
2007-01-12,1,0.0,0.0,0.0,0.0,1.0,0,0,1,0.0,0.0,1.0,1,0.0,0.0,0.0,0.0,1.0,0,0,1,0.0,0.0,1.0,0,,,,,,0,0,0,,,,1,0.0,0.0,0.0,0.0,1.0,0,0,1,0.0,0.0,1.0
2007-01-15,2,0.17,0.17,0.143,0.0,0.857,1,0,1,0.5,0.0,0.5,1,0.0,0.0,0.0,0.0,1.0,0,0,1,0.0,0.0,1.0,0,,,,,,0,0,0,,,,1,0.34,0.34,0.286,0.0,0.714,1,0,0,1.0,0.0,0.0
2007-01-16,9,-0.22882222222222223,-0.296,0.0,0.22522222222222224,0.7747777777777778,0,6,3,0.0,0.6666666666666666,0.3333333333333333,0,,,,,,0,0,0,,,,3,-0.25756666666666667,-0.296,0.0,0.22066666666666665,0.7793333333333333,0,2,1,0.0,0.6666666666666666,0.3333333333333333,8,-0.22042499999999998,-0.28459999999999996,0.0,0.209,0.7909999999999999,0,5,3,0.0,0.625,0.375
2007-01-17,3,-0.2884,-0.296,0.07766666666666668,0.38033333333333336,0.5419999999999999,0,3,0,0.0,1.0,0.0,1,-0.296,-0.296,0.233,0.422,0.345,0,1,0,0.0,1.0,0.0,0,,,,,,0,0,0,,,,2,-0.28459999999999996,-0.28459999999999996,0.0,0.3595,0.6405,0,2,0,0.0,1.0,0.0
2007-01-18,2,0.08895,0.08895,0.0975,0.0,0.9025000000000001,1,0,1,0.5,0.0,0.5,0,,,,,,0,0,0,,,,1,0.1779,0.1779,0.195,0.0,0.805,1,0,0,1.0,0.0,0.0,1,0.0,0.0,0.0,0.0,1.0,0,0,1,0.0,0.0,1.0
2007-01-19,8,-0.040499999999999994,0.0,0.08612500000000001,0.13724999999999998,0.776625,2,3,3,0.25,0.375,0.375,1,0.0,0.0,0.0,0.0,1.0,0,0,1,0.0,0.0,1.0,1,0.2023,0.2023,0.286,0.204,0.51,1,0,0,1.0,0.0,0.0,6,-0.08771666666666667,-0.1366,0.06716666666666667,0.149,0.7838333333333333,1,3,2,0.16666666666666666,0.5,0.3333333333333333
2007-01-22,1,0.4588,0.4588,0.375,0.0,0.625,1,0,0,1.0,0.0,0.0,1,0.4588,0.4588,0.375,0.0,0.625,1,0,0,1.0,0.0,0.0,0,,,,,,0,0,0,,,,0,,,,,,0,0,0,,,
2007-01-23,2,0.0,0.0,0.0,0.0,1.0,0,0,2,0.0,0.0,1.0,0,,,,,,0,0,0,,,,0,,,,,,0,0,0,,,,2,0.0,0.0,0.0,0.0,1.0,0,0,2,0.0,0.0,1.0
2007-01-24,1,0.0,0.0,0.0,0.0,1.0,0,0,1,0.0,0.0,1.0,0,,,,,,0,0,0,,,,0,,,,,,0,0,0,,,,1,0.0,0.0,0.0,0.0,1.0,0,0,1,0.0,0.0,1.0
2007-01-25,3,0.016800000000000006,0.0,0.07633333333333334,0.12233333333333334,0.8013333333333333,1,1,1,0.3333333333333333,0.3333333333333333,0.3333333333333333,0,,,,,,0,0,0,,,,1,0.0,0.0,0.0,0.0,1.0,0,0,1,0.0,0.0,1.0,3,0.016800000000000006,0.0,0.07633333333333334,0.12233333333333334,0.8013333333333333,1,1,1,0.3333333333333333,0.3333333333333333,0.3333333333333333
2007-01-29,1,-0.5267,-0.5267,0.0,0.468,0.532,0,1,0,0.0,1.0,0.0,0,,,,,,0,0,0,,,,0,,,,,,0,0,0,,,,1,-0.5267,-0.5267,0.0,0.468,0.532,0,1,0,0.0,1.0,0.0
2007-01-30,1,0.2057,0.2057,0.266,0.0,0.734,1,0,0,1.0,0.0,0.0,1,0.2057,0.2057,0.266,0.0,0.734,1,0,0,1.0,0.0,0.0,0,,,,,,0,0,0,,,,0,,,,,,0,0,0,,,
2007-02-01,1,0.0,0.0,0.0,0.0,1.0,0,0,1,0.0,0.0,1.0,0,,,,,,0,0,0,,,,0,,,,,,0,0,0,,,,1,0.0,0.0,0.0,0.0,1.0,0,0,1,0.0,0.0,1.0
2007-02-03,1,-0.4588,-0.4588,0.127,0.276,0.597,0,1,0,0.0,1.0,0.0,0,,,,,,0,0,0,,,,1,-0.4588,-0.4588,0.127,0.276,0.597,0,1,0,0.0,1.0,0.0,0,,,,,,0,0,0,,,
2007-02-20,2,0.20095,0.20095,0.2015,0.0,0.7985,1,0,1,0.5,0.0,0.5,0,,,,,,0,0,0,,,,1,0.4019,0.4019,0.403,0.0,0.597,1,0,0,1.0,0.0,0.0,1,0.0,0.0,0.0,0.0,1.0,0,0,1,0.0,0.0,1.0
2007-02-23,1,0.2263,0.2263,0.275,0.0,0.725,1,0,0,1.0,0.0,0.0,1,0.2263,0.2263,0.275,0.0,0.725,1,0,0,1.0,0.0,0.0,0,,,,,,0,0,0,,,,0,,,,,,0,0,0,,,
2007-02-27,1,0.0,0.0,0.0,0.0,1.0,0,0,1,0.0,0.0,1.0,0,,,,,,0,0,0,,,,0,,,,,,0,0,0,,,,1,0.0,0.0,0.0,0.0,1.0,0,0,1,0.0,0.0,1.0
2007-03-08,2,-0.1909,-0.1909,0.0,0.2095,0.7905,0,1,1,0.0,0.5,0.5,0,,,,,,0,0,0,,,,0,,,,,,0,0,0,,,,2,-0.1909,-0.1909,0.0,0.2095,0.7905,0,1,1,0.0,0.5,0.5
2007-03-13,1,0.0,0.0,0.0,0.0,1.0,0,0,1,0.0,0.0,1.0,0,,,,,,0,0,0,,,,0,,,,,,0,0,0,,,,1,0.0,0.0,0.0,0.0,1.0,0,0,1,0.0,0.0,1.0
2007-03-16,2,0.0,0.0,0.0,0.0,1.0,0,0,2,0.0,0.0,1.0,0,,,,,,0,0,0,,,,2,0.0,0.0,0.0,0.0,1.0,0,0,2,0.0,0.0,1.0,0,,,,,,0,0,0,,,
2007-03-19,1,-0.2732,-0.2732,0.0,0.259,0.741,0,1,0,0.0,1.0,0.0,0,,,,,,0,0,0,,,,0,,,,,,0,0,0,,,,1,-0.2732,-0.2732,0.0,0.259,0.741,0,1,0,0.0,1.0,0.0
2007-03-21,1,0.0,0.0,0.0,0.0,1.0,0,0,1,0.0,0.0,1.0,0,,,,,,0,0,0,,,,0,,,,,,0,0,0,,,,1,0.0,0.0,0.0,0.0,1.0,0,0,1,0.0,0.0,1.0
2007-03-22,1,0.0,0.0,0.0,0.0,1.0,0,0,1,0.0,0.0,1.0,0,,,,,,0,0,0,,,,0,,,,,,0,0,0,,,,1,0.0,0.0,0.0,0.0,1.0,0,0,1,0.0,0.0,1.0
2007-03-23,1,0.0,0.0,0.0,0.0,1.0,0,0,1,0.0,0.0,1.0,0,,,,,,0,0,0,,,,0,,,,,,0,0,0,,,,1,0.0,0.0,0.0,0.0,1.0,0,0,1,0.0,0.0,1.0
2007-03-27,1,0.0,0.0,0.0,0.0,1.0,0,0,1,0.0,0.0,1.0,0,,,,,,0,0,0,,,,0,,,,,,0,0,0,,,,1,0.0,0.0,0.0,0.0,1.0,0,0,1,0.0,0.0,1.0
2007-03-28,2,-0.17,-0.17,0.0,0.1275,0.8725,0,1,1,0.0,0.5,0.5,1,-0.34,-0.34,0.0,0.255,0.745,0,1,0,0.0,1.0,0.0,0,,,,,,0,0,0,,,,1,0.0,0.0,0.0,0.0,1.0,0,0,1,0.0,0.0,1.0
2007-03-30,1,0.0,0.0,0.0,0.0,1.0,0,0,1,0.0,0.0,1.0,0,,,,,,0,0,0,,,,0,,,,,,0,0,0,,,,1,0.0,0.0,0.0,0.0,1.0,0,0,1,0.0,0.0,1.0
2007-04-04,1,0.0,0.0,0.0,0.0,1.0,0,0,1,0.0,0.0,1.0,0,,,,,,0,0,0,,,,0,,,,,,0,0,0,,,,1,0.0,0.0,0.0,0.0,1.0,0,0,1,0.0,0.0,1.0
2007-04-05,2,-0.23695,-0.23695,0.1215,0.28700000000000003,0.591,0,2,0,0.0,1.0,0.0,0,,,,,,0,0,0,,,,1,-0.296,-0.296,0.0,0.268,0.732,0,1,0,0.0,1.0,0.0,1,-0.1779,-0.1779,0.243,0.306,0.45,0,1,0,0.0,1.0,0.0
2007-04-07,1,0.4019,0.4019,0.351,0.0,0.649,1,0,0,1.0,0.0,0.0,0,,,,,,0,0,0,,,,0,,,,,,0,0,0,,,,1,0.4019,0.4019,0.351,0.0,0.649,1,0,0,1.0,0.0,0.0
2007-04-14,1,0.0,0.0,0.0,0.0,1.0,0,0,1,0.0,0.0,1.0,0,,,,,,0,0,0,,,,0,,,,,,0,0,0,,,,1,0.0,0.0,0.0,0.0,1.0,0,0,1,0.0,0.0,1.0
2007-04-19,2,0.148,0.148,0.134,0.0,0.866,1,0,1,0.5,0.0,0.5,0,,,,,,0,0,0,,,,1,0.296,0.296,0.268,0.0,0.732,1,0,0,1.0,0.0,0.0,1,0.0,0.0,0.0,0.0,1.0,0,0,1,0.0,0.0,1.0
2007-04-26,2,0.0,0.0,0.0,0.0,1.0,0,0,2,0.0,0.0,1.0,0,,,,,,0,0,0,,,,0,,,,,,0,0,0,,,,2,0.0,0.0,0.0,0.0,1.0,0,0,2,0.0,0.0,1.0
2007-04-27,1,-0.2732,-0.2732,0.0,0.231,0.769,0,1,0,0.0,1.0,0.0,0,,,,,,0,0,0,,,,0,,,,,,0,0,0,,,,1,-0.2732,-0.2732,0.0,0.231,0.769,0,1,0,0.0,1.0,0.0
2007-05-01,1,0.5773,0.5773,0.384,0.0,0.616,1,0,0,1.0,0.0,0.0,0,,,,,,0,0,0,,,,1,0.5773,0.5773,0.384,0.0,0.616,1,0,0,1.0,0.0,0.0,0,,,,,,0,0,0,,,
2007-05-03,1,-0.34,-0.34,0.0,0.255,0.745,0,1,0,0.0,1.0,0.0,0,,,,,,0,0,0,,,,0,,,,,,0,0,0,,,,1,-0.34,-0.34,0.0,0.255,0.745,0,1,0,0.0,1.0,0.0
2007-05-11,1,-0.3818,-0.3818,0.0,0.375,0.625,0,1,0,0.0,1.0,0.0,0,,,,,,0,0,0,,,,0,,,,,,0,0,0,,,,1,-0.3818,-0.3818,0.0,0.375,0.625,0,1,0,0.0,1.0,0.0
2007-05-18,1,-0.5719,-0.5719,0.0,0.485,0.515,0,1,0,0.0,1.0,0.0,0,,,,,,0,0,0,,,,1,-0.5719,-0.5719,0.0,0.485,0.515,0,1,0,0.0,1.0,0.0,1,-0.5719,-0.5719,0.0,0.485,0.515,0,1,0,0.0,1.0,0.0
2007-05-21,1,-0.4019,-0.4019,0.0,0.351,0.649,0,1,0,0.0,1.0,0.0,0,,,,,,0,0,0,,,,0,,,,,,0,0,0,,,,1,-0.4019,-0.4019,0.0,0.351,0.649,0,1,0,0.0,1.0,0.0
2007-05-23,1,0.0,0.0,0.0,0.0,1.0,0,0,1,0.0,0.0,1.0,0,,,,,,0,0,0,,,,0,,,,,,0,0,0,,,,1,0.0,0.0,0.0,0.0,1.0,0,0,1,0.0,0.0,1.0
2007-05-25,1,-0.0572,-0.0572,0.0,0.149,0.851,0,1,0,0.0,1.0,0.0,0,,,,,,0,0,0,,,,0,,,,,,0,0,0,,,,1,-0.0572,-0.0572,0.0,0.149,0.851,0,1,0,0.0,1.0,0.0
2007-05-28,1,0.0,0.0,0.0,0.0,1.0,0,0,1,0.0,0.0,1.0,0,,,,,,0,0,0,,,,1,0.0,0.0,0.0,0.0,1.0,0,0,1,0.0,0.0,1.0,0,,,,,,0,0,0,,,
2007-05-30,2,-0.0129,-0.0129,0.0775,0.065,0.8574999999999999,0,1,1,0.0,0.5,0.5,0,,,,,,0,0,0,,,,0,,,,,,0,0,0,,,,2,-0.0129,-0.0129,0.0775,0.065,0.8574999999999999,0,1,1,0.0,0.5,0.5
2007-05-31,1,0.0,0.0,0.0,0.0,1.0,0,0,1,0.0,0.0,1.0,0,,,,,,0,0,0,,,,0,,,,,,0,0,0,,,,1,0.0,0.0,0.0,0.0,1.0,0,0,1,0.0,0.0,1.0
2007-06-01,1,-0.2732,-0.2732,0.0,0.208,0.792,0,1,0,0.0,1.0,0.0,0,,,,,,0,0,0,,,,0,,,,,,0,0,0,,,,1,-0.2732,-0.2732,0.0,0.208,0.792,0,1,0,0.0,1.0,0.0
2007-06-08,3,0.0,0.0,0.0,0.0,1.0,0,0,3,0.0,0.0,1.0,0,,,,,,0,0,0,,,,1,0.0,0.0,0.0,0.0,1.0,0,0,1,0.0,0.0,1.0,2,0.0,0.0,0.0,0.0,1.0,0,0,2,0.0,0.0,1.0
2007-06-11,1,-0.2732,-0.2732,0.0,0.231,0.769,0,1,0,0.0,1.0,0.0,1,-0.2732,-0.2732,0.0,0.231,0.769,0,1,0,0.0,1.0,0.0,0,,,,,,0,0,0,,,,0,,,,,,0,0,0,,,
2007-06-12,2,0.2202,0.2202,0.1835,0.0,0.8165,1,0,1,0.5,0.0,0.5,0,,,,,,0,0,0,,,,0,,,,,,0,0,0,,,,2,0.2202,0.2202,0.1835,0.0,0.8165,1,0,1,0.5,0.0,0.5
2007-06-13,1,-0.1027,-0.1027,0.0,0.167,0.833,0,1,0,0.0,1.0,0.0,0,,,,,,0,0,0,,,,1,-0.1027,-0.1027,0.0,0.167,0.833,0,1,0,0.0,1.0,0.0,0,,,,,,0,0,0,,,
2007-06-14,1,-0.25,-0.25,0.0,0.25,0.75,0,1,0,0.0,1.0,0.0,0,,,,,,0,0,0,,,,1,-0.25,-0.25,0.0,0.25,0.75,0,1,0,0.0,1.0,0.0,0,,,,,,0,0,0,,,
2007-06-15,4,0.0,0.0,0.0,0.0,1.0,0,0,4,0.0,0.0,1.0,0,,,,,,0,0,0,,,,0,,,,,,0,0,0,,,,4,0.0,0.0,0.0,0.0,1.0,0,0,4,0.0,0.0,1.0
2007-06-18,2,-0.148,-0.148,0.0,0.1775,0.8225,0,1,1,0.0,0.5,0.5,0,,,,,,0,0,0,,,,1,-0.296,-0.296,0.0,0.355,0.645,0,1,0,0.0,1.0,0.0,1,0.0,0.0,0.0,0.0,1.0,0,0,1,0.0,0.0,1.0
2007-06-19,2,-0.20095,-0.20095,0.0,0.1755,0.8245,0,1,1,0.0,0.5,0.5,0,,,,,,0,0,0,,,,0,,,,,,0,0,0,,,,2,-0.20095,-0.20095,0.0,0.1755,0.8245,0,1,1,0.0,0.5,0.5
2007-06-22,2,0.0,0.0,0.0,0.0,1.0,0,0,2,0.0,0.0,1.0,0,,,,,,0,0,0,,,,1,0.0,0.0,0.0,0.0,1.0,0,0,1,0.0,0.0,1.0,1,0.0,0.0,0.0,0.0,1.0,0,0,1,0.0,0.0,1.0
2007-06-23,1,-0.4767,-0.4767,0.0,0.341,0.659,0,1,0,0.0,1.0,0.0,0,,,,,,0,0,0,,,,0,,,,,,0,0,0,,,,1,-0.4767,-0.4767,0.0,0.341,0.659,0,1,0,0.0,1.0,0.0
2007-06-25,3,-0.06949999999999999,0.0,0.08233333333333333,0.12866666666666668,0.789,1,1,1,0.3333333333333333,0.3333333333333333,0.3333333333333333,0,,,,,,0,0,0,,,,0,,,,,,0,0,0,,,,3,-0.06949999999999999,0.0,0.08233333333333333,0.12866666666666668,0.789,1,1,1,0.3333333333333333,0.3333333333333333,0.3333333333333333
2007-07-05,5,-0.07748000000000001,0.0,0.057199999999999994,0.13340000000000002,0.8093999999999999,1,2,2,0.2,0.4,0.4,0,,,,,,0,0,0,,,,5,-0.07748000000000001,0.0,0.057199999999999994,0.13340000000000002,0.8093999999999999,1,2,2,0.2,0.4,0.4,0,,,,,,0,0,0,,,
2007-07-06,1,0.0,0.0,0.0,0.0,1.0,0,0,1,0.0,0.0,1.0,0,,,,,,0,0,0,,,,1,0.0,0.0,0.0,0.0,1.0,0,0,1,0.0,0.0,1.0,0,,,,,,0,0,0,,,
2007-07-08,1,0.0,0.0,0.0,0.0,1.0,0,0,1,0.0,0.0,1.0,0,,,,,,0,0,0,,,,0,,,,,,0,0,0,,,,1,0.0,0.0,0.0,0.0,1.0,0,0,1,0.0,0.0,1.0
2007-07-09,2,-0.24695,-0.24695,0.0,0.2285,0.7715000000000001,0,1,1,0.0,0.5,0.5,0,,,,,,0,0,0,,,,1,0.0,0.0,0.0,0.0,1.0,0,0,1,0.0,0.0,1.0,1,-0.4939,-0.4939,0.0,0.457,0.543,0,1,0,0.0,1.0,0.0
2007-07-10,1,-0.6249,-0.6249,0.0,0.506,0.494,0,1,0,0.0,1.0,0.0,1,-0.6249,-0.6249,0.0,0.506,0.494,0,1,0,0.0,1.0,0.0,0,,,,,,0,0,0,,,,0,,,,,,0,0,0,,,
2007-07-13,1,0.4215,0.4215,0.359,0.0,0.641,1,0,0,1.0,0.0,0.0,1,0.4215,0.4215,0.359,0.0,0.641,1,0,0,1.0,0.0,0.0,0,,,,,,0,0,0,,,,0,,,,,,0,0,0,,,
2007-07-25,1,0.0,0.0,0.0,0.0,1.0,0,0,1,0.0,0.0,1.0,0,,,,,,0,0,0,,,,0,,,,,,0,0,0,,,,1,0.0,0.0,0.0,0.0,1.0,0,0,1,0.0,0.0,1.0
2007-07-30,1,0.0258,0.0258,0.136,0.0,0.864,0,0,1,0.0,0.0,1.0,0,,,,,,0,0,0,,,,0,,,,,,0,0,0,,,,1,0.0258,0.0258,0.136,0.0,0.864,0,0,1,0.0,0.0,1.0
2007-08-01,1,0.0,0.0,0.0,0.0,1.0,0,0,1,0.0,0.0,1.0,0,,,,,,0,0,0,,,,0,,,,,,0,0,0,,,,1,0.0,0.0,0.0,0.0,1.0,0,0,1,0.0,0.0,1.0
2007-08-02,2,0.42669999999999997,0.42669999999999997,0.5255000000000001,0.0,0.47450000000000003,2,0,0,1.0,0.0,0.0,0,,,,,,0,0,0,,,,2,0.42669999999999997,0.42669999999999997,0.5255000000000001,0.0,0.47450000000000003,2,0,0,1.0,0.0,0.0,0,,,,,,0,0,0,,,
2007-08-08,1,0.3612,0.3612,0.333,0.0,0.667,1,0,0,1.0,0.0,0.0,0,,,,,,0,0,0,,,,0,,,,,,0,0,0,,,,1,0.3612,0.3612,0.333,0.0,0.667,1,0,0,1.0,0.0,0.0
2007-08-09,1,-0.4939,-0.4939,0.0,0.412,0.588,0,1,0,0.0,1.0,0.0,0,,,,,,0,0,0,,,,0,,,,,,0,0,0,,,,1,-0.4939,-0.4939,0.0,0.412,0.588,0,1,0,0.0,1.0,0.0
2007-08-14,2,-0.21669999999999998,-0.21669999999999998,0.0,0.268,0.732,0,2,0,0.0,1.0,0.0,0,,,,,,0,0,0,,,,0,,,,,,0,0,0,,,,2,-0.21669999999999998,-0.21669999999999998,0.0,0.268,0.732,0,2,0,0.0,1.0,0.0
2007-08-16,1,0.3612,0.3612,0.263,0.0,0.737,1,0,0,1.0,0.0,0.0,0,,,,,,0,0,0,,,,1,0.3612,0.3612,0.263,0.0,0.737,1,0,0,1.0,0.0,0.0,0,,,,,,0,0,0,,,
2007-08-20,1,0.0,0.0,0.0,0.0,1.0,0,0,1,0.0,0.0,1.0,0,,,,,,0,0,0,,,,0,,,,,,0,0,0,,,,1,0.0,0.0,0.0,0.0,1.0,0,0,1,0.0,0.0,1.0
2007-08-21,1,0.0,0.0,0.0,0.0,1.0,0,0,1,0.0,0.0,1.0,0,,,,,,0,0,0,,,,0,,,,,,0,0,0,,,,1,0.0,0.0,0.0,0.0,1.0,0,0,1,0.0,0.0,1.0
2007-08-22,1,0.0,0.0,0.0,0.0,1.0,0,0,1,0.0,0.0,1.0,0,,,,,,0,0,0,,,,0,,,,,,0,0,0,,,,1,0.0,0.0,0.0,0.0,1.0,0,0,1,0.0,0.0,1.0
2007-08-26,1,-0.4404,-0.4404,0.0,0.367,0.633,0,1,0,0.0,1.0,0.0,0,,,,,,0,0,0,,,,0,,,,,,0,0,0,,,,1,-0.4404,-0.4404,0.0,0.367,0.633,0,1,0,0.0,1.0,0.0
2007-08-27,2,0.32389999999999997,0.32389999999999997,0.27949999999999997,0.0,0.7205,2,0,0,1.0,0.0,0.0,0,,,,,,0,0,0,,,,1,0.2263,0.2263,0.241,0.0,0.759,1,0,0,1.0,0.0,0.0,1,0.4215,0.4215,0.318,0.0,0.682,1,0,0,1.0,0.0,0.0
2007-09-03,1,0.0,0.0,0.0,0.0,1.0,0,0,1,0.0,0.0,1.0,0,,,,,,0,0,0,,,,1,0.0,0.0,0.0,0.0,1.0,0,0,1,0.0,0.0,1.0,0,,,,,,0,0,0,,,
2007-09-04,2,0.148,0.148,0.1195,0.0,0.8805000000000001,1,0,1,0.5,0.0,0.5,0,,,,,,0,0,0,,,,0,,,,,,0,0,0,,,,2,0.148,0.148,0.1195,0.0,0.8805000000000001,1,0,1,0.5,0.0,0.5
2007-09-07,2,-0.24695,-0.24695,0.0,0.195,0.8049999999999999,0,1,1,0.0,0.5,0.5,0,,,,,,0,0,0,,,,0,,,,,,0,0,0,,,,2,-0.24695,-0.24695,0.0,0.195,0.8049999999999999,0,1,1,0.0,0.5,0.5
2007-09-08,1,-0.0516,-0.0516,0.0,0.194,0.806,0,1,0,0.0,1.0,0.0,0,,,,,,0,0,0,,,,1,-0.0516,-0.0516,0.0,0.194,0.806,0,1,0,0.0,1.0,0.0,0,,,,,,0,0,0,,,
2007-09-13,6,0.07346666666666667,0.0,0.09799999999999999,0.041666666666666664,0.8603333333333333,1,1,4,0.16666666666666666,0.16666666666666666,0.6666666666666666,2,0.3454,0.3454,0.294,0.0,0.706,1,0,1,0.5,0.0,0.5,2,-0.125,-0.125,0.0,0.125,0.875,0,1,1,0.0,0.5,0.5,3,-0.08333333333333333,0.0,0.0,0.08333333333333333,0.9166666666666666,0,1,2,0.0,0.3333333333333333,0.6666666666666666
2007-09-14,3,-0.09866666666666667,0.0,0.0,0.07966666666666666,0.9203333333333333,0,1,2,0.0,0.3333333333333333,0.6666666666666666,1,-0.296,-0.296,0.0,0.239,0.761,0,1,0,0.0,1.0,0.0,0,,,,,,0,0,0,,,,2,0.0,0.0,0.0,0.0,1.0,0,0,2,0.0,0.0,1.0
2007-09-17,2,-0.5994,-0.5994,0.0,0.46599999999999997,0.534,0,2,0,0.0,1.0,0.0,0,,,,,,0,0,0,,,,2,-0.5994,-0.5994,0.0,0.46599999999999997,0.534,0,2,0,0.0,1.0,0.0,0,,,,,,0,0,0,,,
2007-09-21,1,0.0,0.0,0.0,0.0,1.0,0,0,1,0.0,0.0,1.0,0,,,,,,0,0,0,,,,0,,,,,,0,0,0,,,,1,0.0,0.0,0.0,0.0,1.0,0,0,1,0.0,0.0,1.0
2007-09-24,1,-0.0516,-0.0516,0.0,0.146,0.854,0,1,0,0.0,1.0,0.0,0,,,,,,0,0,0,,,,0,,,,,,0,0,0,,,,1,-0.0516,-0.0516,0.0,0.146,0.854,0,1,0,0.0,1.0,0.0
2007-09-25,1,-0.4939,-0.4939,0.0,0.39,0.61,0,1,0,0.0,1.0,0.0,0,,,,,,0,0,0,,,,0,,,,,,0,0,0,,,,1,-0.4939,-0.4939,0.0,0.39,0.61,0,1,0,0.0,1.0,0.0
2007-09-26,1,0.0,0.0,0.0,0.0,1.0,0,0,1,0.0,0.0,1.0,0,,,,,,0,0,0,,,,0,,,,,,0,0,0,,,,1,0.0,0.0,0.0,0.0,1.0,0,0,1,0.0,0.0,1.0
2007-09-27,1,0.2023,0.2023,0.31,0.0,0.69,1,0,0,1.0,0.0,0.0,0,,,,,,0,0,0,,,,0,,,,,,0,0,0,,,,1,0.2023,0.2023,0.31,0.0,0.69,1,0,0,1.0,0.0,0.0
2007-09-28,2,-0.21075,-0.21075,0.0,0.1795,0.8205,0,1,1,0.0,0.5,0.5,0,,,,,,0,0,0,,,,1,-0.4215,-0.4215,0.0,0.359,0.641,0,1,0,0.0,1.0,0.0,2,-0.21075,-0.21075,0.0,0.1795,0.8205,0,1,1,0.0,0.5,0.5
2007-10-01,1,0.0,0.0,0.0,0.0,1.0,0,0,1,0.0,0.0,1.0,0,,,,,,0,0,0,,,,0,,,,,,0,0,0,,,,1,0.0,0.0,0.0,0.0,1.0,0,0,1,0.0,0.0,1.0
2007-10-02,1,0.3182,0.3182,0.434,0.0,0.566,1,0,0,1.0,0.0,0.0,0,,,,,,0,0,0,,,,0,,,,,,0,0,0,,,,1,0.3182,0.3182,0.434,0.0,0.566,1,0,0,1.0,0.0,0.0
2007-10-03,1,-0.3612,-0.3612,0.0,0.333,0.667,0,1,0,0.0,1.0,0.0,0,,,,,,0,0,0,,,,0,,,,,,0,0,0,,,,1,-0.3612,-0.3612,0.0,0.333,0.667,0,1,0,0.0,1.0,0.0
2007-10-14,1,0.0,0.0,0.0,0.0,1.0,0,0,1,0.0,0.0,1.0,0,,,,,,0,0,0,,,,1,0.0,0.0,0.0,0.0,1.0,0,0,1,0.0,0.0,1.0,0,,,,,,0,0,0,,,
2007-10-15,2,-0.1591,-0.1591,0.0,0.1825,0.8175,0,1,1,0.0,0.5,0.5,0,,,,,,0,0,0,,,,1,-0.3182,-0.3182,0.0,0.365,0.635,0,1,0,0.0,1.0,0.0,1,0.0,0.0,0.0,0.0,1.0,0,0,1,0.0,0.0,1.0
2007-10-16,3,-0.2679333333333333,-0.4019,0.0,0.18533333333333335,0.8146666666666667,0,2,1,0.0,0.6666666666666666,0.3333333333333333,2,-0.4019,-0.4019,0.0,0.278,0.722,0,2,0,0.0,1.0,0.0,2,-0.4019,-0.4019,0.0,0.278,0.722,0,2,0,0.0,1.0,0.0,1,0.0,0.0,0.0,0.0,1.0,0,0,1,0.0,0.0,1.0
2007-10-17,1,-0.5994,-0.5994,0.0,0.495,0.505,0,1,0,0.0,1.0,0.0,1,-0.5994,-0.5994,0.0,0.495,0.505,0,1,0,0.0,1.0,0.0,1,-0.5994,-0.5994,0.0,0.495,0.505,0,1,0,0.0,1.0,0.0,0,,,,,,0,0,0,,,
2007-10-19,2,-0.28595,-0.28595,0.0,0.305,0.6950000000000001,0,1,1,0.0,0.5,0.5,1,0.0,0.0,0.0,0.0,1.0,0,0,1,0.0,0.0,1.0,1,-0.5719,-0.5719,0.0,0.61,0.39,0,1,0,0.0,1.0,0.0,0,,,,,,0,0,0,,,
2007-10-23,1,-0.6124,-0.6124,0.0,0.714,0.286,0,1,0,0.0,1.0,0.0,0,,,,,,0,0,0,,,,1,-0.6124,-0.6124,0.0,0.714,0.286,0,1,0,0.0,1.0,0.0,0,,,,,,0,0,0,,,
2007-10-24,1,0.0,0.0,0.0,0.0,1.0,0,0,1,0.0,0.0,1.0,1,0.0,0.0,0.0,0.0,1.0,0,0,1,0.0,0.0,1.0,0,,,,,,0,0,0,,,,1,0.0,0.0,0.0,0.0,1.0,0,0,1,0.0,0.0,1.0
2007-10-27,2,-0.15710000000000002,-0.15710000000000002,0.108,0.162,0.73,0,1,1,0.0,0.5,0.5,2,-0.15710000000000002,-0.15710000000000002,0.108,0.162,0.73,0,1,1,0.0,0.5,0.5,0,,,,,,0,0,0,,,,0,,,,,,0,0,0,,,
2007-10-29,2,0.0,0.0,0.0,0.0,1.0,0,0,2,0.0,0.0,1.0,1,0.0,0.0,0.0,0.0,1.0,0,0,1,0.0,0.0,1.0,0,,,,,,0,0,0,,,,1,0.0,0.0,0.0,0.0,1.0,0,0,1,0.0,0.0,1.0
2007-10-30,1,0.0,0.0,0.0,0.0,1.0,0,0,1,0.0,0.0,1.0,1,0.0,0.0,0.0,0.0,1.0,0,0,1,0.0,0.0,1.0,0,,,,,,0,0,0,,,,0,,,,,,0,0,0,,,
2007-10-31,1,-0.3818,-0.3818,0.0,0.375,0.625,0,1,0,0.0,1.0,0.0,0,,,,,,0,0,0,,,,0,,,,,,0,0,0,,,,1,-0.3818,-0.3818,0.0,0.375,0.625,0,1,0,0.0,1.0,0.0
2007-11-01,1,0.0,0.0,0.0,0.0,1.0,0,0,1,0.0,0.0,1.0,1,0.0,0.0,0.0,0.0,1.0,0,0,1,0.0,0.0,1.0,0,,,,,,0,0,0,,,,0,,,,,,0,0,0,,,
2007-11-06,1,0.5256,0.5256,0.361,0.0,0.639,1,0,0,1.0,0.0,0.0,0,,,,,,0,0,0,,,,1,0.5256,0.5256,0.361,0.0,0.639,1,0,0,1.0,0.0,0.0,0,,,,,,0,0,0,,,
2007-11-08,1,-0.6808,-0.6808,0.0,0.483,0.517,0,1,0,0.0,1.0,0.0,1,-0.6808,-0.6808,0.0,0.483,0.517,0,1,0,0.0,1.0,0.0,0,,,,,,0,0,0,,,,0,,,,,,0,0,0,,,
2007-11-09,1,-0.296,-0.296,0.0,0.268,0.732,0,1,0,0.0,1.0,0.0,0,,,,,,0,0,0,,,,0,,,,,,0,0,0,,,,1,-0.296,-0.296,0.0,0.268,0.732,0,1,0,0.0,1.0,0.0
2007-11-17,1,0.0516,0.0516,0.25,0.229,0.521,1,0,0,1.0,0.0,0.0,1,0.0516,0.0516,0.25,0.229,0.521,1,0,0,1.0,0.0,0.0,0,,,,,,0,0,0,,,,0,,,,,,0,0,0,,,
2007-11-18,2,-0.17,-0.17,0.0,0.1275,0.8725,0,1,1,0.0,0.5,0.5,0,,,,,,0,0,0,,,,2,-0.17,-0.17,0.0,0.1275,0.8725,0,1,1,0.0,0.5,0.5,0,,,,,,0,0,0,,,
2007-11-19,1,-0.128,-0.128,0.0,0.176,0.824,0,1,0,0.0,1.0,0.0,0,,,,,,0,0,0,,,,1,-0.128,-0.128,0.0,0.176,0.824,0,1,0,0.0,1.0,0.0,1,-0.128,-0.128,0.0,0.176,0.824,0,1,0,0.0,1.0,0.0
2007-11-20,1,0.0,0.0,0.0,0.0,1.0,0,0,1,0.0,0.0,1.0,0,,,,,,0,0,0,,,,0,,,,,,0,0,0,,,,1,0.0,0.0,0.0,0.0,1.0,0,0,1,0.0,0.0,1.0
2007-11-21,1,-0.2732,-0.2732,0.0,0.259,0.741,0,1,0,0.0,1.0,0.0,0,,,,,,0,0,0,,,,0,,,,,,0,0,0,,,,1,-0.2732,-0.2732,0.0,0.259,0.741,0,1,0,0.0,1.0,0.0
2007-11-25,1,-0.128,-0.128,0.0,0.176,0.824,0,1,0,0.0,1.0,0.0,1,-0.128,-0.128,0.0,0.176,0.824,0,1,0,0.0,1.0,0.0,0,,,,,,0,0,0,,,,0,,,,,,0,0,0,,,
2007-11-27,1,0.3612,0.3612,0.238,0.0,0.762,1,0,0,1.0,0.0,0.0,0,,,,,,0,0,0,,,,1,0.3612,0.3612,0.238,0.0,0.762,1,0,0,1.0,0.0,0.0,0,,,,,,0,0,0,,,
2007-11-28,3,-0.09866666666666667,0.0,0.0,0.102,0.898,0,1,2,0.0,0.3333333333333333,0.6666666666666666,2,-0.148,-0.148,0.0,0.153,0.847,0,1,1,0.0,0.5,0.5,1,0.0,0.0,0.0,0.0,1.0,0,0,1,0.0,0.0,1.0,1,0.0,0.0,0.0,0.0,1.0,0,0,1,0.0,0.0,1.0
2007-12-01,3,-0.3495333333333333,-0.4767,0.0,0.274,0.726,0,2,1,0.0,0.6666666666666666,0.3333333333333333,0,,,,,,0,0,0,,,,1,-0.5719,-0.5719,0.0,0.439,0.561,0,1,0,0.0,1.0,0.0,2,-0.23835,-0.23835,0.0,0.1915,0.8085,0,1,1,0.0,0.5,0.5
2007-12-02,1,-0.2732,-0.2732,0.0,0.259,0.741,0,1,0,0.0,1.0,0.0,0,,,,,,0,0,0,,,,0,,,,,,0,0,0,,,,1,-0.2732,-0.2732,0.0,0.259,0.741,0,1,0,0.0,1.0,0.0
2007-12-04,1,-0.4404,-0.4404,0.0,0.367,0.633,0,1,0,0.0,1.0,0.0,0,,,,,,0,0,0,,,,0,,,,,,0,0,0,,,,1,-0.4404,-0.4404,0.0,0.367,0.633,0,1,0,0.0,1.0,0.0
2007-12-17,2,-0.04684999999999999,-0.04684999999999999,0.147,0.261,0.592,1,1,0,0.5,0.5,0.0,0,,,,,,0,0,0,,,,0,,,,,,0,0,0,,,,2,-0.04684999999999999,-0.04684999999999999,0.147,0.261,0.592,1,1,0,0.5,0.5,0.0
2007-12-18,5,-0.02305999999999999,0.0,0.0632,0.133,0.8038000000000001,1,2,2,0.2,0.4,0.4,0,,,,,,0,0,0,,,,0,,,,,,0,0,0,,,,5,-0.02305999999999999,0.0,0.0632,0.133,0.8038000000000001,1,2,2,0.2,0.4,0.4
2007-12-22,1,0.0,0.0,0.0,0.0,1.0,0,0,1,0.0,0.0,1.0,0,,,,,,0,0,0,,,,1,0.0,0.0,0.0,0.0,1.0,0,0,1,0.0,0.0,1.0,0,,,,,,0,0,0,,,
2007-12-23,2,-0.31845,-0.31845,0.0,0.255,0.745,0,1,1,0.0,0.5,0.5,0,,,,,,0,0,0,,,,0,,,,,,0,0,0,,,,2,-0.31845,-0.31845,0.0,0.255,0.745,0,1,1,0.0,0.5,0.5
2007-12-26,2,-0.38634999999999997,-0.38634999999999997,0.0,0.369,0.631,0,2,0,0.0,1.0,0.0,0,,,,,,0,0,0,,,,1,-0.4767,-0.4767,0.0,0.383,0.617,0,1,0,0.0,1.0,0.0,1,-0.296,-0.296,0.0,0.355,0.645,0,1,0,0.0,1.0,0.0
2007-12-27,2,-0.17615,-0.17615,0.1575,0.3235,0.519,1,1,0,0.5,0.5,0.0,0,,,,,,0,0,0,,,,0,,,,,,0,0,0,,,,2,-0.17615,-0.17615,0.1575,0.3235,0.519,1,1,0,0.5,0.5,0.0
2007-12-28,1,0.4019,0.4019,0.403,0.0,0.597,1,0,0,1.0,0.0,0.0,1,0.4019,0.4019,0.403,0.0,0.597,1,0,0,1.0,0.0,0.0,0,,,,,,0,0,0,,,,0,,,,,,0,0,0,,,
2007-12-30,1,-0.34,-0.34,0.0,0.255,0.745,0,1,0,0.0,1.0,0.0,0,,,,,,0,0,0,,,,1,-0.34,-0.34,0.0,0.255,0.745,0,1,0,0.0,1.0,0.0,0,,,,,,0,0,0,,,
2008-01-03,7,0.014042857142857143,0.0,0.043,0.06357142857142857,0.8934285714285715,1,1,5,0.14285714285714285,0.14285714285714285,0.7142857142857143,3,0.0,0.0,0.0,0.0,1.0,0,0,3,0.0,0.0,1.0,0,,,,,,0,0,0,,,,4,0.024575,0.0,0.07525,0.11125,0.8135,1,1,2,0.25,0.25,0.5
2008-01-04,5,0.03992,0.0,0.123,0.05600000000000001,0.8210000000000001,1,1,3,0.2,0.2,0.6,3,0.13396666666666665,0.0,0.13433333333333333,0.0,0.8656666666666667,1,0,2,0.3333333333333333,0.0,0.6666666666666666,0,,,,,,0,0,0,,,,2,-0.10115,-0.10115,0.106,0.14,0.754,0,1,1,0.0,0.5,0.5
2008-01-05,1,0.0,0.0,0.0,0.0,1.0,0,0,1,0.0,0.0,1.0,1,0.0,0.0,0.0,0.0,1.0,0,0,1,0.0,0.0,1.0,0,,,,,,0,0,0,,,,0,,,,,,0,0,0,,,
2008-01-07,3,0.10606666666666666,0.0,0.17833333333333334,0.0,0.8216666666666667,1,0,2,0.3333333333333333,0.0,0.6666666666666666,0,,,,,,0,0,0,,,,0,,,,,,0,0,0,,,,3,0.10606666666666666,0.0,0.17833333333333334,0.0,0.8216666666666667,1,0,2,0.3333333333333333,0.0,0.6666666666666666
2008-01-08,2,0.26335,0.26335,0.2295,0.0,0.7705,1,0,1,0.5,0.0,0.5,1,0.0,0.0,0.0,0.0,1.0,0,0,1,0.0,0.0,1.0,0,,,,,,0,0,0,,,,2,0.26335,0.26335,0.2295,0.0,0.7705,1,0,1,0.5,0.0,0.5
2008-01-09,1,0.0,0.0,0.0,0.0,1.0,0,0,1,0.0,0.0,1.0,0,,,,,,0,0,0,,,,0,,,,,,0,0,0,,,,1,0.0,0.0,0.0,0.0,1.0,0,0,1,0.0,0.0,1.0
2008-01-16,1,-0.5719,-0.5719,0.0,0.381,0.619,0,1,0,0.0,1.0,0.0,1,-0.5719,-0.5719,0.0,0.381,0.619,0,1,0,0.0,1.0,0.0,0,,,,,,0,0,0,,,,0,,,,,,0,0,0,,,
2008-01-20,2,0.3286,0.3286,0.32299999999999995,0.092,0.585,2,0,0,1.0,0.0,0.0,1,0.3612,0.3612,0.238,0.0,0.762,1,0,0,1.0,0.0,0.0,2,0.3286,0.3286,0.32299999999999995,0.092,0.585,2,0,0,1.0,0.0,0.0,0,,,,,,0,0,0,,,
2008-01-24,1,-0.296,-0.296,0.0,0.268,0.732,0,1,0,0.0,1.0,0.0,0,,,,,,0,0,0,,,,1,-0.296,-0.296,0.0,0.268,0.732,0,1,0,0.0,1.0,0.0,0,,,,,,0,0,0,,,
2008-01-25,2,0.0,0.0,0.0,0.0,1.0,0,0,2,0.0,0.0,1.0,0,,,,,,0,0,0,,,,0,,,,,,0,0,0,,,,2,0.0,0.0,0.0,0.0,1.0,0,0,2,0.0,0.0,1.0
2008-01-27,1,-0.5719,-0.5719,0.0,0.381,0.619,0,1,0,0.0,1.0,0.0,1,-0.5719,-0.5719,0.0,0.381,0.619,0,1,0,0.0,1.0,0.0,0,,,,,,0,0,0,,,,0,,,,,,0,0,0,,,
2008-01-28,1,-0.34,-0.34,0.0,0.375,0.625,0,1,0,0.0,1.0,0.0,0,,,,,,0,0,0,,,,1,-0.34,-0.34,0.0,0.375,0.625,0,1,0,0.0,1.0,0.0,0,,,,,,0,0,0,,,
2008-01-31,1,0.0,0.0,0.0,0.0,1.0,0,0,1,0.0,0.0,1.0,0,,,,,,0,0,0,,,,1,0.0,0.0,0.0,0.0,1.0,0,0,1,0.0,0.0,1.0,0,,,,,,0,0,0,,,
2008-02-01,1,-0.4939,-0.4939,0.0,0.314,0.686,0,1,0,0.0,1.0,0.0,0,,,,,,0,0,0,,,,1,-0.4939,-0.4939,0.0,0.314,0.686,0,1,0,0.0,1.0,0.0,0,,,,,,0,0,0,,,
2008-02-04,1,-0.5719,-0.5719,0.0,0.402,0.598,0,1,0,0.0,1.0,0.0,0,,,,,,0,0,0,,,,0,,,,,,0,0,0,,,,1,-0.5719,-0.5719,0.0,0.402,0.598,0,1,0,0.0,1.0,0.0
2008-02-08,2,0.0,0.0,0.0,0.0,1.0,0,0,2,0.0,0.0,1.0,0,,,,,,0,0,0,,,,0,,,,,,0,0,0,,,,2,0.0,0.0,0.0,0.0,1.0,0,0,2,0.0,0.0,1.0
2008-02-13,1,-0.296,-0.296,0.0,0.306,0.694,0,1,0,0.0,1.0,0.0,0,,,,,,0,0,0,,,,1,-0.296,-0.296,0.0,0.306,0.694,0,1,0,0.0,1.0,0.0,0,,,,,,0,0,0,,,
2008-02-14,1,-0.4404,-0.4404,0.0,0.367,0.633,0,1,0,0.0,1.0,0.0,0,,,,,,0,0,0,,,,0,,,,,,0,0,0,,,,1,-0.4404,-0.4404,0.0,0.367,0.633,0,1,0,0.0,1.0,0.0
2008-02-17,2,-0.148,-0.148,0.0,0.1195,0.8805000000000001,0,1,1,0.0,0.5,0.5,0,,,,,,0,0,0,,,,0,,,,,,0,0,0,,,,2,-0.148,-0.148,0.0,0.1195,0.8805000000000001,0,1,1,0.0,0.5,0.5
2008-02-21,1,0.25,0.25,0.286,0.0,0.714,1,0,0,1.0,0.0,0.0,0,,,,,,0,0,0,,,,0,,,,,,0,0,0,,,,1,0.25,0.25,0.286,0.0,0.714,1,0,0,1.0,0.0,0.0
2008-02-22,2,-0.3427,-0.3427,0.0,0.2875,0.7125,0,2,0,0.0,1.0,0.0,0,,,,,,0,0,0,,,,1,-0.128,-0.128,0.0,0.2,0.8,0,1,0,0.0,1.0,0.0,1,-0.5574,-0.5574,0.0,0.375,0.625,0,1,0,0.0,1.0,0.0
2008-02-24,1,-0.2732,-0.2732,0.0,0.231,0.769,0,1,0,0.0,1.0,0.0,0,,,,,,0,0,0,,,,1,-0.2732,-0.2732,0.0,0.231,0.769,0,1,0,0.0,1.0,0.0,0,,,,,,0,0,0,,,
2008-02-28,1,0.0,0.0,0.0,0.0,1.0,0,0,1,0.0,0.0,1.0,0,,,,,,0,0,0,,,,0,,,,,,0,0,0,,,,1,0.0,0.0,0.0,0.0,1.0,0,0,1,0.0,0.0,1.0
2008-02-29,1,-0.3612,-0.3612,0.207,0.432,0.36,0,1,0,0.0,1.0,0.0,0,,,,,,0,0,0,,,,1,-0.3612,-0.3612,0.207,0.432,0.36,0,1,0,0.0,1.0,0.0,0,,,,,,0,0,0,,,
2008-03-03,1,0.2263,0.2263,0.241,0.0,0.759,1,0,0,1.0,0.0,0.0,0,,,,,,0,0,0,,,,1,0.2263,0.2263,0.241,0.0,0.759,1,0,0,1.0,0.0,0.0,0,,,,,,0,0,0,,,
2008-03-05,1,0.3612,0.3612,0.333,0.0,0.667,1,0,0,1.0,0.0,0.0,0,,,,,,0,0,0,,,,1,0.3612,0.3612,0.333,0.0,0.667,1,0,0,1.0,0.0,0.0,0,,,,,,0,0,0,,,
2008-03-06,2,-0.21075,-0.21075,0.0,0.159,0.841,0,1,1,0.0,0.5,0.5,2,-0.21075,-0.21075,0.0,0.159,0.841,0,1,1,0.0,0.5,0.5,0,,,,,,0,0,0,,,,0,,,,,,0,0,0,,,
2008-03-07,1,0.0,0.0,0.0,0.0,1.0,0,0,1,0.0,0.0,1.0,0,,,,,,0,0,0,,,,1,0.0,0.0,0.0,0.0,1.0,0,0,1,0.0,0.0,1.0,0,,,,,,0,0,0,,,
2008-03-08,1,0.3182,0.3182,0.277,0.0,0.723,1,0,0,1.0,0.0,0.0,1,0.3182,0.3182,0.277,0.0,0.723,1,0,0,1.0,0.0,0.0,0,,,,,,0,0,0,,,,0,,,,,,0,0,0,,,
2008-03-11,2,0.0,0.0,0.0,0.0,1.0,0,0,2,0.0,0.0,1.0,0,,,,,,0,0,0,,,,0,,,,,,0,0,0,,,,2,0.0,0.0,0.0,0.0,1.0,0,0,2,0.0,0.0,1.0
2008-03-12,1,0.0,0.0,0.0,0.0,1.0,0,0,1,0.0,0.0,1.0,0,,,,,,0,0,0,,,,1,0.0,0.0,0.0,0.0,1.0,0,0,1,0.0,0.0,1.0,0,,,,,,0,0,0,,,
2008-03-13,1,0.0,0.0,0.0,0.0,1.0,0,0,1,0.0,0.0,1.0,1,0.0,0.0,0.0,0.0,1.0,0,0,1,0.0,0.0,1.0,0,,,,,,0,0,0,,,,0,,,,,,0,0,0,,,
2008-03-15,1,0.2263,0.2263,0.237,0.144,0.619,1,0,0,1.0,0.0,0.0,0,,,,,,0,0,0,,,,0,,,,,,0,0,0,,,,1,0.2263,0.2263,0.237,0.144,0.619,1,0,0,1.0,0.0,0.0
2008-03-17,1,-0.4767,-0.4767,0.0,0.307,0.693,0,1,0,0.0,1.0,0.0,0,,,,,,0,0,0,,,,0,,,,,,0,0,0,,,,1,-0.4767,-0.4767,0.0,0.307,0.693,0,1,0,0.0,1.0,0.0
2008-03-20,5,0.01544,0.0,0.143,0.1028,0.7542,2,1,2,0.4,0.2,0.4,0,,,,,,0,0,0,,,,1,0.0772,0.0772,0.292,0.246,0.462,1,0,0,1.0,0.0,0.0,4,0.0,0.0,0.10575,0.067,0.82725,1,1,2,0.25,0.25,0.5
2008-03-21,3,-0.3528,-0.4215,0.0,0.2743333333333333,0.7256666666666667,0,2,1,0.0,0.6666666666666666,0.3333333333333333,0,,,,,,0,0,0,,,,3,-0.3528,-0.4215,0.0,0.2743333333333333,0.7256666666666667,0,2,1,0.0,0.6666666666666666,0.3333333333333333,0,,,,,,0,0,0,,,
2008-03-22,1,0.296,0.296,0.239,0.0,0.761,1,0,0,1.0,0.0,0.0,1,0.296,0.296,0.239,0.0,0.761,1,0,0,1.0,0.0,0.0,1,0.296,0.296,0.239,0.0,0.761,1,0,0,1.0,0.0,0.0,0,,,,,,0,0,0,,,
2008-03-25,1,0.0,0.0,0.0,0.0,1.0,0,0,1,0.0,0.0,1.0,1,0.0,0.0,0.0,0.0,1.0,0,0,1,0.0,0.0,1.0,0,,,,,,0,0,0,,,,0,,,,,,0,0,0,,,
2008-03-27,1,0.0,0.0,0.0,0.0,1.0,0,0,1,0.0,0.0,1.0,0,,,,,,0,0,0,,,,1,0.0,0.0,0.0,0.0,1.0,0,0,1,0.0,0.0,1.0,0,,,,,,0,0,0,,,
2008-03-30,1,-0.0516,-0.0516,0.0,0.167,0.833,0,1,0,0.0,1.0,0.0,0,,,,,,0,0,0,,,,0,,,,,,0,0,0,,,,1,-0.0516,-0.0516,0.0,0.167,0.833,0,1,0,0.0,1.0,0.0
2008-04-01,1,0.0,0.0,0.0,0.0,1.0,0,0,1,0.0,0.0,1.0,1,0.0,0.0,0.0,0.0,1.0,0,0,1,0.0,0.0,1.0,0,,,,,,0,0,0,,,,0,,,,,,0,0,0,,,
2008-04-03,1,0.296,0.296,0.239,0.0,0.761,1,0,0,1.0,0.0,0.0,0,,,,,,0,0,0,,,,0,,,,,,0,0,0,,,,1,0.296,0.296,0.239,0.0,0.761,1,0,0,1.0,0.0,0.0
2008-04-06,1,-0.4939,-0.4939,0.0,0.348,0.652,0,1,0,0.0,1.0,0.0,0,,,,,,0,0,0,,,,1,-0.4939,-0.4939,0.0,0.348,0.652,0,1,0,0.0,1.0,0.0,0,,,,,,0,0,0,,,
2008-04-07,1,0.0,0.0,0.0,0.0,1.0,0,0,1,0.0,0.0,1.0,0,,,,,,0,0,0,,,,0,,,,,,0,0,0,,,,1,0.0,0.0,0.0,0.0,1.0,0,0,1,0.0,0.0,1.0
2008-04-08,2,-0.125,-0.125,0.0,0.143,0.857,0,1,1,0.0,0.5,0.5,0,,,,,,0,0,0,,,,0,,,,,,0,0,0,,,,2,-0.125,-0.125,0.0,0.143,0.857,0,1,1,0.0,0.5,0.5
2008-04-09,3,0.0,0.0,0.0,0.0,1.0,0,0,3,0.0,0.0,1.0,0,,,,,,0,0,0,,,,1,0.0,0.0,0.0,0.0,1.0,0,0,1,0.0,0.0,1.0,2,0.0,0.0,0.0,0.0,1.0,0,0,2,0.0,0.0,1.0
2008-04-10,3,0.0,0.0,0.0,0.0,1.0,0,0,3,0.0,0.0,1.0,1,0.0,0.0,0.0,0.0,1.0,0,0,1,0.0,0.0,1.0,0,,,,,,0,0,0,,,,2,0.0,0.0,0.0,0.0,1.0,0,0,2,0.0,0.0,1.0
2008-04-12,1,-0.25,-0.25,0.0,0.25,0.75,0,1,0,0.0,1.0,0.0,0,,,,,,0,0,0,,,,1,-0.25,-0.25,0.0,0.25,0.75,0,1,0,0.0,1.0,0.0,0,,,,,,0,0,0,,,
2008-04-15,2,0.20095,0.20095,0.155,0.0,0.845,1,0,1,0.5,0.0,0.5,1,0.0,0.0,0.0,0.0,1.0,0,0,1,0.0,0.0,1.0,0,,,,,,0,0,0,,,,1,0.4019,0.4019,0.31,0.0,0.69,1,0,0,1.0,0.0,0.0
2008-04-16,2,0.0258,0.0258,0.1155,0.0,0.8845000000000001,1,0,1,0.5,0.0,0.5,0,,,,,,0,0,0,,,,0,,,,,,0,0,0,,,,2,0.0258,0.0258,0.1155,0.0,0.8845000000000001,1,0,1,0.5,0.0,0.5
2008-04-17,1,0.0,0.0,0.0,0.0,1.0,0,0,1,0.0,0.0,1.0,0,,,,,,0,0,0,,,,0,,,,,,0,0,0,,,,1,0.0,0.0,0.0,0.0,1.0,0,0,1,0.0,0.0,1.0
2008-04-19,1,0.0,0.0,0.0,0.0,1.0,0,0,1,0.0,0.0,1.0,1,0.0,0.0,0.0,0.0,1.0,0,0,1,0.0,0.0,1.0,0,,,,,,0,0,0,,,,0,,,,,,0,0,0,,,
2008-04-21,2,0.17,0.17,0.1325,0.061,0.806,1,0,1,0.5,0.0,0.5,0,,,,,,0,0,0,,,,0,,,,,,0,0,0,,,,2,0.17,0.17,0.1325,0.061,0.806,1,0,1,0.5,0.0,0.5
2008-04-22,1,0.0,0.0,0.0,0.0,1.0,0,0,1,0.0,0.0,1.0,0,,,,,,0,0,0,,,,0,,,,,,0,0,0,,,,1,0.0,0.0,0.0,0.0,1.0,0,0,1,0.0,0.0,1.0
2008-04-23,2,-0.05135,-0.05135,0.0,0.0835,0.9165,0,1,1,0.0,0.5,0.5,0,,,,,,0,0,0,,,,0,,,,,,0,0,0,,,,2,-0.05135,-0.05135,0.0,0.0835,0.9165,0,1,1,0.0,0.5,0.5
2008-04-24,2,0.0,0.0,0.0,0.0,1.0,0,0,2,0.0,0.0,1.0,0,,,,,,0,0,0,,,,1,0.0,0.0,0.0,0.0,1.0,0,0,1,0.0,0.0,1.0,1,0.0,0.0,0.0,0.0,1.0,0,0,1,0.0,0.0,1.0
2008-04-25,3,-0.09106666666666667,0.0,0.0,0.06933333333333333,0.9306666666666666,0,1,2,0.0,0.3333333333333333,0.6666666666666666,2,-0.1366,-0.1366,0.0,0.104,0.896,0,1,1,0.0,0.5,0.5,0,,,,,,0,0,0,,,,1,0.0,0.0,0.0,0.0,1.0,0,0,1,0.0,0.0,1.0
2008-04-26,1,0.0,0.0,0.0,0.0,1.0,0,0,1,0.0,0.0,1.0,1,0.0,0.0,0.0,0.0,1.0,0,0,1,0.0,0.0,1.0,0,,,,,,0,0,0,,,,0,,,,,,0,0,0,,,
2008-04-27,2,-0.064,-0.064,0.0,0.1155,0.8845000000000001,0,1,1,0.0,0.5,0.5,0,,,,,,0,0,0,,,,2,-0.064,-0.064,0.0,0.1155,0.8845000000000001,0,1,1,0.0,0.5,0.5,0,,,,,,0,0,0,,,
2008-04-28,3,0.09129999999999999,0.0,0.09266666666666667,0.058666666666666666,0.8486666666666666,1,1,1,0.3333333333333333,0.3333333333333333,0.3333333333333333,1,-0.128,-0.128,0.0,0.176,0.824,0,1,0,0.0,1.0,0.0,1,-0.128,-0.128,0.0,0.176,0.824,0,1,0,0.0,1.0,0.0,2,0.20095,0.20095,0.139,0.0,0.861,1,0,1,0.5,0.0,0.5
2008-04-29,2,-0.3291,-0.3291,0.068,0.28600000000000003,0.6455,0,2,0,0.0,1.0,0.0,0,,,,,,0,0,0,,,,0,,,,,,0,0,0,,,,2,-0.3291,-0.3291,0.068,0.28600000000000003,0.6455,0,2,0,0.0,1.0,0.0
2008-05-05,1,0.0,0.0,0.0,0.0,1.0,0,0,1,0.0,0.0,1.0,0,,,,,,0,0,0,,,,0,,,,,,0,0,0,,,,1,0.0,0.0,0.0,0.0,1.0,0,0,1,0.0,0.0,1.0
2008-05-06,1,0.0,0.0,0.0,0.0,1.0,0,0,1,0.0,0.0,1.0,1,0.0,0.0,0.0,0.0,1.0,0,0,1,0.0,0.0,1.0,0,,,,,,0,0,0,,,,0,,,,,,0,0,0,,,
2008-05-07,1,0.0,0.0,0.0,0.0,1.0,0,0,1,0.0,0.0,1.0,0,,,,,,0,0,0,,,,0,,,,,,0,0,0,,,,1,0.0,0.0,0.0,0.0,1.0,0,0,1,0.0,0.0,1.0
2008-05-08,1,0.0,0.0,0.0,0.0,1.0,0,0,1,0.0,0.0,1.0,0,,,,,,0,0,0,,,,0,,,,,,0,0,0,,,,1,0.0,0.0,0.0,0.0,1.0,0,0,1,0.0,0.0,1.0
2008-05-10,3,0.10606666666666666,0.0,0.09233333333333334,0.0,0.9076666666666666,1,0,2,0.3333333333333333,0.0,0.6666666666666666,3,0.10606666666666666,0.0,0.09233333333333334,0.0,0.9076666666666666,1,0,2,0.3333333333333333,0.0,0.6666666666666666,0,,,,,,0,0,0,,,,0,,,,,,0,0,0,,,
2008-05-11,1,-0.25,-0.25,0.0,0.286,0.714,0,1,0,0.0,1.0,0.0,0,,,,,,0,0,0,,,,1,-0.25,-0.25,0.0,0.286,0.714,0,1,0,0.0,1.0,0.0,0,,,,,,0,0,0,,,
2008-05-12,1,0.0,0.0,0.0,0.0,1.0,0,0,1,0.0,0.0,1.0,0,,,,,,0,0,0,,,,0,,,,,,0,0,0,,,,1,0.0,0.0,0.0,0.0,1.0,0,0,1,0.0,0.0,1.0
2008-05-13,1,0.25,0.25,0.278,0.167,0.556,1,0,0,1.0,0.0,0.0,0,,,,,,0,0,0,,,,1,0.25,0.25,0.278,0.167,0.556,1,0,0,1.0,0.0,0.0,0,,,,,,0,0,0,,,
2008-05-14,2,0.0,0.0,0.0,0.0,1.0,0,0,2,0.0,0.0,1.0,1,0.0,0.0,0.0,0.0,1.0,0,0,1,0.0,0.0,1.0,0,,,,,,0,0,0,,,,1,0.0,0.0,0.0,0.0,1.0,0,0,1,0.0,0.0,1.0
2008-05-15,2,-0.1366,-0.1366,0.0,0.1295,0.8705,0,1,1,0.0,0.5,0.5,0,,,,,,0,0,0,,,,1,0.0,0.0,0.0,0.0,1.0,0,0,1,0.0,0.0,1.0,2,-0.1366,-0.1366,0.0,0.1295,0.8705,0,1,1,0.0,0.5,0.5
2008-05-16,3,-0.0565,0.0,0.058666666666666666,0.08033333333333333,0.8610000000000001,0,1,2,0.0,0.3333333333333333,0.6666666666666666,1,0.0,0.0,0.0,0.0,1.0,0,0,1,0.0,0.0,1.0,0,,,,,,0,0,0,,,,2,-0.08475,-0.08475,0.088,0.1205,0.7915,0,1,1,0.0,0.5,0.5
2008-05-17,2,0.26065,0.26065,0.2145,0.069,0.7165,1,0,1,0.5,0.0,0.5,1,0.0,0.0,0.0,0.0,1.0,0,0,1,0.0,0.0,1.0,1,0.5213,0.5213,0.429,0.138,0.433,1,0,0,1.0,0.0,0.0,0,,,,,,0,0,0,,,
2008-05-18,2,0.0,0.0,0.0,0.0,1.0,0,0,2,0.0,0.0,1.0,0,,,,,,0,0,0,,,,0,,,,,,0,0,0,,,,2,0.0,0.0,0.0,0.0,1.0,0,0,2,0.0,0.0,1.0
2008-05-19,4,0.038275,0.0,0.0625,0.0485,0.889,1,0,3,0.25,0.0,0.75,0,,,,,,0,0,0,,,,0,,,,,,0,0,0,,,,4,0.038275,0.0,0.0625,0.0485,0.889,1,0,3,0.25,0.0,0.75
2008-05-21,5,-0.07966000000000001,0.0,0.0688,0.0908,0.8402000000000001,1,2,2,0.2,0.4,0.4,0,,,,,,0,0,0,,,,0,,,,,,0,0,0,,,,5,-0.07966000000000001,0.0,0.0688,0.0908,0.8402000000000001,1,2,2,0.2,0.4,0.4
2008-05-22,8,-0.019237499999999998,0.0,0.03575,0.04875,0.9155,1,1,6,0.125,0.125,0.75,2,-0.24695,-0.24695,0.0,0.195,0.8049999999999999,0,1,1,0.0,0.5,0.5,0,,,,,,0,0,0,,,,6,0.05666666666666667,0.0,0.04766666666666666,0.0,0.9523333333333334,1,0,5,0.16666666666666666,0.0,0.8333333333333334
2008-05-23,1,0.5719,0.5719,0.381,0.0,0.619,1,0,0,1.0,0.0,0.0,0,,,,,,0,0,0,,,,1,0.5719,0.5719,0.381,0.0,0.619,1,0,0,1.0,0.0,0.0,0,,,,,,0,0,0,,,
2008-05-24,3,-0.33053333333333335,-0.2732,0.0,0.24366666666666667,0.7563333333333334,0,2,1,0.0,0.6666666666666666,0.3333333333333333,1,-0.7184,-0.7184,0.0,0.5,0.5,0,1,0,0.0,1.0,0.0,0,,,,,,0,0,0,,,,2,-0.1366,-0.1366,0.0,0.1155,0.8845000000000001,0,1,1,0.0,0.5,0.5
2008-05-25,5,-0.13964,0.0,0.05,0.13820000000000002,0.8118000000000001,1,2,2,0.2,0.4,0.4,0,,,,,,0,0,0,,,,0,,,,,,0,0,0,,,,5,-0.13964,0.0,0.05,0.13820000000000002,0.8118000000000001,1,2,2,0.2,0.4,0.4
2008-05-26,7,-0.10519999999999999,0.0,0.0,0.09614285714285715,0.9038571428571428,0,2,5,0.0,0.2857142857142857,0.7142857142857143,0,,,,,,0,0,0,,,,0,,,,,,0,0,0,,,,7,-0.10519999999999999,0.0,0.0,0.09614285714285715,0.9038571428571428,0,2,5,0.0,0.2857142857142857,0.7142857142857143
2008-05-27,2,0.26385,0.26385,0.234,0.0,0.766,1,0,1,0.5,0.0,0.5,0,,,,,,0,0,0,,,,0,,,,,,0,0,0,,,,2,0.26385,0.26385,0.234,0.0,0.766,1,0,1,0.5,0.0,0.5
2008-05-28,7,-0.14515714285714285,0.0,0.0,0.12928571428571428,0.8707142857142858,0,3,4,0.0,0.42857142857142855,0.5714285714285714,0,,,,,,0,0,0,,,,1,0.0,0.0,0.0,0.0,1.0,0,0,1,0.0,0.0,1.0,6,-0.16935,-0.148,0.0,0.15083333333333335,0.8491666666666667,0,3,3,0.0,0.5,0.5
2008-05-29,7,-0.0508,0.0,0.161,0.18328571428571427,0.6557142857142857,2,3,2,0.2857142857142857,0.42857142857142855,0.2857142857142857,1,0.0,0.0,0.0,0.0,1.0,0,0,1,0.0,0.0,1.0,0,,,,,,0,0,0,,,,6,-0.05926666666666666,-0.20095,0.18783333333333332,0.21383333333333332,0.5983333333333333,2,3,1,0.3333333333333333,0.5,0.16666666666666666
2008-05-30,3,-0.24223333333333333,-0.25,0.0,0.209,0.791,0,2,1,0.0,0.6666666666666666,0.3333333333333333,0,,,,,,0,0,0,,,,0,,,,,,0,0,0,,,,3,-0.24223333333333333,-0.25,0.0,0.209,0.791,0,2,1,0.0,0.6666666666666666,0.3333333333333333
2008-05-31,1,-0.1779,-0.1779,0.224,0.306,0.471,0,1,0,0.0,1.0,0.0,0,,,,,,0,0,0,,,,0,,,,,,0,0,0,,,,1,-0.1779,-0.1779,0.224,0.306,0.471,0,1,0,0.0,1.0,0.0
2008-06-02,5,-0.03454,0.0,0.055600000000000004,0.097,0.8474,1,2,2,0.2,0.4,0.4,0,,,,,,0,0,0,,,,0,,,,,,0,0,0,,,,5,-0.03454,0.0,0.055600000000000004,0.097,0.8474,1,2,2,0.2,0.4,0.4
2008-06-03,1,-0.4767,-0.4767,0.0,0.383,0.617,0,1,0,0.0,1.0,0.0,0,,,,,,0,0,0,,,,0,,,,,,0,0,0,,,,1,-0.4767,-0.4767,0.0,0.383,0.617,0,1,0,0.0,1.0,0.0
2008-06-04,2,0.0,0.0,0.0,0.0,1.0,0,0,2,0.0,0.0,1.0,0,,,,,,0,0,0,,,,0,,,,,,0,0,0,,,,2,0.0,0.0,0.0,0.0,1.0,0,0,2,0.0,0.0,1.0
2008-06-06,1,0.2732,0.2732,0.259,0.0,0.741,1,0,0,1.0,0.0,0.0,1,0.2732,0.2732,0.259,0.0,0.741,1,0,0,1.0,0.0,0.0,0,,,,,,0,0,0,,,,0,,,,,,0,0,0,,,
2008-06-07,8,-0.03055,0.0,0.026,0.0655,0.9085,1,2,5,0.125,0.25,0.625,5,-0.04888,0.0,0.0416,0.1048,0.8535999999999999,1,2,2,0.2,0.4,0.4,0,,,,,,0,0,0,,,,3,0.0,0.0,0.0,0.0,1.0,0,0,3,0.0,0.0,1.0
2008-06-08,3,0.21230000000000002,0.0,0.15466666666666667,0.0,0.8453333333333334,1,0,2,0.3333333333333333,0.0,0.6666666666666666,0,,,,,,0,0,0,,,,2,0.31845,0.31845,0.232,0.0,0.768,1,0,1,0.5,0.0,0.5,2,0.31845,0.31845,0.232,0.0,0.768,1,0,1,0.5,0.0,0.5
2008-06-09,7,0.02618571428571428,0.0,0.11028571428571429,0.11014285714285714,0.7795714285714286,2,1,4,0.2857142857142857,0.14285714285714285,0.5714285714285714,2,0.05295,0.05295,0.139,0.153,0.708,1,1,0,0.5,0.5,0.0,1,0.0,0.0,0.0,0.0,1.0,0,0,1,0.0,0.0,1.0,5,0.09585999999999999,0.0258,0.1544,0.093,0.7525999999999999,2,0,3,0.4,0.0,0.6
2008-06-10,6,-0.0734,0.0,0.051666666666666666,0.10049999999999999,0.8478333333333333,1,2,3,0.16666666666666666,0.3333333333333333,0.5,3,-0.13396666666666665,0.0,0.0,0.10333333333333333,0.8966666666666666,0,1,2,0.0,0.3333333333333333,0.6666666666666666,1,0.0,0.0,0.0,0.0,1.0,0,0,1,0.0,0.0,1.0,3,-0.012833333333333344,0.0,0.10333333333333333,0.09766666666666667,0.7989999999999999,1,1,1,0.3333333333333333,0.3333333333333333,0.3333333333333333
2008-06-11,2,0.148,0.148,0.134,0.0,0.866,1,0,1,0.5,0.0,0.5,0,,,,,,0,0,0,,,,0,,,,,,0,0,0,,,,2,0.148,0.148,0.134,0.0,0.866,1,0,1,0.5,0.0,0.5
2008-06-12,3,-0.21989999999999998,0.0,0.0,0.17466666666666666,0.8253333333333334,0,1,2,0.0,0.3333333333333333,0.6666666666666666,0,,,,,,0,0,0,,,,0,,,,,,0,0,0,,,,3,-0.21989999999999998,0.0,0.0,0.17466666666666666,0.8253333333333334,0,1,2,0.0,0.3333333333333333,0.6666666666666666
2008-06-13,2,0.23815,0.23815,0.262,0.1085,0.6295,2,0,0,1.0,0.0,0.0,0,,,,,,0,0,0,,,,0,,,,,,0,0,0,,,,2,0.23815,0.23815,0.262,0.1085,0.6295,2,0,0,1.0,0.0,0.0
2008-06-14,4,0.06962499999999999,0.1591,0.15425,0.0795,0.76625,2,1,1,0.5,0.25,0.25,2,-0.019850000000000007,-0.019850000000000007,0.151,0.159,0.69,1,1,0,0.5,0.5,0.0,1,0.3182,0.3182,0.315,0.0,0.685,1,0,0,1.0,0.0,0.0,1,0.0,0.0,0.0,0.0,1.0,0,0,1,0.0,0.0,1.0
2008-06-15,4,-0.15107500000000001,-0.148,0.046,0.18075,0.77325,1,2,1,0.25,0.5,0.25,1,0.0,0.0,0.0,0.0,1.0,0,0,1,0.0,0.0,1.0,1,0.2023,0.2023,0.184,0.0,0.816,1,0,0,1.0,0.0,0.0,2,-0.4033,-0.4033,0.0,0.3615,0.6385,0,2,0,0.0,1.0,0.0
2008-06-16,8,-0.08635,0.0,0.0,0.066625,0.9333750000000001,0,1,7,0.0,0.125,0.875,4,0.0,0.0,0.0,0.0,1.0,0,0,4,0.0,0.0,1.0,4,-0.1727,0.0,0.0,0.13325,0.86675,0,1,3,0.0,0.25,0.75,1,0.0,0.0,0.0,0.0,1.0,0,0,1,0.0,0.0,1.0
2008-06-17,1,-0.296,-0.296,0.0,0.196,0.804,0,1,0,0.0,1.0,0.0,1,-0.296,-0.296,0.0,0.196,0.804,0,1,0,0.0,1.0,0.0,1,-0.296,-0.296,0.0,0.196,0.804,0,1,0,0.0,1.0,0.0,0,,,,,,0,0,0,,,
2008-06-18,3,0.0,0.0,0.0,0.0,1.0,0,0,3,0.0,0.0,1.0,0,,,,,,0,0,0,,,,1,0.0,0.0,0.0,0.0,1.0,0,0,1,0.0,0.0,1.0,2,0.0,0.0,0.0,0.0,1.0,0,0,2,0.0,0.0,1.0
2008-06-19,7,-0.06674285714285713,0.0,0.06828571428571428,0.09999999999999999,0.8317142857142857,2,2,3,0.2857142857142857,0.2857142857142857,0.42857142857142855,0,,,,,,0,0,0,,,,1,0.0,0.0,0.0,0.0,1.0,0,0,1,0.0,0.0,1.0,6,-0.07786666666666665,0.0,0.07966666666666666,0.11666666666666665,0.8036666666666666,2,2,2,0.3333333333333333,0.3333333333333333,0.3333333333333333
2008-06-20,1,0.0,0.0,0.0,0.0,1.0,0,0,1,0.0,0.0,1.0,0,,,,,,0,0,0,,,,1,0.0,0.0,0.0,0.0,1.0,0,0,1,0.0,0.0,1.0,0,,,,,,0,0,0,,,
2008-06-21,1,0.0772,0.0772,0.361,0.338,0.301,1,0,0,1.0,0.0,0.0,1,0.0772,0.0772,0.361,0.338,0.301,1,0,0,1.0,0.0,0.0,0,,,,,,0,0,0,,,,0,,,,,,0,0,0,,,
2008-06-22,6,-0.056066666666666674,0.0,0.08316666666666667,0.13516666666666666,0.7816666666666666,2,2,2,0.3333333333333333,0.3333333333333333,0.3333333333333333,1,0.0,0.0,0.0,0.0,1.0,0,0,1,0.0,0.0,1.0,4,-0.010100000000000012,0.0258,0.12475,0.14875,0.7264999999999999,2,1,1,0.5,0.25,0.25,1,-0.296,-0.296,0.0,0.216,0.784,0,1,0,0.0,1.0,0.0
2008-06-23,3,0.1468,0.0,0.146,0.0,0.8540000000000001,1,0,2,0.3333333333333333,0.0,0.6666666666666666,0,,,,,,0,0,0,,,,2,0.2202,0.2202,0.219,0.0,0.781,1,0,1,0.5,0.0,0.5,1,0.0,0.0,0.0,0.0,1.0,0,0,1,0.0,0.0,1.0
2008-06-24,3,-0.2094,-0.2263,0.0,0.16433333333333333,0.8356666666666667,0,2,1,0.0,0.6666666666666666,0.3333333333333333,1,0.0,0.0,0.0,0.0,1.0,0,0,1,0.0,0.0,1.0,1,0.0,0.0,0.0,0.0,1.0,0,0,1,0.0,0.0,1.0,2,-0.3141,-0.3141,0.0,0.2465,0.7535000000000001,0,2,0,0.0,1.0,0.0
2008-06-25,3,-0.15246666666666664,0.0,0.102,0.218,0.68,1,1,1,0.3333333333333333,0.3333333333333333,0.3333333333333333,0,,,,,,0,0,0,,,,0,,,,,,0,0,0,,,,3,-0.15246666666666664,0.0,0.102,0.218,0.68,1,1,1,0.3333333333333333,0.3333333333333333,0.3333333333333333
2008-06-26,1,-0.4767,-0.4767,0.0,0.307,0.693,0,1,0,0.0,1.0,0.0,0,,,,,,0,0,0,,,,0,,,,,,0,0,0,,,,1,-0.4767,-0.4767,0.0,0.307,0.693,0,1,0,0.0,1.0,0.0
2008-06-27,2,0.0,0.0,0.0,0.0,1.0,0,0,2,0.0,0.0,1.0,1,0.0,0.0,0.0,0.0,1.0,0,0,1,0.0,0.0,1.0,0,,,,,,0,0,0,,,,1,0.0,0.0,0.0,0.0,1.0,0,0,1,0.0,0.0,1.0
2008-06-28,3,0.0,0.0,0.0,0.0,1.0,0,0,3,0.0,0.0,1.0,2,0.0,0.0,0.0,0.0,1.0,0,0,2,0.0,0.0,1.0,0,,,,,,0,0,0,,,,1,0.0,0.0,0.0,0.0,1.0,0,0,1,0.0,0.0,1.0
2008-06-30,1,0.6369,0.6369,0.457,0.0,0.543,1,0,0,1.0,0.0,0.0,1,0.6369,0.6369,0.457,0.0,0.543,1,0,0,1.0,0.0,0.0,0,,,,,,0,0,0,,,,0,,,,,,0,0,0,,,
2008-07-01,1,-0.6908,-0.6908,0.0,0.588,0.412,0,1,0,0.0,1.0,0.0,0,,,,,,0,0,0,,,,0,,,,,,0,0,0,,,,1,-0.6908,-0.6908,0.0,0.588,0.412,0,1,0,0.0,1.0,0.0
2008-07-03,1,0.0,0.0,0.0,0.0,1.0,0,0,1,0.0,0.0,1.0,0,,,,,,0,0,0,,,,1,0.0,0.0,0.0,0.0,1.0,0,0,1,0.0,0.0,1.0,0,,,,,,0,0,0,,,
2008-07-04,1,0.0,0.0,0.0,0.0,1.0,0,0,1,0.0,0.0,1.0,0,,,,,,0,0,0,,,,0,,,,,,0,0,0,,,,1,0.0,0.0,0.0,0.0,1.0,0,0,1,0.0,0.0,1.0
2008-07-08,2,-0.20095,-0.20095,0.0,0.1755,0.8245,0,1,1,0.0,0.5,0.5,0,,,,,,0,0,0,,,,0,,,,,,0,0,0,,,,2,-0.20095,-0.20095,0.0,0.1755,0.8245,0,1,1,0.0,0.5,0.5
2008-07-09,2,0.0,0.0,0.0,0.0,1.0,0,0,2,0.0,0.0,1.0,1,0.0,0.0,0.0,0.0,1.0,0,0,1,0.0,0.0,1.0,0,,,,,,0,0,0,,,,1,0.0,0.0,0.0,0.0,1.0,0,0,1,0.0,0.0,1.0
2008-07-10,1,-0.296,-0.296,0.0,0.306,0.694,0,1,0,0.0,1.0,0.0,0,,,,,,0,0,0,,,,0,,,,,,0,0,0,,,,1,-0.296,-0.296,0.0,0.306,0.694,0,1,0,0.0,1.0,0.0
2008-07-11,4,0.027550000000000005,0.0258,0.10300000000000001,0.0755,0.8215,2,1,1,0.5,0.25,0.25,1,0.4404,0.4404,0.266,0.0,0.734,1,0,0,1.0,0.0,0.0,0,,,,,,0,0,0,,,,3,-0.11006666666666666,0.0,0.048666666666666664,0.10066666666666667,0.8506666666666667,1,1,1,0.3333333333333333,0.3333333333333333,0.3333333333333333
2008-07-12,2,-0.05165,-0.05165,0.1825,0.143,0.6745,1,1,0,0.5,0.5,0.0,2,-0.05165,-0.05165,0.1825,0.143,0.6745,1,1,0,0.5,0.5,0.0,0,,,,,,0,0,0,,,,0,,,,,,0,0,0,,,
2008-07-14,1,-0.4939,-0.4939,0.0,0.583,0.417,0,1,0,0.0,1.0,0.0,0,,,,,,0,0,0,,,,1,-0.4939,-0.4939,0.0,0.583,0.417,0,1,0,0.0,1.0,0.0,0,,,,,,0,0,0,,,
2008-07-16,2,-0.1366,-0.1366,0.0,0.148,0.852,0,1,1,0.0,0.5,0.5,0,,,,,,0,0,0,,,,0,,,,,,0,0,0,,,,2,-0.1366,-0.1366,0.0,0.148,0.852,0,1,1,0.0,0.5,0.5
2008-07-18,2,-0.3499,-0.3499,0.0,0.34199999999999997,0.658,0,2,0,0.0,1.0,0.0,1,-0.5859,-0.5859,0.0,0.49,0.51,0,1,0,0.0,1.0,0.0,1,-0.1139,-0.1139,0.0,0.194,0.806,0,1,0,0.0,1.0,0.0,0,,,,,,0,0,0,,,
2008-07-19,1,-0.296,-0.296,0.0,0.355,0.645,0,1,0,0.0,1.0,0.0,0,,,,,,0,0,0,,,,0,,,,,,0,0,0,,,,1,-0.296,-0.296,0.0,0.355,0.645,0,1,0,0.0,1.0,0.0
2008-07-21,4,-0.079925,-0.125,0.06025,0.12225,0.8175,1,2,1,0.25,0.5,0.25,0,,,,,,0,0,0,,,,1,-0.25,-0.25,0.0,0.25,0.75,0,1,0,0.0,1.0,0.0,3,-0.023233333333333328,0.0,0.08033333333333333,0.07966666666666666,0.84,1,1,1,0.3333333333333333,0.3333333333333333,0.3333333333333333
2008-07-22,2,-0.148,-0.148,0.0,0.134,0.866,0,1,1,0.0,0.5,0.5,0,,,,,,0,0,0,,,,1,0.0,0.0,0.0,0.0,1.0,0,0,1,0.0,0.0,1.0,1,-0.296,-0.296,0.0,0.268,0.732,0,1,0,0.0,1.0,0.0
2008-07-23,2,0.0,0.0,0.0,0.0,1.0,0,0,2,0.0,0.0,1.0,1,0.0,0.0,0.0,0.0,1.0,0,0,1,0.0,0.0,1.0,0,,,,,,0,0,0,,,,1,0.0,0.0,0.0,0.0,1.0,0,0,1,0.0,0.0,1.0
2008-07-24,1,-0.4404,-0.4404,0.0,0.565,0.435,0,1,0,0.0,1.0,0.0,1,-0.4404,-0.4404,0.0,0.565,0.435,0,1,0,0.0,1.0,0.0,0,,,,,,0,0,0,,,,0,,,,,,0,0,0,,,
2008-07-25,2,-0.24695,-0.24695,0.0,0.195,0.8049999999999999,0,1,1,0.0,0.5,0.5,0,,,,,,0,0,0,,,,0,,,,,,0,0,0,,,,2,-0.24695,-0.24695,0.0,0.195,0.8049999999999999,0,1,1,0.0,0.5,0.5
2008-07-27,1,0.4215,0.4215,0.286,0.0,0.714,1,0,0,1.0,0.0,0.0,0,,,,,,0,0,0,,,,1,0.4215,0.4215,0.286,0.0,0.714,1,0,0,1.0,0.0,0.0,0,,,,,,0,0,0,,,
2008-07-28,3,-0.1897333333333333,-0.2732,0.0,0.18800000000000003,0.8119999999999999,0,2,1,0.0,0.6666666666666666,0.3333333333333333,0,,,,,,0,0,0,,,,0,,,,,,0,0,0,,,,3,-0.1897333333333333,-0.2732,0.0,0.18800000000000003,0.8119999999999999,0,2,1,0.0,0.6666666666666666,0.3333333333333333
2008-07-29,1,0.4019,0.4019,0.31,0.0,0.69,1,0,0,1.0,0.0,0.0,0,,,,,,0,0,0,,,,0,,,,,,0,0,0,,,,1,0.4019,0.4019,0.31,0.0,0.69,1,0,0,1.0,0.0,0.0
2008-07-30,2,-0.26335,-0.26335,0.0,0.2025,0.7975,0,1,1,0.0,0.5,0.5,1,0.0,0.0,0.0,0.0,1.0,0,0,1,0.0,0.0,1.0,0,,,,,,0,0,0,,,,1,-0.5267,-0.5267,0.0,0.405,0.595,0,1,0,0.0,1.0,0.0
2008-07-31,2,0.19324999999999998,0.19324999999999998,0.2595,0.148,0.5925,1,1,0,0.5,0.5,0.0,1,0.6597,0.6597,0.519,0.0,0.481,1,0,0,1.0,0.0,0.0,0,,,,,,0,0,0,,,,1,-0.2732,-0.2732,0.0,0.296,0.704,0,1,0,0.0,1.0,0.0
2008-08-02,2,-0.05135,-0.05135,0.0,0.0945,0.9055,0,1,1,0.0,0.5,0.5,0,,,,,,0,0,0,,,,0,,,,,,0,0,0,,,,2,-0.05135,-0.05135,0.0,0.0945,0.9055,0,1,1,0.0,0.5,0.5
2008-08-04,2,0.10285,0.10285,0.0925,0.0,0.9075,1,0,1,0.5,0.0,0.5,0,,,,,,0,0,0,,,,0,,,,,,0,0,0,,,,2,0.10285,0.10285,0.0925,0.0,0.9075,1,0,1,0.5,0.0,0.5
2008-08-05,2,-0.16094999999999998,-0.16094999999999998,0.111,0.2405,0.6485000000000001,1,1,0,0.5,0.5,0.0,0,,,,,,0,0,0,,,,0,,,,,,0,0,0,,,,2,-0.16094999999999998,-0.16094999999999998,0.111,0.2405,0.6485000000000001,1,1,0,0.5,0.5,0.0
2008-08-07,2,0.0,0.0,0.0,0.0,1.0,0,0,2,0.0,0.0,1.0,0,,,,,,0,0,0,,,,0,,,,,,0,0,0,,,,2,0.0,0.0,0.0,0.0,1.0,0,0,2,0.0,0.0,1.0
2008-08-08,2,-0.51535,-0.51535,0.1,0.4665,0.4335,0,2,0,0.0,1.0,0.0,1,-0.5719,-0.5719,0.0,0.533,0.467,0,1,0,0.0,1.0,0.0,0,,,,,,0,0,0,,,,1,-0.4588,-0.4588,0.2,0.4,0.4,0,1,0,0.0,1.0,0.0
2008-08-09,1,0.0258,0.0258,0.214,0.204,0.583,0,0,1,0.0,0.0,1.0,1,0.0258,0.0258,0.214,0.204,0.583,0,0,1,0.0,0.0,1.0,0,,,,,,0,0,0,,,,0,,,,,,0,0,0,,,
2008-08-10,1,-0.5719,-0.5719,0.0,0.439,0.561,0,1,0,0.0,1.0,0.0,1,-0.5719,-0.5719,0.0,0.439,0.561,0,1,0,0.0,1.0,0.0,0,,,,,,0,0,0,,,,0,,,,,,0,0,0,,,
2008-08-11,2,-0.23654999999999998,-0.23654999999999998,0.0,0.2585,0.7415,0,2,0,0.0,1.0,0.0,1,-0.4215,-0.4215,0.0,0.286,0.714,0,1,0,0.0,1.0,0.0,0,,,,,,0,0,0,,,,2,-0.23654999999999998,-0.23654999999999998,0.0,0.2585,0.7415,0,2,0,0.0,1.0,0.0
2008-08-12,1,0.0,0.0,0.0,0.0,1.0,0,0,1,0.0,0.0,1.0,0,,,,,,0,0,0,,,,1,0.0,0.0,0.0,0.0,1.0,0,0,1,0.0,0.0,1.0,0,,,,,,0,0,0,,,
2008-08-14,1,-0.2732,-0.2732,0.0,0.231,0.769,0,1,0,0.0,1.0,0.0,0,,,,,,0,0,0,,,,0,,,,,,0,0,0,,,,1,-0.2732,-0.2732,0.0,0.231,0.769,0,1,0,0.0,1.0,0.0
2008-08-20,2,0.0,0.0,0.0,0.0,1.0,0,0,2,0.0,0.0,1.0,0,,,,,,0,0,0,,,,0,,,,,,0,0,0,,,,2,0.0,0.0,0.0,0.0,1.0,0,0,2,0.0,0.0,1.0
2008-08-21,1,0.0,0.0,0.0,0.0,1.0,0,0,1,0.0,0.0,1.0,0,,,,,,0,0,0,,,,1,0.0,0.0,0.0,0.0,1.0,0,0,1,0.0,0.0,1.0,0,,,,,,0,0,0,,,
2008-08-23,1,0.0,0.0,0.0,0.0,1.0,0,0,1,0.0,0.0,1.0,0,,,,,,0,0,0,,,,0,,,,,,0,0,0,,,,1,0.0,0.0,0.0,0.0,1.0,0,0,1,0.0,0.0,1.0
2008-08-24,2,-0.2787,-0.2787,0.0,0.143,0.857,0,1,1,0.0,0.5,0.5,0,,,,,,0,0,0,,,,2,-0.2787,-0.2787,0.0,0.143,0.857,0,1,1,0.0,0.5,0.5,0,,,,,,0,0,0,,,
2008-08-25,2,-0.33005,-0.33005,0.0,0.21749999999999997,0.7825,0,2,0,0.0,1.0,0.0,0,,,,,,0,0,0,,,,1,-0.5574,-0.5574,0.0,0.286,0.714,0,1,0,0.0,1.0,0.0,1,-0.1027,-0.1027,0.0,0.149,0.851,0,1,0,0.0,1.0,0.0
2008-08-26,1,0.4404,0.4404,0.326,0.0,0.674,1,0,0,1.0,0.0,0.0,0,,,,,,0,0,0,,,,0,,,,,,0,0,0,,,,1,0.4404,0.4404,0.326,0.0,0.674,1,0,0,1.0,0.0,0.0
2008-08-27,1,0.0,0.0,0.0,0.0,1.0,0,0,1,0.0,0.0,1.0,0,,,,,,0,0,0,,,,0,,,,,,0,0,0,,,,1,0.0,0.0,0.0,0.0,1.0,0,0,1,0.0,0.0,1.0
2008-09-01,1,-0.3182,-0.3182,0.0,0.277,0.723,0,1,0,0.0,1.0,0.0,0,,,,,,0,0,0,,,,0,,,,,,0,0,0,,,,1,-0.3182,-0.3182,0.0,0.277,0.723,0,1,0,0.0,1.0,0.0
2008-09-04,1,0.0,0.0,0.0,0.0,1.0,0,0,1,0.0,0.0,1.0,0,,,,,,0,0,0,,,,0,,,,,,0,0,0,,,,1,0.0,0.0,0.0,0.0,1.0,0,0,1,0.0,0.0,1.0
2008-09-09,2,0.1366,0.1366,0.1155,0.0,0.8845000000000001,1,0,1,0.5,0.0,0.5,2,0.1366,0.1366,0.1155,0.0,0.8845000000000001,1,0,1,0.5,0.0,0.5,2,0.1366,0.1366,0.1155,0.0,0.8845000000000001,1,0,1,0.5,0.0,0.5,0,,,,,,0,0,0,,,
2008-09-10,2,-0.1108,-0.1108,0.137,0.297,0.5660000000000001,1,1,0,0.5,0.5,0.0,1,0.0516,0.0516,0.274,0.25,0.476,1,0,0,1.0,0.0,0.0,2,-0.1108,-0.1108,0.137,0.297,0.5660000000000001,1,1,0,0.5,0.5,0.0,0,,,,,,0,0,0,,,
2008-09-14,1,-0.5994,-0.5994,0.0,0.394,0.606,0,1,0,0.0,1.0,0.0,0,,,,,,0,0,0,,,,1,-0.5994,-0.5994,0.0,0.394,0.606,0,1,0,0.0,1.0,0.0,0,,,,,,0,0,0,,,
2008-09-16,2,0.0,0.0,0.0,0.0,1.0,0,0,2,0.0,0.0,1.0,1,0.0,0.0,0.0,0.0,1.0,0,0,1,0.0,0.0,1.0,1,0.0,0.0,0.0,0.0,1.0,0,0,1,0.0,0.0,1.0,0,,,,,,0,0,0,,,
2008-09-17,4,-0.321275,-0.2873,0.0,0.30025,0.69975,0,4,0,0.0,1.0,0.0,0,,,,,,0,0,0,,,,1,-0.5574,-0.5574,0.0,0.474,0.526,0,1,0,0.0,1.0,0.0,3,-0.24256666666666668,-0.1531,0.0,0.24233333333333332,0.7576666666666667,0,3,0,0.0,1.0,0.0
2008-09-23,3,-0.2974666666666667,-0.3818,0.05933333333333333,0.21133333333333335,0.7293333333333334,0,2,1,0.0,0.6666666666666666,0.3333333333333333,3,-0.2974666666666667,-0.3818,0.05933333333333333,0.21133333333333335,0.7293333333333334,0,2,1,0.0,0.6666666666666666,0.3333333333333333,0,,,,,,0,0,0,,,,0,,,,,,0,0,0,,,
2008-10-01,1,0.0,0.0,0.0,0.0,1.0,0,0,1,0.0,0.0,1.0,0,,,,,,0,0,0,,,,0,,,,,,0,0,0,,,,1,0.0,0.0,0.0,0.0,1.0,0,0,1,0.0,0.0,1.0
2008-10-04,1,0.0,0.0,0.0,0.0,1.0,0,0,1,0.0,0.0,1.0,0,,,,,,0,0,0,,,,0,,,,,,0,0,0,,,,1,0.0,0.0,0.0,0.0,1.0,0,0,1,0.0,0.0,1.0
2008-10-08,2,-0.1366,-0.1366,0.0,0.1295,0.8705,0,1,1,0.0,0.5,0.5,0,,,,,,0,0,0,,,,0,,,,,,0,0,0,,,,2,-0.1366,-0.1366,0.0,0.1295,0.8705,0,1,1,0.0,0.5,0.5
2008-10-09,1,-0.6486,-0.6486,0.0,0.469,0.531,0,1,0,0.0,1.0,0.0,0,,,,,,0,0,0,,,,0,,,,,,0,0,0,,,,1,-0.6486,-0.6486,0.0,0.469,0.531,0,1,0,0.0,1.0,0.0
2008-10-18,1,0.0,0.0,0.0,0.0,1.0,0,0,1,0.0,0.0,1.0,1,0.0,0.0,0.0,0.0,1.0,0,0,1,0.0,0.0,1.0,0,,,,,,0,0,0,,,,0,,,,,,0,0,0,,,
2008-10-20,1,0.0,0.0,0.0,0.0,1.0,0,0,1,0.0,0.0,1.0,0,,,,,,0,0,0,,,,1,0.0,0.0,0.0,0.0,1.0,0,0,1,0.0,0.0,1.0,0,,,,,,0,0,0,,,
2008-10-23,1,-0.2732,-0.2732,0.0,0.344,0.656,0,1,0,0.0,1.0,0.0,0,,,,,,0,0,0,,,,0,,,,,,0,0,0,,,,1,-0.2732,-0.2732,0.0,0.344,0.656,0,1,0,0.0,1.0,0.0
2008-10-24,3,-0.13286666666666666,0.0,0.09399999999999999,0.24733333333333332,0.6586666666666666,1,1,1,0.3333333333333333,0.3333333333333333,0.3333333333333333,1,0.0,0.0,0.0,0.0,1.0,0,0,1,0.0,0.0,1.0,2,-0.1993,-0.1993,0.141,0.371,0.488,1,1,0,0.5,0.5,0.0,0,,,,,,0,0,0,,,
2008-10-25,2,-0.39994999999999997,-0.39994999999999997,0.0,0.4695,0.5305,0,2,0,0.0,1.0,0.0,0,,,,,,0,0,0,,,,2,-0.39994999999999997,-0.39994999999999997,0.0,0.4695,0.5305,0,2,0,0.0,1.0,0.0,0,,,,,,0,0,0,,,
2008-10-28,1,0.0,0.0,0.0,0.0,1.0,0,0,1,0.0,0.0,1.0,0,,,,,,0,0,0,,,,0,,,,,,0,0,0,,,,1,0.0,0.0,0.0,0.0,1.0,0,0,1,0.0,0.0,1.0
2008-10-30,1,-0.2732,-0.2732,0.0,0.231,0.769,0,1,0,0.0,1.0,0.0,0,,,,,,0,0,0,,,,0,,,,,,0,0,0,,,,1,-0.2732,-0.2732,0.0,0.231,0.769,0,1,0,0.0,1.0,0.0
2008-10-31,3,-0.1772,0.0,0.10033333333333333,0.22266666666666665,0.6773333333333333,0,1,2,0.0,0.3333333333333333,0.6666666666666666,1,-0.5574,-0.5574,0.0,0.375,0.625,0,1,0,0.0,1.0,0.0,1,0.0258,0.0258,0.301,0.293,0.407,0,0,1,0.0,0.0,1.0,1,0.0,0.0,0.0,0.0,1.0,0,0,1,0.0,0.0,1.0
2008-11-01,1,0.0,0.0,0.0,0.0,1.0,0,0,1,0.0,0.0,1.0,1,0.0,0.0,0.0,0.0,1.0,0,0,1,0.0,0.0,1.0,0,,,,,,0,0,0,,,,0,,,,,,0,0,0,,,
2008-11-03,1,-0.2732,-0.2732,0.0,0.259,0.741,0,1,0,0.0,1.0,0.0,0,,,,,,0,0,0,,,,0,,,,,,0,0,0,,,,1,-0.2732,-0.2732,0.0,0.259,0.741,0,1,0,0.0,1.0,0.0
2008-11-04,3,-0.09106666666666667,0.0,0.0,0.13733333333333334,0.8626666666666667,0,1,2,0.0,0.3333333333333333,0.6666666666666666,0,,,,,,0,0,0,,,,0,,,,,,0,0,0,,,,3,-0.09106666666666667,0.0,0.0,0.13733333333333334,0.8626666666666667,0,1,2,0.0,0.3333333333333333,0.6666666666666666
2008-11-06,1,-0.4003,-0.4003,0.0,0.425,0.575,0,1,0,0.0,1.0,0.0,0,,,,,,0,0,0,,,,0,,,,,,0,0,0,,,,1,-0.4003,-0.4003,0.0,0.425,0.575,0,1,0,0.0,1.0,0.0
2008-11-11,5,-0.0951,0.0,0.0,0.13079999999999997,0.8692,0,2,3,0.0,0.4,0.6,0,,,,,,0,0,0,,,,1,0.0,0.0,0.0,0.0,1.0,0,0,1,0.0,0.0,1.0,4,-0.11887500000000001,-0.10115,0.0,0.16349999999999998,0.8365,0,2,2,0.0,0.5,0.5
2008-11-13,2,0.0,0.0,0.0,0.0,1.0,0,0,2,0.0,0.0,1.0,0,,,,,,0,0,0,,,,0,,,,,,0,0,0,,,,2,0.0,0.0,0.0,0.0,1.0,0,0,2,0.0,0.0,1.0
2008-11-18,1,0.0,0.0,0.0,0.0,1.0,0,0,1,0.0,0.0,1.0,0,,,,,,0,0,0,,,,1,0.0,0.0,0.0,0.0,1.0,0,0,1,0.0,0.0,1.0,0,,,,,,0,0,0,,,
2008-11-20,1,-0.128,-0.128,0.0,0.2,0.8,0,1,0,0.0,1.0,0.0,0,,,,,,0,0,0,,,,1,-0.128,-0.128,0.0,0.2,0.8,0,1,0,0.0,1.0,0.0,0,,,,,,0,0,0,,,
2008-11-25,1,-0.2732,-0.2732,0.0,0.231,0.769,0,1,0,0.0,1.0,0.0,0,,,,,,0,0,0,,,,0,,,,,,0,0,0,,,,1,-0.2732,-0.2732,0.0,0.231,0.769,0,1,0,0.0,1.0,0.0
2008-11-26,1,0.0,0.0,0.0,0.0,1.0,0,0,1,0.0,0.0,1.0,0,,,,,,0,0,0,,,,0,,,,,,0,0,0,,,,1,0.0,0.0,0.0,0.0,1.0,0,0,1,0.0,0.0,1.0
2008-11-27,1,0.0,0.0,0.0,0.0,1.0,0,0,1,0.0,0.0,1.0,0,,,,,,0,0,0,,,,0,,,,,,0,0,0,,,,1,0.0,0.0,0.0,0.0,1.0,0,0,1,0.0,0.0,1.0
2008-11-29,2,-0.09620000000000004,-0.09620000000000004,0.1385,0.2085,0.653,1,1,0,0.5,0.5,0.0,0,,,,,,0,0,0,,,,2,-0.09620000000000004,-0.09620000000000004,0.1385,0.2085,0.653,1,1,0,0.5,0.5,0.0,0,,,,,,0,0,0,,,
2008-11-30,1,-0.4215,-0.4215,0.0,0.359,0.641,0,1,0,0.0,1.0,0.0,1,-0.4215,-0.4215,0.0,0.359,0.641,0,1,0,0.0,1.0,0.0,1,-0.4215,-0.4215,0.0,0.359,0.641,0,1,0,0.0,1.0,0.0,0,,,,,,0,0,0,,,
2008-12-02,2,0.0,0.0,0.0,0.0,1.0,0,0,2,0.0,0.0,1.0,0,,,,,,0,0,0,,,,0,,,,,,0,0,0,,,,2,0.0,0.0,0.0,0.0,1.0,0,0,2,0.0,0.0,1.0
2008-12-03,1,0.25,0.25,0.308,0.212,0.481,1,0,0,1.0,0.0,0.0,0,,,,,,0,0,0,,,,0,,,,,,0,0,0,,,,1,0.25,0.25,0.308,0.212,0.481,1,0,0,1.0,0.0,0.0
2008-12-08,1,0.0,0.0,0.0,0.0,1.0,0,0,1,0.0,0.0,1.0,0,,,,,,0,0,0,,,,0,,,,,,0,0,0,,,,1,0.0,0.0,0.0,0.0,1.0,0,0,1,0.0,0.0,1.0
2008-12-09,1,-0.3586,-0.3586,0.0,0.411,0.589,0,1,0,0.0,1.0,0.0,0,,,,,,0,0,0,,,,0,,,,,,0,0,0,,,,1,-0.3586,-0.3586,0.0,0.411,0.589,0,1,0,0.0,1.0,0.0
2008-12-10,1,0.5423,0.5423,0.409,0.153,0.438,1,0,0,1.0,0.0,0.0,0,,,,,,0,0,0,,,,0,,,,,,0,0,0,,,,1,0.5423,0.5423,0.409,0.153,0.438,1,0,0,1.0,0.0,0.0
2008-12-12,1,-0.7579,-0.7579,0.0,0.714,0.286,0,1,0,0.0,1.0,0.0,0,,,,,,0,0,0,,,,1,-0.7579,-0.7579,0.0,0.714,0.286,0,1,0,0.0,1.0,0.0,0,,,,,,0,0,0,,,
2008-12-17,3,-0.2817,-0.2732,0.0,0.24666666666666667,0.7533333333333333,0,2,1,0.0,0.6666666666666666,0.3333333333333333,0,,,,,,0,0,0,,,,1,-0.2732,-0.2732,0.0,0.259,0.741,0,1,0,0.0,1.0,0.0,2,-0.28595,-0.28595,0.0,0.2405,0.7595000000000001,0,1,1,0.0,0.5,0.5
2008-12-18,2,-0.26335,-0.26335,0.0,0.262,0.738,0,1,1,0.0,0.5,0.5,0,,,,,,0,0,0,,,,1,-0.5267,-0.5267,0.0,0.524,0.476,0,1,0,0.0,1.0,0.0,1,0.0,0.0,0.0,0.0,1.0,0,0,1,0.0,0.0,1.0
2008-12-19,3,-0.4188,-0.5859,0.0,0.38800000000000007,0.612,0,2,1,0.0,0.6666666666666666,0.3333333333333333,0,,,,,,0,0,0,,,,2,-0.6282,-0.6282,0.0,0.5820000000000001,0.41800000000000004,0,2,0,0.0,1.0,0.0,1,0.0,0.0,0.0,0.0,1.0,0,0,1,0.0,0.0,1.0
2008-12-20,1,-0.5267,-0.5267,0.0,0.423,0.577,0,1,0,0.0,1.0,0.0,1,-0.5267,-0.5267,0.0,0.423,0.577,0,1,0,0.0,1.0,0.0,0,,,,,,0,0,0,,,,0,,,,,,0,0,0,,,
2008-12-22,2,-0.273,-0.273,0.0,0.3205,0.6795,0,2,0,0.0,1.0,0.0,0,,,,,,0,0,0,,,,1,-0.25,-0.25,0.0,0.286,0.714,0,1,0,0.0,1.0,0.0,1,-0.296,-0.296,0.0,0.355,0.645,0,1,0,0.0,1.0,0.0
2008-12-23,3,0.14226666666666668,0.1531,0.167,0.11199999999999999,0.7210000000000001,2,0,1,0.6666666666666666,0.0,0.3333333333333333,0,,,,,,0,0,0,,,,1,0.2737,0.2737,0.29,0.172,0.538,1,0,0,1.0,0.0,0.0,2,0.07655,0.07655,0.1055,0.082,0.8125,1,0,1,0.5,0.0,0.5
2008-12-24,1,0.0,0.0,0.0,0.0,1.0,0,0,1,0.0,0.0,1.0,0,,,,,,0,0,0,,,,0,,,,,,0,0,0,,,,1,0.0,0.0,0.0,0.0,1.0,0,0,1,0.0,0.0,1.0
2008-12-30,3,-0.08789999999999999,0.0,0.07933333333333333,0.15033333333333335,0.7703333333333333,1,1,1,0.3333333333333333,0.3333333333333333,0.3333333333333333,2,-0.13185,-0.13185,0.119,0.2255,0.6555,1,1,0,0.5,0.5,0.0,0,,,,,,0,0,0,,,,1,0.0,0.0,0.0,0.0,1.0,0,0,1,0.0,0.0,1.0
2009-01-04,1,0.0,0.0,0.0,0.0,1.0,0,0,1,0.0,0.0,1.0,0,,,,,,0,0,0,,,,0,,,,,,0,0,0,,,,1,0.0,0.0,0.0,0.0,1.0,0,0,1,0.0,0.0,1.0
2009-01-05,1,0.0,0.0,0.0,0.0,1.0,0,0,1,0.0,0.0,1.0,0,,,,,,0,0,0,,,,0,,,,,,0,0,0,,,,1,0.0,0.0,0.0,0.0,1.0,0,0,1,0.0,0.0,1.0
2009-01-07,1,-0.5719,-0.5719,0.0,0.54,0.46,0,1,0,0.0,1.0,0.0,0,,,,,,0,0,0,,,,1,-0.5719,-0.5719,0.0,0.54,0.46,0,1,0,0.0,1.0,0.0,0,,,,,,0,0,0,,,
2009-01-14,1,-0.2732,-0.2732,0.0,0.231,0.769,0,1,0,0.0,1.0,0.0,0,,,,,,0,0,0,,,,0,,,,,,0,0,0,,,,1,-0.2732,-0.2732,0.0,0.231,0.769,0,1,0,0.0,1.0,0.0
2009-01-16,1,-0.5859,-0.5859,0.0,0.545,0.455,0,1,0,0.0,1.0,0.0,0,,,,,,0,0,0,,,,1,-0.5859,-0.5859,0.0,0.545,0.455,0,1,0,0.0,1.0,0.0,0,,,,,,0,0,0,,,
2009-01-20,1,0.0,0.0,0.0,0.0,1.0,0,0,1,0.0,0.0,1.0,1,0.0,0.0,0.0,0.0,1.0,0,0,1,0.0,0.0,1.0,0,,,,,,0,0,0,,,,0,,,,,,0,0,0,,,
2009-01-21,1,0.0,0.0,0.0,0.0,1.0,0,0,1,0.0,0.0,1.0,0,,,,,,0,0,0,,,,0,,,,,,0,0,0,,,,1,0.0,0.0,0.0,0.0,1.0,0,0,1,0.0,0.0,1.0
2009-01-22,1,0.0,0.0,0.0,0.0,1.0,0,0,1,0.0,0.0,1.0,0,,,,,,0,0,0,,,,0,,,,,,0,0,0,,,,1,0.0,0.0,0.0,0.0,1.0,0,0,1,0.0,0.0,1.0
2009-01-23,1,-0.1531,-0.1531,0.0,0.242,0.758,0,1,0,0.0,1.0,0.0,0,,,,,,0,0,0,,,,1,-0.1531,-0.1531,0.0,0.242,0.758,0,1,0,0.0,1.0,0.0,0,,,,,,0,0,0,,,
2009-01-24,1,0.0,0.0,0.0,0.0,1.0,0,0,1,0.0,0.0,1.0,0,,,,,,0,0,0,,,,1,0.0,0.0,0.0,0.0,1.0,0,0,1,0.0,0.0,1.0,0,,,,,,0,0,0,,,
2009-01-27,1,-0.1695,-0.1695,0.0,0.217,0.783,0,1,0,0.0,1.0,0.0,0,,,,,,0,0,0,,,,0,,,,,,0,0,0,,,,1,-0.1695,-0.1695,0.0,0.217,0.783,0,1,0,0.0,1.0,0.0
2009-01-28,2,0.0,0.0,0.0,0.0,1.0,0,0,2,0.0,0.0,1.0,0,,,,,,0,0,0,,,,1,0.0,0.0,0.0,0.0,1.0,0,0,1,0.0,0.0,1.0,1,0.0,0.0,0.0,0.0,1.0,0,0,1,0.0,0.0,1.0
2009-02-14,1,0.0,0.0,0.0,0.0,1.0,0,0,1,0.0,0.0,1.0,1,0.0,0.0,0.0,0.0,1.0,0,0,1,0.0,0.0,1.0,0,,,,,,0,0,0,,,,0,,,,,,0,0,0,,,
2009-02-16,2,0.0,0.0,0.0,0.0,1.0,0,0,2,0.0,0.0,1.0,0,,,,,,0,0,0,,,,1,0.0,0.0,0.0,0.0,1.0,0,0,1,0.0,0.0,1.0,1,0.0,0.0,0.0,0.0,1.0,0,0,1,0.0,0.0,1.0
2009-03-02,4,-0.14229999999999998,-0.1366,0.0,0.17475,0.82525,0,2,2,0.0,0.5,0.5,0,,,,,,0,0,0,,,,1,0.0,0.0,0.0,0.0,1.0,0,0,1,0.0,0.0,1.0,3,-0.1897333333333333,-0.2732,0.0,0.23299999999999998,0.767,0,2,1,0.0,0.6666666666666666,0.3333333333333333
2009-03-15,1,0.296,0.296,0.239,0.0,0.761,1,0,0,1.0,0.0,0.0,0,,,,,,0,0,0,,,,1,0.296,0.296,0.239,0.0,0.761,1,0,0,1.0,0.0,0.0,0,,,,,,0,0,0,,,
2009-03-16,1,-0.1531,-0.1531,0.0,0.211,0.789,0,1,0,0.0,1.0,0.0,0,,,,,,0,0,0,,,,0,,,,,,0,0,0,,,,1,-0.1531,-0.1531,0.0,0.211,0.789,0,1,0,0.0,1.0,0.0
2009-03-24,2,-0.35875,-0.35875,0.0,0.249,0.751,0,2,0,0.0,1.0,0.0,1,-0.4215,-0.4215,0.0,0.259,0.741,0,1,0,0.0,1.0,0.0,0,,,,,,0,0,0,,,,2,-0.35875,-0.35875,0.0,0.249,0.751,0,2,0,0.0,1.0,0.0
2009-04-17,1,-0.296,-0.296,0.0,0.268,0.732,0,1,0,0.0,1.0,0.0,0,,,,,,0,0,0,,,,1,-0.296,-0.296,0.0,0.268,0.732,0,1,0,0.0,1.0,0.0,0,,,,,,0,0,0,,,
2009-04-28,1,-0.765,-0.765,0.0,0.603,0.397,0,1,0,0.0,1.0,0.0,0,,,,,,0,0,0,,,,0,,,,,,0,0,0,,,,1,-0.765,-0.765,0.0,0.603,0.397,0,1,0,0.0,1.0,0.0
2009-04-30,2,0.0,0.0,0.0,0.0,1.0,0,0,2,0.0,0.0,1.0,0,,,,,,0,0,0,,,,0,,,,,,0,0,0,,,,2,0.0,0.0,0.0,0.0,1.0,0,0,2,0.0,0.0,1.0
2009-05-09,1,0.0,0.0,0.0,0.0,1.0,0,0,1,0.0,0.0,1.0,0,,,,,,0,0,0,,,,1,0.0,0.0,0.0,0.0,1.0,0,0,1,0.0,0.0,1.0,0,,,,,,0,0,0,,,
2009-05-17,1,0.0,0.0,0.0,0.0,1.0,0,0,1,0.0,0.0,1.0,0,,,,,,0,0,0,,,,0,,,,,,0,0,0,,,,1,0.0,0.0,0.0,0.0,1.0,0,0,1,0.0,0.0,1.0
2009-05-18,3,-0.3202,-0.3612,0.0,0.30233333333333334,0.6976666666666667,0,2,1,0.0,0.6666666666666666,0.3333333333333333,0,,,,,,0,0,0,,,,0,,,,,,0,0,0,,,,3,-0.3202,-0.3612,0.0,0.30233333333333334,0.6976666666666667,0,2,1,0.0,0.6666666666666666,0.3333333333333333
2009-05-20,1,-0.3182,-0.3182,0.0,0.223,0.777,0,1,0,0.0,1.0,0.0,0,,,,,,0,0,0,,,,0,,,,,,0,0,0,,,,1,-0.3182,-0.3182,0.0,0.223,0.777,0,1,0,0.0,1.0,0.0
2009-06-01,1,0.2263,0.2263,0.275,0.0,0.725,1,0,0,1.0,0.0,0.0,0,,,,,,0,0,0,,,,1,0.2263,0.2263,0.275,0.0,0.725,1,0,0,1.0,0.0,0.0,0,,,,,,0,0,0,,,
2009-06-02,5,-0.02761999999999999,0.0,0.11139999999999999,0.1318,0.7567999999999999,2,2,1,0.4,0.4,0.2,0,,,,,,0,0,0,,,,0,,,,,,0,0,0,,,,5,-0.02761999999999999,0.0,0.11139999999999999,0.1318,0.7567999999999999,2,2,1,0.4,0.4,0.2
2009-06-03,1,-0.6705,-0.6705,0.0,0.478,0.522,0,1,0,0.0,1.0,0.0,0,,,,,,0,0,0,,,,0,,,,,,0,0,0,,,,1,-0.6705,-0.6705,0.0,0.478,0.522,0,1,0,0.0,1.0,0.0
2009-06-05,1,0.0,0.0,0.0,0.0,1.0,0,0,1,0.0,0.0,1.0,0,,,,,,0,0,0,,,,1,0.0,0.0,0.0,0.0,1.0,0,0,1,0.0,0.0,1.0,0,,,,,,0,0,0,,,
2009-06-07,1,0.0,0.0,0.0,0.0,1.0,0,0,1,0.0,0.0,1.0,0,,,,,,0,0,0,,,,0,,,,,,0,0,0,,,,1,0.0,0.0,0.0,0.0,1.0,0,0,1,0.0,0.0,1.0
2009-06-11,2,-0.064,-0.064,0.0,0.088,0.9119999999999999,0,1,1,0.0,0.5,0.5,0,,,,,,0,0,0,,,,1,-0.128,-0.128,0.0,0.176,0.824,0,1,0,0.0,1.0,0.0,1,0.0,0.0,0.0,0.0,1.0,0,0,1,0.0,0.0,1.0
2009-06-22,1,0.2023,0.2023,0.265,0.0,0.735,1,0,0,1.0,0.0,0.0,0,,,,,,0,0,0,,,,1,0.2023,0.2023,0.265,0.0,0.735,1,0,0,1.0,0.0,0.0,0,,,,,,0,0,0,,,
2009-06-24,1,0.0,0.0,0.0,0.0,1.0,0,0,1,0.0,0.0,1.0,0,,,,,,0,0,0,,,,0,,,,,,0,0,0,,,,1,0.0,0.0,0.0,0.0,1.0,0,0,1,0.0,0.0,1.0
2009-06-27,1,-0.3182,-0.3182,0.0,0.277,0.723,0,1,0,0.0,1.0,0.0,0,,,,,,0,0,0,,,,0,,,,,,0,0,0,,,,1,-0.3182,-0.3182,0.0,0.277,0.723,0,1,0,0.0,1.0,0.0
2009-06-29,1,-0.25,-0.25,0.0,0.375,0.625,0,1,0,0.0,1.0,0.0,0,,,,,,0,0,0,,,,0,,,,,,0,0,0,,,,1,-0.25,-0.25,0.0,0.375,0.625,0,1,0,0.0,1.0,0.0
2009-07-01,3,-0.3420666666666667,-0.2732,0.04566666666666667,0.2966666666666667,0.658,0,3,0,0.0,1.0,0.0,0,,,,,,0,0,0,,,,0,,,,,,0,0,0,,,,3,-0.3420666666666667,-0.2732,0.04566666666666667,0.2966666666666667,0.658,0,3,0,0.0,1.0,0.0
2009-07-02,1,0.1779,0.1779,0.291,0.203,0.506,1,0,0,1.0,0.0,0.0,0,,,,,,0,0,0,,,,0,,,,,,0,0,0,,,,1,0.1779,0.1779,0.291,0.203,0.506,1,0,0,1.0,0.0,0.0
2009-07-13,1,-0.5994,-0.5994,0.0,0.438,0.562,0,1,0,0.0,1.0,0.0,0,,,,,,0,0,0,,,,0,,,,,,0,0,0,,,,1,-0.5994,-0.5994,0.0,0.438,0.562,0,1,0,0.0,1.0,0.0
2009-07-14,1,-0.5859,-0.5859,0.0,0.545,0.455,0,1,0,0.0,1.0,0.0,0,,,,,,0,0,0,,,,1,-0.5859,-0.5859,0.0,0.545,0.455,0,1,0,0.0,1.0,0.0,0,,,,,,0,0,0,,,
2009-07-18,1,0.128,0.128,0.2,0.0,0.8,1,0,0,1.0,0.0,0.0,0,,,,,,0,0,0,,,,0,,,,,,0,0,0,,,,1,0.128,0.128,0.2,0.0,0.8,1,0,0,1.0,0.0,0.0
2009-07-19,1,0.0,0.0,0.0,0.0,1.0,0,0,1,0.0,0.0,1.0,0,,,,,,0,0,0,,,,0,,,,,,0,0,0,,,,1,0.0,0.0,0.0,0.0,1.0,0,0,1,0.0,0.0,1.0
2009-08-17,2,-0.15445,-0.15445,0.0,0.122,0.878,0,1,1,0.0,0.5,0.5,0,,,,,,0,0,0,,,,0,,,,,,0,0,0,,,,2,-0.15445,-0.15445,0.0,0.122,0.878,0,1,1,0.0,0.5,0.5
2009-09-03,1,0.0,0.0,0.0,0.0,1.0,0,0,1,0.0,0.0,1.0,0,,,,,,0,0,0,,,,0,,,,,,0,0,0,,,,1,0.0,0.0,0.0,0.0,1.0,0,0,1,0.0,0.0,1.0
2009-09-06,1,-0.5106,-0.5106,0.0,0.355,0.645,0,1,0,0.0,1.0,0.0,0,,,,,,0,0,0,,,,1,-0.5106,-0.5106,0.0,0.355,0.645,0,1,0,0.0,1.0,0.0,0,,,,,,0,0,0,,,
2009-09-07,1,0.0,0.0,0.0,0.0,1.0,0,0,1,0.0,0.0,1.0,0,,,,,,0,0,0,,,,0,,,,,,0,0,0,,,,1,0.0,0.0,0.0,0.0,1.0,0,0,1,0.0,0.0,1.0
2009-09-22,1,-0.296,-0.296,0.0,0.306,0.694,0,1,0,0.0,1.0,0.0,0,,,,,,0,0,0,,,,0,,,,,,0,0,0,,,,1,-0.296,-0.296,0.0,0.306,0.694,0,1,0,0.0,1.0,0.0
2009-09-29,1,0.0,0.0,0.0,0.0,1.0,0,0,1,0.0,0.0,1.0,0,,,,,,0,0,0,,,,0,,,,,,0,0,0,,,,1,0.0,0.0,0.0,0.0,1.0,0,0,1,0.0,0.0,1.0
2009-10-03,1,0.5574,0.5574,0.605,0.0,0.395,1,0,0,1.0,0.0,0.0,0,,,,,,0,0,0,,,,1,0.5574,0.5574,0.605,0.0,0.395,1,0,0,1.0,0.0,0.0,0,,,,,,0,0,0,,,
2009-10-05,1,0.0,0.0,0.0,0.0,1.0,0,0,1,0.0,0.0,1.0,0,,,,,,0,0,0,,,,1,0.0,0.0,0.0,0.0,1.0,0,0,1,0.0,0.0,1.0,0,,,,,,0,0,0,,,
2009-10-20,1,-0.1027,-0.1027,0.0,0.219,0.781,0,1,0,0.0,1.0,0.0,0,,,,,,0,0,0,,,,0,,,,,,0,0,0,,,,1,-0.1027,-0.1027,0.0,0.219,0.781,0,1,0,0.0,1.0,0.0
2009-10-22,1,0.0,0.0,0.0,0.0,1.0,0,0,1,0.0,0.0,1.0,0,,,,,,0,0,0,,,,0,,,,,,0,0,0,,,,1,0.0,0.0,0.0,0.0,1.0,0,0,1,0.0,0.0,1.0
2009-11-05,1,-0.128,-0.128,0.0,0.2,0.8,0,1,0,0.0,1.0,0.0,0,,,,,,0,0,0,,,,1,-0.128,-0.128,0.0,0.2,0.8,0,1,0,0.0,1.0,0.0,0,,,,,,0,0,0,,,
2009-11-11,1,-0.4767,-0.4767,0.0,0.383,0.617,0,1,0,0.0,1.0,0.0,0,,,,,,0,0,0,,,,0,,,,,,0,0,0,,,,1,-0.4767,-0.4767,0.0,0.383,0.617,0,1,0,0.0,1.0,0.0
2009-11-12,1,0.0,0.0,0.0,0.0,1.0,0,0,1,0.0,0.0,1.0,0,,,,,,0,0,0,,,,1,0.0,0.0,0.0,0.0,1.0,0,0,1,0.0,0.0,1.0,0,,,,,,0,0,0,,,
2009-11-23,1,0.2263,0.2263,0.192,0.0,0.808,1,0,0,1.0,0.0,0.0,0,,,,,,0,0,0,,,,1,0.2263,0.2263,0.192,0.0,0.808,1,0,0,1.0,0.0,0.0,0,,,,,,0,0,0,,,
2009-11-25,1,0.3182,0.3182,0.315,0.0,0.685,1,0,0,1.0,0.0,0.0,0,,,,,,0,0,0,,,,0,,,,,,0,0,0,,,,1,0.3182,0.3182,0.315,0.0,0.685,1,0,0,1.0,0.0,0.0
2009-12-01,1,0.0,0.0,0.0,0.0,1.0,0,0,1,0.0,0.0,1.0,0,,,,,,0,0,0,,,,1,0.0,0.0,0.0,0.0,1.0,0,0,1,0.0,0.0,1.0,0,,,,,,0,0,0,,,
2009-12-02,1,0.0,0.0,0.0,0.0,1.0,0,0,1,0.0,0.0,1.0,0,,,,,,0,0,0,,,,0,,,,,,0,0,0,,,,1,0.0,0.0,0.0,0.0,1.0,0,0,1,0.0,0.0,1.0
2009-12-03,1,0.0,0.0,0.0,0.0,1.0,0,0,1,0.0,0.0,1.0,0,,,,,,0,0,0,,,,0,,,,,,0,0,0,,,,1,0.0,0.0,0.0,0.0,1.0,0,0,1,0.0,0.0,1.0
2009-12-13,1,0.0,0.0,0.0,0.0,1.0,0,0,1,0.0,0.0,1.0,0,,,,,,0,0,0,,,,1,0.0,0.0,0.0,0.0,1.0,0,0,1,0.0,0.0,1.0,0,,,,,,0,0,0,,,
2009-12-15,1,0.3612,0.3612,0.333,0.0,0.667,1,0,0,1.0,0.0,0.0,0,,,,,,0,0,0,,,,0,,,,,,0,0,0,,,,1,0.3612,0.3612,0.333,0.0,0.667,1,0,0,1.0,0.0,0.0
2009-12-18,1,0.0,0.0,0.0,0.0,1.0,0,0,1,0.0,0.0,1.0,0,,,,,,0,0,0,,,,0,,,,,,0,0,0,,,,1,0.0,0.0,0.0,0.0,1.0,0,0,1,0.0,0.0,1.0
2009-12-19,1,-0.4767,-0.4767,0.0,0.383,0.617,0,1,0,0.0,1.0,0.0,0,,,,,,0,0,0,,,,1,-0.4767,-0.4767,0.0,0.383,0.617,0,1,0,0.0,1.0,0.0,0,,,,,,0,0,0,,,
2009-12-24,3,0.0,0.0,0.0,0.0,1.0,0,0,3,0.0,0.0,1.0,0,,,,,,0,0,0,,,,0,,,,,,0,0,0,,,,3,0.0,0.0,0.0,0.0,1.0,0,0,3,0.0,0.0,1.0
2009-12-29,1,-0.6486,-0.6486,0.0,0.639,0.361,0,1,0,0.0,1.0,0.0,0,,,,,,0,0,0,,,,1,-0.6486,-0.6486,0.0,0.639,0.361,0,1,0,0.0,1.0,0.0,0,,,,,,0,0,0,,,
2009-12-30,1,-0.4939,-0.4939,0.0,0.348,0.652,0,1,0,0.0,1.0,0.0,0,,,,,,0,0,0,,,,0,,,,,,0,0,0,,,,1,-0.4939,-0.4939,0.0,0.348,0.652,0,1,0,0.0,1.0,0.0
2009-12-31,1,0.0,0.0,0.0,0.0,1.0,0,0,1,0.0,0.0,1.0,0,,,,,,0,0,0,,,,0,,,,,,0,0,0,,,,1,0.0,0.0,0.0,0.0,1.0,0,0,1,0.0,0.0,1.0
2010-01-03,1,0.0,0.0,0.0,0.0,1.0,0,0,1,0.0,0.0,1.0,0,,,,,,0,0,0,,,,0,,,,,,0,0,0,,,,1,0.0,0.0,0.0,0.0,1.0,0,0,1,0.0,0.0,1.0
2010-01-04,1,0.0,0.0,0.0,0.0,1.0,0,0,1,0.0,0.0,1.0,0,,,,,,0,0,0,,,,0,,,,,,0,0,0,,,,1,0.0,0.0,0.0,0.0,1.0,0,0,1,0.0,0.0,1.0
2010-01-13,1,0.0,0.0,0.0,0.0,1.0,0,0,1,0.0,0.0,1.0,0,,,,,,0,0,0,,,,0,,,,,,0,0,0,,,,1,0.0,0.0,0.0,0.0,1.0,0,0,1,0.0,0.0,1.0
2010-01-18,1,0.0,0.0,0.0,0.0,1.0,0,0,1,0.0,0.0,1.0,0,,,,,,0,0,0,,,,0,,,,,,0,0,0,,,,1,0.0,0.0,0.0,0.0,1.0,0,0,1,0.0,0.0,1.0
2010-02-08,1,-0.1531,-0.1531,0.0,0.211,0.789,0,1,0,0.0,1.0,0.0,0,,,,,,0,0,0,,,,0,,,,,,0,0,0,,,,1,-0.1531,-0.1531,0.0,0.211,0.789,0,1,0,0.0,1.0,0.0
2010-02-11,1,0.4404,0.4404,0.494,0.0,0.506,1,0,0,1.0,0.0,0.0,0,,,,,,0,0,0,,,,1,0.4404,0.4404,0.494,0.0,0.506,1,0,0,1.0,0.0,0.0,0,,,,,,0,0,0,,,
2010-02-17,1,0.0,0.0,0.0,0.0,1.0,0,0,1,0.0,0.0,1.0,0,,,,,,0,0,0,,,,1,0.0,0.0,0.0,0.0,1.0,0,0,1,0.0,0.0,1.0,0,,,,,,0,0,0,,,
2010-02-18,1,0.0,0.0,0.0,0.0,1.0,0,0,1,0.0,0.0,1.0,0,,,,,,0,0,0,,,,0,,,,,,0,0,0,,,,1,0.0,0.0,0.0,0.0,1.0,0,0,1,0.0,0.0,1.0
2010-03-15,1,0.0,0.0,0.0,0.0,1.0,0,0,1,0.0,0.0,1.0,0,,,,,,0,0,0,,,,0,,,,,,0,0,0,,,,1,0.0,0.0,0.0,0.0,1.0,0,0,1,0.0,0.0,1.0
2010-04-13,1,0.2263,0.2263,0.275,0.0,0.725,1,0,0,1.0,0.0,0.0,0,,,,,,0,0,0,,,,1,0.2263,0.2263,0.275,0.0,0.725,1,0,0,1.0,0.0,0.0,0,,,,,,0,0,0,,,
2010-04-25,1,0.0,0.0,0.0,0.0,1.0,0,0,1,0.0,0.0,1.0,0,,,,,,0,0,0,,,,0,,,,,,0,0,0,,,,1,0.0,0.0,0.0,0.0,1.0,0,0,1,0.0,0.0,1.0
2010-04-28,1,0.4404,0.4404,0.592,0.0,0.408,1,0,0,1.0,0.0,0.0,0,,,,,,0,0,0,,,,1,0.4404,0.4404,0.592,0.0,0.408,1,0,0,1.0,0.0,0.0,0,,,,,,0,0,0,,,
2010-05-03,1,0.0,0.0,0.0,0.0,1.0,0,0,1,0.0,0.0,1.0,0,,,,,,0,0,0,,,,0,,,,,,0,0,0,,,,1,0.0,0.0,0.0,0.0,1.0,0,0,1,0.0,0.0,1.0
2010-05-04,1,0.0,0.0,0.0,0.0,1.0,0,0,1,0.0,0.0,1.0,0,,,,,,0,0,0,,,,0,,,,,,0,0,0,,,,1,0.0,0.0,0.0,0.0,1.0,0,0,1,0.0,0.0,1.0
2010-05-10,1,0.4767,0.4767,0.383,0.0,0.617,1,0,0,1.0,0.0,0.0,0,,,,,,0,0,0,,,,0,,,,,,0,0,0,,,,1,0.4767,0.4767,0.383,0.0,0.617,1,0,0,1.0,0.0,0.0
2010-05-17,1,0.2263,0.2263,0.213,0.0,0.787,1,0,0,1.0,0.0,0.0,0,,,,,,0,0,0,,,,1,0.2263,0.2263,0.213,0.0,0.787,1,0,0,1.0,0.0,0.0,0,,,,,,0,0,0,,,
2010-05-18,2,-0.05685000000000001,-0.05685000000000001,0.28400000000000003,0.1835,0.5325,1,1,0,0.5,0.5,0.0,0,,,,,,0,0,0,,,,2,-0.05685000000000001,-0.05685000000000001,0.28400000000000003,0.1835,0.5325,1,1,0,0.5,0.5,0.0,0,,,,,,0,0,0,,,
2010-05-19,2,-0.2294,-0.2294,0.097,0.25,0.653,0,1,1,0.0,0.5,0.5,0,,,,,,0,0,0,,,,1,-0.4588,-0.4588,0.194,0.5,0.306,0,1,0,0.0,1.0,0.0,1,0.0,0.0,0.0,0.0,1.0,0,0,1,0.0,0.0,1.0
2010-05-20,1,-0.0516,-0.0516,0.19,0.21,0.6,0,1,0,0.0,1.0,0.0,0,,,,,,0,0,0,,,,1,-0.0516,-0.0516,0.19,0.21,0.6,0,1,0,0.0,1.0,0.0,0,,,,,,0,0,0,,,
2010-05-27,2,-0.2202,-0.2202,0.0915,0.1935,0.715,0,1,1,0.0,0.5,0.5,0,,,,,,0,0,0,,,,2,-0.2202,-0.2202,0.0915,0.1935,0.715,0,1,1,0.0,0.5,0.5,0,,,,,,0,0,0,,,
2010-06-02,1,-0.6597,-0.6597,0.0,0.474,0.526,0,1,0,0.0,1.0,0.0,0,,,,,,0,0,0,,,,1,-0.6597,-0.6597,0.0,0.474,0.526,0,1,0,0.0,1.0,0.0,0,,,,,,0,0,0,,,
2010-06-03,1,-0.3182,-0.3182,0.209,0.352,0.44,0,1,0,0.0,1.0,0.0,0,,,,,,0,0,0,,,,1,-0.3182,-0.3182,0.209,0.352,0.44,0,1,0,0.0,1.0,0.0,0,,,,,,0,0,0,,,
2010-06-04,1,0.0,0.0,0.0,0.0,1.0,0,0,1,0.0,0.0,1.0,0,,,,,,0,0,0,,,,1,0.0,0.0,0.0,0.0,1.0,0,0,1,0.0,0.0,1.0,0,,,,,,0,0,0,,,
2010-06-09,1,0.2263,0.2263,0.241,0.0,0.759,1,0,0,1.0,0.0,0.0,0,,,,,,0,0,0,,,,1,0.2263,0.2263,0.241,0.0,0.759,1,0,0,1.0,0.0,0.0,0,,,,,,0,0,0,,,
2010-06-17,1,0.0,0.0,0.0,0.0,1.0,0,0,1,0.0,0.0,1.0,0,,,,,,0,0,0,,,,1,0.0,0.0,0.0,0.0,1.0,0,0,1,0.0,0.0,1.0,0,,,,,,0,0,0,,,
2010-07-02,1,0.0,0.0,0.0,0.0,1.0,0,0,1,0.0,0.0,1.0,0,,,,,,0,0,0,,,,1,0.0,0.0,0.0,0.0,1.0,0,0,1,0.0,0.0,1.0,0,,,,,,0,0,0,,,
2010-07-05,1,0.4019,0.4019,0.351,0.0,0.649,1,0,0,1.0,0.0,0.0,0,,,,,,0,0,0,,,,1,0.4019,0.4019,0.351,0.0,0.649,1,0,0,1.0,0.0,0.0,0,,,,,,0,0,0,,,
2010-07-06,1,-0.128,-0.128,0.0,0.231,0.769,0,1,0,0.0,1.0,0.0,0,,,,,,0,0,0,,,,0,,,,,,0,0,0,,,,1,-0.128,-0.128,0.0,0.231,0.769,0,1,0,0.0,1.0,0.0
2010-07-13,1,0.0,0.0,0.0,0.0,1.0,0,0,1,0.0,0.0,1.0,0,,,,,,0,0,0,,,,0,,,,,,0,0,0,,,,1,0.0,0.0,0.0,0.0,1.0,0,0,1,0.0,0.0,1.0
2010-07-21,1,0.2263,0.2263,0.322,0.0,0.678,1,0,0,1.0,0.0,0.0,0,,,,,,0,0,0,,,,1,0.2263,0.2263,0.322,0.0,0.678,1,0,0,1.0,0.0,0.0,0,,,,,,0,0,0,,,
2010-08-02,1,0.0,0.0,0.0,0.0,1.0,0,0,1,0.0,0.0,1.0,0,,,,,,0,0,0,,,,0,,,,,,0,0,0,,,,1,0.0,0.0,0.0,0.0,1.0,0,0,1,0.0,0.0,1.0
2010-08-06,1,-0.8316,-0.8316,0.0,0.722,0.278,0,1,0,0.0,1.0,0.0,0,,,,,,0,0,0,,,,1,-0.8316,-0.8316,0.0,0.722,0.278,0,1,0,0.0,1.0,0.0,0,,,,,,0,0,0,,,
2010-08-11,1,0.0,0.0,0.0,0.0,1.0,0,0,1,0.0,0.0,1.0,0,,,,,,0,0,0,,,,0,,,,,,0,0,0,,,,1,0.0,0.0,0.0,0.0,1.0,0,0,1,0.0,0.0,1.0
2010-08-27,1,0.0,0.0,0.0,0.0,1.0,0,0,1,0.0,0.0,1.0,1,0.0,0.0,0.0,0.0,1.0,0,0,1,0.0,0.0,1.0,0,,,,,,0,0,0,,,,0,,,,,,0,0,0,,,
2010-09-09,1,-0.5106,-0.5106,0.0,0.452,0.548,0,1,0,0.0,1.0,0.0,0,,,,,,0,0,0,,,,0,,,,,,0,0,0,,,,1,-0.5106,-0.5106,0.0,0.452,0.548,0,1,0,0.0,1.0,0.0
2010-09-10,1,0.0,0.0,0.0,0.0,1.0,0,0,1,0.0,0.0,1.0,0,,,,,,0,0,0,,,,0,,,,,,0,0,0,,,,1,0.0,0.0,0.0,0.0,1.0,0,0,1,0.0,0.0,1.0
2010-09-13,1,-0.2732,-0.2732,0.0,0.296,0.704,0,1,0,0.0,1.0,0.0,0,,,,,,0,0,0,,,,0,,,,,,0,0,0,,,,1,-0.2732,-0.2732,0.0,0.296,0.704,0,1,0,0.0,1.0,0.0
2010-09-20,1,0.0,0.0,0.0,0.0,1.0,0,0,1,0.0,0.0,1.0,0,,,,,,0,0,0,,,,0,,,,,,0,0,0,,,,1,0.0,0.0,0.0,0.0,1.0,0,0,1,0.0,0.0,1.0
2010-09-21,1,-0.2732,-0.2732,0.0,0.259,0.741,0,1,0,0.0,1.0,0.0,0,,,,,,0,0,0,,,,1,-0.2732,-0.2732,0.0,0.259,0.741,0,1,0,0.0,1.0,0.0,0,,,,,,0,0,0,,,
2010-10-11,1,-0.2235,-0.2235,0.0,0.239,0.761,0,1,0,0.0,1.0,0.0,0,,,,,,0,0,0,,,,0,,,,,,0,0,0,,,,1,-0.2235,-0.2235,0.0,0.239,0.761,0,1,0,0.0,1.0,0.0
2010-10-18,1,-0.4023,-0.4023,0.0,0.278,0.722,0,1,0,0.0,1.0,0.0,0,,,,,,0,0,0,,,,0,,,,,,0,0,0,,,,1,-0.4023,-0.4023,0.0,0.278,0.722,0,1,0,0.0,1.0,0.0
2010-10-22,1,0.0,0.0,0.0,0.0,1.0,0,0,1,0.0,0.0,1.0,0,,,,,,0,0,0,,,,1,0.0,0.0,0.0,0.0,1.0,0,0,1,0.0,0.0,1.0,0,,,,,,0,0,0,,,
2010-10-29,1,-0.25,-0.25,0.0,0.25,0.75,0,1,0,0.0,1.0,0.0,0,,,,,,0,0,0,,,,1,-0.25,-0.25,0.0,0.25,0.75,0,1,0,0.0,1.0,0.0,1,-0.25,-0.25,0.0,0.25,0.75,0,1,0,0.0,1.0,0.0
2010-11-09,1,0.0,0.0,0.0,0.0,1.0,0,0,1,0.0,0.0,1.0,0,,,,,,0,0,0,,,,0,,,,,,0,0,0,,,,1,0.0,0.0,0.0,0.0,1.0,0,0,1,0.0,0.0,1.0
2010-11-10,1,0.0,0.0,0.0,0.0,1.0,0,0,1,0.0,0.0,1.0,0,,,,,,0,0,0,,,,1,0.0,0.0,0.0,0.0,1.0,0,0,1,0.0,0.0,1.0,0,,,,,,0,0,0,,,
2010-11-22,1,0.0,0.0,0.0,0.0,1.0,0,0,1,0.0,0.0,1.0,0,,,,,,0,0,0,,,,0,,,,,,0,0,0,,,,1,0.0,0.0,0.0,0.0,1.0,0,0,1,0.0,0.0,1.0
2010-12-20,1,0.0,0.0,0.0,0.0,1.0,0,0,1,0.0,0.0,1.0,0,,,,,,0,0,0,,,,0,,,,,,0,0,0,,,,1,0.0,0.0,0.0,0.0,1.0,0,0,1,0.0,0.0,1.0
2010-12-23,1,0.0,0.0,0.0,0.0,1.0,0,0,1,0.0,0.0,1.0,0,,,,,,0,0,0,,,,0,,,,,,0,0,0,,,,1,0.0,0.0,0.0,0.0,1.0,0,0,1,0.0,0.0,1.0
2010-12-29,1,0.0,0.0,0.0,0.0,1.0,0,0,1,0.0,0.0,1.0,0,,,,,,0,0,0,,,,0,,,,,,0,0,0,,,,1,0.0,0.0,0.0,0.0,1.0,0,0,1,0.0,0.0,1.0
2011-01-07,1,0.0,0.0,0.0,0.0,1.0,0,0,1,0.0,0.0,1.0,0,,,,,,0,0,0,,,,0,,,,,,0,0,0,,,,1,0.0,0.0,0.0,0.0,1.0,0,0,1,0.0,0.0,1.0
2011-01-15,1,0.0,0.0,0.0,0.0,1.0,0,0,1,0.0,0.0,1.0,0,,,,,,0,0,0,,,,1,0.0,0.0,0.0,0.0,1.0,0,0,1,0.0,0.0,1.0,0,,,,,,0,0,0,,,
2011-01-18,1,0.0,0.0,0.0,0.0,1.0,0,0,1,0.0,0.0,1.0,0,,,,,,0,0,0,,,,0,,,,,,0,0,0,,,,1,0.0,0.0,0.0,0.0,1.0,0,0,1,0.0,0.0,1.0
2011-01-24,1,-0.1531,-0.1531,0.0,0.211,0.789,0,1,0,0.0,1.0,0.0,0,,,,,,0,0,0,,,,1,-0.1531,-0.1531,0.0,0.211,0.789,0,1,0,0.0,1.0,0.0,0,,,,,,0,0,0,,,
2011-02-01,2,-0.28595,-0.28595,0.0,0.2125,0.7875,0,1,1,0.0,0.5,0.5,1,-0.5719,-0.5719,0.0,0.425,0.575,0,1,0,0.0,1.0,0.0,0,,,,,,0,0,0,,,,1,0.0,0.0,0.0,0.0,1.0,0,0,1,0.0,0.0,1.0
2011-02-03,1,0.0,0.0,0.0,0.0,1.0,0,0,1,0.0,0.0,1.0,1,0.0,0.0,0.0,0.0,1.0,0,0,1,0.0,0.0,1.0,0,,,,,,0,0,0,,,,0,,,,,,0,0,0,,,
2011-02-16,1,0.0,0.0,0.0,0.0,1.0,0,0,1,0.0,0.0,1.0,0,,,,,,0,0,0,,,,0,,,,,,0,0,0,,,,1,0.0,0.0,0.0,0.0,1.0,0,0,1,0.0,0.0,1.0
2011-02-22,3,-0.38553333333333334,-0.4215,0.0,0.28,0.7200000000000001,0,2,1,0.0,0.6666666666666666,0.3333333333333333,2,-0.36755,-0.36755,0.0,0.277,0.723,0,1,1,0.0,0.5,0.5,1,-0.4215,-0.4215,0.0,0.286,0.714,0,1,0,0.0,1.0,0.0,0,,,,,,0,0,0,,,
2011-02-23,2,-0.39994999999999997,-0.39994999999999997,0.0,0.32899999999999996,0.671,0,2,0,0.0,1.0,0.0,0,,,,,,0,0,0,,,,1,-0.5267,-0.5267,0.0,0.362,0.638,0,1,0,0.0,1.0,0.0,1,-0.2732,-0.2732,0.0,0.296,0.704,0,1,0,0.0,1.0,0.0
2011-02-24,2,0.38634999999999997,0.38634999999999997,0.35950000000000004,0.0,0.6405000000000001,2,0,0,1.0,0.0,0.0,2,0.38634999999999997,0.38634999999999997,0.35950000000000004,0.0,0.6405000000000001,2,0,0,1.0,0.0,0.0,0,,,,,,0,0,0,,,,0,,,,,,0,0,0,,,
2011-02-25,1,0.0,0.0,0.0,0.0,1.0,0,0,1,0.0,0.0,1.0,0,,,,,,0,0,0,,,,0,,,,,,0,0,0,,,,1,0.0,0.0,0.0,0.0,1.0,0,0,1,0.0,0.0,1.0
2011-02-27,2,0.0,0.0,0.0,0.0,1.0,0,0,2,0.0,0.0,1.0,0,,,,,,0,0,0,,,,1,0.0,0.0,0.0,0.0,1.0,0,0,1,0.0,0.0,1.0,1,0.0,0.0,0.0,0.0,1.0,0,0,1,0.0,0.0,1.0
2011-03-07,2,-0.1366,-0.1366,0.0,0.1155,0.8845000000000001,0,1,1,0.0,0.5,0.5,1,-0.2732,-0.2732,0.0,0.231,0.769,0,1,0,0.0,1.0,0.0,0,,,,,,0,0,0,,,,1,0.0,0.0,0.0,0.0,1.0,0,0,1,0.0,0.0,1.0
2011-03-09,2,0.064,0.064,0.1485,0.126,0.725,1,0,1,0.5,0.0,0.5,0,,,,,,0,0,0,,,,0,,,,,,0,0,0,,,,2,0.064,0.064,0.1485,0.126,0.725,1,0,1,0.5,0.0,0.5
2011-03-15,3,0.11916666666666668,0.0,0.22466666666666668,0.14433333333333334,0.6310000000000001,1,1,1,0.3333333333333333,0.3333333333333333,0.3333333333333333,0,,,,,,0,0,0,,,,2,-0.07655,-0.07655,0.111,0.2165,0.6725000000000001,0,1,1,0.0,0.5,0.5,1,0.5106,0.5106,0.452,0.0,0.548,1,0,0,1.0,0.0,0.0
2011-03-16,1,-0.2023,-0.2023,0.0,0.412,0.588,0,1,0,0.0,1.0,0.0,0,,,,,,0,0,0,,,,1,-0.2023,-0.2023,0.0,0.412,0.588,0,1,0,0.0,1.0,0.0,0,,,,,,0,0,0,,,
2011-03-21,1,0.296,0.296,0.268,0.0,0.732,1,0,0,1.0,0.0,0.0,1,0.296,0.296,0.268,0.0,0.732,1,0,0,1.0,0.0,0.0,0,,,,,,0,0,0,,,,0,,,,,,0,0,0,,,
2011-03-22,1,0.0,0.0,0.0,0.0,1.0,0,0,1,0.0,0.0,1.0,0,,,,,,0,0,0,,,,0,,,,,,0,0,0,,,,1,0.0,0.0,0.0,0.0,1.0,0,0,1,0.0,0.0,1.0
2011-03-23,1,0.0,0.0,0.0,0.0,1.0,0,0,1,0.0,0.0,1.0,1,0.0,0.0,0.0,0.0,1.0,0,0,1,0.0,0.0,1.0,0,,,,,,0,0,0,,,,0,,,,,,0,0,0,,,
2011-03-24,2,0.0,0.0,0.0,0.0,1.0,0,0,2,0.0,0.0,1.0,1,0.0,0.0,0.0,0.0,1.0,0,0,1,0.0,0.0,1.0,1,0.0,0.0,0.0,0.0,1.0,0,0,1,0.0,0.0,1.0,0,,,,,,0,0,0,,,
2011-03-30,1,-0.296,-0.296,0.0,0.216,0.784,0,1,0,0.0,1.0,0.0,0,,,,,,0,0,0,,,,0,,,,,,0,0,0,,,,1,-0.296,-0.296,0.0,0.216,0.784,0,1,0,0.0,1.0,0.0
2011-03-31,1,-0.6597,-0.6597,0.0,0.519,0.481,0,1,0,0.0,1.0,0.0,0,,,,,,0,0,0,,,,0,,,,,,0,0,0,,,,1,-0.6597,-0.6597,0.0,0.519,0.481,0,1,0,0.0,1.0,0.0
2011-04-04,1,0.0,0.0,0.0,0.0,1.0,0,0,1,0.0,0.0,1.0,0,,,,,,0,0,0,,,,0,,,,,,0,0,0,,,,1,0.0,0.0,0.0,0.0,1.0,0,0,1,0.0,0.0,1.0
2011-04-05,1,-0.4019,-0.4019,0.0,0.31,0.69,0,1,0,0.0,1.0,0.0,0,,,,,,0,0,0,,,,1,-0.4019,-0.4019,0.0,0.31,0.69,0,1,0,0.0,1.0,0.0,0,,,,,,0,0,0,,,
2011-04-06,2,-0.29205,-0.29205,0.0,0.2835,0.7164999999999999,0,2,0,0.0,1.0,0.0,0,,,,,,0,0,0,,,,1,-0.2023,-0.2023,0.0,0.265,0.735,0,1,0,0.0,1.0,0.0,1,-0.3818,-0.3818,0.0,0.302,0.698,0,1,0,0.0,1.0,0.0
2011-04-08,1,0.0,0.0,0.0,0.0,1.0,0,0,1,0.0,0.0,1.0,0,,,,,,0,0,0,,,,0,,,,,,0,0,0,,,,1,0.0,0.0,0.0,0.0,1.0,0,0,1,0.0,0.0,1.0
2011-04-11,2,0.11315,0.11315,0.2455,0.108,0.6465,1,0,1,0.5,0.0,0.5,0,,,,,,0,0,0,,,,2,0.11315,0.11315,0.2455,0.108,0.6465,1,0,1,0.5,0.0,0.5,0,,,,,,0,0,0,,,
2011-04-12,1,-0.2732,-0.2732,0.0,0.296,0.704,0,1,0,0.0,1.0,0.0,0,,,,,,0,0,0,,,,1,-0.2732,-0.2732,0.0,0.296,0.704,0,1,0,0.0,1.0,0.0,0,,,,,,0,0,0,,,
2011-04-13,3,-0.23663333333333333,-0.34,0.16966666666666666,0.3283333333333333,0.502,1,2,0,0.3333333333333333,0.6666666666666666,0.0,2,-0.38075000000000003,-0.38075000000000003,0.115,0.3645,0.5205,0,2,0,0.0,1.0,0.0,1,0.0516,0.0516,0.279,0.256,0.465,1,0,0,1.0,0.0,0.0,0,,,,,,0,0,0,,,
2011-04-18,2,-0.19785,-0.19785,0.108,0.1795,0.7125,0,1,1,0.0,0.5,0.5,0,,,,,,0,0,0,,,,0,,,,,,0,0,0,,,,2,-0.19785,-0.19785,0.108,0.1795,0.7125,0,1,1,0.0,0.5,0.5
2011-04-19,1,0.0,0.0,0.0,0.0,1.0,0,0,1,0.0,0.0,1.0,0,,,,,,0,0,0,,,,0,,,,,,0,0,0,,,,1,0.0,0.0,0.0,0.0,1.0,0,0,1,0.0,0.0,1.0
2011-04-20,2,0.0,0.0,0.0,0.0,1.0,0,0,2,0.0,0.0,1.0,0,,,,,,0,0,0,,,,0,,,,,,0,0,0,,,,2,0.0,0.0,0.0,0.0,1.0,0,0,2,0.0,0.0,1.0
2011-04-27,2,0.2202,0.2202,0.1465,0.0,0.8534999999999999,1,0,1,0.5,0.0,0.5,1,0.4404,0.4404,0.293,0.0,0.707,1,0,0,1.0,0.0,0.0,0,,,,,,0,0,0,,,,1,0.0,0.0,0.0,0.0,1.0,0,0,1,0.0,0.0,1.0
2011-04-28,1,-0.2023,-0.2023,0.0,0.231,0.769,0,1,0,0.0,1.0,0.0,0,,,,,,0,0,0,,,,1,-0.2023,-0.2023,0.0,0.231,0.769,0,1,0,0.0,1.0,0.0,0,,,,,,0,0,0,,,
2011-05-03,1,-0.3818,-0.3818,0.0,0.302,0.698,0,1,0,0.0,1.0,0.0,0,,,,,,0,0,0,,,,0,,,,,,0,0,0,,,,1,-0.3818,-0.3818,0.0,0.302,0.698,0,1,0,0.0,1.0,0.0
2011-05-09,3,-0.24996666666666667,-0.2732,0.072,0.26933333333333337,0.6586666666666666,0,2,1,0.0,0.6666666666666666,0.3333333333333333,1,-0.4767,-0.4767,0.216,0.464,0.32,0,1,0,0.0,1.0,0.0,0,,,,,,0,0,0,,,,3,-0.24996666666666667,-0.2732,0.072,0.26933333333333337,0.6586666666666666,0,2,1,0.0,0.6666666666666666,0.3333333333333333
2011-05-12,1,0.0772,0.0772,0.224,0.188,0.588,1,0,0,1.0,0.0,0.0,0,,,,,,0,0,0,,,,1,0.0772,0.0772,0.224,0.188,0.588,1,0,0,1.0,0.0,0.0,0,,,,,,0,0,0,,,
2011-05-16,1,0.0,0.0,0.0,0.0,1.0,0,0,1,0.0,0.0,1.0,0,,,,,,0,0,0,,,,0,,,,,,0,0,0,,,,1,0.0,0.0,0.0,0.0,1.0,0,0,1,0.0,0.0,1.0
2011-05-18,1,-0.0516,-0.0516,0.0,0.146,0.854,0,1,0,0.0,1.0,0.0,0,,,,,,0,0,0,,,,0,,,,,,0,0,0,,,,1,-0.0516,-0.0516,0.0,0.146,0.854,0,1,0,0.0,1.0,0.0
2011-05-23,1,0.0258,0.0258,0.155,0.0,0.845,0,0,1,0.0,0.0,1.0,0,,,,,,0,0,0,,,,0,,,,,,0,0,0,,,,1,0.0258,0.0258,0.155,0.0,0.845,0,0,1,0.0,0.0,1.0
2011-05-25,1,-0.7096,-0.7096,0.0,0.541,0.459,0,1,0,0.0,1.0,0.0,1,-0.7096,-0.7096,0.0,0.541,0.459,0,1,0,0.0,1.0,0.0,0,,,,,,0,0,0,,,,0,,,,,,0,0,0,,,
2011-05-30,1,-0.1027,-0.1027,0.0,0.189,0.811,0,1,0,0.0,1.0,0.0,0,,,,,,0,0,0,,,,0,,,,,,0,0,0,,,,1,-0.1027,-0.1027,0.0,0.189,0.811,0,1,0,0.0,1.0,0.0
2011-06-02,2,-0.17,-0.17,0.0,0.2725,0.7275,0,1,1,0.0,0.5,0.5,0,,,,,,0,0,0,,,,1,-0.34,-0.34,0.0,0.545,0.455,0,1,0,0.0,1.0,0.0,1,0.0,0.0,0.0,0.0,1.0,0,0,1,0.0,0.0,1.0
2011-06-06,1,0.0,0.0,0.0,0.0,1.0,0,0,1,0.0,0.0,1.0,0,,,,,,0,0,0,,,,0,,,,,,0,0,0,,,,1,0.0,0.0,0.0,0.0,1.0,0,0,1,0.0,0.0,1.0
2011-06-24,1,0.3612,0.3612,0.294,0.0,0.706,1,0,0,1.0,0.0,0.0,1,0.3612,0.3612,0.294,0.0,0.706,1,0,0,1.0,0.0,0.0,0,,,,,,0,0,0,,,,0,,,,,,0,0,0,,,
2011-07-03,1,0.0,0.0,0.0,0.0,1.0,0,0,1,0.0,0.0,1.0,0,,,,,,0,0,0,,,,0,,,,,,0,0,0,,,,1,0.0,0.0,0.0,0.0,1.0,0,0,1,0.0,0.0,1.0
2011-07-27,1,-0.2732,-0.2732,0.0,0.259,0.741,0,1,0,0.0,1.0,0.0,0,,,,,,0,0,0,,,,0,,,,,,0,0,0,,,,1,-0.2732,-0.2732,0.0,0.259,0.741,0,1,0,0.0,1.0,0.0
2011-08-15,1,0.0,0.0,0.0,0.0,1.0,0,0,1,0.0,0.0,1.0,0,,,,,,0,0,0,,,,0,,,,,,0,0,0,,,,1,0.0,0.0,0.0,0.0,1.0,0,0,1,0.0,0.0,1.0
2011-08-25,1,0.0,0.0,0.0,0.0,1.0,0,0,1,0.0,0.0,1.0,1,0.0,0.0,0.0,0.0,1.0,0,0,1,0.0,0.0,1.0,1,0.0,0.0,0.0,0.0,1.0,0,0,1,0.0,0.0,1.0,0,,,,,,0,0,0,,,
2011-09-03,1,0.0,0.0,0.0,0.0,1.0,0,0,1,0.0,0.0,1.0,0,,,,,,0,0,0,,,,1,0.0,0.0,0.0,0.0,1.0,0,0,1,0.0,0.0,1.0,0,,,,,,0,0,0,,,
2011-09-07,1,0.0,0.0,0.0,0.0,1.0,0,0,1,0.0,0.0,1.0,0,,,,,,0,0,0,,,,0,,,,,,0,0,0,,,,1,0.0,0.0,0.0,0.0,1.0,0,0,1,0.0,0.0,1.0
2011-09-12,1,0.0,0.0,0.0,0.0,1.0,0,0,1,0.0,0.0,1.0,0,,,,,,0,0,0,,,,0,,,,,,0,0,0,,,,1,0.0,0.0,0.0,0.0,1.0,0,0,1,0.0,0.0,1.0
2011-09-23,1,0.0,0.0,0.0,0.0,1.0,0,0,1,0.0,0.0,1.0,0,,,,,,0,0,0,,,,0,,,,,,0,0,0,,,,1,0.0,0.0,0.0,0.0,1.0,0,0,1,0.0,0.0,1.0
2011-09-27,2,0.0,0.0,0.0,0.0,1.0,0,0,2,0.0,0.0,1.0,0,,,,,,0,0,0,,,,0,,,,,,0,0,0,,,,2,0.0,0.0,0.0,0.0,1.0,0,0,2,0.0,0.0,1.0
2011-09-30,1,0.0,0.0,0.0,0.0,1.0,0,0,1,0.0,0.0,1.0,0,,,,,,0,0,0,,,,0,,,,,,0,0,0,,,,1,0.0,0.0,0.0,0.0,1.0,0,0,1,0.0,0.0,1.0
2011-10-07,1,0.0,0.0,0.0,0.0,1.0,0,0,1,0.0,0.0,1.0,0,,,,,,0,0,0,,,,0,,,,,,0,0,0,,,,1,0.0,0.0,0.0,0.0,1.0,0,0,1,0.0,0.0,1.0
2011-10-21,1,0.0,0.0,0.0,0.0,1.0,0,0,1,0.0,0.0,1.0,1,0.0,0.0,0.0,0.0,1.0,0,0,1,0.0,0.0,1.0,0,,,,,,0,0,0,,,,0,,,,,,0,0,0,,,
2011-11-03,1,0.0,0.0,0.0,0.0,1.0,0,0,1,0.0,0.0,1.0,0,,,,,,0,0,0,,,,1,0.0,0.0,0.0,0.0,1.0,0,0,1,0.0,0.0,1.0,0,,,,,,0,0,0,,,
2011-11-09,1,0.0,0.0,0.0,0.0,1.0,0,0,1,0.0,0.0,1.0,0,,,,,,0,0,0,,,,0,,,,,,0,0,0,,,,1,0.0,0.0,0.0,0.0,1.0,0,0,1,0.0,0.0,1.0
2011-11-15,1,0.0,0.0,0.0,0.0,1.0,0,0,1,0.0,0.0,1.0,0,,,,,,0,0,0,,,,0,,,,,,0,0,0,,,,1,0.0,0.0,0.0,0.0,1.0,0,0,1,0.0,0.0,1.0
2011-11-16,1,0.0,0.0,0.0,0.0,1.0,0,0,1,0.0,0.0,1.0,0,,,,,,0,0,0,,,,1,0.0,0.0,0.0,0.0,1.0,0,0,1,0.0,0.0,1.0,0,,,,,,0,0,0,,,
2011-11-19,1,-0.34,-0.34,0.17,0.295,0.536,0,1,0,0.0,1.0,0.0,0,,,,,,0,0,0,,,,1,-0.34,-0.34,0.17,0.295,0.536,0,1,0,0.0,1.0,0.0,0,,,,,,0,0,0,,,
2011-11-25,1,-0.4215,-0.4215,0.0,0.318,0.682,0,1,0,0.0,1.0,0.0,0,,,,,,0,0,0,,,,0,,,,,,0,0,0,,,,1,-0.4215,-0.4215,0.0,0.318,0.682,0,1,0,0.0,1.0,0.0
2011-12-05,1,0.0772,0.0772,0.206,0.0,0.794,1,0,0,1.0,0.0,0.0,0,,,,,,0,0,0,,,,1,0.0772,0.0772,0.206,0.0,0.794,1,0,0,1.0,0.0,0.0,0,,,,,,0,0,0,,,
2011-12-06,1,0.25,0.25,0.222,0.0,0.778,1,0,0,1.0,0.0,0.0,0,,,,,,0,0,0,,,,0,,,,,,0,0,0,,,,1,0.25,0.25,0.222,0.0,0.778,1,0,0,1.0,0.0,0.0
2011-12-07,1,0.0,0.0,0.0,0.0,1.0,0,0,1,0.0,0.0,1.0,0,,,,,,0,0,0,,,,0,,,,,,0,0,0,,,,1,0.0,0.0,0.0,0.0,1.0,0,0,1,0.0,0.0,1.0
2011-12-16,1,0.0,0.0,0.0,0.0,1.0,0,0,1,0.0,0.0,1.0,0,,,,,,0,0,0,,,,0,,,,,,0,0,0,,,,1,0.0,0.0,0.0,0.0,1.0,0,0,1,0.0,0.0,1.0
2011-12-19,1,-0.2732,-0.2732,0.0,0.296,0.704,0,1,0,0.0,1.0,0.0,0,,,,,,0,0,0,,,,0,,,,,,0,0,0,,,,1,-0.2732,-0.2732,0.0,0.296,0.704,0,1,0,0.0,1.0,0.0
2011-12-21,2,0.0,0.0,0.0,0.0,1.0,0,0,2,0.0,0.0,1.0,0,,,,,,0,0,0,,,,1,0.0,0.0,0.0,0.0,1.0,0,0,1,0.0,0.0,1.0,1,0.0,0.0,0.0,0.0,1.0,0,0,1,0.0,0.0,1.0
2011-12-28,1,-0.1027,-0.1027,0.0,0.189,0.811,0,1,0,0.0,1.0,0.0,0,,,,,,0,0,0,,,,0,,,,,,0,0,0,,,,1,-0.1027,-0.1027,0.0,0.189,0.811,0,1,0,0.0,1.0,0.0
2011-12-29,1,0.0,0.0,0.0,0.0,1.0,0,0,1,0.0,0.0,1.0,0,,,,,,0,0,0,,,,0,,,,,,0,0,0,,,,1,0.0,0.0,0.0,0.0,1.0,0,0,1,0.0,0.0,1.0
2012-01-02,1,-0.7184,-0.7184,0.0,0.545,0.455,0,1,0,0.0,1.0,0.0,0,,,,,,0,0,0,,,,0,,,,,,0,0,0,,,,1,-0.7184,-0.7184,0.0,0.545,0.455,0,1,0,0.0,1.0,0.0
2012-01-13,2,0.0129,0.0129,0.0605,0.0,0.9395,0,0,2,0.0,0.0,1.0,0,,,,,,0,0,0,,,,2,0.0129,0.0129,0.0605,0.0,0.9395,0,0,2,0.0,0.0,1.0,0,,,,,,0,0,0,,,
2012-01-16,1,-0.296,-0.296,0.0,0.423,0.577,0,1,0,0.0,1.0,0.0,0,,,,,,0,0,0,,,,0,,,,,,0,0,0,,,,1,-0.296,-0.296,0.0,0.423,0.577,0,1,0,0.0,1.0,0.0
2012-01-17,2,-0.05135,-0.05135,0.116,0.14,0.744,0,1,1,0.0,0.5,0.5,0,,,,,,0,0,0,,,,0,,,,,,0,0,0,,,,2,-0.05135,-0.05135,0.116,0.14,0.744,0,1,1,0.0,0.5,0.5
2012-01-20,2,-0.03845,-0.03845,0.1765,0.14,0.6835,0,1,1,0.0,0.5,0.5,0,,,,,,0,0,0,,,,1,0.0258,0.0258,0.121,0.0,0.879,0,0,1,0.0,0.0,1.0,1,-0.1027,-0.1027,0.232,0.28,0.488,0,1,0,0.0,1.0,0.0
2012-01-23,1,-0.5574,-0.5574,0.0,0.375,0.625,0,1,0,0.0,1.0,0.0,0,,,,,,0,0,0,,,,1,-0.5574,-0.5574,0.0,0.375,0.625,0,1,0,0.0,1.0,0.0,0,,,,,,0,0,0,,,
2012-01-24,1,-0.5574,-0.5574,0.0,0.34,0.66,0,1,0,0.0,1.0,0.0,0,,,,,,0,0,0,,,,1,-0.5574,-0.5574,0.0,0.34,0.66,0,1,0,0.0,1.0,0.0,0,,,,,,0,0,0,,,
2012-01-25,1,0.0,0.0,0.0,0.0,1.0,0,0,1,0.0,0.0,1.0,0,,,,,,0,0,0,,,,0,,,,,,0,0,0,,,,1,0.0,0.0,0.0,0.0,1.0,0,0,1,0.0,0.0,1.0
2012-01-26,1,0.0,0.0,0.0,0.0,1.0,0,0,1,0.0,0.0,1.0,0,,,,,,0,0,0,,,,0,,,,,,0,0,0,,,,1,0.0,0.0,0.0,0.0,1.0,0,0,1,0.0,0.0,1.0
2012-02-14,1,0.0,0.0,0.0,0.0,1.0,0,0,1,0.0,0.0,1.0,0,,,,,,0,0,0,,,,0,,,,,,0,0,0,,,,1,0.0,0.0,0.0,0.0,1.0,0,0,1,0.0,0.0,1.0
2012-02-20,2,-0.07655,-0.07655,0.0,0.1055,0.8945000000000001,0,1,1,0.0,0.5,0.5,0,,,,,,0,0,0,,,,1,-0.1531,-0.1531,0.0,0.211,0.789,0,1,0,0.0,1.0,0.0,1,0.0,0.0,0.0,0.0,1.0,0,0,1,0.0,0.0,1.0
2012-02-21,1,0.2263,0.2263,0.322,0.0,0.678,1,0,0,1.0,0.0,0.0,0,,,,,,0,0,0,,,,1,0.2263,0.2263,0.322,0.0,0.678,1,0,0,1.0,0.0,0.0,0,,,,,,0,0,0,,,
2012-02-28,1,-0.4019,-0.4019,0.0,0.351,0.649,0,1,0,0.0,1.0,0.0,1,-0.4019,-0.4019,0.0,0.351,0.649,0,1,0,0.0,1.0,0.0,1,-0.4019,-0.4019,0.0,0.351,0.649,0,1,0,0.0,1.0,0.0,0,,,,,,0,0,0,,,
2012-02-29,2,0.11315,0.11315,0.161,0.0,0.839,1,0,1,0.5,0.0,0.5,1,0.0,0.0,0.0,0.0,1.0,0,0,1,0.0,0.0,1.0,2,0.11315,0.11315,0.161,0.0,0.839,1,0,1,0.5,0.0,0.5,0,,,,,,0,0,0,,,
2012-03-12,1,0.0,0.0,0.0,0.0,1.0,0,0,1,0.0,0.0,1.0,0,,,,,,0,0,0,,,,1,0.0,0.0,0.0,0.0,1.0,0,0,1,0.0,0.0,1.0,0,,,,,,0,0,0,,,
2012-03-13,1,0.0,0.0,0.0,0.0,1.0,0,0,1,0.0,0.0,1.0,0,,,,,,0,0,0,,,,0,,,,,,0,0,0,,,,1,0.0,0.0,0.0,0.0,1.0,0,0,1,0.0,0.0,1.0
2012-03-26,1,-0.5709,-0.5709,0.0,0.425,0.575,0,1,0,0.0,1.0,0.0,1,-0.5709,-0.5709,0.0,0.425,0.575,0,1,0,0.0,1.0,0.0,0,,,,,,0,0,0,,,,0,,,,,,0,0,0,,,
2012-03-30,2,0.0,0.0,0.0,0.0,1.0,0,0,2,0.0,0.0,1.0,0,,,,,,0,0,0,,,,0,,,,,,0,0,0,,,,2,0.0,0.0,0.0,0.0,1.0,0,0,2,0.0,0.0,1.0
2012-04-05,1,0.3612,0.3612,0.385,0.0,0.615,1,0,0,1.0,0.0,0.0,0,,,,,,0,0,0,,,,0,,,,,,0,0,0,,,,1,0.3612,0.3612,0.385,0.0,0.615,1,0,0,1.0,0.0,0.0
2012-04-10,1,0.0,0.0,0.0,0.0,1.0,0,0,1,0.0,0.0,1.0,0,,,,,,0,0,0,,,,0,,,,,,0,0,0,,,,1,0.0,0.0,0.0,0.0,1.0,0,0,1,0.0,0.0,1.0
2012-04-11,2,-0.21075,-0.21075,0.0,0.206,0.794,0,1,1,0.0,0.5,0.5,0,,,,,,0,0,0,,,,0,,,,,,0,0,0,,,,2,-0.21075,-0.21075,0.0,0.206,0.794,0,1,1,0.0,0.5,0.5
2012-04-15,1,-0.4019,-0.4019,0.0,0.31,0.69,0,1,0,0.0,1.0,0.0,0,,,,,,0,0,0,,,,1,-0.4019,-0.4019,0.0,0.31,0.69,0,1,0,0.0,1.0,0.0,0,,,,,,0,0,0,,,
2012-05-03,1,0.0,0.0,0.0,0.0,1.0,0,0,1,0.0,0.0,1.0,0,,,,,,0,0,0,,,,0,,,,,,0,0,0,,,,1,0.0,0.0,0.0,0.0,1.0,0,0,1,0.0,0.0,1.0
2012-05-04,3,0.15293333333333334,0.0,0.111,0.0,0.8889999999999999,1,0,2,0.3333333333333333,0.0,0.6666666666666666,0,,,,,,0,0,0,,,,0,,,,,,0,0,0,,,,3,0.15293333333333334,0.0,0.111,0.0,0.8889999999999999,1,0,2,0.3333333333333333,0.0,0.6666666666666666
2012-05-07,1,0.2263,0.2263,0.241,0.0,0.759,1,0,0,1.0,0.0,0.0,0,,,,,,0,0,0,,,,1,0.2263,0.2263,0.241,0.0,0.759,1,0,0,1.0,0.0,0.0,0,,,,,,0,0,0,,,
2012-05-14,1,0.2263,0.2263,0.322,0.0,0.678,1,0,0,1.0,0.0,0.0,0,,,,,,0,0,0,,,,1,0.2263,0.2263,0.322,0.0,0.678,1,0,0,1.0,0.0,0.0,0,,,,,,0,0,0,,,
2012-05-16,1,0.0,0.0,0.0,0.0,1.0,0,0,1,0.0,0.0,1.0,0,,,,,,0,0,0,,,,0,,,,,,0,0,0,,,,1,0.0,0.0,0.0,0.0,1.0,0,0,1,0.0,0.0,1.0
2012-05-17,1,0.0,0.0,0.0,0.0,1.0,0,0,1,0.0,0.0,1.0,0,,,,,,0,0,0,,,,0,,,,,,0,0,0,,,,1,0.0,0.0,0.0,0.0,1.0,0,0,1,0.0,0.0,1.0
2012-05-24,1,-0.1851,-0.1851,0.223,0.283,0.494,0,1,0,0.0,1.0,0.0,1,-0.1851,-0.1851,0.223,0.283,0.494,0,1,0,0.0,1.0,0.0,0,,,,,,0,0,0,,,,0,,,,,,0,0,0,,,
2012-05-29,2,0.11315,0.11315,0.1205,0.0,0.8795,1,0,1,0.5,0.0,0.5,0,,,,,,0,0,0,,,,1,0.2263,0.2263,0.241,0.0,0.759,1,0,0,1.0,0.0,0.0,1,0.0,0.0,0.0,0.0,1.0,0,0,1,0.0,0.0,1.0
2012-06-07,1,0.0,0.0,0.0,0.0,1.0,0,0,1,0.0,0.0,1.0,0,,,,,,0,0,0,,,,1,0.0,0.0,0.0,0.0,1.0,0,0,1,0.0,0.0,1.0,0,,,,,,0,0,0,,,
2012-06-15,2,-0.28595,-0.28595,0.0,0.2405,0.7595000000000001,0,1,1,0.0,0.5,0.5,0,,,,,,0,0,0,,,,0,,,,,,0,0,0,,,,2,-0.28595,-0.28595,0.0,0.2405,0.7595000000000001,0,1,1,0.0,0.5,0.5
2012-06-28,2,0.0,0.0,0.0,0.0,1.0,0,0,2,0.0,0.0,1.0,0,,,,,,0,0,0,,,,1,0.0,0.0,0.0,0.0,1.0,0,0,1,0.0,0.0,1.0,1,0.0,0.0,0.0,0.0,1.0,0,0,1,0.0,0.0,1.0
2012-06-29,1,0.0,0.0,0.0,0.0,1.0,0,0,1,0.0,0.0,1.0,0,,,,,,0,0,0,,,,0,,,,,,0,0,0,,,,1,0.0,0.0,0.0,0.0,1.0,0,0,1,0.0,0.0,1.0
2012-07-02,1,-0.25,-0.25,0.0,0.25,0.75,0,1,0,0.0,1.0,0.0,0,,,,,,0,0,0,,,,1,-0.25,-0.25,0.0,0.25,0.75,0,1,0,0.0,1.0,0.0,0,,,,,,0,0,0,,,
2012-07-03,1,0.0,0.0,0.0,0.0,1.0,0,0,1,0.0,0.0,1.0,0,,,,,,0,0,0,,,,0,,,,,,0,0,0,,,,1,0.0,0.0,0.0,0.0,1.0,0,0,1,0.0,0.0,1.0
2012-07-05,1,0.0,0.0,0.0,0.0,1.0,0,0,1,0.0,0.0,1.0,0,,,,,,0,0,0,,,,0,,,,,,0,0,0,,,,1,0.0,0.0,0.0,0.0,1.0,0,0,1,0.0,0.0,1.0
2012-07-26,1,-0.4215,-0.4215,0.0,0.318,0.682,0,1,0,0.0,1.0,0.0,0,,,,,,0,0,0,,,,1,-0.4215,-0.4215,0.0,0.318,0.682,0,1,0,0.0,1.0,0.0,0,,,,,,0,0,0,,,
2012-08-08,1,0.2263,0.2263,0.241,0.0,0.759,1,0,0,1.0,0.0,0.0,0,,,,,,0,0,0,,,,1,0.2263,0.2263,0.241,0.0,0.759,1,0,0,1.0,0.0,0.0,0,,,,,,0,0,0,,,
2012-08-13,1,-0.4215,-0.4215,0.0,0.286,0.714,0,1,0,0.0,1.0,0.0,0,,,,,,0,0,0,,,,0,,,,,,0,0,0,,,,1,-0.4215,-0.4215,0.0,0.286,0.714,0,1,0,0.0,1.0,0.0
2012-08-22,1,0.4019,0.4019,0.31,0.0,0.69,1,0,0,1.0,0.0,0.0,0,,,,,,0,0,0,,,,0,,,,,,0,0,0,,,,1,0.4019,0.4019,0.31,0.0,0.69,1,0,0,1.0,0.0,0.0
2012-08-27,2,-0.2732,-0.2732,0.0,0.259,0.741,0,2,0,0.0,1.0,0.0,0,,,,,,0,0,0,,,,0,,,,,,0,0,0,,,,2,-0.2732,-0.2732,0.0,0.259,0.741,0,2,0,0.0,1.0,0.0
2012-08-28,1,-0.2732,-0.2732,0.0,0.296,0.704,0,1,0,0.0,1.0,0.0,0,,,,,,0,0,0,,,,0,,,,,,0,0,0,,,,1,-0.2732,-0.2732,0.0,0.296,0.704,0,1,0,0.0,1.0,0.0
2012-08-30,1,-0.6124,-0.6124,0.177,0.5,0.323,0,1,0,0.0,1.0,0.0,0,,,,,,0,0,0,,,,1,-0.6124,-0.6124,0.177,0.5,0.323,0,1,0,0.0,1.0,0.0,0,,,,,,0,0,0,,,
2012-09-02,1,0.0516,0.0516,0.146,0.0,0.854,1,0,0,1.0,0.0,0.0,0,,,,,,0,0,0,,,,0,,,,,,0,0,0,,,,1,0.0516,0.0516,0.146,0.0,0.854,1,0,0,1.0,0.0,0.0
2012-09-13,1,-0.296,-0.296,0.0,0.239,0.761,0,1,0,0.0,1.0,0.0,0,,,,,,0,0,0,,,,1,-0.296,-0.296,0.0,0.239,0.761,0,1,0,0.0,1.0,0.0,0,,,,,,0,0,0,,,
2012-09-27,1,-0.2732,-0.2732,0.0,0.208,0.792,0,1,0,0.0,1.0,0.0,0,,,,,,0,0,0,,,,0,,,,,,0,0,0,,,,1,-0.2732,-0.2732,0.0,0.208,0.792,0,1,0,0.0,1.0,0.0
2012-10-04,1,-0.5719,-0.5719,0.0,0.425,0.575,0,1,0,0.0,1.0,0.0,1,-0.5719,-0.5719,0.0,0.425,0.575,0,1,0,0.0,1.0,0.0,0,,,,,,0,0,0,,,,0,,,,,,0,0,0,,,
2012-10-09,1,0.2263,0.2263,0.241,0.0,0.759,1,0,0,1.0,0.0,0.0,0,,,,,,0,0,0,,,,1,0.2263,0.2263,0.241,0.0,0.759,1,0,0,1.0,0.0,0.0,0,,,,,,0,0,0,,,
2012-10-11,1,0.0,0.0,0.0,0.0,1.0,0,0,1,0.0,0.0,1.0,0,,,,,,0,0,0,,,,0,,,,,,0,0,0,,,,1,0.0,0.0,0.0,0.0,1.0,0,0,1,0.0,0.0,1.0
2012-10-19,3,-0.4134333333333333,-0.3818,0.0,0.34166666666666673,0.6583333333333333,0,3,0,0.0,1.0,0.0,0,,,,,,0,0,0,,,,0,,,,,,0,0,0,,,,3,-0.4134333333333333,-0.3818,0.0,0.34166666666666673,0.6583333333333333,0,3,0,0.0,1.0,0.0
2012-11-12,1,-0.4215,-0.4215,0.0,0.359,0.641,0,1,0,0.0,1.0,0.0,0,,,,,,0,0,0,,,,1,-0.4215,-0.4215,0.0,0.359,0.641,0,1,0,0.0,1.0,0.0,0,,,,,,0,0,0,,,
2012-12-06,3,-0.49853333333333333,-0.5859,0.0,0.5416666666666666,0.4583333333333333,0,3,0,0.0,1.0,0.0,0,,,,,,0,0,0,,,,2,-0.41795,-0.41795,0.0,0.5529999999999999,0.44699999999999995,0,2,0,0.0,1.0,0.0,1,-0.6597,-0.6597,0.0,0.519,0.481,0,1,0,0.0,1.0,0.0
2012-12-10,1,-0.4215,-0.4215,0.202,0.36,0.439,0,1,0,0.0,1.0,0.0,0,,,,,,0,0,0,,,,1,-0.4215,-0.4215,0.202,0.36,0.439,0,1,0,0.0,1.0,0.0,0,,,,,,0,0,0,,,
2012-12-11,3,-0.01986666666666666,-0.25,0.12233333333333334,0.20633333333333334,0.6713333333333334,1,2,0,0.3333333333333333,0.6666666666666666,0.0,0,,,,,,0,0,0,,,,3,-0.01986666666666666,-0.25,0.12233333333333334,0.20633333333333334,0.6713333333333334,1,2,0,0.3333333333333333,0.6666666666666666,0.0,0,,,,,,0,0,0,,,
2012-12-13,1,-0.4404,-0.4404,0.0,0.661,0.339,0,1,0,0.0,1.0,0.0,0,,,,,,0,0,0,,,,1,-0.4404,-0.4404,0.0,0.661,0.339,0,1,0,0.0,1.0,0.0,0,,,,,,0,0,0,,,
2012-12-17,1,-0.296,-0.296,0.0,0.306,0.694,0,1,0,0.0,1.0,0.0,0,,,,,,0,0,0,,,,0,,,,,,0,0,0,,,,1,-0.296,-0.296,0.0,0.306,0.694,0,1,0,0.0,1.0,0.0
2012-12-21,1,0.4019,0.4019,0.31,0.0,0.69,1,0,0,1.0,0.0,0.0,0,,,,,,0,0,0,,,,0,,,,,,0,0,0,,,,1,0.4019,0.4019,0.31,0.0,0.69,1,0,0,1.0,0.0,0.0
2013-01-10,1,0.2263,0.2263,0.241,0.0,0.759,1,0,0,1.0,0.0,0.0,0,,,,,,0,0,0,,,,1,0.2263,0.2263,0.241,0.0,0.759,1,0,0,1.0,0.0,0.0,0,,,,,,0,0,0,,,
2013-01-24,1,0.0,0.0,0.0,0.0,1.0,0,0,1,0.0,0.0,1.0,0,,,,,,0,0,0,,,,1,0.0,0.0,0.0,0.0,1.0,0,0,1,0.0,0.0,1.0,0,,,,,,0,0,0,,,
2013-01-28,1,0.296,0.296,0.268,0.0,0.732,1,0,0,1.0,0.0,0.0,1,0.296,0.296,0.268,0.0,0.732,1,0,0,1.0,0.0,0.0,1,0.296,0.296,0.268,0.0,0.732,1,0,0,1.0,0.0,0.0,0,,,,,,0,0,0,,,
2013-01-29,1,0.0,0.0,0.0,0.0,1.0,0,0,1,0.0,0.0,1.0,0,,,,,,0,0,0,,,,1,0.0,0.0,0.0,0.0,1.0,0,0,1,0.0,0.0,1.0,0,,,,,,0,0,0,,,
2013-02-01,1,0.0,0.0,0.0,0.0,1.0,0,0,1,0.0,0.0,1.0,0,,,,,,0,0,0,,,,1,0.0,0.0,0.0,0.0,1.0,0,0,1,0.0,0.0,1.0,0,,,,,,0,0,0,,,
2013-02-08,1,-0.5719,-0.5719,0.0,0.425,0.575,0,1,0,0.0,1.0,0.0,0,,,,,,0,0,0,,,,0,,,,,,0,0,0,,,,1,-0.5719,-0.5719,0.0,0.425,0.575,0,1,0,0.0,1.0,0.0
2013-02-11,1,-0.128,-0.128,0.0,0.231,0.769,0,1,0,0.0,1.0,0.0,0,,,,,,0,0,0,,,,0,,,,,,0,0,0,,,,1,-0.128,-0.128,0.0,0.231,0.769,0,1,0,0.0,1.0,0.0
2013-02-13,2,0.20095,0.20095,0.155,0.0,0.845,1,0,1,0.5,0.0,0.5,0,,,,,,0,0,0,,,,2,0.20095,0.20095,0.155,0.0,0.845,1,0,1,0.5,0.0,0.5,0,,,,,,0,0,0,,,
2013-02-15,1,0.0,0.0,0.0,0.0,1.0,0,0,1,0.0,0.0,1.0,0,,,,,,0,0,0,,,,1,0.0,0.0,0.0,0.0,1.0,0,0,1,0.0,0.0,1.0,0,,,,,,0,0,0,,,
2013-02-19,1,0.0,0.0,0.0,0.0,1.0,0,0,1,0.0,0.0,1.0,0,,,,,,0,0,0,,,,0,,,,,,0,0,0,,,,1,0.0,0.0,0.0,0.0,1.0,0,0,1,0.0,0.0,1.0
2013-02-25,4,0.090925,0.0,0.1275,0.05775,0.81475,1,1,2,0.25,0.25,0.5,1,-0.2732,-0.2732,0.0,0.231,0.769,0,1,0,0.0,1.0,0.0,2,-0.1366,-0.1366,0.0,0.1155,0.8845000000000001,0,1,1,0.0,0.5,0.5,2,0.31845,0.31845,0.255,0.0,0.745,1,0,1,0.5,0.0,0.5
2013-02-26,1,-0.4404,-0.4404,0.0,0.367,0.633,0,1,0,0.0,1.0,0.0,0,,,,,,0,0,0,,,,0,,,,,,0,0,0,,,,1,-0.4404,-0.4404,0.0,0.367,0.633,0,1,0,0.0,1.0,0.0
2013-02-27,2,0.18285,0.18285,0.1325,0.0,0.8674999999999999,1,0,1,0.5,0.0,0.5,0,,,,,,0,0,0,,,,0,,,,,,0,0,0,,,,2,0.18285,0.18285,0.1325,0.0,0.8674999999999999,1,0,1,0.5,0.0,0.5
2013-03-04,1,0.2263,0.2263,0.213,0.0,0.787,1,0,0,1.0,0.0,0.0,0,,,,,,0,0,0,,,,1,0.2263,0.2263,0.213,0.0,0.787,1,0,0,1.0,0.0,0.0,0,,,,,,0,0,0,,,
2013-03-15,1,0.0,0.0,0.0,0.0,1.0,0,0,1,0.0,0.0,1.0,0,,,,,,0,0,0,,,,0,,,,,,0,0,0,,,,1,0.0,0.0,0.0,0.0,1.0,0,0,1,0.0,0.0,1.0
2013-03-28,1,-0.5719,-0.5719,0.0,0.425,0.575,0,1,0,0.0,1.0,0.0,0,,,,,,0,0,0,,,,0,,,,,,0,0,0,,,,1,-0.5719,-0.5719,0.0,0.425,0.575,0,1,0,0.0,1.0,0.0
2013-04-11,1,0.2263,0.2263,0.275,0.0,0.725,1,0,0,1.0,0.0,0.0,0,,,,,,0,0,0,,,,1,0.2263,0.2263,0.275,0.0,0.725,1,0,0,1.0,0.0,0.0,0,,,,,,0,0,0,,,
2013-04-22,1,0.4939,0.4939,0.39,0.0,0.61,1,0,0,1.0,0.0,0.0,0,,,,,,0,0,0,,,,0,,,,,,0,0,0,,,,1,0.4939,0.4939,0.39,0.0,0.61,1,0,0,1.0,0.0,0.0
2013-04-23,1,0.0,0.0,0.0,0.0,1.0,0,0,1,0.0,0.0,1.0,0,,,,,,0,0,0,,,,0,,,,,,0,0,0,,,,1,0.0,0.0,0.0,0.0,1.0,0,0,1,0.0,0.0,1.0
2013-05-02,2,-0.27475,-0.27475,0.0,0.247,0.753,0,2,0,0.0,1.0,0.0,0,,,,,,0,0,0,,,,2,-0.27475,-0.27475,0.0,0.247,0.753,0,2,0,0.0,1.0,0.0,0,,,,,,0,0,0,,,
2013-05-06,1,0.0,0.0,0.0,0.0,1.0,0,0,1,0.0,0.0,1.0,0,,,,,,0,0,0,,,,0,,,,,,0,0,0,,,,1,0.0,0.0,0.0,0.0,1.0,0,0,1,0.0,0.0,1.0
2013-05-10,1,0.0,0.0,0.0,0.0,1.0,0,0,1,0.0,0.0,1.0,0,,,,,,0,0,0,,,,0,,,,,,0,0,0,,,,1,0.0,0.0,0.0,0.0,1.0,0,0,1,0.0,0.0,1.0
2013-05-14,1,-0.6808,-0.6808,0.0,0.338,0.662,0,1,0,0.0,1.0,0.0,0,,,,,,0,0,0,,,,0,,,,,,0,0,0,,,,1,-0.6808,-0.6808,0.0,0.338,0.662,0,1,0,0.0,1.0,0.0
2013-05-16,2,0.0,0.0,0.0,0.0,1.0,0,0,2,0.0,0.0,1.0,1,0.0,0.0,0.0,0.0,1.0,0,0,1,0.0,0.0,1.0,0,,,,,,0,0,0,,,,1,0.0,0.0,0.0,0.0,1.0,0,0,1,0.0,0.0,1.0
2013-05-19,1,0.0,0.0,0.0,0.0,1.0,0,0,1,0.0,0.0,1.0,0,,,,,,0,0,0,,,,1,0.0,0.0,0.0,0.0,1.0,0,0,1,0.0,0.0,1.0,0,,,,,,0,0,0,,,
2013-05-20,1,0.0,0.0,0.0,0.0,1.0,0,0,1,0.0,0.0,1.0,0,,,,,,0,0,0,,,,0,,,,,,0,0,0,,,,1,0.0,0.0,0.0,0.0,1.0,0,0,1,0.0,0.0,1.0
2013-05-27,2,0.0,0.0,0.0,0.0,1.0,0,0,2,0.0,0.0,1.0,0,,,,,,0,0,0,,,,1,0.0,0.0,0.0,0.0,1.0,0,0,1,0.0,0.0,1.0,1,0.0,0.0,0.0,0.0,1.0,0,0,1,0.0,0.0,1.0
2013-06-12,1,-0.3818,-0.3818,0.0,0.342,0.658,0,1,0,0.0,1.0,0.0,0,,,,,,0,0,0,,,,0,,,,,,0,0,0,,,,1,-0.3818,-0.3818,0.0,0.342,0.658,0,1,0,0.0,1.0,0.0
2013-06-14,1,0.0,0.0,0.0,0.0,1.0,0,0,1,0.0,0.0,1.0,0,,,,,,0,0,0,,,,0,,,,,,0,0,0,,,,1,0.0,0.0,0.0,0.0,1.0,0,0,1,0.0,0.0,1.0
2013-06-17,1,0.0,0.0,0.0,0.0,1.0,0,0,1,0.0,0.0,1.0,0,,,,,,0,0,0,,,,0,,,,,,0,0,0,,,,1,0.0,0.0,0.0,0.0,1.0,0,0,1,0.0,0.0,1.0
2013-06-18,3,-0.14286666666666667,-0.2023,0.08233333333333333,0.16966666666666666,0.7480000000000001,0,2,1,0.0,0.6666666666666666,0.3333333333333333,1,0.0,0.0,0.0,0.0,1.0,0,0,1,0.0,0.0,1.0,0,,,,,,0,0,0,,,,2,-0.2143,-0.2143,0.1235,0.2545,0.622,0,2,0,0.0,1.0,0.0
2013-06-21,1,0.0,0.0,0.0,0.0,1.0,0,0,1,0.0,0.0,1.0,0,,,,,,0,0,0,,,,1,0.0,0.0,0.0,0.0,1.0,0,0,1,0.0,0.0,1.0,0,,,,,,0,0,0,,,
2013-06-22,1,0.0,0.0,0.0,0.0,1.0,0,0,1,0.0,0.0,1.0,0,,,,,,0,0,0,,,,0,,,,,,0,0,0,,,,1,0.0,0.0,0.0,0.0,1.0,0,0,1,0.0,0.0,1.0
2013-07-08,1,-0.5719,-0.5719,0.0,0.346,0.654,0,1,0,0.0,1.0,0.0,1,-0.5719,-0.5719,0.0,0.346,0.654,0,1,0,0.0,1.0,0.0,0,,,,,,0,0,0,,,,0,,,,,,0,0,0,,,
2013-07-09,1,0.0,0.0,0.0,0.0,1.0,0,0,1,0.0,0.0,1.0,0,,,,,,0,0,0,,,,0,,,,,,0,0,0,,,,1,0.0,0.0,0.0,0.0,1.0,0,0,1,0.0,0.0,1.0
2013-07-10,1,-0.4215,-0.4215,0.17,0.375,0.455,0,1,0,0.0,1.0,0.0,0,,,,,,0,0,0,,,,0,,,,,,0,0,0,,,,1,-0.4215,-0.4215,0.17,0.375,0.455,0,1,0,0.0,1.0,0.0
2013-07-12,1,-0.1027,-0.1027,0.0,0.189,0.811,0,1,0,0.0,1.0,0.0,0,,,,,,0,0,0,,,,0,,,,,,0,0,0,,,,1,-0.1027,-0.1027,0.0,0.189,0.811,0,1,0,0.0,1.0,0.0
2013-07-15,1,0.0,0.0,0.0,0.0,1.0,0,0,1,0.0,0.0,1.0,0,,,,,,0,0,0,,,,0,,,,,,0,0,0,,,,1,0.0,0.0,0.0,0.0,1.0,0,0,1,0.0,0.0,1.0
2013-07-16,1,0.4215,0.4215,0.259,0.0,0.741,1,0,0,1.0,0.0,0.0,0,,,,,,0,0,0,,,,1,0.4215,0.4215,0.259,0.0,0.741,1,0,0,1.0,0.0,0.0,0,,,,,,0,0,0,,,
2013-07-18,2,-0.14215000000000003,-0.14215000000000003,0.1065,0.262,0.6315,1,1,0,0.5,0.5,0.0,0,,,,,,0,0,0,,,,1,0.2263,0.2263,0.213,0.0,0.787,1,0,0,1.0,0.0,0.0,1,-0.5106,-0.5106,0.0,0.524,0.476,0,1,0,0.0,1.0,0.0
2013-07-22,1,0.0,0.0,0.0,0.0,1.0,0,0,1,0.0,0.0,1.0,0,,,,,,0,0,0,,,,0,,,,,,0,0,0,,,,1,0.0,0.0,0.0,0.0,1.0,0,0,1,0.0,0.0,1.0
2013-07-25,1,0.0,0.0,0.0,0.0,1.0,0,0,1,0.0,0.0,1.0,0,,,,,,0,0,0,,,,0,,,,,,0,0,0,,,,1,0.0,0.0,0.0,0.0,1.0,0,0,1,0.0,0.0,1.0
2013-07-26,1,-0.3818,-0.3818,0.0,0.419,0.581,0,1,0,0.0,1.0,0.0,0,,,,,,0,0,0,,,,0,,,,,,0,0,0,,,,1,-0.3818,-0.3818,0.0,0.419,0.581,0,1,0,0.0,1.0,0.0
2013-07-29,1,0.0,0.0,0.0,0.0,1.0,0,0,1,0.0,0.0,1.0,0,,,,,,0,0,0,,,,1,0.0,0.0,0.0,0.0,1.0,0,0,1,0.0,0.0,1.0,0,,,,,,0,0,0,,,
2013-07-30,1,0.0,0.0,0.0,0.0,1.0,0,0,1,0.0,0.0,1.0,0,,,,,,0,0,0,,,,0,,,,,,0,0,0,,,,1,0.0,0.0,0.0,0.0,1.0,0,0,1,0.0,0.0,1.0
2013-07-31,1,0.0,0.0,0.0,0.0,1.0,0,0,1,0.0,0.0,1.0,0,,,,,,0,0,0,,,,0,,,,,,0,0,0,,,,1,0.0,0.0,0.0,0.0,1.0,0,0,1,0.0,0.0,1.0
2013-08-09,1,0.2263,0.2263,0.275,0.0,0.725,1,0,0,1.0,0.0,0.0,0,,,,,,0,0,0,,,,1,0.2263,0.2263,0.275,0.0,0.725,1,0,0,1.0,0.0,0.0,0,,,,,,0,0,0,,,
2013-08-13,1,0.0,0.0,0.0,0.0,1.0,0,0,1,0.0,0.0,1.0,0,,,,,,0,0,0,,,,0,,,,,,0,0,0,,,,1,0.0,0.0,0.0,0.0,1.0,0,0,1,0.0,0.0,1.0
2013-08-14,1,0.0,0.0,0.0,0.0,1.0,0,0,1,0.0,0.0,1.0,0,,,,,,0,0,0,,,,0,,,,,,0,0,0,,,,1,0.0,0.0,0.0,0.0,1.0,0,0,1,0.0,0.0,1.0
2013-08-22,1,0.2263,0.2263,0.241,0.0,0.759,1,0,0,1.0,0.0,0.0,0,,,,,,0,0,0,,,,1,0.2263,0.2263,0.241,0.0,0.759,1,0,0,1.0,0.0,0.0,0,,,,,,0,0,0,,,
2013-08-28,1,-0.5994,-0.5994,0.0,0.438,0.562,0,1,0,0.0,1.0,0.0,1,-0.5994,-0.5994,0.0,0.438,0.562,0,1,0,0.0,1.0,0.0,1,-0.5994,-0.5994,0.0,0.438,0.562,0,1,0,0.0,1.0,0.0,1,-0.5994,-0.5994,0.0,0.438,0.562,0,1,0,0.0,1.0,0.0
2013-09-01,1,0.0,0.0,0.0,0.0,1.0,0,0,1,0.0,0.0,1.0,0,,,,,,0,0,0,,,,0,,,,,,0,0,0,,,,1,0.0,0.0,0.0,0.0,1.0,0,0,1,0.0,0.0,1.0
2013-09-06,1,-0.6808,-0.6808,0.0,0.528,0.472,0,1,0,0.0,1.0,0.0,0,,,,,,0,0,0,,,,0,,,,,,0,0,0,,,,1,-0.6808,-0.6808,0.0,0.528,0.472,0,1,0,0.0,1.0,0.0
2013-09-16,2,0.0,0.0,0.0,0.0,1.0,0,0,2,0.0,0.0,1.0,0,,,,,,0,0,0,,,,1,0.0,0.0,0.0,0.0,1.0,0,0,1,0.0,0.0,1.0,1,0.0,0.0,0.0,0.0,1.0,0,0,1,0.0,0.0,1.0
2013-09-17,1,-0.8225,-0.8225,0.0,0.741,0.259,0,1,0,0.0,1.0,0.0,1,-0.8225,-0.8225,0.0,0.741,0.259,0,1,0,0.0,1.0,0.0,0,,,,,,0,0,0,,,,0,,,,,,0,0,0,,,
2013-09-18,1,0.0,0.0,0.0,0.0,1.0,0,0,1,0.0,0.0,1.0,0,,,,,,0,0,0,,,,1,0.0,0.0,0.0,0.0,1.0,0,0,1,0.0,0.0,1.0,0,,,,,,0,0,0,,,
2013-09-21,1,-0.25,-0.25,0.0,0.222,0.778,0,1,0,0.0,1.0,0.0,0,,,,,,0,0,0,,,,1,-0.25,-0.25,0.0,0.222,0.778,0,1,0,0.0,1.0,0.0,0,,,,,,0,0,0,,,
2013-09-24,1,-0.1779,-0.1779,0.23,0.31,0.46,0,1,0,0.0,1.0,0.0,0,,,,,,0,0,0,,,,1,-0.1779,-0.1779,0.23,0.31,0.46,0,1,0,0.0,1.0,0.0,0,,,,,,0,0,0,,,
2013-09-26,1,-0.25,-0.25,0.0,0.222,0.778,0,1,0,0.0,1.0,0.0,0,,,,,,0,0,0,,,,1,-0.25,-0.25,0.0,0.222,0.778,0,1,0,0.0,1.0,0.0,0,,,,,,0,0,0,,,
2013-10-04,1,0.4404,0.4404,0.494,0.0,0.506,1,0,0,1.0,0.0,0.0,0,,,,,,0,0,0,,,,1,0.4404,0.4404,0.494,0.0,0.506,1,0,0,1.0,0.0,0.0,0,,,,,,0,0,0,,,
2013-10-08,2,-0.33575,-0.33575,0.0,0.327,0.673,0,2,0,0.0,1.0,0.0,0,,,,,,0,0,0,,,,2,-0.33575,-0.33575,0.0,0.327,0.673,0,2,0,0.0,1.0,0.0,0,,,,,,0,0,0,,,
2013-10-17,2,0.0,0.0,0.0,0.0,1.0,0,0,2,0.0,0.0,1.0,0,,,,,,0,0,0,,,,1,0.0,0.0,0.0,0.0,1.0,0,0,1,0.0,0.0,1.0,1,0.0,0.0,0.0,0.0,1.0,0,0,1,0.0,0.0,1.0
2013-10-22,1,-0.128,-0.128,0.0,0.2,0.8,0,1,0,0.0,1.0,0.0,1,-0.128,-0.128,0.0,0.2,0.8,0,1,0,0.0,1.0,0.0,0,,,,,,0,0,0,,,,0,,,,,,0,0,0,,,
2013-10-28,3,0.0,0.0,0.0,0.0,1.0,0,0,3,0.0,0.0,1.0,0,,,,,,0,0,0,,,,1,0.0,0.0,0.0,0.0,1.0,0,0,1,0.0,0.0,1.0,2,0.0,0.0,0.0,0.0,1.0,0,0,2,0.0,0.0,1.0
2013-10-29,1,0.0258,0.0258,0.285,0.204,0.511,0,0,1,0.0,0.0,1.0,0,,,,,,0,0,0,,,,1,0.0258,0.0258,0.285,0.204,0.511,0,0,1,0.0,0.0,1.0,0,,,,,,0,0,0,,,
2013-11-18,2,0.0,0.0,0.0,0.0,1.0,0,0,2,0.0,0.0,1.0,0,,,,,,0,0,0,,,,2,0.0,0.0,0.0,0.0,1.0,0,0,2,0.0,0.0,1.0,0,,,,,,0,0,0,,,
2013-11-26,2,0.08360000000000001,0.08360000000000001,0.122,0.256,0.622,1,1,0,0.5,0.5,0.0,1,-0.2732,-0.2732,0.0,0.512,0.488,0,1,0,0.0,1.0,0.0,1,0.4404,0.4404,0.244,0.0,0.756,1,0,0,1.0,0.0,0.0,0,,,,,,0,0,0,,,
2013-12-03,1,-0.128,-0.128,0.172,0.222,0.606,0,1,0,0.0,1.0,0.0,0,,,,,,0,0,0,,,,0,,,,,,0,0,0,,,,1,-0.128,-0.128,0.172,0.222,0.606,0,1,0,0.0,1.0,0.0
2013-12-06,1,-0.25,-0.25,0.0,0.222,0.778,0,1,0,0.0,1.0,0.0,0,,,,,,0,0,0,,,,0,,,,,,0,0,0,,,,1,-0.25,-0.25,0.0,0.222,0.778,0,1,0,0.0,1.0,0.0
2013-12-12,1,0.0,0.0,0.0,0.0,1.0,0,0,1,0.0,0.0,1.0,0,,,,,,0,0,0,,,,0,,,,,,0,0,0,,,,1,0.0,0.0,0.0,0.0,1.0,0,0,1,0.0,0.0,1.0
2013-12-16,2,-0.125,-0.125,0.0,0.125,0.875,0,1,1,0.0,0.5,0.5,0,,,,,,0,0,0,,,,2,-0.125,-0.125,0.0,0.125,0.875,0,1,1,0.0,0.5,0.5,0,,,,,,0,0,0,,,
2013-12-23,1,-0.0258,-0.0258,0.16,0.168,0.672,0,0,1,0.0,0.0,1.0,0,,,,,,0,0,0,,,,1,-0.0258,-0.0258,0.16,0.168,0.672,0,0,1,0.0,0.0,1.0,0,,,,,,0,0,0,,,
2013-12-29,1,0.0,0.0,0.0,0.0,1.0,0,0,1,0.0,0.0,1.0,0,,,,,,0,0,0,,,,1,0.0,0.0,0.0,0.0,1.0,0,0,1,0.0,0.0,1.0,0,,,,,,0,0,0,,,
2013-12-30,1,-0.4019,-0.4019,0.0,0.403,0.597,0,1,0,0.0,1.0,0.0,0,,,,,,0,0,0,,,,0,,,,,,0,0,0,,,,1,-0.4019,-0.4019,0.0,0.403,0.597,0,1,0,0.0,1.0,0.0
2014-01-01,1,-0.25,-0.25,0.0,0.286,0.714,0,1,0,0.0,1.0,0.0,0,,,,,,0,0,0,,,,1,-0.25,-0.25,0.0,0.286,0.714,0,1,0,0.0,1.0,0.0,0,,,,,,0,0,0,,,
2014-01-07,2,-0.27815,-0.27815,0.0,0.155,0.845,0,1,1,0.0,0.5,0.5,0,,,,,,0,0,0,,,,0,,,,,,0,0,0,,,,2,-0.27815,-0.27815,0.0,0.155,0.845,0,1,1,0.0,0.5,0.5
2014-01-09,2,0.0,0.0,0.0,0.0,1.0,0,0,2,0.0,0.0,1.0,0,,,,,,0,0,0,,,,0,,,,,,0,0,0,,,,2,0.0,0.0,0.0,0.0,1.0,0,0,2,0.0,0.0,1.0
2014-01-11,1,-0.2023,-0.2023,0.0,0.167,0.833,0,1,0,0.0,1.0,0.0,0,,,,,,0,0,0,,,,1,-0.2023,-0.2023,0.0,0.167,0.833,0,1,0,0.0,1.0,0.0,0,,,,,,0,0,0,,,
2014-01-22,1,0.0,0.0,0.0,0.0,1.0,0,0,1,0.0,0.0,1.0,0,,,,,,0,0,0,,,,0,,,,,,0,0,0,,,,1,0.0,0.0,0.0,0.0,1.0,0,0,1,0.0,0.0,1.0
2014-02-06,1,0.0,0.0,0.0,0.0,1.0,0,0,1,0.0,0.0,1.0,0,,,,,,0,0,0,,,,1,0.0,0.0,0.0,0.0,1.0,0,0,1,0.0,0.0,1.0,0,,,,,,0,0,0,,,
2014-02-25,3,0.0,0.0,0.0,0.0,1.0,0,0,3,0.0,0.0,1.0,0,,,,,,0,0,0,,,,3,0.0,0.0,0.0,0.0,1.0,0,0,3,0.0,0.0,1.0,0,,,,,,0,0,0,,,
2014-03-13,1,0.2263,0.2263,0.213,0.0,0.787,1,0,0,1.0,0.0,0.0,0,,,,,,0,0,0,,,,1,0.2263,0.2263,0.213,0.0,0.787,1,0,0,1.0,0.0,0.0,0,,,,,,0,0,0,,,
2014-03-17,1,0.0,0.0,0.0,0.0,1.0,0,0,1,0.0,0.0,1.0,0,,,,,,0,0,0,,,,1,0.0,0.0,0.0,0.0,1.0,0,0,1,0.0,0.0,1.0,0,,,,,,0,0,0,,,
2014-03-18,1,-0.5106,-0.5106,0.0,0.32,0.68,0,1,0,0.0,1.0,0.0,0,,,,,,0,0,0,,,,0,,,,,,0,0,0,,,,1,-0.5106,-0.5106,0.0,0.32,0.68,0,1,0,0.0,1.0,0.0
2014-03-21,1,0.0,0.0,0.0,0.0,1.0,0,0,1,0.0,0.0,1.0,0,,,,,,0,0,0,,,,0,,,,,,0,0,0,,,,1,0.0,0.0,0.0,0.0,1.0,0,0,1,0.0,0.0,1.0
2014-03-26,1,0.1531,0.1531,0.548,0.29,0.161,1,0,0,1.0,0.0,0.0,0,,,,,,0,0,0,,,,1,0.1531,0.1531,0.548,0.29,0.161,1,0,0,1.0,0.0,0.0,0,,,,,,0,0,0,,,
2014-04-02,1,0.2023,0.2023,0.231,0.0,0.769,1,0,0,1.0,0.0,0.0,0,,,,,,0,0,0,,,,0,,,,,,0,0,0,,,,1,0.2023,0.2023,0.231,0.0,0.769,1,0,0,1.0,0.0,0.0
2014-04-04,1,-0.3612,-0.3612,0.19,0.397,0.413,0,1,0,0.0,1.0,0.0,0,,,,,,0,0,0,,,,0,,,,,,0,0,0,,,,1,-0.3612,-0.3612,0.19,0.397,0.413,0,1,0,0.0,1.0,0.0
2014-04-13,1,-0.4767,-0.4767,0.0,0.279,0.721,0,1,0,0.0,1.0,0.0,0,,,,,,0,0,0,,,,1,-0.4767,-0.4767,0.0,0.279,0.721,0,1,0,0.0,1.0,0.0,0,,,,,,0,0,0,,,
2014-04-23,1,-0.6124,-0.6124,0.0,0.833,0.167,0,1,0,0.0,1.0,0.0,0,,,,,,0,0,0,,,,1,-0.6124,-0.6124,0.0,0.833,0.167,0,1,0,0.0,1.0,0.0,0,,,,,,0,0,0,,,
2014-04-29,1,0.0,0.0,0.0,0.0,1.0,0,0,1,0.0,0.0,1.0,0,,,,,,0,0,0,,,,0,,,,,,0,0,0,,,,1,0.0,0.0,0.0,0.0,1.0,0,0,1,0.0,0.0,1.0
2014-04-30,1,0.0,0.0,0.0,0.0,1.0,0,0,1,0.0,0.0,1.0,0,,,,,,0,0,0,,,,1,0.0,0.0,0.0,0.0,1.0,0,0,1,0.0,0.0,1.0,0,,,,,,0,0,0,,,
2014-05-08,4,0.386975,0.5106,0.3355,0.0,0.6645,3,0,1,0.75,0.0,0.25,0,,,,,,0,0,0,,,,0,,,,,,0,0,0,,,,4,0.386975,0.5106,0.3355,0.0,0.6645,3,0,1,0.75,0.0,0.25
2014-05-09,5,-0.40221999999999997,-0.4404,0.0414,0.36,0.5986,0,5,0,0.0,1.0,0.0,0,,,,,,0,0,0,,,,0,,,,,,0,0,0,,,,5,-0.40221999999999997,-0.4404,0.0414,0.36,0.5986,0,5,0,0.0,1.0,0.0
2014-05-11,1,0.3182,0.3182,0.247,0.0,0.753,1,0,0,1.0,0.0,0.0,0,,,,,,0,0,0,,,,0,,,,,,0,0,0,,,,1,0.3182,0.3182,0.247,0.0,0.753,1,0,0,1.0,0.0,0.0
2014-05-14,2,-0.3404,-0.3404,0.0,0.206,0.794,0,1,1,0.0,0.5,0.5,0,,,,,,0,0,0,,,,0,,,,,,0,0,0,,,,2,-0.3404,-0.3404,0.0,0.206,0.794,0,1,1,0.0,0.5,0.5
2014-05-20,1,-0.4019,-0.4019,0.0,0.252,0.748,0,1,0,0.0,1.0,0.0,0,,,,,,0,0,0,,,,1,-0.4019,-0.4019,0.0,0.252,0.748,0,1,0,0.0,1.0,0.0,0,,,,,,0,0,0,,,
2014-05-23,1,-0.3818,-0.3818,0.0,0.302,0.698,0,1,0,0.0,1.0,0.0,0,,,,,,0,0,0,,,,1,-0.3818,-0.3818,0.0,0.302,0.698,0,1,0,0.0,1.0,0.0,0,,,,,,0,0,0,,,
2014-05-31,1,-0.4939,-0.4939,0.0,0.444,0.556,0,1,0,0.0,1.0,0.0,0,,,,,,0,0,0,,,,1,-0.4939,-0.4939,0.0,0.444,0.556,0,1,0,0.0,1.0,0.0,0,,,,,,0,0,0,,,
2014-06-04,3,0.06743333333333333,0.0,0.06133333333333333,0.0,0.9386666666666666,1,0,2,0.3333333333333333,0.0,0.6666666666666666,0,,,,,,0,0,0,,,,0,,,,,,0,0,0,,,,3,0.06743333333333333,0.0,0.06133333333333333,0.0,0.9386666666666666,1,0,2,0.3333333333333333,0.0,0.6666666666666666
2014-06-05,1,-0.6369,-0.6369,0.0,0.394,0.606,0,1,0,0.0,1.0,0.0,0,,,,,,0,0,0,,,,0,,,,,,0,0,0,,,,1,-0.6369,-0.6369,0.0,0.394,0.606,0,1,0,0.0,1.0,0.0
2014-06-06,1,0.0,0.0,0.0,0.0,1.0,0,0,1,0.0,0.0,1.0,0,,,,,,0,0,0,,,,0,,,,,,0,0,0,,,,1,0.0,0.0,0.0,0.0,1.0,0,0,1,0.0,0.0,1.0
2014-06-13,1,0.0,0.0,0.0,0.0,1.0,0,0,1,0.0,0.0,1.0,0,,,,,,0,0,0,,,,0,,,,,,0,0,0,,,,1,0.0,0.0,0.0,0.0,1.0,0,0,1,0.0,0.0,1.0
2014-06-16,1,-0.4215,-0.4215,0.0,0.412,0.588,0,1,0,0.0,1.0,0.0,1,-0.4215,-0.4215,0.0,0.412,0.588,0,1,0,0.0,1.0,0.0,1,-0.4215,-0.4215,0.0,0.412,0.588,0,1,0,0.0,1.0,0.0,0,,,,,,0,0,0,,,
2014-06-17,3,-0.21833333333333335,-0.2732,0.0,0.18933333333333333,0.8106666666666666,0,2,1,0.0,0.6666666666666666,0.3333333333333333,0,,,,,,0,0,0,,,,2,-0.1366,-0.1366,0.0,0.172,0.8280000000000001,0,1,1,0.0,0.5,0.5,1,-0.3818,-0.3818,0.0,0.224,0.776,0,1,0,0.0,1.0,0.0
2014-06-18,1,0.0,0.0,0.0,0.0,1.0,0,0,1,0.0,0.0,1.0,0,,,,,,0,0,0,,,,1,0.0,0.0,0.0,0.0,1.0,0,0,1,0.0,0.0,1.0,0,,,,,,0,0,0,,,
2014-06-20,1,-0.4019,-0.4019,0.0,0.197,0.803,0,1,0,0.0,1.0,0.0,0,,,,,,0,0,0,,,,1,-0.4019,-0.4019,0.0,0.197,0.803,0,1,0,0.0,1.0,0.0,0,,,,,,0,0,0,,,
2014-06-24,3,-0.040733333333333344,0.0,0.09233333333333334,0.13999999999999999,0.7676666666666666,1,1,1,0.3333333333333333,0.3333333333333333,0.3333333333333333,0,,,,,,0,0,0,,,,0,,,,,,0,0,0,,,,3,-0.040733333333333344,0.0,0.09233333333333334,0.13999999999999999,0.7676666666666666,1,1,1,0.3333333333333333,0.3333333333333333,0.3333333333333333
2014-06-30,1,-0.1027,-0.1027,0.0,0.135,0.865,0,1,0,0.0,1.0,0.0,0,,,,,,0,0,0,,,,0,,,,,,0,0,0,,,,1,-0.1027,-0.1027,0.0,0.135,0.865,0,1,0,0.0,1.0,0.0
2014-07-02,1,-0.34,-0.34,0.0,0.211,0.789,0,1,0,0.0,1.0,0.0,0,,,,,,0,0,0,,,,1,-0.34,-0.34,0.0,0.211,0.789,0,1,0,0.0,1.0,0.0,0,,,,,,0,0,0,,,
2014-07-15,1,-0.1027,-0.1027,0.329,0.386,0.286,0,1,0,0.0,1.0,0.0,0,,,,,,0,0,0,,,,0,,,,,,0,0,0,,,,1,-0.1027,-0.1027,0.329,0.386,0.286,0,1,0,0.0,1.0,0.0
2014-07-19,1,-0.2732,-0.2732,0.0,0.231,0.769,0,1,0,0.0,1.0,0.0,0,,,,,,0,0,0,,,,0,,,,,,0,0,0,,,,1,-0.2732,-0.2732,0.0,0.231,0.769,0,1,0,0.0,1.0,0.0
2014-08-02,1,0.0,0.0,0.0,0.0,1.0,0,0,1,0.0,0.0,1.0,0,,,,,,0,0,0,,,,1,0.0,0.0,0.0,0.0,1.0,0,0,1,0.0,0.0,1.0,0,,,,,,0,0,0,,,
2014-08-11,1,0.6369,0.6369,0.412,0.0,0.588,1,0,0,1.0,0.0,0.0,0,,,,,,0,0,0,,,,0,,,,,,0,0,0,,,,1,0.6369,0.6369,0.412,0.0,0.588,1,0,0,1.0,0.0,0.0
2014-08-13,1,0.296,0.296,0.196,0.0,0.804,1,0,0,1.0,0.0,0.0,1,0.296,0.296,0.196,0.0,0.804,1,0,0,1.0,0.0,0.0,0,,,,,,0,0,0,,,,0,,,,,,0,0,0,,,
2014-08-14,4,-0.25445,-0.318,0.0,0.21475,0.78525,0,3,1,0.0,0.75,0.25,0,,,,,,0,0,0,,,,0,,,,,,0,0,0,,,,4,-0.25445,-0.318,0.0,0.21475,0.78525,0,3,1,0.0,0.75,0.25
2014-08-15,1,0.0772,0.0772,0.206,0.0,0.794,1,0,0,1.0,0.0,0.0,0,,,,,,0,0,0,,,,0,,,,,,0,0,0,,,,1,0.0772,0.0772,0.206,0.0,0.794,1,0,0,1.0,0.0,0.0
2014-08-20,1,0.4215,0.4215,0.286,0.0,0.714,1,0,0,1.0,0.0,0.0,0,,,,,,0,0,0,,,,0,,,,,,0,0,0,,,,1,0.4215,0.4215,0.286,0.0,0.714,1,0,0,1.0,0.0,0.0
2014-08-22,2,0.0,0.0,0.0,0.0,1.0,0,0,2,0.0,0.0,1.0,0,,,,,,0,0,0,,,,0,,,,,,0,0,0,,,,2,0.0,0.0,0.0,0.0,1.0,0,0,2,0.0,0.0,1.0
2014-09-04,1,-0.2263,-0.2263,0.0,0.367,0.633,0,1,0,0.0,1.0,0.0,0,,,,,,0,0,0,,,,0,,,,,,0,0,0,,,,1,-0.2263,-0.2263,0.0,0.367,0.633,0,1,0,0.0,1.0,0.0
2014-09-11,1,-0.34,-0.34,0.0,0.444,0.556,0,1,0,0.0,1.0,0.0,0,,,,,,0,0,0,,,,0,,,,,,0,0,0,,,,1,-0.34,-0.34,0.0,0.444,0.556,0,1,0,0.0,1.0,0.0
2014-09-12,1,0.0516,0.0516,0.3,0.45,0.25,1,0,0,1.0,0.0,0.0,0,,,,,,0,0,0,,,,1,0.0516,0.0516,0.3,0.45,0.25,1,0,0,1.0,0.0,0.0,0,,,,,,0,0,0,,,
2014-09-14,1,0.0,0.0,0.0,0.0,1.0,0,0,1,0.0,0.0,1.0,0,,,,,,0,0,0,,,,0,,,,,,0,0,0,,,,1,0.0,0.0,0.0,0.0,1.0,0,0,1,0.0,0.0,1.0
2014-09-16,2,0.0,0.0,0.0,0.0,1.0,0,0,2,0.0,0.0,1.0,0,,,,,,0,0,0,,,,1,0.0,0.0,0.0,0.0,1.0,0,0,1,0.0,0.0,1.0,2,0.0,0.0,0.0,0.0,1.0,0,0,2,0.0,0.0,1.0
2014-09-23,1,-0.6249,-0.6249,0.0,0.339,0.661,0,1,0,0.0,1.0,0.0,0,,,,,,0,0,0,,,,0,,,,,,0,0,0,,,,1,-0.6249,-0.6249,0.0,0.339,0.661,0,1,0,0.0,1.0,0.0
2014-09-25,1,0.0,0.0,0.0,0.0,1.0,0,0,1,0.0,0.0,1.0,0,,,,,,0,0,0,,,,0,,,,,,0,0,0,,,,1,0.0,0.0,0.0,0.0,1.0,0,0,1,0.0,0.0,1.0
2014-10-07,1,0.0,0.0,0.0,0.0,1.0,0,0,1,0.0,0.0,1.0,0,,,,,,0,0,0,,,,0,,,,,,0,0,0,,,,1,0.0,0.0,0.0,0.0,1.0,0,0,1,0.0,0.0,1.0
2014-10-09,1,-0.8176,-0.8176,0.0,0.556,0.444,0,1,0,0.0,1.0,0.0,0,,,,,,0,0,0,,,,0,,,,,,0,0,0,,,,1,-0.8176,-0.8176,0.0,0.556,0.444,0,1,0,0.0,1.0,0.0
2014-10-14,1,0.0,0.0,0.0,0.0,1.0,0,0,1,0.0,0.0,1.0,0,,,,,,0,0,0,,,,1,0.0,0.0,0.0,0.0,1.0,0,0,1,0.0,0.0,1.0,0,,,,,,0,0,0,,,
2014-10-15,1,0.5574,0.5574,0.535,0.0,0.465,1,0,0,1.0,0.0,0.0,0,,,,,,0,0,0,,,,1,0.5574,0.5574,0.535,0.0,0.465,1,0,0,1.0,0.0,0.0,0,,,,,,0,0,0,,,
2014-10-17,1,0.0,0.0,0.0,0.0,1.0,0,0,1,0.0,0.0,1.0,0,,,,,,0,0,0,,,,0,,,,,,0,0,0,,,,1,0.0,0.0,0.0,0.0,1.0,0,0,1,0.0,0.0,1.0
2014-10-18,1,0.0,0.0,0.0,0.0,1.0,0,0,1,0.0,0.0,1.0,0,,,,,,0,0,0,,,,0,,,,,,0,0,0,,,,1,0.0,0.0,0.0,0.0,1.0,0,0,1,0.0,0.0,1.0
2014-10-23,1,-0.5719,-0.5719,0.0,0.346,0.654,0,1,0,0.0,1.0,0.0,1,-0.5719,-0.5719,0.0,0.346,0.654,0,1,0,0.0,1.0,0.0,0,,,,,,0,0,0,,,,0,,,,,,0,0,0,,,
2014-10-28,3,0.15456666666666666,0.3182,0.18966666666666665,0.10866666666666668,0.7016666666666667,2,1,0,0.6666666666666666,0.3333333333333333,0.0,0,,,,,,0,0,0,,,,0,,,,,,0,0,0,,,,3,0.15456666666666666,0.3182,0.18966666666666665,0.10866666666666668,0.7016666666666667,2,1,0,0.6666666666666666,0.3333333333333333,0.0
2014-10-29,3,-0.23916666666666667,-0.296,0.0,0.18566666666666665,0.8143333333333334,0,2,1,0.0,0.6666666666666666,0.3333333333333333,0,,,,,,0,0,0,,,,0,,,,,,0,0,0,,,,3,-0.23916666666666667,-0.296,0.0,0.18566666666666665,0.8143333333333334,0,2,1,0.0,0.6666666666666666,0.3333333333333333
2014-10-31,1,0.0,0.0,0.0,0.0,1.0,0,0,1,0.0,0.0,1.0,0,,,,,,0,0,0,,,,0,,,,,,0,0,0,,,,1,0.0,0.0,0.0,0.0,1.0,0,0,1,0.0,0.0,1.0
2014-11-04,1,0.296,0.296,0.266,0.169,0.565,1,0,0,1.0,0.0,0.0,1,0.296,0.296,0.266,0.169,0.565,1,0,0,1.0,0.0,0.0,0,,,,,,0,0,0,,,,0,,,,,,0,0,0,,,
2014-11-05,3,-0.09866666666666667,0.0,0.0,0.06533333333333334,0.9346666666666668,0,1,2,0.0,0.3333333333333333,0.6666666666666666,3,-0.09866666666666667,0.0,0.0,0.06533333333333334,0.9346666666666668,0,1,2,0.0,0.3333333333333333,0.6666666666666666,0,,,,,,0,0,0,,,,0,,,,,,0,0,0,,,
2014-11-10,4,-0.21794999999999998,-0.19935,0.0,0.206,0.794,0,4,0,0.0,1.0,0.0,0,,,,,,0,0,0,,,,0,,,,,,0,0,0,,,,4,-0.21794999999999998,-0.19935,0.0,0.206,0.794,0,4,0,0.0,1.0,0.0
2014-11-11,2,-0.05135,-0.05135,0.0,0.0675,0.9325,0,1,1,0.0,0.5,0.5,0,,,,,,0,0,0,,,,1,0.0,0.0,0.0,0.0,1.0,0,0,1,0.0,0.0,1.0,1,-0.1027,-0.1027,0.0,0.135,0.865,0,1,0,0.0,1.0,0.0
2014-11-14,2,0.20095,0.20095,0.126,0.0,0.874,1,0,1,0.5,0.0,0.5,0,,,,,,0,0,0,,,,0,,,,,,0,0,0,,,,2,0.20095,0.20095,0.126,0.0,0.874,1,0,1,0.5,0.0,0.5
2014-11-27,3,-0.09526666666666667,0.0,0.13033333333333333,0.19133333333333336,0.6786666666666666,1,1,1,0.3333333333333333,0.3333333333333333,0.3333333333333333,3,-0.09526666666666667,0.0,0.13033333333333333,0.19133333333333336,0.6786666666666666,1,1,1,0.3333333333333333,0.3333333333333333,0.3333333333333333,0,,,,,,0,0,0,,,,0,,,,,,0,0,0,,,
2014-11-28,4,-0.16225,-0.25229999999999997,0.097,0.2275,0.6755,1,3,0,0.25,0.75,0.0,4,-0.16225,-0.25229999999999997,0.097,0.2275,0.6755,1,3,0,0.25,0.75,0.0,1,-0.4019,-0.4019,0.0,0.381,0.619,0,1,0,0.0,1.0,0.0,0,,,,,,0,0,0,,,
2014-12-01,3,-0.03423333333333333,0.0,0.073,0.114,0.8130000000000001,0,1,2,0.0,0.3333333333333333,0.6666666666666666,3,-0.03423333333333333,0.0,0.073,0.114,0.8130000000000001,0,1,2,0.0,0.3333333333333333,0.6666666666666666,0,,,,,,0,0,0,,,,1,-0.1027,-0.1027,0.219,0.342,0.439,0,1,0,0.0,1.0,0.0
2014-12-02,3,-0.04973333333333333,0.0,0.16333333333333333,0.18466666666666667,0.652,1,1,1,0.3333333333333333,0.3333333333333333,0.3333333333333333,3,-0.04973333333333333,0.0,0.16333333333333333,0.18466666666666667,0.652,1,1,1,0.3333333333333333,0.3333333333333333,0.3333333333333333,0,,,,,,0,0,0,,,,0,,,,,,0,0,0,,,
2014-12-03,3,0.00996666666666666,-0.1027,0.063,0.09100000000000001,0.8460000000000001,1,2,0,0.3333333333333333,0.6666666666666666,0.0,2,0.0663,0.0663,0.0945,0.062,0.8435,1,1,0,0.5,0.5,0.0,0,,,,,,0,0,0,,,,2,-0.12165000000000001,-0.12165000000000001,0.0,0.1365,0.8634999999999999,0,2,0,0.0,1.0,0.0
2014-12-04,1,0.2732,0.2732,0.189,0.0,0.811,1,0,0,1.0,0.0,0.0,1,0.2732,0.2732,0.189,0.0,0.811,1,0,0,1.0,0.0,0.0,0,,,,,,0,0,0,,,,0,,,,,,0,0,0,,,
2014-12-05,1,0.0,0.0,0.0,0.0,1.0,0,0,1,0.0,0.0,1.0,0,,,,,,0,0,0,,,,0,,,,,,0,0,0,,,,1,0.0,0.0,0.0,0.0,1.0,0,0,1,0.0,0.0,1.0
2014-12-09,2,0.318,0.318,0.33199999999999996,0.099,0.569,2,0,0,1.0,0.0,0.0,2,0.318,0.318,0.33199999999999996,0.099,0.569,2,0,0,1.0,0.0,0.0,0,,,,,,0,0,0,,,,0,,,,,,0,0,0,,,
2014-12-11,4,-0.06185,0.0,0.093,0.13,0.77725,0,1,3,0.0,0.25,0.75,3,-0.08246666666666667,0.0,0.124,0.17333333333333334,0.703,0,1,2,0.0,0.3333333333333333,0.6666666666666666,0,,,,,,0,0,0,,,,1,0.0,0.0,0.0,0.0,1.0,0,0,1,0.0,0.0,1.0
2014-12-12,1,-0.0258,-0.0258,0.204,0.214,0.583,0,0,1,0.0,0.0,1.0,1,-0.0258,-0.0258,0.204,0.214,0.583,0,0,1,0.0,0.0,1.0,0,,,,,,0,0,0,,,,0,,,,,,0,0,0,,,
2014-12-16,2,-0.13795,-0.13795,0.1195,0.173,0.7075,1,1,0,0.5,0.5,0.0,2,-0.13795,-0.13795,0.1195,0.173,0.7075,1,1,0,0.5,0.5,0.0,0,,,,,,0,0,0,,,,0,,,,,,0,0,0,,,
2014-12-17,1,0.0,0.0,0.0,0.0,1.0,0,0,1,0.0,0.0,1.0,0,,,,,,0,0,0,,,,0,,,,,,0,0,0,,,,1,0.0,0.0,0.0,0.0,1.0,0,0,1,0.0,0.0,1.0
2014-12-19,3,0.1953,0.0,0.13566666666666666,0.0,0.8643333333333333,1,0,2,0.3333333333333333,0.0,0.6666666666666666,0,,,,,,0,0,0,,,,0,,,,,,0,0,0,,,,3,0.1953,0.0,0.13566666666666666,0.0,0.8643333333333333,1,0,2,0.3333333333333333,0.0,0.6666666666666666
2014-12-20,1,0.0,0.0,0.0,0.0,1.0,0,0,1,0.0,0.0,1.0,0,,,,,,0,0,0,,,,0,,,,,,0,0,0,,,,1,0.0,0.0,0.0,0.0,1.0,0,0,1,0.0,0.0,1.0
2014-12-22,3,0.18076666666666666,0.0,0.10133333333333333,0.0,0.8986666666666666,1,0,2,0.3333333333333333,0.0,0.6666666666666666,0,,,,,,0,0,0,,,,0,,,,,,0,0,0,,,,3,0.18076666666666666,0.0,0.10133333333333333,0.0,0.8986666666666666,1,0,2,0.3333333333333333,0.0,0.6666666666666666
2014-12-23,1,-0.296,-0.296,0.0,0.216,0.784,0,1,0,0.0,1.0,0.0,0,,,,,,0,0,0,,,,0,,,,,,0,0,0,,,,1,-0.296,-0.296,0.0,0.216,0.784,0,1,0,0.0,1.0,0.0
2014-12-24,1,-0.4404,-0.4404,0.0,0.326,0.674,0,1,0,0.0,1.0,0.0,0,,,,,,0,0,0,,,,0,,,,,,0,0,0,,,,1,-0.4404,-0.4404,0.0,0.326,0.674,0,1,0,0.0,1.0,0.0
2014-12-30,1,0.296,0.296,0.196,0.0,0.804,1,0,0,1.0,0.0,0.0,1,0.296,0.296,0.196,0.0,0.804,1,0,0,1.0,0.0,0.0,0,,,,,,0,0,0,,,,0,,,,,,0,0,0,,,
2015-01-05,1,0.0516,0.0516,0.245,0.223,0.532,1,0,0,1.0,0.0,0.0,0,,,,,,0,0,0,,,,0,,,,,,0,0,0,,,,1,0.0516,0.0516,0.245,0.223,0.532,1,0,0,1.0,0.0,0.0
2015-01-07,1,-0.765,-0.765,0.0,0.868,0.132,0,1,0,0.0,1.0,0.0,1,-0.765,-0.765,0.0,0.868,0.132,0,1,0,0.0,1.0,0.0,0,,,,,,0,0,0,,,,0,,,,,,0,0,0,,,
2015-01-08,1,-0.4019,-0.4019,0.0,0.213,0.787,0,1,0,0.0,1.0,0.0,0,,,,,,0,0,0,,,,1,-0.4019,-0.4019,0.0,0.213,0.787,0,1,0,0.0,1.0,0.0,0,,,,,,0,0,0,,,
2015-01-15,2,-0.05295,-0.05295,0.1195,0.1455,0.735,1,1,0,0.5,0.5,0.0,2,-0.05295,-0.05295,0.1195,0.1455,0.735,1,1,0,0.5,0.5,0.0,1,-0.4019,-0.4019,0.0,0.291,0.709,0,1,0,0.0,1.0,0.0,0,,,,,,0,0,0,,,
2015-01-16,2,0.20095,0.20095,0.155,0.0,0.845,1,0,1,0.5,0.0,0.5,0,,,,,,0,0,0,,,,0,,,,,,0,0,0,,,,2,0.20095,0.20095,0.155,0.0,0.845,1,0,1,0.5,0.0,0.5
2015-01-20,1,0.3612,0.3612,0.263,0.0,0.737,1,0,0,1.0,0.0,0.0,0,,,,,,0,0,0,,,,0,,,,,,0,0,0,,,,1,0.3612,0.3612,0.263,0.0,0.737,1,0,0,1.0,0.0,0.0
2015-01-21,4,0.026475,0.0,0.0775,0.05975,0.86275,1,1,2,0.25,0.25,0.5,1,0.4019,0.4019,0.31,0.0,0.69,1,0,0,1.0,0.0,0.0,2,-0.148,-0.148,0.0,0.1195,0.8805000000000001,0,1,1,0.0,0.5,0.5,1,0.0,0.0,0.0,0.0,1.0,0,0,1,0.0,0.0,1.0
2015-01-22,3,-0.14133333333333334,-0.128,0.0,0.148,0.852,0,2,1,0.0,0.6666666666666666,0.3333333333333333,0,,,,,,0,0,0,,,,0,,,,,,0,0,0,,,,3,-0.14133333333333334,-0.128,0.0,0.148,0.852,0,2,1,0.0,0.6666666666666666,0.3333333333333333
2015-01-25,1,0.0,0.0,0.0,0.0,1.0,0,0,1,0.0,0.0,1.0,0,,,,,,0,0,0,,,,0,,,,,,0,0,0,,,,1,0.0,0.0,0.0,0.0,1.0,0,0,1,0.0,0.0,1.0
2015-01-27,1,-0.128,-0.128,0.0,0.176,0.824,0,1,0,0.0,1.0,0.0,0,,,,,,0,0,0,,,,0,,,,,,0,0,0,,,,1,-0.128,-0.128,0.0,0.176,0.824,0,1,0,0.0,1.0,0.0
2015-01-28,1,-0.296,-0.296,0.0,0.216,0.784,0,1,0,0.0,1.0,0.0,0,,,,,,0,0,0,,,,0,,,,,,0,0,0,,,,1,-0.296,-0.296,0.0,0.216,0.784,0,1,0,0.0,1.0,0.0
2015-01-30,1,0.5859,0.5859,0.393,0.14,0.467,1,0,0,1.0,0.0,0.0,0,,,,,,0,0,0,,,,0,,,,,,0,0,0,,,,1,0.5859,0.5859,0.393,0.14,0.467,1,0,0,1.0,0.0,0.0
2015-01-31,1,0.0,0.0,0.0,0.0,1.0,0,0,1,0.0,0.0,1.0,0,,,,,,0,0,0,,,,1,0.0,0.0,0.0,0.0,1.0,0,0,1,0.0,0.0,1.0,0,,,,,,0,0,0,,,
2015-02-02,2,-0.35740000000000005,-0.35740000000000005,0.0,0.26949999999999996,0.7304999999999999,0,2,0,0.0,1.0,0.0,1,-0.5994,-0.5994,0.0,0.412,0.588,0,1,0,0.0,1.0,0.0,0,,,,,,0,0,0,,,,1,-0.1154,-0.1154,0.0,0.127,0.873,0,1,0,0.0,1.0,0.0
2015-02-03,1,0.0,0.0,0.0,0.0,1.0,0,0,1,0.0,0.0,1.0,1,0.0,0.0,0.0,0.0,1.0,0,0,1,0.0,0.0,1.0,0,,,,,,0,0,0,,,,0,,,,,,0,0,0,,,
2015-02-04,3,0.09866666666666667,0.0,0.08933333333333333,0.0,0.9106666666666667,1,0,2,0.3333333333333333,0.0,0.6666666666666666,3,0.09866666666666667,0.0,0.08933333333333333,0.0,0.9106666666666667,1,0,2,0.3333333333333333,0.0,0.6666666666666666,0,,,,,,0,0,0,,,,0,,,,,,0,0,0,,,
2015-02-05,2,0.0,0.0,0.0,0.0,1.0,0,0,2,0.0,0.0,1.0,1,0.0,0.0,0.0,0.0,1.0,0,0,1,0.0,0.0,1.0,1,0.0,0.0,0.0,0.0,1.0,0,0,1,0.0,0.0,1.0,0,,,,,,0,0,0,,,
2015-02-06,1,0.34,0.34,0.286,0.0,0.714,1,0,0,1.0,0.0,0.0,1,0.34,0.34,0.286,0.0,0.714,1,0,0,1.0,0.0,0.0,0,,,,,,0,0,0,,,,0,,,,,,0,0,0,,,
2015-02-09,1,0.0,0.0,0.0,0.0,1.0,0,0,1,0.0,0.0,1.0,0,,,,,,0,0,0,,,,0,,,,,,0,0,0,,,,1,0.0,0.0,0.0,0.0,1.0,0,0,1,0.0,0.0,1.0
2015-02-11,1,0.5106,0.5106,0.35,0.0,0.65,1,0,0,1.0,0.0,0.0,1,0.5106,0.5106,0.35,0.0,0.65,1,0,0,1.0,0.0,0.0,0,,,,,,0,0,0,,,,0,,,,,,0,0,0,,,
2015-02-16,1,-0.34,-0.34,0.0,0.255,0.745,0,1,0,0.0,1.0,0.0,0,,,,,,0,0,0,,,,1,-0.34,-0.34,0.0,0.255,0.745,0,1,0,0.0,1.0,0.0,0,,,,,,0,0,0,,,
2015-02-20,1,-0.5719,-0.5719,0.0,0.346,0.654,0,1,0,0.0,1.0,0.0,1,-0.5719,-0.5719,0.0,0.346,0.654,0,1,0,0.0,1.0,0.0,0,,,,,,0,0,0,,,,0,,,,,,0,0,0,,,
2015-02-24,1,-0.4215,-0.4215,0.0,0.318,0.682,0,1,0,0.0,1.0,0.0,0,,,,,,0,0,0,,,,0,,,,,,0,0,0,,,,1,-0.4215,-0.4215,0.0,0.318,0.682,0,1,0,0.0,1.0,0.0
2015-02-26,2,0.0,0.0,0.0,0.0,1.0,0,0,2,0.0,0.0,1.0,0,,,,,,0,0,0,,,,0,,,,,,0,0,0,,,,2,0.0,0.0,0.0,0.0,1.0,0,0,2,0.0,0.0,1.0
2015-02-27,2,-0.098,-0.098,0.0785,0.104,0.8175,1,1,0,0.5,0.5,0.0,1,-0.2732,-0.2732,0.0,0.208,0.792,0,1,0,0.0,1.0,0.0,0,,,,,,0,0,0,,,,1,0.0772,0.0772,0.157,0.0,0.843,1,0,0,1.0,0.0,0.0
2015-03-02,1,0.0,0.0,0.0,0.0,1.0,0,0,1,0.0,0.0,1.0,0,,,,,,0,0,0,,,,0,,,,,,0,0,0,,,,1,0.0,0.0,0.0,0.0,1.0,0,0,1,0.0,0.0,1.0
2015-03-09,1,-0.6124,-0.6124,0.0,0.385,0.615,0,1,0,0.0,1.0,0.0,0,,,,,,0,0,0,,,,1,-0.6124,-0.6124,0.0,0.385,0.615,0,1,0,0.0,1.0,0.0,0,,,,,,0,0,0,,,
2015-03-10,2,0.0,0.0,0.0,0.0,1.0,0,0,2,0.0,0.0,1.0,0,,,,,,0,0,0,,,,0,,,,,,0,0,0,,,,2,0.0,0.0,0.0,0.0,1.0,0,0,2,0.0,0.0,1.0
2015-03-16,1,-0.2732,-0.2732,0.0,0.259,0.741,0,1,0,0.0,1.0,0.0,1,-0.2732,-0.2732,0.0,0.259,0.741,0,1,0,0.0,1.0,0.0,0,,,,,,0,0,0,,,,0,,,,,,0,0,0,,,
2015-03-17,1,0.3089,0.3089,0.201,0.0,0.799,1,0,0,1.0,0.0,0.0,0,,,,,,0,0,0,,,,1,0.3089,0.3089,0.201,0.0,0.799,1,0,0,1.0,0.0,0.0,0,,,,,,0,0,0,,,
2015-03-20,1,0.34,0.34,0.231,0.0,0.769,1,0,0,1.0,0.0,0.0,1,0.34,0.34,0.231,0.0,0.769,1,0,0,1.0,0.0,0.0,0,,,,,,0,0,0,,,,0,,,,,,0,0,0,,,
2015-03-24,1,-0.4215,-0.4215,0.0,0.432,0.568,0,1,0,0.0,1.0,0.0,1,-0.4215,-0.4215,0.0,0.432,0.568,0,1,0,0.0,1.0,0.0,1,-0.4215,-0.4215,0.0,0.432,0.568,0,1,0,0.0,1.0,0.0,0,,,,,,0,0,0,,,
2015-03-27,2,0.1591,0.1591,0.1115,0.0,0.8885000000000001,1,0,1,0.5,0.0,0.5,2,0.1591,0.1591,0.1115,0.0,0.8885000000000001,1,0,1,0.5,0.0,0.5,1,0.3182,0.3182,0.223,0.0,0.777,1,0,0,1.0,0.0,0.0,0,,,,,,0,0,0,,,
2015-04-01,1,-0.0258,-0.0258,0.152,0.159,0.69,0,0,1,0.0,0.0,1.0,1,-0.0258,-0.0258,0.152,0.159,0.69,0,0,1,0.0,0.0,1.0,0,,,,,,0,0,0,,,,0,,,,,,0,0,0,,,
2015-04-03,1,0.2732,0.2732,0.189,0.0,0.811,1,0,0,1.0,0.0,0.0,0,,,,,,0,0,0,,,,1,0.2732,0.2732,0.189,0.0,0.811,1,0,0,1.0,0.0,0.0,0,,,,,,0,0,0,,,
2015-04-08,1,0.0,0.0,0.0,0.0,1.0,0,0,1,0.0,0.0,1.0,0,,,,,,0,0,0,,,,1,0.0,0.0,0.0,0.0,1.0,0,0,1,0.0,0.0,1.0,0,,,,,,0,0,0,,,
2015-04-10,2,0.4019,0.4019,0.3405,0.0,0.6595,2,0,0,1.0,0.0,0.0,2,0.4019,0.4019,0.3405,0.0,0.6595,2,0,0,1.0,0.0,0.0,0,,,,,,0,0,0,,,,0,,,,,,0,0,0,,,
2015-04-15,1,0.5574,0.5574,0.375,0.0,0.625,1,0,0,1.0,0.0,0.0,0,,,,,,0,0,0,,,,0,,,,,,0,0,0,,,,1,0.5574,0.5574,0.375,0.0,0.625,1,0,0,1.0,0.0,0.0
2015-04-16,1,0.4404,0.4404,0.244,0.0,0.756,1,0,0,1.0,0.0,0.0,1,0.4404,0.4404,0.244,0.0,0.756,1,0,0,1.0,0.0,0.0,0,,,,,,0,0,0,,,,0,,,,,,0,0,0,,,
2015-04-24,1,0.0,0.0,0.0,0.0,1.0,0,0,1,0.0,0.0,1.0,1,0.0,0.0,0.0,0.0,1.0,0,0,1,0.0,0.0,1.0,0,,,,,,0,0,0,,,,0,,,,,,0,0,0,,,
2015-04-26,1,-0.2732,-0.2732,0.0,0.231,0.769,0,1,0,0.0,1.0,0.0,0,,,,,,0,0,0,,,,0,,,,,,0,0,0,,,,1,-0.2732,-0.2732,0.0,0.231,0.769,0,1,0,0.0,1.0,0.0
2015-04-29,1,0.0,0.0,0.0,0.0,1.0,0,0,1,0.0,0.0,1.0,0,,,,,,0,0,0,,,,0,,,,,,0,0,0,,,,1,0.0,0.0,0.0,0.0,1.0,0,0,1,0.0,0.0,1.0
2015-05-07,1,0.0,0.0,0.0,0.0,1.0,0,0,1,0.0,0.0,1.0,0,,,,,,0,0,0,,,,0,,,,,,0,0,0,,,,1,0.0,0.0,0.0,0.0,1.0,0,0,1,0.0,0.0,1.0
2015-05-08,2,0.0,0.0,0.0,0.0,1.0,0,0,2,0.0,0.0,1.0,0,,,,,,0,0,0,,,,0,,,,,,0,0,0,,,,2,0.0,0.0,0.0,0.0,1.0,0,0,2,0.0,0.0,1.0
2015-05-11,1,0.0,0.0,0.0,0.0,1.0,0,0,1,0.0,0.0,1.0,0,,,,,,0,0,0,,,,0,,,,,,0,0,0,,,,1,0.0,0.0,0.0,0.0,1.0,0,0,1,0.0,0.0,1.0
2015-05-12,5,-0.023560000000000005,0.0,0.047799999999999995,0.0758,0.8764,1,2,2,0.2,0.4,0.4,0,,,,,,0,0,0,,,,0,,,,,,0,0,0,,,,5,-0.023560000000000005,0.0,0.047799999999999995,0.0758,0.8764,1,2,2,0.2,0.4,0.4
2015-05-16,1,-0.2263,-0.2263,0.0,0.16,0.84,0,1,0,0.0,1.0,0.0,0,,,,,,0,0,0,,,,1,-0.2263,-0.2263,0.0,0.16,0.84,0,1,0,0.0,1.0,0.0,0,,,,,,0,0,0,,,
2015-05-18,1,-0.4215,-0.4215,0.127,0.364,0.508,0,1,0,0.0,1.0,0.0,0,,,,,,0,0,0,,,,0,,,,,,0,0,0,,,,1,-0.4215,-0.4215,0.127,0.364,0.508,0,1,0,0.0,1.0,0.0
2015-06-12,1,0.0,0.0,0.0,0.0,1.0,0,0,1,0.0,0.0,1.0,0,,,,,,0,0,0,,,,0,,,,,,0,0,0,,,,1,0.0,0.0,0.0,0.0,1.0,0,0,1,0.0,0.0,1.0
2015-06-15,1,0.0,0.0,0.0,0.0,1.0,0,0,1,0.0,0.0,1.0,0,,,,,,0,0,0,,,,0,,,,,,0,0,0,,,,1,0.0,0.0,0.0,0.0,1.0,0,0,1,0.0,0.0,1.0
2015-06-16,1,0.0,0.0,0.0,0.0,1.0,0,0,1,0.0,0.0,1.0,0,,,,,,0,0,0,,,,0,,,,,,0,0,0,,,,1,0.0,0.0,0.0,0.0,1.0,0,0,1,0.0,0.0,1.0
2015-06-23,1,0.3182,0.3182,0.315,0.0,0.685,1,0,0,1.0,0.0,0.0,0,,,,,,0,0,0,,,,0,,,,,,0,0,0,,,,1,0.3182,0.3182,0.315,0.0,0.685,1,0,0,1.0,0.0,0.0
2015-06-30,1,0.1531,0.1531,0.233,0.183,0.583,1,0,0,1.0,0.0,0.0,0,,,,,,0,0,0,,,,0,,,,,,0,0,0,,,,1,0.1531,0.1531,0.233,0.183,0.583,1,0,0,1.0,0.0,0.0
2015-07-02,2,-0.1366,-0.1366,0.0,0.087,0.913,0,1,1,0.0,0.5,0.5,0,,,,,,0,0,0,,,,0,,,,,,0,0,0,,,,2,-0.1366,-0.1366,0.0,0.087,0.913,0,1,1,0.0,0.5,0.5
2015-07-16,1,0.0,0.0,0.0,0.0,1.0,0,0,1,0.0,0.0,1.0,1,0.0,0.0,0.0,0.0,1.0,0,0,1,0.0,0.0,1.0,0,,,,,,0,0,0,,,,0,,,,,,0,0,0,,,
2015-07-17,1,-0.6249,-0.6249,0.0,0.459,0.541,0,1,0,0.0,1.0,0.0,1,-0.6249,-0.6249,0.0,0.459,0.541,0,1,0,0.0,1.0,0.0,1,-0.6249,-0.6249,0.0,0.459,0.541,0,1,0,0.0,1.0,0.0,0,,,,,,0,0,0,,,
2015-07-31,1,-0.5106,-0.5106,0.0,0.323,0.677,0,1,0,0.0,1.0,0.0,1,-0.5106,-0.5106,0.0,0.323,0.677,0,1,0,0.0,1.0,0.0,0,,,,,,0,0,0,,,,0,,,,,,0,0,0,,,
2015-08-04,1,0.4019,0.4019,0.31,0.0,0.69,1,0,0,1.0,0.0,0.0,0,,,,,,0,0,0,,,,0,,,,,,0,0,0,,,,1,0.4019,0.4019,0.31,0.0,0.69,1,0,0,1.0,0.0,0.0
2015-08-11,2,-0.23775000000000002,-0.23775000000000002,0.099,0.256,0.645,0,2,0,0.0,1.0,0.0,0,,,,,,0,0,0,,,,1,-0.2023,-0.2023,0.198,0.281,0.521,0,1,0,0.0,1.0,0.0,1,-0.2732,-0.2732,0.0,0.231,0.769,0,1,0,0.0,1.0,0.0
2015-08-13,1,-0.3818,-0.3818,0.0,0.31,0.69,0,1,0,0.0,1.0,0.0,0,,,,,,0,0,0,,,,1,-0.3818,-0.3818,0.0,0.31,0.69,0,1,0,0.0,1.0,0.0,0,,,,,,0,0,0,,,
2015-08-19,1,0.4404,0.4404,0.266,0.0,0.734,1,0,0,1.0,0.0,0.0,1,0.4404,0.4404,0.266,0.0,0.734,1,0,0,1.0,0.0,0.0,0,,,,,,0,0,0,,,,0,,,,,,0,0,0,,,
2015-08-20,2,0.22555,0.22555,0.31,0.2385,0.4515,2,0,0,1.0,0.0,0.0,1,0.2732,0.2732,0.333,0.259,0.408,1,0,0,1.0,0.0,0.0,0,,,,,,0,0,0,,,,1,0.1779,0.1779,0.287,0.218,0.495,1,0,0,1.0,0.0,0.0
2015-08-21,1,0.2023,0.2023,0.264,0.191,0.545,1,0,0,1.0,0.0,0.0,1,0.2023,0.2023,0.264,0.191,0.545,1,0,0,1.0,0.0,0.0,0,,,,,,0,0,0,,,,0,,,,,,0,0,0,,,
2015-08-29,1,-0.4767,-0.4767,0.0,0.307,0.693,0,1,0,0.0,1.0,0.0,0,,,,,,0,0,0,,,,0,,,,,,0,0,0,,,,1,-0.4767,-0.4767,0.0,0.307,0.693,0,1,0,0.0,1.0,0.0
2015-09-01,1,0.2263,0.2263,0.174,0.0,0.826,1,0,0,1.0,0.0,0.0,1,0.2263,0.2263,0.174,0.0,0.826,1,0,0,1.0,0.0,0.0,0,,,,,,0,0,0,,,,0,,,,,,0,0,0,,,
2015-09-03,1,0.0,0.0,0.0,0.0,1.0,0,0,1,0.0,0.0,1.0,1,0.0,0.0,0.0,0.0,1.0,0,0,1,0.0,0.0,1.0,0,,,,,,0,0,0,,,,0,,,,,,0,0,0,,,
2015-09-08,1,0.296,0.296,0.18,0.0,0.82,1,0,0,1.0,0.0,0.0,1,0.296,0.296,0.18,0.0,0.82,1,0,0,1.0,0.0,0.0,0,,,,,,0,0,0,,,,0,,,,,,0,0,0,,,
2015-09-24,1,0.2263,0.2263,0.248,0.174,0.579,1,0,0,1.0,0.0,0.0,0,,,,,,0,0,0,,,,1,0.2263,0.2263,0.248,0.174,0.579,1,0,0,1.0,0.0,0.0,0,,,,,,0,0,0,,,
2015-10-13,2,0.296,0.296,0.22749999999999998,0.0,0.7725,2,0,0,1.0,0.0,0.0,2,0.296,0.296,0.22749999999999998,0.0,0.7725,2,0,0,1.0,0.0,0.0,0,,,,,,0,0,0,,,,0,,,,,,0,0,0,,,
2015-10-22,1,-0.6597,-0.6597,0.0,0.478,0.522,0,1,0,0.0,1.0,0.0,0,,,,,,0,0,0,,,,1,-0.6597,-0.6597,0.0,0.478,0.522,0,1,0,0.0,1.0,0.0,0,,,,,,0,0,0,,,
2015-10-25,1,-0.4939,-0.4939,0.0,0.375,0.625,0,1,0,0.0,1.0,0.0,0,,,,,,0,0,0,,,,1,-0.4939,-0.4939,0.0,0.375,0.625,0,1,0,0.0,1.0,0.0,0,,,,,,0,0,0,,,
2015-10-27,1,0.0,0.0,0.0,0.0,1.0,0,0,1,0.0,0.0,1.0,1,0.0,0.0,0.0,0.0,1.0,0,0,1,0.0,0.0,1.0,0,,,,,,0,0,0,,,,0,,,,,,0,0,0,,,
2015-11-13,1,-0.5719,-0.5719,0.0,0.316,0.684,0,1,0,0.0,1.0,0.0,1,-0.5719,-0.5719,0.0,0.316,0.684,0,1,0,0.0,1.0,0.0,0,,,,,,0,0,0,,,,0,,,,,,0,0,0,,,
2015-11-23,1,0.3182,0.3182,0.223,0.0,0.777,1,0,0,1.0,0.0,0.0,0,,,,,,0,0,0,,,,0,,,,,,0,0,0,,,,1,0.3182,0.3182,0.223,0.0,0.777,1,0,0,1.0,0.0,0.0
2015-12-02,1,-0.296,-0.296,0.0,0.306,0.694,0,1,0,0.0,1.0,0.0,0,,,,,,0,0,0,,,,0,,,,,,0,0,0,,,,1,-0.296,-0.296,0.0,0.306,0.694,0,1,0,0.0,1.0,0.0
2015-12-03,2,-0.35015,-0.35015,0.0,0.21,0.79,0,1,1,0.0,0.5,0.5,1,-0.7003,-0.7003,0.0,0.42,0.58,0,1,0,0.0,1.0,0.0,1,0.0,0.0,0.0,0.0,1.0,0,0,1,0.0,0.0,1.0,0,,,,,,0,0,0,,,
2015-12-07,1,-0.0258,-0.0258,0.275,0.286,0.44,0,0,1,0.0,0.0,1.0,0,,,,,,0,0,0,,,,1,-0.0258,-0.0258,0.275,0.286,0.44,0,0,1,0.0,0.0,1.0,0,,,,,,0,0,0,,,
2015-12-09,1,-0.1531,-0.1531,0.0,0.151,0.849,0,1,0,0.0,1.0,0.0,1,-0.1531,-0.1531,0.0,0.151,0.849,0,1,0,0.0,1.0,0.0,0,,,,,,0,0,0,,,,0,,,,,,0,0,0,,,
2015-12-11,1,0.0,0.0,0.0,0.0,1.0,0,0,1,0.0,0.0,1.0,1,0.0,0.0,0.0,0.0,1.0,0,0,1,0.0,0.0,1.0,0,,,,,,0,0,0,,,,0,,,,,,0,0,0,,,
2015-12-14,1,0.296,0.296,0.216,0.0,0.784,1,0,0,1.0,0.0,0.0,1,0.296,0.296,0.216,0.0,0.784,1,0,0,1.0,0.0,0.0,0,,,,,,0,0,0,,,,0,,,,,,0,0,0,,,
2015-12-15,1,0.0,0.0,0.0,0.0,1.0,0,0,1,0.0,0.0,1.0,0,,,,,,0,0,0,,,,0,,,,,,0,0,0,,,,1,0.0,0.0,0.0,0.0,1.0,0,0,1,0.0,0.0,1.0
2015-12-16,3,0.08713333333333334,0.0,0.14466666666666667,0.06,0.7953333333333333,1,1,1,0.3333333333333333,0.3333333333333333,0.3333333333333333,2,-0.148,-0.148,0.0,0.09,0.9099999999999999,0,1,1,0.0,0.5,0.5,0,,,,,,0,0,0,,,,2,0.1307,0.1307,0.217,0.09,0.693,1,1,0,0.5,0.5,0.0
2015-12-18,1,-0.0516,-0.0516,0.0,0.13,0.87,0,1,0,0.0,1.0,0.0,0,,,,,,0,0,0,,,,0,,,,,,0,0,0,,,,1,-0.0516,-0.0516,0.0,0.13,0.87,0,1,0,0.0,1.0,0.0
2015-12-22,2,0.1591,0.1591,0.116,0.064,0.8200000000000001,1,0,1,0.5,0.0,0.5,2,0.1591,0.1591,0.116,0.064,0.8200000000000001,1,0,1,0.5,0.0,0.5,0,,,,,,0,0,0,,,,0,,,,,,0,0,0,,,
2015-12-23,1,-0.25,-0.25,0.0,0.25,0.75,0,1,0,0.0,1.0,0.0,0,,,,,,0,0,0,,,,0,,,,,,0,0,0,,,,1,-0.25,-0.25,0.0,0.25,0.75,0,1,0,0.0,1.0,0.0
2015-12-29,2,0.0,0.0,0.0,0.0,1.0,0,0,2,0.0,0.0,1.0,1,0.0,0.0,0.0,0.0,1.0,0,0,1,0.0,0.0,1.0,0,,,,,,0,0,0,,,,1,0.0,0.0,0.0,0.0,1.0,0,0,1,0.0,0.0,1.0
2015-12-31,2,-0.31245,-0.31245,0.0,0.28,0.72,0,1,1,0.0,0.5,0.5,2,-0.31245,-0.31245,0.0,0.28,0.72,0,1,1,0.0,0.5,0.5,0,,,,,,0,0,0,,,,0,,,,,,0,0,0,,,
2016-01-05,1,0.0,0.0,0.0,0.0,1.0,0,0,1,0.0,0.0,1.0,0,,,,,,0,0,0,,,,0,,,,,,0,0,0,,,,1,0.0,0.0,0.0,0.0,1.0,0,0,1,0.0,0.0,1.0
2016-01-12,2,-0.5570999999999999,-0.5570999999999999,0.0815,0.37849999999999995,0.54,0,2,0,0.0,1.0,0.0,2,-0.5570999999999999,-0.5570999999999999,0.0815,0.37849999999999995,0.54,0,2,0,0.0,1.0,0.0,0,,,,,,0,0,0,,,,0,,,,,,0,0,0,,,
2016-01-13,2,-0.2553,-0.2553,0.0,0.16,0.8400000000000001,0,1,1,0.0,0.5,0.5,2,-0.2553,-0.2553,0.0,0.16,0.8400000000000001,0,1,1,0.0,0.5,0.5,0,,,,,,0,0,0,,,,0,,,,,,0,0,0,,,
2016-01-14,1,-0.25,-0.25,0.177,0.339,0.484,0,1,0,0.0,1.0,0.0,1,-0.25,-0.25,0.177,0.339,0.484,0,1,0,0.0,1.0,0.0,0,,,,,,0,0,0,,,,0,,,,,,0,0,0,,,
2016-01-15,2,0.23835,0.23835,0.128,0.0,0.872,1,0,1,0.5,0.0,0.5,1,0.4767,0.4767,0.256,0.0,0.744,1,0,0,1.0,0.0,0.0,1,0.0,0.0,0.0,0.0,1.0,0,0,1,0.0,0.0,1.0,0,,,,,,0,0,0,,,
2016-01-16,1,0.25,0.25,0.197,0.121,0.682,1,0,0,1.0,0.0,0.0,1,0.25,0.25,0.197,0.121,0.682,1,0,0,1.0,0.0,0.0,0,,,,,,0,0,0,,,,0,,,,,,0,0,0,,,
2016-01-18,1,0.0,0.0,0.0,0.0,1.0,0,0,1,0.0,0.0,1.0,0,,,,,,0,0,0,,,,0,,,,,,0,0,0,,,,1,0.0,0.0,0.0,0.0,1.0,0,0,1,0.0,0.0,1.0
2016-01-19,2,-0.1366,-0.1366,0.0,0.0945,0.9055,0,1,1,0.0,0.5,0.5,0,,,,,,0,0,0,,,,0,,,,,,0,0,0,,,,2,-0.1366,-0.1366,0.0,0.0945,0.9055,0,1,1,0.0,0.5,0.5
2016-01-20,2,-0.2732,-0.2732,0.0,0.27749999999999997,0.7224999999999999,0,2,0,0.0,1.0,0.0,0,,,,,,0,0,0,,,,0,,,,,,0,0,0,,,,2,-0.2732,-0.2732,0.0,0.27749999999999997,0.7224999999999999,0,2,0,0.0,1.0,0.0
2016-01-21,2,0.0,0.0,0.0,0.0,1.0,0,0,2,0.0,0.0,1.0,1,0.0,0.0,0.0,0.0,1.0,0,0,1,0.0,0.0,1.0,0,,,,,,0,0,0,,,,1,0.0,0.0,0.0,0.0,1.0,0,0,1,0.0,0.0,1.0
2016-01-22,3,0.1468,0.0,0.08133333333333333,0.0,0.9186666666666667,1,0,2,0.3333333333333333,0.0,0.6666666666666666,3,0.1468,0.0,0.08133333333333333,0.0,0.9186666666666667,1,0,2,0.3333333333333333,0.0,0.6666666666666666,0,,,,,,0,0,0,,,,0,,,,,,0,0,0,,,
2016-01-25,1,0.0,0.0,0.0,0.0,1.0,0,0,1,0.0,0.0,1.0,1,0.0,0.0,0.0,0.0,1.0,0,0,1,0.0,0.0,1.0,0,,,,,,0,0,0,,,,0,,,,,,0,0,0,,,
2016-01-26,1,0.5106,0.5106,0.323,0.0,0.677,1,0,0,1.0,0.0,0.0,1,0.5106,0.5106,0.323,0.0,0.677,1,0,0,1.0,0.0,0.0,0,,,,,,0,0,0,,,,0,,,,,,0,0,0,,,
2016-01-27,1,0.4404,0.4404,0.266,0.0,0.734,1,0,0,1.0,0.0,0.0,1,0.4404,0.4404,0.266,0.0,0.734,1,0,0,1.0,0.0,0.0,0,,,,,,0,0,0,,,,0,,,,,,0,0,0,,,
2016-02-01,1,-0.2732,-0.2732,0.0,0.259,0.741,0,1,0,0.0,1.0,0.0,0,,,,,,0,0,0,,,,0,,,,,,0,0,0,,,,1,-0.2732,-0.2732,0.0,0.259,0.741,0,1,0,0.0,1.0,0.0
2016-02-02,1,0.0,0.0,0.0,0.0,1.0,0,0,1,0.0,0.0,1.0,0,,,,,,0,0,0,,,,0,,,,,,0,0,0,,,,1,0.0,0.0,0.0,0.0,1.0,0,0,1,0.0,0.0,1.0
2016-02-03,2,-0.1591,-0.1591,0.0,0.1235,0.8765000000000001,0,1,1,0.0,0.5,0.5,2,-0.1591,-0.1591,0.0,0.1235,0.8765000000000001,0,1,1,0.0,0.5,0.5,0,,,,,,0,0,0,,,,0,,,,,,0,0,0,,,
2016-02-04,1,-0.1027,-0.1027,0.191,0.283,0.526,0,1,0,0.0,1.0,0.0,1,-0.1027,-0.1027,0.191,0.283,0.526,0,1,0,0.0,1.0,0.0,1,-0.1027,-0.1027,0.191,0.283,0.526,0,1,0,0.0,1.0,0.0,0,,,,,,0,0,0,,,
2016-02-15,1,0.3182,0.3182,0.247,0.0,0.753,1,0,0,1.0,0.0,0.0,0,,,,,,0,0,0,,,,0,,,,,,0,0,0,,,,1,0.3182,0.3182,0.247,0.0,0.753,1,0,0,1.0,0.0,0.0
2016-02-16,3,0.15116666666666664,0.0516,0.18266666666666667,0.0,0.8173333333333334,2,0,1,0.6666666666666666,0.0,0.3333333333333333,0,,,,,,0,0,0,,,,2,0.22674999999999998,0.22674999999999998,0.274,0.0,0.726,2,0,0,1.0,0.0,0.0,1,0.0,0.0,0.0,0.0,1.0,0,0,1,0.0,0.0,1.0
2016-02-17,1,0.4404,0.4404,0.266,0.0,0.734,1,0,0,1.0,0.0,0.0,1,0.4404,0.4404,0.266,0.0,0.734,1,0,0,1.0,0.0,0.0,0,,,,,,0,0,0,,,,0,,,,,,0,0,0,,,
2016-02-18,1,0.0,0.0,0.0,0.0,1.0,0,0,1,0.0,0.0,1.0,0,,,,,,0,0,0,,,,0,,,,,,0,0,0,,,,1,0.0,0.0,0.0,0.0,1.0,0,0,1,0.0,0.0,1.0
2016-02-19,1,-0.2732,-0.2732,0.0,0.208,0.792,0,1,0,0.0,1.0,0.0,1,-0.2732,-0.2732,0.0,0.208,0.792,0,1,0,0.0,1.0,0.0,0,,,,,,0,0,0,,,,0,,,,,,0,0,0,,,
2016-02-22,2,-0.07655,-0.07655,0.192,0.2175,0.5905,0,1,1,0.0,0.5,0.5,2,-0.07655,-0.07655,0.192,0.2175,0.5905,0,1,1,0.0,0.5,0.5,0,,,,,,0,0,0,,,,0,,,,,,0,0,0,,,
2016-02-23,4,0.214925,0.1829,0.173,0.051,0.776,2,0,2,0.5,0.0,0.5,1,0.34,0.34,0.194,0.0,0.806,1,0,0,1.0,0.0,0.0,1,0.0,0.0,0.0,0.0,1.0,0,0,1,0.0,0.0,1.0,2,0.25985,0.25985,0.249,0.102,0.649,1,0,1,0.5,0.0,0.5
2016-03-02,2,-0.296,-0.296,0.0,0.268,0.732,0,2,0,0.0,1.0,0.0,0,,,,,,0,0,0,,,,0,,,,,,0,0,0,,,,2,-0.296,-0.296,0.0,0.268,0.732,0,2,0,0.0,1.0,0.0
2016-03-11,1,0.0,0.0,0.0,0.0,1.0,0,0,1,0.0,0.0,1.0,0,,,,,,0,0,0,,,,0,,,,,,0,0,0,,,,1,0.0,0.0,0.0,0.0,1.0,0,0,1,0.0,0.0,1.0
2016-03-18,1,-0.128,-0.128,0.0,0.158,0.842,0,1,0,0.0,1.0,0.0,0,,,,,,0,0,0,,,,1,-0.128,-0.128,0.0,0.158,0.842,0,1,0,0.0,1.0,0.0,0,,,,,,0,0,0,,,
2016-03-22,1,0.3182,0.3182,0.204,0.0,0.796,1,0,0,1.0,0.0,0.0,1,0.3182,0.3182,0.204,0.0,0.796,1,0,0,1.0,0.0,0.0,0,,,,,,0,0,0,,,,0,,,,,,0,0,0,,,
2016-04-05,1,-0.6705,-0.6705,0.148,0.517,0.336,0,1,0,0.0,1.0,0.0,1,-0.6705,-0.6705,0.148,0.517,0.336,0,1,0,0.0,1.0,0.0,0,,,,,,0,0,0,,,,0,,,,,,0,0,0,,,
2016-04-06,1,0.296,0.296,0.268,0.0,0.732,1,0,0,1.0,0.0,0.0,1,0.296,0.296,0.268,0.0,0.732,1,0,0,1.0,0.0,0.0,0,,,,,,0,0,0,,,,0,,,,,,0,0,0,,,
2016-04-11,1,0.296,0.296,0.239,0.0,0.761,1,0,0,1.0,0.0,0.0,1,0.296,0.296,0.239,0.0,0.761,1,0,0,1.0,0.0,0.0,0,,,,,,0,0,0,,,,0,,,,,,0,0,0,,,
2016-04-12,3,0.4247,0.4404,0.31066666666666665,0.0,0.6893333333333334,3,0,0,1.0,0.0,0.0,1,0.357,0.357,0.332,0.0,0.668,1,0,0,1.0,0.0,0.0,2,0.45855,0.45855,0.3,0.0,0.7,2,0,0,1.0,0.0,0.0,0,,,,,,0,0,0,,,
2016-04-13,2,0.27115,0.27115,0.1665,0.0,0.8335,1,0,1,0.5,0.0,0.5,1,0.0,0.0,0.0,0.0,1.0,0,0,1,0.0,0.0,1.0,1,0.5423,0.5423,0.333,0.0,0.667,1,0,0,1.0,0.0,0.0,0,,,,,,0,0,0,,,
2016-04-15,1,-0.2263,-0.2263,0.0,0.241,0.759,0,1,0,0.0,1.0,0.0,0,,,,,,0,0,0,,,,1,-0.2263,-0.2263,0.0,0.241,0.759,0,1,0,0.0,1.0,0.0,0,,,,,,0,0,0,,,
2016-04-18,4,-0.458975,-0.4215,0.0,0.35025,0.64975,0,4,0,0.0,1.0,0.0,4,-0.458975,-0.4215,0.0,0.35025,0.64975,0,4,0,0.0,1.0,0.0,3,-0.5445333333333333,-0.4215,0.0,0.361,0.6389999999999999,0,3,0,0.0,1.0,0.0,0,,,,,,0,0,0,,,
2016-04-19,1,0.296,0.296,0.196,0.0,0.804,1,0,0,1.0,0.0,0.0,1,0.296,0.296,0.196,0.0,0.804,1,0,0,1.0,0.0,0.0,0,,,,,,0,0,0,,,,0,,,,,,0,0,0,,,
2016-04-20,1,-0.6249,-0.6249,0.0,0.421,0.579,0,1,0,0.0,1.0,0.0,1,-0.6249,-0.6249,0.0,0.421,0.579,0,1,0,0.0,1.0,0.0,0,,,,,,0,0,0,,,,0,,,,,,0,0,0,,,
2016-04-21,1,0.296,0.296,0.196,0.0,0.804,1,0,0,1.0,0.0,0.0,1,0.296,0.296,0.196,0.0,0.804,1,0,0,1.0,0.0,0.0,0,,,,,,0,0,0,,,,0,,,,,,0,0,0,,,
2016-04-26,2,0.0,0.0,0.0,0.0,1.0,0,0,2,0.0,0.0,1.0,1,0.0,0.0,0.0,0.0,1.0,0,0,1,0.0,0.0,1.0,1,0.0,0.0,0.0,0.0,1.0,0,0,1,0.0,0.0,1.0,0,,,,,,0,0,0,,,
2016-04-27,1,0.3612,0.3612,0.217,0.0,0.783,1,0,0,1.0,0.0,0.0,1,0.3612,0.3612,0.217,0.0,0.783,1,0,0,1.0,0.0,0.0,0,,,,,,0,0,0,,,,0,,,,,,0,0,0,,,
2016-04-29,1,0.7184,0.7184,0.583,0.0,0.417,1,0,0,1.0,0.0,0.0,1,0.7184,0.7184,0.583,0.0,0.417,1,0,0,1.0,0.0,0.0,0,,,,,,0,0,0,,,,0,,,,,,0,0,0,,,
2016-05-11,1,0.296,0.296,0.216,0.0,0.784,1,0,0,1.0,0.0,0.0,1,0.296,0.296,0.216,0.0,0.784,1,0,0,1.0,0.0,0.0,0,,,,,,0,0,0,,,,0,,,,,,0,0,0,,,
2016-05-12,1,0.5267,0.5267,0.298,0.0,0.702,1,0,0,1.0,0.0,0.0,0,,,,,,0,0,0,,,,1,0.5267,0.5267,0.298,0.0,0.702,1,0,0,1.0,0.0,0.0,0,,,,,,0,0,0,,,
2016-05-13,1,0.3818,0.3818,0.224,0.0,0.776,1,0,0,1.0,0.0,0.0,1,0.3818,0.3818,0.224,0.0,0.776,1,0,0,1.0,0.0,0.0,0,,,,,,0,0,0,,,,0,,,,,,0,0,0,,,
2016-05-17,2,0.148,0.148,0.1195,0.0,0.8805000000000001,1,0,1,0.5,0.0,0.5,2,0.148,0.148,0.1195,0.0,0.8805000000000001,1,0,1,0.5,0.0,0.5,0,,,,,,0,0,0,,,,0,,,,,,0,0,0,,,
2016-05-26,2,0.42669999999999997,0.42669999999999997,0.2555,0.0,0.7445,2,0,0,1.0,0.0,0.0,2,0.42669999999999997,0.42669999999999997,0.2555,0.0,0.7445,2,0,0,1.0,0.0,0.0,0,,,,,,0,0,0,,,,0,,,,,,0,0,0,,,
2016-05-27,1,0.3948,0.3948,0.369,0.16,0.471,1,0,0,1.0,0.0,0.0,1,0.3948,0.3948,0.369,0.16,0.471,1,0,0,1.0,0.0,0.0,0,,,,,,0,0,0,,,,0,,,,,,0,0,0,,,
2016-05-30,1,0.0,0.0,0.0,0.0,1.0,0,0,1,0.0,0.0,1.0,0,,,,,,0,0,0,,,,0,,,,,,0,0,0,,,,1,0.0,0.0,0.0,0.0,1.0,0,0,1,0.0,0.0,1.0
2016-06-06,1,-0.3818,-0.3818,0.0,0.206,0.794,0,1,0,0.0,1.0,0.0,0,,,,,,0,0,0,,,,0,,,,,,0,0,0,,,,1,-0.3818,-0.3818,0.0,0.206,0.794,0,1,0,0.0,1.0,0.0
2016-06-08,1,0.3182,0.3182,0.247,0.0,0.753,1,0,0,1.0,0.0,0.0,1,0.3182,0.3182,0.247,0.0,0.753,1,0,0,1.0,0.0,0.0,0,,,,,,0,0,0,,,,0,,,,,,0,0,0,,,
2016-07-08,1,0.0,0.0,0.0,0.0,1.0,0,0,1,0.0,0.0,1.0,1,0.0,0.0,0.0,0.0,1.0,0,0,1,0.0,0.0,1.0,0,,,,,,0,0,0,,,,0,,,,,,0,0,0,,,
2016-07-14,2,-0.11315,-0.11315,0.069,0.1055,0.825,0,1,1,0.0,0.5,0.5,2,-0.11315,-0.11315,0.069,0.1055,0.825,0,1,1,0.0,0.5,0.5,1,-0.2263,-0.2263,0.138,0.211,0.65,0,1,0,0.0,1.0,0.0,0,,,,,,0,0,0,,,
2016-07-20,2,-0.41055,-0.41055,0.0,0.35600000000000004,0.644,0,2,0,0.0,1.0,0.0,0,,,,,,0,0,0,,,,0,,,,,,0,0,0,,,,2,-0.41055,-0.41055,0.0,0.35600000000000004,0.644,0,2,0,0.0,1.0,0.0
2016-07-22,1,-0.25,-0.25,0.183,0.262,0.556,0,1,0,0.0,1.0,0.0,0,,,,,,0,0,0,,,,1,-0.25,-0.25,0.183,0.262,0.556,0,1,0,0.0,1.0,0.0,0,,,,,,0,0,0,,,
2016-07-26,1,0.0258,0.0258,0.195,0.186,0.619,0,0,1,0.0,0.0,1.0,1,0.0258,0.0258,0.195,0.186,0.619,0,0,1,0.0,0.0,1.0,0,,,,,,0,0,0,,,,0,,,,,,0,0,0,,,
2016-08-02,1,-0.6124,-0.6124,0.0,0.5,0.5,0,1,0,0.0,1.0,0.0,1,-0.6124,-0.6124,0.0,0.5,0.5,0,1,0,0.0,1.0,0.0,0,,,,,,0,0,0,,,,0,,,,,,0,0,0,,,
2016-08-04,1,0.0,0.0,0.0,0.0,1.0,0,0,1,0.0,0.0,1.0,1,0.0,0.0,0.0,0.0,1.0,0,0,1,0.0,0.0,1.0,0,,,,,,0,0,0,,,,0,,,,,,0,0,0,,,
2016-08-09,1,0.0,0.0,0.193,0.193,0.614,0,0,1,0.0,0.0,1.0,1,0.0,0.0,0.193,0.193,0.614,0,0,1,0.0,0.0,1.0,0,,,,,,0,0,0,,,,0,,,,,,0,0,0,,,
2016-08-11,1,0.0,0.0,0.0,0.0,1.0,0,0,1,0.0,0.0,1.0,0,,,,,,0,0,0,,,,0,,,,,,0,0,0,,,,1,0.0,0.0,0.0,0.0,1.0,0,0,1,0.0,0.0,1.0
2016-08-12,1,0.296,0.296,0.268,0.0,0.732,1,0,0,1.0,0.0,0.0,1,0.296,0.296,0.268,0.0,0.732,1,0,0,1.0,0.0,0.0,0,,,,,,0,0,0,,,,0,,,,,,0,0,0,,,
2016-08-22,1,-0.3818,-0.3818,0.0,0.302,0.698,0,1,0,0.0,1.0,0.0,0,,,,,,0,0,0,,,,0,,,,,,0,0,0,,,,1,-0.3818,-0.3818,0.0,0.302,0.698,0,1,0,0.0,1.0,0.0
2016-08-23,2,-0.1494,-0.1494,0.0965,0.2585,0.6445000000000001,1,1,0,0.5,0.5,0.0,0,,,,,,0,0,0,,,,2,-0.1494,-0.1494,0.0965,0.2585,0.6445000000000001,1,1,0,0.5,0.5,0.0,0,,,,,,0,0,0,,,
2016-08-26,1,0.0,0.0,0.0,0.0,1.0,0,0,1,0.0,0.0,1.0,0,,,,,,0,0,0,,,,1,0.0,0.0,0.0,0.0,1.0,0,0,1,0.0,0.0,1.0,0,,,,,,0,0,0,,,
2016-09-01,1,0.296,0.296,0.268,0.0,0.732,1,0,0,1.0,0.0,0.0,1,0.296,0.296,0.268,0.0,0.732,1,0,0,1.0,0.0,0.0,0,,,,,,0,0,0,,,,0,,,,,,0,0,0,,,
2016-09-02,1,0.296,0.296,0.216,0.0,0.784,1,0,0,1.0,0.0,0.0,1,0.296,0.296,0.216,0.0,0.784,1,0,0,1.0,0.0,0.0,0,,,,,,0,0,0,,,,0,,,,,,0,0,0,,,
2016-09-04,1,0.3818,0.3818,0.224,0.0,0.776,1,0,0,1.0,0.0,0.0,0,,,,,,0,0,0,,,,1,0.3818,0.3818,0.224,0.0,0.776,1,0,0,1.0,0.0,0.0,0,,,,,,0,0,0,,,
2016-09-05,1,0.3612,0.3612,0.238,0.0,0.762,1,0,0,1.0,0.0,0.0,1,0.3612,0.3612,0.238,0.0,0.762,1,0,0,1.0,0.0,0.0,1,0.3612,0.3612,0.238,0.0,0.762,1,0,0,1.0,0.0,0.0,0,,,,,,0,0,0,,,
2016-09-09,1,0.0,0.0,0.0,0.0,1.0,0,0,1,0.0,0.0,1.0,0,,,,,,0,0,0,,,,1,0.0,0.0,0.0,0.0,1.0,0,0,1,0.0,0.0,1.0,0,,,,,,0,0,0,,,
2016-09-14,2,-0.0258,-0.0258,0.075,0.085,0.8400000000000001,0,1,1,0.0,0.5,0.5,1,0.0,0.0,0.0,0.0,1.0,0,0,1,0.0,0.0,1.0,1,-0.0516,-0.0516,0.15,0.17,0.68,0,1,0,0.0,1.0,0.0,0,,,,,,0,0,0,,,
2016-09-15,1,-0.4215,-0.4215,0.0,0.286,0.714,0,1,0,0.0,1.0,0.0,1,-0.4215,-0.4215,0.0,0.286,0.714,0,1,0,0.0,1.0,0.0,0,,,,,,0,0,0,,,,0,,,,,,0,0,0,,,
2016-09-17,1,0.0,0.0,0.0,0.0,1.0,0,0,1,0.0,0.0,1.0,0,,,,,,0,0,0,,,,0,,,,,,0,0,0,,,,1,0.0,0.0,0.0,0.0,1.0,0,0,1,0.0,0.0,1.0
2016-09-21,1,0.2023,0.2023,0.213,0.139,0.648,1,0,0,1.0,0.0,0.0,0,,,,,,0,0,0,,,,1,0.2023,0.2023,0.213,0.139,0.648,1,0,0,1.0,0.0,0.0,0,,,,,,0,0,0,,,
2016-09-25,1,0.0,0.0,0.0,0.0,1.0,0,0,1,0.0,0.0,1.0,1,0.0,0.0,0.0,0.0,1.0,0,0,1,0.0,0.0,1.0,0,,,,,,0,0,0,,,,0,,,,,,0,0,0,,,
2016-09-26,1,0.4588,0.4588,0.347,0.143,0.51,1,0,0,1.0,0.0,0.0,0,,,,,,0,0,0,,,,0,,,,,,0,0,0,,,,1,0.4588,0.4588,0.347,0.143,0.51,1,0,0,1.0,0.0,0.0
2016-09-29,3,-0.05103333333333334,0.0,0.0,0.062,0.9380000000000001,0,1,2,0.0,0.3333333333333333,0.6666666666666666,2,0.0,0.0,0.0,0.0,1.0,0,0,2,0.0,0.0,1.0,2,-0.07655,-0.07655,0.0,0.093,0.907,0,1,1,0.0,0.5,0.5,0,,,,,,0,0,0,,,
2016-10-02,1,0.0,0.0,0.0,0.0,1.0,0,0,1,0.0,0.0,1.0,1,0.0,0.0,0.0,0.0,1.0,0,0,1,0.0,0.0,1.0,0,,,,,,0,0,0,,,,0,,,,,,0,0,0,,,
2016-10-06,1,0.0,0.0,0.0,0.0,1.0,0,0,1,0.0,0.0,1.0,1,0.0,0.0,0.0,0.0,1.0,0,0,1,0.0,0.0,1.0,0,,,,,,0,0,0,,,,0,,,,,,0,0,0,,,
2016-10-11,2,0.011399999999999993,0.011399999999999993,0.244,0.1295,0.6265000000000001,1,1,0,0.5,0.5,0.0,2,0.011399999999999993,0.011399999999999993,0.244,0.1295,0.6265000000000001,1,1,0,0.5,0.5,0.0,0,,,,,,0,0,0,,,,0,,,,,,0,0,0,,,
2016-10-12,1,0.0,0.0,0.0,0.0,1.0,0,0,1,0.0,0.0,1.0,1,0.0,0.0,0.0,0.0,1.0,0,0,1,0.0,0.0,1.0,0,,,,,,0,0,0,,,,0,,,,,,0,0,0,,,
2016-10-20,1,0.0,0.0,0.0,0.0,1.0,0,0,1,0.0,0.0,1.0,1,0.0,0.0,0.0,0.0,1.0,0,0,1,0.0,0.0,1.0,0,,,,,,0,0,0,,,,0,,,,,,0,0,0,,,
2016-10-21,1,-0.4404,-0.4404,0.154,0.357,0.49,0,1,0,0.0,1.0,0.0,1,-0.4404,-0.4404,0.154,0.357,0.49,0,1,0,0.0,1.0,0.0,0,,,,,,0,0,0,,,,0,,,,,,0,0,0,,,
2016-10-24,1,-0.5423,-0.5423,0.202,0.523,0.275,0,1,0,0.0,1.0,0.0,1,-0.5423,-0.5423,0.202,0.523,0.275,0,1,0,0.0,1.0,0.0,0,,,,,,0,0,0,,,,0,,,,,,0,0,0,,,
2016-10-26,1,0.5719,0.5719,0.402,0.0,0.598,1,0,0,1.0,0.0,0.0,1,0.5719,0.5719,0.402,0.0,0.598,1,0,0,1.0,0.0,0.0,0,,,,,,0,0,0,,,,0,,,,,,0,0,0,,,
2016-11-02,1,0.0,0.0,0.0,0.0,1.0,0,0,1,0.0,0.0,1.0,0,,,,,,0,0,0,,,,0,,,,,,0,0,0,,,,1,0.0,0.0,0.0,0.0,1.0,0,0,1,0.0,0.0,1.0
2016-11-08,1,0.2263,0.2263,0.192,0.0,0.808,1,0,0,1.0,0.0,0.0,0,,,,,,0,0,0,,,,1,0.2263,0.2263,0.192,0.0,0.808,1,0,0,1.0,0.0,0.0,0,,,,,,0,0,0,,,
2016-11-22,3,0.15293333333333334,0.0,0.12133333333333333,0.0,0.8786666666666667,1,0,2,0.3333333333333333,0.0,0.6666666666666666,2,0.2294,0.2294,0.182,0.0,0.8180000000000001,1,0,1,0.5,0.0,0.5,1,0.0,0.0,0.0,0.0,1.0,0,0,1,0.0,0.0,1.0,0,,,,,,0,0,0,,,
2016-11-25,2,-0.11870000000000003,-0.11870000000000003,0.1155,0.1905,0.694,1,1,0,0.5,0.5,0.0,0,,,,,,0,0,0,,,,2,-0.11870000000000003,-0.11870000000000003,0.1155,0.1905,0.694,1,1,0,0.5,0.5,0.0,0,,,,,,0,0,0,,,
2016-11-27,1,0.0,0.0,0.0,0.0,1.0,0,0,1,0.0,0.0,1.0,0,,,,,,0,0,0,,,,1,0.0,0.0,0.0,0.0,1.0,0,0,1,0.0,0.0,1.0,0,,,,,,0,0,0,,,
2016-11-28,1,0.0,0.0,0.0,0.0,1.0,0,0,1,0.0,0.0,1.0,0,,,,,,0,0,0,,,,0,,,,,,0,0,0,,,,1,0.0,0.0,0.0,0.0,1.0,0,0,1,0.0,0.0,1.0
2016-11-29,2,-0.25,-0.25,0.0,0.2,0.8,0,2,0,0.0,1.0,0.0,0,,,,,,0,0,0,,,,2,-0.25,-0.25,0.0,0.2,0.8,0,2,0,0.0,1.0,0.0,0,,,,,,0,0,0,,,
2016-11-30,1,0.0,0.0,0.0,0.0,1.0,0,0,1,0.0,0.0,1.0,0,,,,,,0,0,0,,,,1,0.0,0.0,0.0,0.0,1.0,0,0,1,0.0,0.0,1.0,0,,,,,,0,0,0,,,
2016-12-01,2,-0.34480000000000005,-0.34480000000000005,0.091,0.2725,0.6365000000000001,0,2,0,0.0,1.0,0.0,1,-0.0772,-0.0772,0.182,0.212,0.606,0,1,0,0.0,1.0,0.0,2,-0.34480000000000005,-0.34480000000000005,0.091,0.2725,0.6365000000000001,0,2,0,0.0,1.0,0.0,0,,,,,,0,0,0,,,
2016-12-02,1,0.1027,0.1027,0.184,0.154,0.662,1,0,0,1.0,0.0,0.0,1,0.1027,0.1027,0.184,0.154,0.662,1,0,0,1.0,0.0,0.0,1,0.1027,0.1027,0.184,0.154,0.662,1,0,0,1.0,0.0,0.0,0,,,,,,0,0,0,,,
2016-12-12,2,-0.1366,-0.1366,0.094,0.20950000000000002,0.6970000000000001,0,1,1,0.0,0.5,0.5,1,0.0,0.0,0.188,0.188,0.625,0,0,1,0.0,0.0,1.0,1,0.0,0.0,0.188,0.188,0.625,0,0,1,0.0,0.0,1.0,1,-0.2732,-0.2732,0.0,0.231,0.769,0,1,0,0.0,1.0,0.0
2016-12-16,1,0.0,0.0,0.0,0.0,1.0,0,0,1,0.0,0.0,1.0,0,,,,,,0,0,0,,,,0,,,,,,0,0,0,,,,1,0.0,0.0,0.0,0.0,1.0,0,0,1,0.0,0.0,1.0
2017-01-10,1,0.0,0.0,0.0,0.0,1.0,0,0,1,0.0,0.0,1.0,0,,,,,,0,0,0,,,,0,,,,,,0,0,0,,,,1,0.0,0.0,0.0,0.0,1.0,0,0,1,0.0,0.0,1.0
2017-01-12,1,0.0,0.0,0.0,0.0,1.0,0,0,1,0.0,0.0,1.0,0,,,,,,0,0,0,,,,0,,,,,,0,0,0,,,,1,0.0,0.0,0.0,0.0,1.0,0,0,1,0.0,0.0,1.0
2017-02-08,2,0.1909,0.1909,0.103,0.0,0.897,1,0,1,0.5,0.0,0.5,1,0.0,0.0,0.0,0.0,1.0,0,0,1,0.0,0.0,1.0,0,,,,,,0,0,0,,,,1,0.3818,0.3818,0.206,0.0,0.794,1,0,0,1.0,0.0,0.0
2017-02-15,1,0.1779,0.1779,0.159,0.0,0.841,1,0,0,1.0,0.0,0.0,1,0.1779,0.1779,0.159,0.0,0.841,1,0,0,1.0,0.0,0.0,0,,,,,,0,0,0,,,,0,,,,,,0,0,0,,,
2017-02-23,1,0.4404,0.4404,0.266,0.0,0.734,1,0,0,1.0,0.0,0.0,0,,,,,,0,0,0,,,,0,,,,,,0,0,0,,,,1,0.4404,0.4404,0.266,0.0,0.734,1,0,0,1.0,0.0,0.0
2017-02-24,1,0.0,0.0,0.0,0.0,1.0,0,0,1,0.0,0.0,1.0,1,0.0,0.0,0.0,0.0,1.0,0,0,1,0.0,0.0,1.0,0,,,,,,0,0,0,,,,0,,,,,,0,0,0,,,
2017-03-09,1,0.0,0.0,0.0,0.0,1.0,0,0,1,0.0,0.0,1.0,1,0.0,0.0,0.0,0.0,1.0,0,0,1,0.0,0.0,1.0,0,,,,,,0,0,0,,,,0,,,,,,0,0,0,,,
2017-03-15,1,0.0,0.0,0.0,0.0,1.0,0,0,1,0.0,0.0,1.0,1,0.0,0.0,0.0,0.0,1.0,0,0,1,0.0,0.0,1.0,0,,,,,,0,0,0,,,,0,,,,,,0,0,0,,,
2017-03-17,1,0.0,0.0,0.0,0.0,1.0,0,0,1,0.0,0.0,1.0,0,,,,,,0,0,0,,,,1,0.0,0.0,0.0,0.0,1.0,0,0,1,0.0,0.0,1.0,0,,,,,,0,0,0,,,
2017-03-22,1,0.0,0.0,0.0,0.0,1.0,0,0,1,0.0,0.0,1.0,1,0.0,0.0,0.0,0.0,1.0,0,0,1,0.0,0.0,1.0,0,,,,,,0,0,0,,,,0,,,,,,0,0,0,,,
2017-04-07,1,-0.3612,-0.3612,0.0,0.217,0.783,0,1,0,0.0,1.0,0.0,1,-0.3612,-0.3612,0.0,0.217,0.783,0,1,0,0.0,1.0,0.0,0,,,,,,0,0,0,,,,0,,,,,,0,0,0,,,
2017-04-10,1,-0.7096,-0.7096,0.0,0.424,0.576,0,1,0,0.0,1.0,0.0,0,,,,,,0,0,0,,,,1,-0.7096,-0.7096,0.0,0.424,0.576,0,1,0,0.0,1.0,0.0,0,,,,,,0,0,0,,,
2017-04-20,1,0.0,0.0,0.0,0.0,1.0,0,0,1,0.0,0.0,1.0,1,0.0,0.0,0.0,0.0,1.0,0,0,1,0.0,0.0,1.0,0,,,,,,0,0,0,,,,0,,,,,,0,0,0,,,
2017-05-17,1,0.0,0.0,0.0,0.0,1.0,0,0,1,0.0,0.0,1.0,1,0.0,0.0,0.0,0.0,1.0,0,0,1,0.0,0.0,1.0,0,,,,,,0,0,0,,,,0,,,,,,0,0,0,,,
2017-05-18,1,0.2263,0.2263,0.192,0.0,0.808,1,0,0,1.0,0.0,0.0,0,,,,,,0,0,0,,,,1,0.2263,0.2263,0.192,0.0,0.808,1,0,0,1.0,0.0,0.0,0,,,,,,0,0,0,,,
2017-05-25,1,0.0,0.0,0.0,0.0,1.0,0,0,1,0.0,0.0,1.0,0,,,,,,0,0,0,,,,1,0.0,0.0,0.0,0.0,1.0,0,0,1,0.0,0.0,1.0,0,,,,,,0,0,0,,,
2017-05-26,2,0.10285,0.10285,0.133,0.0,0.867,1,0,1,0.5,0.0,0.5,2,0.10285,0.10285,0.133,0.0,0.867,1,0,1,0.5,0.0,0.5,0,,,,,,0,0,0,,,,0,,,,,,0,0,0,,,
2017-05-29,1,-0.296,-0.296,0.0,0.239,0.761,0,1,0,0.0,1.0,0.0,1,-0.296,-0.296,0.0,0.239,0.761,0,1,0,0.0,1.0,0.0,0,,,,,,0,0,0,,,,0,,,,,,0,0,0,,,
2017-06-09,1,0.0,0.0,0.0,0.0,1.0,0,0,1,0.0,0.0,1.0,0,,,,,,0,0,0,,,,0,,,,,,0,0,0,,,,1,0.0,0.0,0.0,0.0,1.0,0,0,1,0.0,0.0,1.0
2017-06-21,1,-0.2732,-0.2732,0.0,0.231,0.769,0,1,0,0.0,1.0,0.0,1,-0.2732,-0.2732,0.0,0.231,0.769,0,1,0,0.0,1.0,0.0,0,,,,,,0,0,0,,,,0,,,,,,0,0,0,,,
2017-06-22,1,-0.2263,-0.2263,0.0,0.241,0.759,0,1,0,0.0,1.0,0.0,1,-0.2263,-0.2263,0.0,0.241,0.759,0,1,0,0.0,1.0,0.0,0,,,,,,0,0,0,,,,0,,,,,,0,0,0,,,
2017-06-28,1,-0.3818,-0.3818,0.152,0.268,0.58,0,1,0,0.0,1.0,0.0,1,-0.3818,-0.3818,0.152,0.268,0.58,0,1,0,0.0,1.0,0.0,0,,,,,,0,0,0,,,,0,,,,,,0,0,0,,,
2017-07-06,1,-0.0516,-0.0516,0.0,0.107,0.893,0,1,0,0.0,1.0,0.0,1,-0.0516,-0.0516,0.0,0.107,0.893,0,1,0,0.0,1.0,0.0,0,,,,,,0,0,0,,,,0,,,,,,0,0,0,,,
2017-07-12,1,-0.3612,-0.3612,0.0,0.238,0.762,0,1,0,0.0,1.0,0.0,0,,,,,,0,0,0,,,,0,,,,,,0,0,0,,,,1,-0.3612,-0.3612,0.0,0.238,0.762,0,1,0,0.0,1.0,0.0
2017-07-26,1,0.0,0.0,0.0,0.0,1.0,0,0,1,0.0,0.0,1.0,0,,,,,,0,0,0,,,,0,,,,,,0,0,0,,,,1,0.0,0.0,0.0,0.0,1.0,0,0,1,0.0,0.0,1.0
2017-08-05,1,-0.4588,-0.4588,0.0,0.273,0.727,0,1,0,0.0,1.0,0.0,0,,,,,,0,0,0,,,,0,,,,,,0,0,0,,,,1,-0.4588,-0.4588,0.0,0.273,0.727,0,1,0,0.0,1.0,0.0
2017-08-20,1,0.0,0.0,0.0,0.0,1.0,0,0,1,0.0,0.0,1.0,0,,,,,,0,0,0,,,,1,0.0,0.0,0.0,0.0,1.0,0,0,1,0.0,0.0,1.0,0,,,,,,0,0,0,,,
2017-08-23,1,0.0,0.0,0.0,0.0,1.0,0,0,1,0.0,0.0,1.0,0,,,,,,0,0,0,,,,1,0.0,0.0,0.0,0.0,1.0,0,0,1,0.0,0.0,1.0,0,,,,,,0,0,0,,,
2017-09-04,1,-0.3818,-0.3818,0.164,0.289,0.547,0,1,0,0.0,1.0,0.0,1,-0.3818,-0.3818,0.164,0.289,0.547,0,1,0,0.0,1.0,0.0,1,-0.3818,-0.3818,0.164,0.289,0.547,0,1,0,0.0,1.0,0.0,0,,,,,,0,0,0,,,
2017-09-05,1,0.2732,0.2732,0.189,0.0,0.811,1,0,0,1.0,0.0,0.0,0,,,,,,0,0,0,,,,0,,,,,,0,0,0,,,,1,0.2732,0.2732,0.189,0.0,0.811,1,0,0,1.0,0.0,0.0
2017-09-08,1,-0.1531,-0.1531,0.0,0.211,0.789,0,1,0,0.0,1.0,0.0,0,,,,,,0,0,0,,,,1,-0.1531,-0.1531,0.0,0.211,0.789,0,1,0,0.0,1.0,0.0,0,,,,,,0,0,0,,,
2017-09-17,1,-0.25,-0.25,0.0,0.25,0.75,0,1,0,0.0,1.0,0.0,0,,,,,,0,0,0,,,,1,-0.25,-0.25,0.0,0.25,0.75,0,1,0,0.0,1.0,0.0,0,,,,,,0,0,0,,,
2017-09-23,1,-0.1027,-0.1027,0.0,0.149,0.851,0,1,0,0.0,1.0,0.0,0,,,,,,0,0,0,,,,1,-0.1027,-0.1027,0.0,0.149,0.851,0,1,0,0.0,1.0,0.0,0,,,,,,0,0,0,,,
2017-10-01,1,0.0,0.0,0.0,0.0,1.0,0,0,1,0.0,0.0,1.0,1,0.0,0.0,0.0,0.0,1.0,0,0,1,0.0,0.0,1.0,0,,,,,,0,0,0,,,,0,,,,,,0,0,0,,,
2017-10-09,1,0.0,0.0,0.0,0.0,1.0,0,0,1,0.0,0.0,1.0,0,,,,,,0,0,0,,,,0,,,,,,0,0,0,,,,1,0.0,0.0,0.0,0.0,1.0,0,0,1,0.0,0.0,1.0
2017-10-13,1,0.4215,0.4215,0.331,0.185,0.484,1,0,0,1.0,0.0,0.0,0,,,,,,0,0,0,,,,1,0.4215,0.4215,0.331,0.185,0.484,1,0,0,1.0,0.0,0.0,0,,,,,,0,0,0,,,
2017-10-25,1,0.0,0.0,0.0,0.0,1.0,0,0,1,0.0,0.0,1.0,0,,,,,,0,0,0,,,,0,,,,,,0,0,0,,,,1,0.0,0.0,0.0,0.0,1.0,0,0,1,0.0,0.0,1.0
2017-10-30,2,0.0,0.0,0.0,0.0,1.0,0,0,2,0.0,0.0,1.0,0,,,,,,0,0,0,,,,0,,,,,,0,0,0,,,,2,0.0,0.0,0.0,0.0,1.0,0,0,2,0.0,0.0,1.0
2017-11-15,1,-0.7096,-0.7096,0.0,0.457,0.543,0,1,0,0.0,1.0,0.0,1,-0.7096,-0.7096,0.0,0.457,0.543,0,1,0,0.0,1.0,0.0,0,,,,,,0,0,0,,,,0,,,,,,0,0,0,,,
2017-11-16,1,0.0,0.0,0.0,0.0,1.0,0,0,1,0.0,0.0,1.0,1,0.0,0.0,0.0,0.0,1.0,0,0,1,0.0,0.0,1.0,0,,,,,,0,0,0,,,,0,,,,,,0,0,0,,,
2017-11-28,1,0.2732,0.2732,0.208,0.0,0.792,1,0,0,1.0,0.0,0.0,1,0.2732,0.2732,0.208,0.0,0.792,1,0,0,1.0,0.0,0.0,0,,,,,,0,0,0,,,,0,,,,,,0,0,0,,,
2017-11-30,1,0.1779,0.1779,0.217,0.163,0.62,1,0,0,1.0,0.0,0.0,0,,,,,,0,0,0,,,,1,0.1779,0.1779,0.217,0.163,0.62,1,0,0,1.0,0.0,0.0,0,,,,,,0,0,0,,,
2017-12-04,1,0.0258,0.0258,0.18,0.0,0.82,0,0,1,0.0,0.0,1.0,0,,,,,,0,0,0,,,,1,0.0258,0.0258,0.18,0.0,0.82,0,0,1,0.0,0.0,1.0,0,,,,,,0,0,0,,,
2017-12-07,1,0.0,0.0,0.0,0.0,1.0,0,0,1,0.0,0.0,1.0,1,0.0,0.0,0.0,0.0,1.0,0,0,1,0.0,0.0,1.0,0,,,,,,0,0,0,,,,0,,,,,,0,0,0,,,
2017-12-23,1,0.0,0.0,0.0,0.0,1.0,0,0,1,0.0,0.0,1.0,0,,,,,,0,0,0,,,,1,0.0,0.0,0.0,0.0,1.0,0,0,1,0.0,0.0,1.0,0,,,,,,0,0,0,,,
2017-12-27,1,-0.1779,-0.1779,0.0,0.159,0.841,0,1,0,0.0,1.0,0.0,0,,,,,,0,0,0,,,,1,-0.1779,-0.1779,0.0,0.159,0.841,0,1,0,0.0,1.0,0.0,1,-0.1779,-0.1779,0.0,0.159,0.841,0,1,0,0.0,1.0,0.0
2017-12-29,1,-0.34,-0.34,0.0,0.298,0.702,0,1,0,0.0,1.0,0.0,0,,,,,,0,0,0,,,,1,-0.34,-0.34,0.0,0.298,0.702,0,1,0,0.0,1.0,0.0,0,,,,,,0,0,0,,,
2018-01-12,1,0.0,0.0,0.0,0.0,1.0,0,0,1,0.0,0.0,1.0,1,0.0,0.0,0.0,0.0,1.0,0,0,1,0.0,0.0,1.0,0,,,,,,0,0,0,,,,0,,,,,,0,0,0,,,
2018-01-22,1,0.0,0.0,0.0,0.0,1.0,0,0,1,0.0,0.0,1.0,0,,,,,,0,0,0,,,,0,,,,,,0,0,0,,,,1,0.0,0.0,0.0,0.0,1.0,0,0,1,0.0,0.0,1.0
2018-01-23,1,0.0,0.0,0.0,0.0,1.0,0,0,1,0.0,0.0,1.0,0,,,,,,0,0,0,,,,0,,,,,,0,0,0,,,,1,0.0,0.0,0.0,0.0,1.0,0,0,1,0.0,0.0,1.0
2018-02-06,1,0.0,0.0,0.0,0.0,1.0,0,0,1,0.0,0.0,1.0,0,,,,,,0,0,0,,,,0,,,,,,0,0,0,,,,1,0.0,0.0,0.0,0.0,1.0,0,0,1,0.0,0.0,1.0
2018-04-12,2,0.07455,0.07455,0.21600000000000003,0.091,0.6930000000000001,1,1,0,0.5,0.5,0.0,0,,,,,,0,0,0,,,,2,0.07455,0.07455,0.21600000000000003,0.091,0.6930000000000001,1,1,0,0.5,0.5,0.0,0,,,,,,0,0,0,,,
2018-04-19,1,0.0,0.0,0.0,0.0,1.0,0,0,1,0.0,0.0,1.0,1,0.0,0.0,0.0,0.0,1.0,0,0,1,0.0,0.0,1.0,0,,,,,,0,0,0,,,,0,,,,,,0,0,0,,,
2018-05-01,1,0.4404,0.4404,0.266,0.0,0.734,1,0,0,1.0,0.0,0.0,1,0.4404,0.4404,0.266,0.0,0.734,1,0,0,1.0,0.0,0.0,0,,,,,,0,0,0,,,,0,,,,,,0,0,0,,,
2018-05-10,1,0.4019,0.4019,0.197,0.0,0.803,1,0,0,1.0,0.0,0.0,1,0.4019,0.4019,0.197,0.0,0.803,1,0,0,1.0,0.0,0.0,1,0.4019,0.4019,0.197,0.0,0.803,1,0,0,1.0,0.0,0.0,0,,,,,,0,0,0,,,
2018-05-13,1,0.0,0.0,0.0,0.0,1.0,0,0,1,0.0,0.0,1.0,0,,,,,,0,0,0,,,,0,,,,,,0,0,0,,,,1,0.0,0.0,0.0,0.0,1.0,0,0,1,0.0,0.0,1.0
2018-05-15,3,-0.09866666666666667,0.0,0.0,0.08933333333333333,0.9106666666666667,0,1,2,0.0,0.3333333333333333,0.6666666666666666,2,-0.148,-0.148,0.0,0.134,0.866,0,1,1,0.0,0.5,0.5,1,0.0,0.0,0.0,0.0,1.0,0,0,1,0.0,0.0,1.0,0,,,,,,0,0,0,,,
2018-05-23,1,0.34,0.34,0.324,0.0,0.676,1,0,0,1.0,0.0,0.0,0,,,,,,0,0,0,,,,1,0.34,0.34,0.324,0.0,0.676,1,0,0,1.0,0.0,0.0,0,,,,,,0,0,0,,,
2018-06-05,1,0.0,0.0,0.0,0.0,1.0,0,0,1,0.0,0.0,1.0,0,,,,,,0,0,0,,,,0,,,,,,0,0,0,,,,1,0.0,0.0,0.0,0.0,1.0,0,0,1,0.0,0.0,1.0
2018-06-27,1,0.0,0.0,0.0,0.0,1.0,0,0,1,0.0,0.0,1.0,1,0.0,0.0,0.0,0.0,1.0,0,0,1,0.0,0.0,1.0,1,0.0,0.0,0.0,0.0,1.0,0,0,1,0.0,0.0,1.0,0,,,,,,0,0,0,,,
2018-07-11,1,0.0,0.0,0.0,0.0,1.0,0,0,1,0.0,0.0,1.0,1,0.0,0.0,0.0,0.0,1.0,0,0,1,0.0,0.0,1.0,0,,,,,,0,0,0,,,,0,,,,,,0,0,0,,,
2018-07-24,1,0.3612,0.3612,0.256,0.143,0.602,1,0,0,1.0,0.0,0.0,0,,,,,,0,0,0,,,,1,0.3612,0.3612,0.256,0.143,0.602,1,0,0,1.0,0.0,0.0,0,,,,,,0,0,0,,,
2018-07-25,1,0.0,0.0,0.0,0.0,1.0,0,0,1,0.0,0.0,1.0,0,,,,,,0,0,0,,,,0,,,,,,0,0,0,,,,1,0.0,0.0,0.0,0.0,1.0,0,0,1,0.0,0.0,1.0
2018-08-09,1,-0.3182,-0.3182,0.0,0.204,0.796,0,1,0,0.0,1.0,0.0,1,-0.3182,-0.3182,0.0,0.204,0.796,0,1,0,0.0,1.0,0.0,1,-0.3182,-0.3182,0.0,0.204,0.796,0,1,0,0.0,1.0,0.0,0,,,,,,0,0,0,,,
2018-08-13,1,0.0,0.0,0.0,0.0,1.0,0,0,1,0.0,0.0,1.0,0,,,,,,0,0,0,,,,1,0.0,0.0,0.0,0.0,1.0,0,0,1,0.0,0.0,1.0,0,,,,,,0,0,0,,,
2018-08-14,1,0.7237,0.7237,0.431,0.0,0.569,1,0,0,1.0,0.0,0.0,0,,,,,,0,0,0,,,,1,0.7237,0.7237,0.431,0.0,0.569,1,0,0,1.0,0.0,0.0,0,,,,,,0,0,0,,,
2018-08-21,2,0.2202,0.2202,0.122,0.0,0.878,1,0,1,0.5,0.0,0.5,0,,,,,,0,0,0,,,,1,0.4404,0.4404,0.244,0.0,0.756,1,0,0,1.0,0.0,0.0,1,0.0,0.0,0.0,0.0,1.0,0,0,1,0.0,0.0,1.0
2018-08-23,1,0.4404,0.4404,0.244,0.0,0.756,1,0,0,1.0,0.0,0.0,0,,,,,,0,0,0,,,,0,,,,,,0,0,0,,,,1,0.4404,0.4404,0.244,0.0,0.756,1,0,0,1.0,0.0,0.0
2018-08-28,2,0.0,0.0,0.0,0.0,1.0,0,0,2,0.0,0.0,1.0,0,,,,,,0,0,0,,,,0,,,,,,0,0,0,,,,2,0.0,0.0,0.0,0.0,1.0,0,0,2,0.0,0.0,1.0
2018-09-05,1,-0.296,-0.296,0.0,0.216,0.784,0,1,0,0.0,1.0,0.0,0,,,,,,0,0,0,,,,1,-0.296,-0.296,0.0,0.216,0.784,0,1,0,0.0,1.0,0.0,0,,,,,,0,0,0,,,
2018-09-27,1,0.0,0.0,0.0,0.0,1.0,0,0,1,0.0,0.0,1.0,1,0.0,0.0,0.0,0.0,1.0,0,0,1,0.0,0.0,1.0,0,,,,,,0,0,0,,,,1,0.0,0.0,0.0,0.0,1.0,0,0,1,0.0,0.0,1.0
2018-10-02,1,0.0,0.0,0.0,0.0,1.0,0,0,1,0.0,0.0,1.0,0,,,,,,0,0,0,,,,0,,,,,,0,0,0,,,,1,0.0,0.0,0.0,0.0,1.0,0,0,1,0.0,0.0,1.0
2018-10-18,1,0.3182,0.3182,0.187,0.0,0.813,1,0,0,1.0,0.0,0.0,0,,,,,,0,0,0,,,,0,,,,,,0,0,0,,,,1,0.3182,0.3182,0.187,0.0,0.813,1,0,0,1.0,0.0,0.0
2018-10-19,1,0.0,0.0,0.0,0.0,1.0,0,0,1,0.0,0.0,1.0,0,,,,,,0,0,0,,,,1,0.0,0.0,0.0,0.0,1.0,0,0,1,0.0,0.0,1.0,0,,,,,,0,0,0,,,
2018-10-29,1,0.0,0.0,0.0,0.0,1.0,0,0,1,0.0,0.0,1.0,1,0.0,0.0,0.0,0.0,1.0,0,0,1,0.0,0.0,1.0,0,,,,,,0,0,0,,,,0,,,,,,0,0,0,,,
2018-11-05,2,0.0,0.0,0.0,0.0,1.0,0,0,2,0.0,0.0,1.0,0,,,,,,0,0,0,,,,1,0.0,0.0,0.0,0.0,1.0,0,0,1,0.0,0.0,1.0,1,0.0,0.0,0.0,0.0,1.0,0,0,1,0.0,0.0,1.0
2018-11-13,1,0.0,0.0,0.0,0.0,1.0,0,0,1,0.0,0.0,1.0,0,,,,,,0,0,0,,,,0,,,,,,0,0,0,,,,1,0.0,0.0,0.0,0.0,1.0,0,0,1,0.0,0.0,1.0
2018-11-14,1,0.0,0.0,0.0,0.0,1.0,0,0,1,0.0,0.0,1.0,1,0.0,0.0,0.0,0.0,1.0,0,0,1,0.0,0.0,1.0,0,,,,,,0,0,0,,,,0,,,,,,0,0,0,,,
2018-11-18,1,-0.4404,-0.4404,0.0,0.494,0.506,0,1,0,0.0,1.0,0.0,0,,,,,,0,0,0,,,,0,,,,,,0,0,0,,,,1,-0.4404,-0.4404,0.0,0.494,0.506,0,1,0,0.0,1.0,0.0
2018-11-21,4,-0.168775,-0.1366,0.056,0.16225,0.78175,0,2,2,0.0,0.5,0.5,3,-0.09106666666666667,0.0,0.07466666666666667,0.113,0.8123333333333332,0,1,2,0.0,0.3333333333333333,0.6666666666666666,0,,,,,,0,0,0,,,,1,-0.4019,-0.4019,0.0,0.31,0.69,0,1,0,0.0,1.0,0.0
2018-12-04,1,-0.7964,-0.7964,0.0,0.574,0.426,0,1,0,0.0,1.0,0.0,0,,,,,,0,0,0,,,,0,,,,,,0,0,0,,,,1,-0.7964,-0.7964,0.0,0.574,0.426,0,1,0,0.0,1.0,0.0
2018-12-11,1,0.4767,0.4767,0.339,0.165,0.496,1,0,0,1.0,0.0,0.0,0,,,,,,0,0,0,,,,1,0.4767,0.4767,0.339,0.165,0.496,1,0,0,1.0,0.0,0.0,0,,,,,,0,0,0,,,
2018-12-15,1,0.3182,0.3182,0.295,0.201,0.504,1,0,0,1.0,0.0,0.0,0,,,,,,0,0,0,,,,1,0.3182,0.3182,0.295,0.201,0.504,1,0,0,1.0,0.0,0.0,0,,,,,,0,0,0,,,
2018-12-19,1,0.0,0.0,0.0,0.0,1.0,0,0,1,0.0,0.0,1.0,1,0.0,0.0,0.0,0.0,1.0,0,0,1,0.0,0.0,1.0,0,,,,,,0,0,0,,,,0,,,,,,0,0,0,,,
2018-12-20,1,0.0,0.0,0.0,0.0,1.0,0,0,1,0.0,0.0,1.0,0,,,,,,0,0,0,,,,0,,,,,,0,0,0,,,,1,0.0,0.0,0.0,0.0,1.0,0,0,1,0.0,0.0,1.0
2019-01-11,1,0.0,0.0,0.0,0.0,1.0,0,0,1,0.0,0.0,1.0,0,,,,,,0,0,0,,,,0,,,,,,0,0,0,,,,1,0.0,0.0,0.0,0.0,1.0,0,0,1,0.0,0.0,1.0
2019-01-15,1,-0.2263,-0.2263,0.0,0.213,0.787,0,1,0,0.0,1.0,0.0,0,,,,,,0,0,0,,,,0,,,,,,0,0,0,,,,1,-0.2263,-0.2263,0.0,0.213,0.787,0,1,0,0.0,1.0,0.0
2019-01-22,1,0.0772,0.0772,0.157,0.0,0.843,1,0,0,1.0,0.0,0.0,0,,,,,,0,0,0,,,,0,,,,,,0,0,0,,,,1,0.0772,0.0772,0.157,0.0,0.843,1,0,0,1.0,0.0,0.0
2019-01-23,1,0.4256,0.4256,0.38,0.166,0.454,1,0,0,1.0,0.0,0.0,0,,,,,,0,0,0,,,,1,0.4256,0.4256,0.38,0.166,0.454,1,0,0,1.0,0.0,0.0,0,,,,,,0,0,0,,,
2019-03-11,1,0.6249,0.6249,0.369,0.0,0.631,1,0,0,1.0,0.0,0.0,0,,,,,,0,0,0,,,,1,0.6249,0.6249,0.369,0.0,0.631,1,0,0,1.0,0.0,0.0,0,,,,,,0,0,0,,,
2019-04-01,1,0.3612,0.3612,0.2,0.0,0.8,1,0,0,1.0,0.0,0.0,0,,,,,,0,0,0,,,,1,0.3612,0.3612,0.2,0.0,0.8,1,0,0,1.0,0.0,0.0,0,,,,,,0,0,0,,,
2019-04-18,1,0.296,0.296,0.236,0.127,0.636,1,0,0,1.0,0.0,0.0,0,,,,,,0,0,0,,,,0,,,,,,0,0,0,,,,1,0.296,0.296,0.236,0.127,0.636,1,0,0,1.0,0.0,0.0
2019-04-23,1,0.0,0.0,0.0,0.0,1.0,0,0,1,0.0,0.0,1.0,1,0.0,0.0,0.0,0.0,1.0,0,0,1,0.0,0.0,1.0,1,0.0,0.0,0.0,0.0,1.0,0,0,1,0.0,0.0,1.0,0,,,,,,0,0,0,,,
2019-05-13,1,-0.7579,-0.7579,0.0,0.448,0.552,0,1,0,0.0,1.0,0.0,0,,,,,,0,0,0,,,,1,-0.7579,-0.7579,0.0,0.448,0.552,0,1,0,0.0,1.0,0.0,0,,,,,,0,0,0,,,
2019-06-07,2,-0.5445,-0.5445,0.0,0.3115,0.6885,0,2,0,0.0,1.0,0.0,1,-0.6486,-0.6486,0.0,0.398,0.602,0,1,0,0.0,1.0,0.0,1,-0.4404,-0.4404,0.0,0.225,0.775,0,1,0,0.0,1.0,0.0,1,-0.6486,-0.6486,0.0,0.398,0.602,0,1,0,0.0,1.0,0.0
2019-06-11,1,0.6249,0.6249,0.369,0.0,0.631,1,0,0,1.0,0.0,0.0,1,0.6249,0.6249,0.369,0.0,0.631,1,0,0,1.0,0.0,0.0,1,0.6249,0.6249,0.369,0.0,0.631,1,0,0,1.0,0.0,0.0,0,,,,,,0,0,0,,,
2019-06-13,1,-0.6124,-0.6124,0.0,0.417,0.583,0,1,0,0.0,1.0,0.0,1,-0.6124,-0.6124,0.0,0.417,0.583,0,1,0,0.0,1.0,0.0,0,,,,,,0,0,0,,,,0,,,,,,0,0,0,,,
2019-06-14,3,-0.2986,-0.0516,0.06633333333333334,0.2593333333333333,0.6743333333333332,0,2,1,0.0,0.6666666666666666,0.3333333333333333,1,-0.0516,-0.0516,0.199,0.213,0.588,0,1,0,0.0,1.0,0.0,2,-0.4221,-0.4221,0.0,0.2825,0.7175,0,1,1,0.0,0.5,0.5,0,,,,,,0,0,0,,,
2019-06-15,1,-0.6808,-0.6808,0.0,0.412,0.588,0,1,0,0.0,1.0,0.0,0,,,,,,0,0,0,,,,1,-0.6808,-0.6808,0.0,0.412,0.588,0,1,0,0.0,1.0,0.0,0,,,,,,0,0,0,,,
2019-06-16,1,0.2263,0.2263,0.192,0.0,0.808,1,0,0,1.0,0.0,0.0,0,,,,,,0,0,0,,,,1,0.2263,0.2263,0.192,0.0,0.808,1,0,0,1.0,0.0,0.0,0,,,,,,0,0,0,,,
2019-06-18,1,-0.6597,-0.6597,0.0,0.519,0.481,0,1,0,0.0,1.0,0.0,0,,,,,,0,0,0,,,,1,-0.6597,-0.6597,0.0,0.519,0.481,0,1,0,0.0,1.0,0.0,0,,,,,,0,0,0,,,
2019-06-26,1,-0.4019,-0.4019,0.0,0.213,0.787,0,1,0,0.0,1.0,0.0,0,,,,,,0,0,0,,,,1,-0.4019,-0.4019,0.0,0.213,0.787,0,1,0,0.0,1.0,0.0,0,,,,,,0,0,0,,,
2019-07-05,1,-0.0258,-0.0258,0.0,0.136,0.864,0,0,1,0.0,0.0,1.0,0,,,,,,0,0,0,,,,1,-0.0258,-0.0258,0.0,0.136,0.864,0,0,1,0.0,0.0,1.0,0,,,,,,0,0,0,,,
2019-07-06,1,0.0,0.0,0.0,0.0,1.0,0,0,1,0.0,0.0,1.0,0,,,,,,0,0,0,,,,1,0.0,0.0,0.0,0.0,1.0,0,0,1,0.0,0.0,1.0,0,,,,,,0,0,0,,,
2019-07-19,1,0.0,0.0,0.0,0.0,1.0,0,0,1,0.0,0.0,1.0,0,,,,,,0,0,0,,,,1,0.0,0.0,0.0,0.0,1.0,0,0,1,0.0,0.0,1.0,0,,,,,,0,0,0,,,
2019-08-12,1,0.0,0.0,0.0,0.0,1.0,0,0,1,0.0,0.0,1.0,0,,,,,,0,0,0,,,,1,0.0,0.0,0.0,0.0,1.0,0,0,1,0.0,0.0,1.0,0,,,,,,0,0,0,,,
2019-08-19,1,-0.4215,-0.4215,0.0,0.322,0.678,0,1,0,0.0,1.0,0.0,0,,,,,,0,0,0,,,,1,-0.4215,-0.4215,0.0,0.322,0.678,0,1,0,0.0,1.0,0.0,0,,,,,,0,0,0,,,
2019-08-22,1,0.3182,0.3182,0.252,0.139,0.609,1,0,0,1.0,0.0,0.0,0,,,,,,0,0,0,,,,0,,,,,,0,0,0,,,,1,0.3182,0.3182,0.252,0.139,0.609,1,0,0,1.0,0.0,0.0
2019-09-14,1,-0.4404,-0.4404,0.0,0.266,0.734,0,1,0,0.0,1.0,0.0,0,,,,,,0,0,0,,,,1,-0.4404,-0.4404,0.0,0.266,0.734,0,1,0,0.0,1.0,0.0,0,,,,,,0,0,0,,,
2019-09-15,1,-0.6705,-0.6705,0.0,0.44,0.56,0,1,0,0.0,1.0,0.0,0,,,,,,0,0,0,,,,1,-0.6705,-0.6705,0.0,0.44,0.56,0,1,0,0.0,1.0,0.0,0,,,,,,0,0,0,,,
2019-09-16,1,-0.4767,-0.4767,0.0,0.237,0.763,0,1,0,0.0,1.0,0.0,1,-0.4767,-0.4767,0.0,0.237,0.763,0,1,0,0.0,1.0,0.0,1,-0.4767,-0.4767,0.0,0.237,0.763,0,1,0,0.0,1.0,0.0,0,,,,,,0,0,0,,,
2019-09-17,2,-0.0227,-0.0227,0.0955,0.131,0.7735000000000001,0,0,2,0.0,0.0,1.0,1,0.0,0.0,0.0,0.0,1.0,0,0,1,0.0,0.0,1.0,1,-0.0454,-0.0454,0.191,0.262,0.547,0,0,1,0.0,0.0,1.0,0,,,,,,0,0,0,,,
2019-09-18,3,0.007599999999999996,0.0,0.07966666666666666,0.06933333333333333,0.851,1,1,1,0.3333333333333333,0.3333333333333333,0.3333333333333333,2,0.011399999999999993,0.011399999999999993,0.1195,0.104,0.7765,1,1,0,0.5,0.5,0.0,2,0.148,0.148,0.1195,0.0,0.8805000000000001,1,0,1,0.5,0.0,0.5,0,,,,,,0,0,0,,,
2019-09-19,1,-0.4767,-0.4767,0.0,0.279,0.721,0,1,0,0.0,1.0,0.0,0,,,,,,0,0,0,,,,1,-0.4767,-0.4767,0.0,0.279,0.721,0,1,0,0.0,1.0,0.0,0,,,,,,0,0,0,,,
2019-09-22,1,-0.4767,-0.4767,0.0,0.256,0.744,0,1,0,0.0,1.0,0.0,0,,,,,,0,0,0,,,,1,-0.4767,-0.4767,0.0,0.256,0.744,0,1,0,0.0,1.0,0.0,0,,,,,,0,0,0,,,
2019-09-27,1,-0.3931,-0.3931,0.107,0.229,0.665,0,1,0,0.0,1.0,0.0,0,,,,,,0,0,0,,,,0,,,,,,0,0,0,,,,1,-0.3931,-0.3931,0.107,0.229,0.665,0,1,0,0.0,1.0,0.0
2019-09-30,1,-0.1027,-0.1027,0.0,0.135,0.865,0,1,0,0.0,1.0,0.0,1,-0.1027,-0.1027,0.0,0.135,0.865,0,1,0,0.0,1.0,0.0,1,-0.1027,-0.1027,0.0,0.135,0.865,0,1,0,0.0,1.0,0.0,0,,,,,,0,0,0,,,
2019-10-04,1,0.0,0.0,0.0,0.0,1.0,0,0,1,0.0,0.0,1.0,0,,,,,,0,0,0,,,,0,,,,,,0,0,0,,,,1,0.0,0.0,0.0,0.0,1.0,0,0,1,0.0,0.0,1.0
2019-10-25,1,0.3818,0.3818,0.245,0.0,0.755,1,0,0,1.0,0.0,0.0,0,,,,,,0,0,0,,,,1,0.3818,0.3818,0.245,0.0,0.755,1,0,0,1.0,0.0,0.0,0,,,,,,0,0,0,,,
2019-11-04,1,0.0,0.0,0.0,0.0,1.0,0,0,1,0.0,0.0,1.0,0,,,,,,0,0,0,,,,1,0.0,0.0,0.0,0.0,1.0,0,0,1,0.0,0.0,1.0,0,,,,,,0,0,0,,,
2019-11-11,1,0.0,0.0,0.0,0.0,1.0,0,0,1,0.0,0.0,1.0,0,,,,,,0,0,0,,,,1,0.0,0.0,0.0,0.0,1.0,0,0,1,0.0,0.0,1.0,0,,,,,,0,0,0,,,
2019-11-17,2,-0.7706,-0.7706,0.0,0.5055000000000001,0.49450000000000005,0,2,0,0.0,1.0,0.0,0,,,,,,0,0,0,,,,0,,,,,,0,0,0,,,,2,-0.7706,-0.7706,0.0,0.5055000000000001,0.49450000000000005,0,2,0,0.0,1.0,0.0
2019-11-20,1,-0.7693,-0.7693,0.0,0.561,0.439,0,1,0,0.0,1.0,0.0,0,,,,,,0,0,0,,,,0,,,,,,0,0,0,,,,1,-0.7693,-0.7693,0.0,0.561,0.439,0,1,0,0.0,1.0,0.0
2020-03-09,1,0.0,0.0,0.0,0.0,1.0,0,0,1,0.0,0.0,1.0,1,0.0,0.0,0.0,0.0,1.0,0,0,1,0.0,0.0,1.0,0,,,,,,0,0,0,,,,1,0.0,0.0,0.0,0.0,1.0,0,0,1,0.0,0.0,1.0
2020-03-10,1,0.0,0.0,0.0,0.0,1.0,0,0,1,0.0,0.0,1.0,1,0.0,0.0,0.0,0.0,1.0,0,0,1,0.0,0.0,1.0,0,,,,,,0,0,0,,,,0,,,,,,0,0,0,,,
2020-03-11,1,-0.5994,-0.5994,0.0,0.358,0.642,0,1,0,0.0,1.0,0.0,1,-0.5994,-0.5994,0.0,0.358,0.642,0,1,0,0.0,1.0,0.0,1,-0.5994,-0.5994,0.0,0.358,0.642,0,1,0,0.0,1.0,0.0,0,,,,,,0,0,0,,,
2020-03-19,1,0.0,0.0,0.0,0.0,1.0,0,0,1,0.0,0.0,1.0,0,,,,,,0,0,0,,,,0,,,,,,0,0,0,,,,1,0.0,0.0,0.0,0.0,1.0,0,0,1,0.0,0.0,1.0
2020-04-01,1,0.0,0.0,0.0,0.0,1.0,0,0,1,0.0,0.0,1.0,0,,,,,,0,0,0,,,,0,,,,,,0,0,0,,,,1,0.0,0.0,0.0,0.0,1.0,0,0,1,0.0,0.0,1.0
2020-04-08,1,0.0,0.0,0.0,0.0,1.0,0,0,1,0.0,0.0,1.0,0,,,,,,0,0,0,,,,0,,,,,,0,0,0,,,,1,0.0,0.0,0.0,0.0,1.0,0,0,1,0.0,0.0,1.0
2020-04-17,1,0.0,0.0,0.0,0.0,1.0,0,0,1,0.0,0.0,1.0,0,,,,,,0,0,0,,,,0,,,,,,0,0,0,,,,1,0.0,0.0,0.0,0.0,1.0,0,0,1,0.0,0.0,1.0
2020-04-21,4,-0.305125,-0.28595,0.0,0.19,0.81,0,2,2,0.0,0.5,0.5,3,-0.4068333333333333,-0.5719,0.0,0.25333333333333335,0.7466666666666667,0,2,1,0.0,0.6666666666666666,0.3333333333333333,0,,,,,,0,0,0,,,,2,-0.28595,-0.28595,0.0,0.1455,0.8545,0,1,1,0.0,0.5,0.5
2020-04-22,3,-0.013933333333333317,0.0,0.125,0.09533333333333333,0.7796666666666666,1,1,1,0.3333333333333333,0.3333333333333333,0.3333333333333333,3,-0.013933333333333317,0.0,0.125,0.09533333333333333,0.7796666666666666,1,1,1,0.3333333333333333,0.3333333333333333,0.3333333333333333,1,0.34,0.34,0.375,0.0,0.625,1,0,0,1.0,0.0,0.0,1,0.34,0.34,0.375,0.0,0.625,1,0,0,1.0,0.0,0.0
2020-04-23,2,0.28459999999999996,0.28459999999999996,0.257,0.0,0.743,2,0,0,1.0,0.0,0.0,2,0.28459999999999996,0.28459999999999996,0.257,0.0,0.743,2,0,0,1.0,0.0,0.0,0,,,,,,0,0,0,,,,0,,,,,,0,0,0,,,
2020-04-24,1,0.0,0.0,0.0,0.0,1.0,0,0,1,0.0,0.0,1.0,0,,,,,,0,0,0,,,,0,,,,,,0,0,0,,,,1,0.0,0.0,0.0,0.0,1.0,0,0,1,0.0,0.0,1.0
2020-04-26,1,-0.5719,-0.5719,0.0,0.346,0.654,0,1,0,0.0,1.0,0.0,1,-0.5719,-0.5719,0.0,0.346,0.654,0,1,0,0.0,1.0,0.0,0,,,,,,0,0,0,,,,0,,,,,,0,0,0,,,
2020-04-29,2,-0.1909,-0.1909,0.0,0.151,0.849,0,1,1,0.0,0.5,0.5,1,0.0,0.0,0.0,0.0,1.0,0,0,1,0.0,0.0,1.0,0,,,,,,0,0,0,,,,1,-0.3818,-0.3818,0.0,0.302,0.698,0,1,0,0.0,1.0,0.0
2020-05-04,2,-0.064,-0.064,0.1015,0.119,0.7795000000000001,0,1,1,0.0,0.5,0.5,1,0.0,0.0,0.0,0.0,1.0,0,0,1,0.0,0.0,1.0,0,,,,,,0,0,0,,,,2,-0.064,-0.064,0.1015,0.119,0.7795000000000001,0,1,1,0.0,0.5,0.5
2020-05-05,2,0.0,0.0,0.0,0.0,1.0,0,0,2,0.0,0.0,1.0,0,,,,,,0,0,0,,,,0,,,,,,0,0,0,,,,2,0.0,0.0,0.0,0.0,1.0,0,0,2,0.0,0.0,1.0
2020-05-06,2,-0.3609,-0.3609,0.075,0.256,0.669,0,2,0,0.0,1.0,0.0,0,,,,,,0,0,0,,,,1,-0.34,-0.34,0.15,0.267,0.583,0,1,0,0.0,1.0,0.0,1,-0.3818,-0.3818,0.0,0.245,0.755,0,1,0,0.0,1.0,0.0
2020-05-18,1,0.0,0.0,0.0,0.0,1.0,0,0,1,0.0,0.0,1.0,0,,,,,,0,0,0,,,,0,,,,,,0,0,0,,,,1,0.0,0.0,0.0,0.0,1.0,0,0,1,0.0,0.0,1.0
2020-05-26,1,-0.6249,-0.6249,0.0,0.339,0.661,0,1,0,0.0,1.0,0.0,0,,,,,,0,0,0,,,,0,,,,,,0,0,0,,,,1,-0.6249,-0.6249,0.0,0.339,0.661,0,1,0,0.0,1.0,0.0
2020-07-07,1,0.0,0.0,0.0,0.0,1.0,0,0,1,0.0,0.0,1.0,0,,,,,,0,0,0,,,,0,,,,,,0,0,0,,,,1,0.0,0.0,0.0,0.0,1.0,0,0,1,0.0,0.0,1.0
2020-07-10,1,-0.4404,-0.4404,0.0,0.225,0.775,0,1,0,0.0,1.0,0.0,1,-0.4404,-0.4404,0.0,0.225,0.775,0,1,0,0.0,1.0,0.0,0,,,,,,0,0,0,,,,0,,,,,,0,0,0,,,
2020-07-17,1,0.0,0.0,0.0,0.0,1.0,0,0,1,0.0,0.0,1.0,0,,,,,,0,0,0,,,,0,,,,,,0,0,0,,,,1,0.0,0.0,0.0,0.0,1.0,0,0,1,0.0,0.0,1.0
2020-09-24,1,-0.128,-0.128,0.0,0.176,0.824,0,1,0,0.0,1.0,0.0,0,,,,,,0,0,0,,,,1,-0.128,-0.128,0.0,0.176,0.824,0,1,0,0.0,1.0,0.0,0,,,,,,0,0,0,,,
2021-01-06,1,-0.2732,-0.2732,0.0,0.231,0.769,0,1,0,0.0,1.0,0.0,0,,,,,,0,0,0,,,,0,,,,,,0,0,0,,,,1,-0.2732,-0.2732,0.0,0.231,0.769,0,1,0,0.0,1.0,0.0
2021-01-09,1,0.0,0.0,0.0,0.0,1.0,0,0,1,0.0,0.0,1.0,1,0.0,0.0,0.0,0.0,1.0,0,0,1,0.0,0.0,1.0,0,,,,,,0,0,0,,,,0,,,,,,0,0,0,,,
2021-01-28,1,-0.296,-0.296,0.0,0.216,0.784,0,1,0,0.0,1.0,0.0,0,,,,,,0,0,0,,,,1,-0.296,-0.296,0.0,0.216,0.784,0,1,0,0.0,1.0,0.0,0,,,,,,0,0,0,,,
2021-02-10,1,0.0,0.0,0.0,0.0,1.0,0,0,1,0.0,0.0,1.0,0,,,,,,0,0,0,,,,1,0.0,0.0,0.0,0.0,1.0,0,0,1,0.0,0.0,1.0,0,,,,,,0,0,0,,,
2021-02-11,2,-0.33005,-0.33005,0.107,0.34199999999999997,0.5509999999999999,0,2,0,0.0,1.0,0.0,0,,,,,,0,0,0,,,,2,-0.33005,-0.33005,0.107,0.34199999999999997,0.5509999999999999,0,2,0,0.0,1.0,0.0,0,,,,,,0,0,0,,,
2021-03-04,1,0.1531,0.1531,0.259,0.205,0.536,1,0,0,1.0,0.0,0.0,0,,,,,,0,0,0,,,,1,0.1531,0.1531,0.259,0.205,0.536,1,0,0,1.0,0.0,0.0,0,,,,,,0,0,0,,,
2021-03-24,1,-0.2732,-0.2732,0.0,0.208,0.792,0,1,0,0.0,1.0,0.0,1,-0.2732,-0.2732,0.0,0.208,0.792,0,1,0,0.0,1.0,0.0,0,,,,,,0,0,0,,,,0,,,,,,0,0,0,,,
2021-07-08,1,0.0,0.0,0.0,0.0,1.0,0,0,1,0.0,0.0,1.0,0,,,,,,0,0,0,,,,0,,,,,,0,0,0,,,,1,0.0,0.0,0.0,0.0,1.0,0,0,1,0.0,0.0,1.0
2021-08-02,1,0.0,0.0,0.0,0.0,1.0,0,0,1,0.0,0.0,1.0,0,,,,,,0,0,0,,,,1,0.0,0.0,0.0,0.0,1.0,0,0,1,0.0,0.0,1.0,0,,,,,,0,0,0,,,
2021-09-28,1,-0.7269,-0.7269,0.0,0.604,0.396,0,1,0,0.0,1.0,0.0,0,,,,,,0,0,0,,,,1,-0.7269,-0.7269,0.0,0.604,0.396,0,1,0,0.0,1.0,0.0,0,,,,,,0,0,0,,,
2021-10-20,1,0.0,0.0,0.0,0.0,1.0,0,0,1,0.0,0.0,1.0,0,,,,,,0,0,0,,,,0,,,,,,0,0,0,,,,1,0.0,0.0,0.0,0.0,1.0,0,0,1,0.0,0.0,1.0
2021-10-27,1,0.0,0.0,0.0,0.0,1.0,0,0,1,0.0,0.0,1.0,0,,,,,,0,0,0,,,,0,,,,,,0,0,0,,,,1,0.0,0.0,0.0,0.0,1.0,0,0,1,0.0,0.0,1.0
2021-12-08,1,0.0,0.0,0.0,0.0,1.0,0,0,1,0.0,0.0,1.0,0,,,,,,0,0,0,,,,0,,,,,,0,0,0,,,,1,0.0,0.0,0.0,0.0,1.0,0,0,1,0.0,0.0,1.0
2021-12-09,1,0.0,0.0,0.0,0.0,1.0,0,0,1,0.0,0.0,1.0,0,,,,,,0,0,0,,,,0,,,,,,0,0,0,,,,1,0.0,0.0,0.0,0.0,1.0,0,0,1,0.0,0.0,1.0
