event_id,anchor_date,anchor_direction,anchor_absolute_return_pct,relative_trading_day,observation_date,observation_brent_price,all_oil_rate,all_oil_count,market_prices_rate,market_prices_count,supply_geopolitics_rate,supply_geopolitics_count,consumer_fuel_rate,consumer_fuel_count,all_oil_pre_event_baseline,all_oil_excess_over_baseline,market_prices_pre_event_baseline,market_prices_excess_over_baseline,supply_geopolitics_pre_event_baseline,supply_geopolitics_excess_over_baseline,consumer_fuel_pre_event_baseline,consumer_fuel_excess_over_baseline
1,2003-03-21,decrease,8.607142857142858,-5,2003-03-14,31.48,4.366812227074235,1,0.0,0,0.0,0,4.366812227074235,1,3.313925278990781,1.0528869480834544,1.1111111111111112,-1.1111111111111112,0.0,0.0,2.20281416787967,2.163998059194565
1,2003-03-21,decrease,8.607142857142858,-4,2003-03-17,30.35,0.0,0,0.0,0,0.0,0,0.0,0,3.313925278990781,-3.313925278990781,1.1111111111111112,-1.1111111111111112,0.0,0.0,2.20281416787967,-2.20281416787967
1,2003-03-21,decrease,8.607142857142858,-3,2003-03-18,28.55,0.0,0,0.0,0,0.0,0,0.0,0,3.313925278990781,-3.313925278990781,1.1111111111111112,-1.1111111111111112,0.0,0.0,2.20281416787967,-2.20281416787967
1,2003-03-21,decrease,8.607142857142858,-2,2003-03-19,28.4,8.88888888888889,2,4.444444444444445,1,0.0,0,4.444444444444445,1,3.313925278990781,5.574963609898108,1.1111111111111112,3.3333333333333335,0.0,0.0,2.20281416787967,2.2416302765647744
1,2003-03-21,decrease,8.607142857142858,-1,2003-03-20,28.0,18.2648401826484,4,0.0,0,13.6986301369863,3,4.5662100456621,1,3.313925278990781,14.950914903657619,1.1111111111111112,-1.1111111111111112,0.0,13.6986301369863,2.20281416787967,2.3633958777824295
1,2003-03-21,decrease,8.607142857142858,0,2003-03-21,25.59,9.30232558139535,2,4.651162790697675,1,9.30232558139535,2,0.0,0,3.313925278990781,5.988400302404568,1.1111111111111112,3.5400516795865635,0.0,9.30232558139535,2.20281416787967,-2.20281416787967
1,2003-03-21,decrease,8.607142857142858,1,2003-03-24,26.54,17.167381974248926,4,4.291845493562231,1,17.167381974248926,4,0.0,0,3.313925278990781,13.853456695258146,1.1111111111111112,3.1807343824511203,0.0,17.167381974248926,2.20281416787967,-2.20281416787967
1,2003-03-21,decrease,8.607142857142858,2,2003-03-25,27.28,8.547008547008549,2,0.0,0,4.273504273504274,1,4.273504273504274,1,3.313925278990781,5.233083268017768,1.1111111111111112,-1.1111111111111112,0.0,4.273504273504274,2.20281416787967,2.070690105624604
1,2003-03-21,decrease,8.607142857142858,3,2003-03-26,25.98,0.0,0,0.0,0,0.0,0,0.0,0,3.313925278990781,-3.313925278990781,1.1111111111111112,-1.1111111111111112,0.0,0.0,2.20281416787967,-2.20281416787967
1,2003-03-21,decrease,8.607142857142858,4,2003-03-27,27.29,0.0,0,0.0,0,0.0,0,0.0,0,3.313925278990781,-3.313925278990781,1.1111111111111112,-1.1111111111111112,0.0,0.0,2.20281416787967,-2.20281416787967
1,2003-03-21,decrease,8.607142857142858,5,2003-03-28,27.66,17.937219730941703,4,0.0,0,13.45291479820628,3,4.484304932735426,1,3.313925278990781,14.623294451950922,1.1111111111111112,-1.1111111111111112,0.0,13.45291479820628,2.20281416787967,2.2814907648557554
2,2003-06-30,increase,5.2094717668488055,-5,2003-06-23,27.13,0.0,0,0.0,0,0.0,0,0.0,0,1.0460251046025104,-1.0460251046025104,0.0,0.0,1.0460251046025104,-1.0460251046025104,0.0,0.0
2,2003-06-30,increase,5.2094717668488055,-4,2003-06-24,26.96,0.0,0,0.0,0,0.0,0,0.0,0,1.0460251046025104,-1.0460251046025104,0.0,0.0,1.0460251046025104,-1.0460251046025104,0.0,0.0
2,2003-06-30,increase,5.2094717668488055,-3,2003-06-25,27.34,0.0,0,0.0,0,0.0,0,0.0,0,1.0460251046025104,-1.0460251046025104,0.0,0.0,1.0460251046025104,-1.0460251046025104,0.0,0.0
2,2003-06-30,increase,5.2094717668488055,-2,2003-06-26,27.06,4.184100418410042,1,0.0,0,4.184100418410042,1,0.0,0,1.0460251046025104,3.1380753138075312,0.0,0.0,1.0460251046025104,3.1380753138075312,0.0,0.0
2,2003-06-30,increase,5.2094717668488055,-1,2003-06-27,27.45,0.0,0,0.0,0,0.0,0,0.0,0,1.0460251046025104,-1.0460251046025104,0.0,0.0,1.0460251046025104,-1.0460251046025104,0.0,0.0
2,2003-06-30,increase,5.2094717668488055,0,2003-06-30,28.88,0.0,0,0.0,0,0.0,0,0.0,0,1.0460251046025104,-1.0460251046025104,0.0,0.0,1.0460251046025104,-1.0460251046025104,0.0,0.0
2,2003-06-30,increase,5.2094717668488055,1,2003-07-01,28.33,4.366812227074235,1,0.0,0,0.0,0,4.366812227074235,1,1.0460251046025104,3.320787122471725,0.0,0.0,1.0460251046025104,-1.0460251046025104,0.0,4.366812227074235
2,2003-06-30,increase,5.2094717668488055,2,2003-07-02,28.2,4.651162790697675,1,0.0,0,0.0,0,4.651162790697675,1,1.0460251046025104,3.6051376860951643,0.0,0.0,1.0460251046025104,-1.0460251046025104,0.0,4.651162790697675
2,2003-06-30,increase,5.2094717668488055,3,2003-07-03,28.63,0.0,0,0.0,0,0.0,0,0.0,0,1.0460251046025104,-1.0460251046025104,0.0,0.0,1.0460251046025104,-1.0460251046025104,0.0,0.0
2,2003-06-30,increase,5.2094717668488055,4,2003-07-04,27.97,4.201680672268908,1,0.0,0,0.0,0,4.201680672268908,1,1.0460251046025104,3.1556555676663973,0.0,0.0,1.0460251046025104,-1.0460251046025104,0.0,4.201680672268908
2,2003-06-30,increase,5.2094717668488055,5,2003-07-07,27.23,0.0,0,0.0,0,0.0,0,0.0,0,1.0460251046025104,-1.0460251046025104,0.0,0.0,1.0460251046025104,-1.0460251046025104,0.0,0.0
3,2003-09-02,decrease,5.263157894736848,-5,2003-08-26,30.08,4.444444444444445,1,0.0,0,4.444444444444445,1,0.0,0,1.1111111111111112,3.3333333333333335,0.0,0.0,1.1111111111111112,3.3333333333333335,0.0,0.0
3,2003-09-02,decrease,5.263157894736848,-4,2003-08-27,30.05,0.0,0,0.0,0,0.0,0,0.0,0,1.1111111111111112,-1.1111111111111112,0.0,0.0,1.1111111111111112,-1.1111111111111112,0.0,0.0
3,2003-09-02,decrease,5.263157894736848,-3,2003-08-28,30.1,0.0,0,0.0,0,0.0,0,0.0,0,1.1111111111111112,-1.1111111111111112,0.0,0.0,1.1111111111111112,-1.1111111111111112,0.0,0.0
3,2003-09-02,decrease,5.263157894736848,-2,2003-08-29,30.38,0.0,0,0.0,0,0.0,0,0.0,0,1.1111111111111112,-1.1111111111111112,0.0,0.0,1.1111111111111112,-1.1111111111111112,0.0,0.0
3,2003-09-02,decrease,5.263157894736848,-1,2003-09-01,29.64,0.0,0,0.0,0,0.0,0,0.0,0,1.1111111111111112,-1.1111111111111112,0.0,0.0,1.1111111111111112,-1.1111111111111112,0.0,0.0
3,2003-09-02,decrease,5.263157894736848,0,2003-09-02,28.08,0.0,0,0.0,0,0.0,0,0.0,0,1.1111111111111112,-1.1111111111111112,0.0,0.0,1.1111111111111112,-1.1111111111111112,0.0,0.0
3,2003-09-02,decrease,5.263157894736848,1,2003-09-03,27.89,0.0,0,0.0,0,0.0,0,0.0,0,1.1111111111111112,-1.1111111111111112,0.0,0.0,1.1111111111111112,-1.1111111111111112,0.0,0.0
3,2003-09-02,decrease,5.263157894736848,2,2003-09-04,27.49,0.0,0,0.0,0,0.0,0,0.0,0,1.1111111111111112,-1.1111111111111112,0.0,0.0,1.1111111111111112,-1.1111111111111112,0.0,0.0
3,2003-09-02,decrease,5.263157894736848,3,2003-09-05,27.72,0.0,0,0.0,0,0.0,0,0.0,0,1.1111111111111112,-1.1111111111111112,0.0,0.0,1.1111111111111112,-1.1111111111111112,0.0,0.0
3,2003-09-02,decrease,5.263157894736848,4,2003-09-08,28.47,0.0,0,0.0,0,0.0,0,0.0,0,1.1111111111111112,-1.1111111111111112,0.0,0.0,1.1111111111111112,-1.1111111111111112,0.0,0.0
3,2003-09-02,decrease,5.263157894736848,5,2003-09-09,27.64,0.0,0,0.0,0,0.0,0,0.0,0,1.1111111111111112,-1.1111111111111112,0.0,0.0,1.1111111111111112,-1.1111111111111112,0.0,0.0
4,2004-01-05,increase,9.306260575296088,-5,2003-12-24,29.45,0.0,0,0.0,0,0.0,0,0.0,0,1.3966480446927374,-1.3966480446927374,0.0,0.0,1.3966480446927374,-1.3966480446927374,0.0,0.0
4,2004-01-05,increase,9.306260575296088,-4,2003-12-29,29.17,0.0,0,0.0,0,0.0,0,0.0,0,1.3966480446927374,-1.3966480446927374,0.0,0.0,1.3966480446927374,-1.3966480446927374,0.0,0.0
4,2004-01-05,increase,9.306260575296088,-3,2003-12-30,30.1,5.58659217877095,1,0.0,0,5.58659217877095,1,0.0,0,1.3966480446927374,4.189944134078212,0.0,0.0,1.3966480446927374,4.189944134078212,0.0,0.0
4,2004-01-05,increase,9.306260575296088,-2,2003-12-31,30.3,0.0,0,0.0,0,0.0,0,0.0,0,1.3966480446927374,-1.3966480446927374,0.0,0.0,1.3966480446927374,-1.3966480446927374,0.0,0.0
4,2004-01-05,increase,9.306260575296088,-1,2004-01-02,29.55,6.0606060606060606,1,0.0,0,6.0606060606060606,1,0.0,0,1.3966480446927374,4.663958015913323,0.0,0.0,1.3966480446927374,4.663958015913323,0.0,0.0
4,2004-01-05,increase,9.306260575296088,0,2004-01-05,32.3,0.0,0,0.0,0,0.0,0,0.0,0,1.3966480446927374,-1.3966480446927374,0.0,0.0,1.3966480446927374,-1.3966480446927374,0.0,0.0
4,2004-01-05,increase,9.306260575296088,1,2004-01-06,31.2,0.0,0,0.0,0,0.0,0,0.0,0,1.3966480446927374,-1.3966480446927374,0.0,0.0,1.3966480446927374,-1.3966480446927374,0.0,0.0
4,2004-01-05,increase,9.306260575296088,2,2004-01-07,30.99,0.0,0,0.0,0,0.0,0,0.0,0,1.3966480446927374,-1.3966480446927374,0.0,0.0,1.3966480446927374,-1.3966480446927374,0.0,0.0
4,2004-01-05,increase,9.306260575296088,3,2004-01-08,31.11,0.0,0,0.0,0,0.0,0,0.0,0,1.3966480446927374,-1.3966480446927374,0.0,0.0,1.3966480446927374,-1.3966480446927374,0.0,0.0
4,2004-01-05,increase,9.306260575296088,4,2004-01-09,31.91,5.235602094240838,1,5.235602094240838,1,5.235602094240838,1,0.0,0,1.3966480446927374,3.838954049548101,0.0,5.235602094240838,1.3966480446927374,3.838954049548101,0.0,0.0
4,2004-01-05,increase,9.306260575296088,5,2004-01-12,31.41,0.0,0,0.0,0,0.0,0,0.0,0,1.3966480446927374,-1.3966480446927374,0.0,0.0,1.3966480446927374,-1.3966480446927374,0.0,0.0
5,2004-03-15,increase,4.97557997557998,-5,2004-03-08,34.27,0.0,0,0.0,0,0.0,0,0.0,0,0.0,0.0,0.0,0.0,0.0,0.0,0.0,0.0
5,2004-03-15,increase,4.97557997557998,-4,2004-03-09,33.72,0.0,0,0.0,0,0.0,0,0.0,0,0.0,0.0,0.0,0.0,0.0,0.0,0.0,0.0
5,2004-03-15,increase,4.97557997557998,-3,2004-03-10,32.83,0.0,0,0.0,0,0.0,0,0.0,0,0.0,0.0,0.0,0.0,0.0,0.0,0.0,0.0
5,2004-03-15,increase,4.97557997557998,-2,2004-03-11,33.22,0.0,0,0.0,0,0.0,0,0.0,0,0.0,0.0,0.0,0.0,0.0,0.0,0.0,0.0
5,2004-03-15,increase,4.97557997557998,-1,2004-03-12,32.76,0.0,0,0.0,0,0.0,0,0.0,0,0.0,0.0,0.0,0.0,0.0,0.0,0.0,0.0
5,2004-03-15,increase,4.97557997557998,0,2004-03-15,34.39,0.0,0,0.0,0,0.0,0,0.0,0,0.0,0.0,0.0,0.0,0.0,0.0,0.0,0.0
5,2004-03-15,increase,4.97557997557998,1,2004-03-16,34.72,0.0,0,0.0,0,0.0,0,0.0,0,0.0,0.0,0.0,0.0,0.0,0.0,0.0,0.0
5,2004-03-15,increase,4.97557997557998,2,2004-03-17,34.95,4.3478260869565215,1,4.3478260869565215,1,4.3478260869565215,1,0.0,0,0.0,4.3478260869565215,0.0,4.3478260869565215,0.0,4.3478260869565215,0.0,0.0
5,2004-03-15,increase,4.97557997557998,3,2004-03-18,34.43,8.368200836820083,2,4.184100418410042,1,0.0,0,4.184100418410042,1,0.0,8.368200836820083,0.0,4.184100418410042,0.0,0.0,0.0,4.184100418410042
5,2004-03-15,increase,4.97557997557998,4,2004-03-19,34.33,4.149377593360996,1,4.149377593360996,1,0.0,0,0.0,0,0.0,4.149377593360996,0.0,4.149377593360996,0.0,0.0,0.0,0.0
5,2004-03-15,increase,4.97557997557998,5,2004-03-22,33.57,0.0,0,0.0,0,0.0,0,0.0,0,0.0,0.0,0.0,0.0,0.0,0.0,0.0,0.0
6,2004-04-07,increase,5.050825921219815,-5,2004-03-31,32.29,8.695652173913043,2,4.3478260869565215,1,4.3478260869565215,1,0.0,0,2.1739130434782608,6.521739130434782,1.0869565217391304,3.260869565217391,1.0869565217391304,3.260869565217391,0.0,0.0
6,2004-04-07,increase,5.050825921219815,-4,2004-04-01,32.59,0.0,0,0.0,0,0.0,0,0.0,0,2.1739130434782608,-2.1739130434782608,1.0869565217391304,-1.0869565217391304,1.0869565217391304,-1.0869565217391304,0.0,0.0
6,2004-04-07,increase,5.050825921219815,-3,2004-04-02,31.19,0.0,0,0.0,0,0.0,0,0.0,0,2.1739130434782608,-2.1739130434782608,1.0869565217391304,-1.0869565217391304,1.0869565217391304,-1.0869565217391304,0.0,0.0
6,2004-04-07,increase,5.050825921219815,-2,2004-04-05,31.17,0.0,0,0.0,0,0.0,0,0.0,0,2.1739130434782608,-2.1739130434782608,1.0869565217391304,-1.0869565217391304,1.0869565217391304,-1.0869565217391304,0.0,0.0
6,2004-04-07,increase,5.050825921219815,-1,2004-04-06,31.48,0.0,0,0.0,0,0.0,0,0.0,0,2.1739130434782608,-2.1739130434782608,1.0869565217391304,-1.0869565217391304,1.0869565217391304,-1.0869565217391304,0.0,0.0
6,2004-04-07,increase,5.050825921219815,0,2004-04-07,33.07,4.184100418410042,1,0.0,0,0.0,0,4.184100418410042,1,2.1739130434782608,2.010187374931781,1.0869565217391304,-1.0869565217391304,1.0869565217391304,-1.0869565217391304,0.0,4.184100418410042
6,2004-04-07,increase,5.050825921219815,1,2004-04-08,33.98,0.0,0,0.0,0,0.0,0,0.0,0,2.1739130434782608,-2.1739130434782608,1.0869565217391304,-1.0869565217391304,1.0869565217391304,-1.0869565217391304,0.0,0.0
6,2004-04-07,increase,5.050825921219815,2,2004-04-09,34.03,0.0,0,0.0,0,0.0,0,0.0,0,2.1739130434782608,-2.1739130434782608,1.0869565217391304,-1.0869565217391304,1.0869565217391304,-1.0869565217391304,0.0,0.0
6,2004-04-07,increase,5.050825921219815,3,2004-04-12,34.51,5.58659217877095,1,0.0,0,0.0,0,5.58659217877095,1,2.1739130434782608,3.412679135292689,1.0869565217391304,-1.0869565217391304,1.0869565217391304,-1.0869565217391304,0.0,5.58659217877095
6,2004-04-07,increase,5.050825921219815,4,2004-04-13,34.15,0.0,0,0.0,0,0.0,0,0.0,0,2.1739130434782608,-2.1739130434782608,1.0869565217391304,-1.0869565217391304,1.0869565217391304,-1.0869565217391304,0.0,0.0
6,2004-04-07,increase,5.050825921219815,5,2004-04-14,33.54,0.0,0,0.0,0,0.0,0,0.0,0,2.1739130434782608,-2.1739130434782608,1.0869565217391304,-1.0869565217391304,1.0869565217391304,-1.0869565217391304,0.0,0.0
7,2004-06-01,increase,5.54054054054054,-5,2004-05-25,38.46,13.27433628318584,3,4.424778761061947,1,4.424778761061947,1,4.424778761061947,1,9.65243016893044,3.621906114255399,5.33469364989865,-0.9099148888367035,2.165516724163792,2.259262036898155,2.152219794867997,2.27255896619395
7,2004-06-01,increase,5.54054054054054,-4,2004-05-26,38.05,8.368200836820083,2,4.184100418410042,1,0.0,0,4.184100418410042,1,9.65243016893044,-1.2842293321103568,5.33469364989865,-1.1505932314886085,2.165516724163792,-2.165516724163792,2.152219794867997,2.031880623542045
7,2004-06-01,increase,5.54054054054054,-3,2004-05-27,37.03,4.25531914893617,1,4.25531914893617,1,0.0,0,0.0,0,9.65243016893044,-5.39711101999427,5.33469364989865,-1.07937450096248,2.165516724163792,-2.165516724163792,2.152219794867997,-2.152219794867997
7,2004-06-01,increase,5.54054054054054,-2,2004-05-28,37.0,12.711864406779664,3,8.474576271186441,2,4.237288135593221,1,0.0,0,9.65243016893044,3.0594342378492243,5.33469364989865,3.139882621287791,2.165516724163792,2.0717714114294288,2.152219794867997,-2.152219794867997
7,2004-06-01,increase,5.54054054054054,-1,2004-05-31,37.0,8.695652173913043,2,4.3478260869565215,1,4.3478260869565215,1,4.3478260869565215,1,9.65243016893044,-0.9567779950173971,5.33469364989865,-0.9868675629421286,2.165516724163792,2.1823093627927297,2.152219794867997,2.1956062920885246
7,2004-06-01,increase,5.54054054054054,0,2004-06-01,39.05,28.925619834710744,7,12.396694214876034,3,8.264462809917356,2,12.396694214876034,3,9.65243016893044,19.273189665780304,5.33469364989865,7.062000564977383,2.165516724163792,6.098946085753564,2.152219794867997,10.244474420008036
7,2004-06-01,increase,5.54054054054054,1,2004-06-02,37.99,25.31645569620253,6,12.658227848101266,3,4.219409282700422,1,8.438818565400844,2,9.65243016893044,15.664025527272091,5.33469364989865,7.323534198202616,2.165516724163792,2.05389255853663,2.152219794867997,6.286598770532847
7,2004-06-01,increase,5.54054054054054,2,2004-06-03,36.26,20.66115702479339,5,8.264462809917356,2,8.264462809917356,2,4.132231404958678,1,9.65243016893044,11.00872685586295,5.33469364989865,2.929769160018706,2.165516724163792,6.098946085753564,2.152219794867997,1.9800116100906813
7,2004-06-01,increase,5.54054054054054,3,2004-06-04,35.97,8.474576271186441,2,4.237288135593221,1,0.0,0,4.237288135593221,1,9.65243016893044,-1.177853897743999,5.33469364989865,-1.0974055143054295,2.165516724163792,-2.165516724163792,2.152219794867997,2.0850683407252237
7,2004-06-01,increase,5.54054054054054,4,2004-06-07,35.57,4.716981132075471,1,0.0,0,4.716981132075471,1,0.0,0,9.65243016893044,-4.935449036854969,5.33469364989865,-5.33469364989865,2.165516724163792,2.5514644079116793,2.152219794867997,-2.152219794867997
7,2004-06-01,increase,5.54054054054054,5,2004-06-08,35.47,4.201680672268908,1,4.201680672268908,1,0.0,0,0.0,0,9.65243016893044,-5.450749496661532,5.33469364989865,-1.1330129776297424,2.165516724163792,-2.165516724163792,2.152219794867997,-2.152219794867997
8,2004-07-01,increase,7.104154124021678,-5,2004-06-24,34.71,0.0,0,0.0,0,0.0,0,0.0,0,1.2195121951219512,-1.2195121951219512,0.0,0.0,0.0,0.0,1.2195121951219512,-1.2195121951219512
8,2004-07-01,increase,7.104154124021678,-4,2004-06-25,34.25,0.0,0,0.0,0,0.0,0,0.0,0,1.2195121951219512,-1.2195121951219512,0.0,0.0,0.0,0.0,1.2195121951219512,-1.2195121951219512
8,2004-07-01,increase,7.104154124021678,-3,2004-06-28,33.24,4.878048780487805,1,0.0,0,0.0,0,4.878048780487805,1,1.2195121951219512,3.6585365853658534,0.0,0.0,0.0,0.0,1.2195121951219512,3.6585365853658534
8,2004-07-01,increase,7.104154124021678,-2,2004-06-29,32.61,0.0,0,0.0,0,0.0,0,0.0,0,1.2195121951219512,-1.2195121951219512,0.0,0.0,0.0,0.0,1.2195121951219512,-1.2195121951219512
8,2004-07-01,increase,7.104154124021678,-1,2004-06-30,33.22,0.0,0,0.0,0,0.0,0,0.0,0,1.2195121951219512,-1.2195121951219512,0.0,0.0,0.0,0.0,1.2195121951219512,-1.2195121951219512
8,2004-07-01,increase,7.104154124021678,0,2004-07-01,35.58,4.3478260869565215,1,0.0,0,4.3478260869565215,1,0.0,0,1.2195121951219512,3.12831389183457,0.0,0.0,0.0,4.3478260869565215,1.2195121951219512,-1.2195121951219512
8,2004-07-01,increase,7.104154124021678,1,2004-07-02,35.36,0.0,0,0.0,0,0.0,0,0.0,0,1.2195121951219512,-1.2195121951219512,0.0,0.0,0.0,0.0,1.2195121951219512,-1.2195121951219512
8,2004-07-01,increase,7.104154124021678,2,2004-07-05,35.73,4.524886877828055,1,0.0,0,4.524886877828055,1,0.0,0,1.2195121951219512,3.3053746827061037,0.0,0.0,0.0,4.524886877828055,1.2195121951219512,-1.2195121951219512
8,2004-07-01,increase,7.104154124021678,3,2004-07-06,36.47,4.366812227074235,1,0.0,0,0.0,0,4.366812227074235,1,1.2195121951219512,3.147300031952284,0.0,0.0,0.0,0.0,1.2195121951219512,3.147300031952284
8,2004-07-01,increase,7.104154124021678,4,2004-07-07,35.62,8.474576271186441,2,4.237288135593221,1,0.0,0,4.237288135593221,1,1.2195121951219512,7.25506407606449,0.0,4.237288135593221,0.0,0.0,1.2195121951219512,3.017775940471269
8,2004-07-01,increase,7.104154124021678,5,2004-07-08,37.13,8.474576271186441,2,0.0,0,4.237288135593221,1,4.237288135593221,1,1.2195121951219512,7.25506407606449,0.0,0.0,0.0,4.237288135593221,1.2195121951219512,3.017775940471269
9,2004-09-02,increase,6.507537688442211,-5,2004-08-25,42.39,8.368200836820083,2,4.184100418410042,1,0.0,0,4.184100418410042,1,7.245263185617832,1.1229376512022515,5.174647917080895,-0.9905474986708533,1.0548523206751055,-1.0548523206751055,2.070615268536937,2.113485149873105
9,2004-09-02,increase,6.507537688442211,-4,2004-08-26,40.65,16.393442622950822,4,12.295081967213116,3,0.0,0,4.0983606557377055,1,7.245263185617832,9.14817943733299,5.174647917080895,7.120434050132221,1.0548523206751055,-1.0548523206751055,2.070615268536937,2.0277453872007687
9,2004-09-02,increase,6.507537688442211,-3,2004-08-27,40.72,4.219409282700422,1,4.219409282700422,1,4.219409282700422,1,0.0,0,7.245263185617832,-3.02585390291741,5.174647917080895,-0.9552386343804731,1.0548523206751055,3.1645569620253164,2.070615268536937,-2.070615268536937
9,2004-09-02,increase,6.507537688442211,-2,2004-08-30,40.78,0.0,0,0.0,0,0.0,0,0.0,0,7.245263185617832,-7.245263185617832,5.174647917080895,-5.174647917080895,1.0548523206751055,-1.0548523206751055,2.070615268536937,-2.070615268536937
9,2004-09-02,increase,6.507537688442211,-1,2004-08-31,39.8,4.149377593360996,1,0.0,0,4.149377593360996,1,0.0,0,7.245263185617832,-3.0958855922568356,5.174647917080895,-5.174647917080895,1.0548523206751055,3.0945252726858907,2.070615268536937,-2.070615268536937
9,2004-09-02,increase,6.507537688442211,0,2004-09-02,42.39,16.949152542372882,4,8.474576271186441,2,4.237288135593221,1,4.237288135593221,1,7.245263185617832,9.70388935675505,5.174647917080895,3.299928354105546,1.0548523206751055,3.182435814918115,2.070615268536937,2.166672867056284
9,2004-09-02,increase,6.507537688442211,1,2004-09-03,41.07,17.02127659574468,4,12.76595744680851,3,0.0,0,8.51063829787234,2,7.245263185617832,9.776013410126849,5.174647917080895,7.591309529727615,1.0548523206751055,-1.0548523206751055,2.070615268536937,6.4400230293354035
9,2004-09-02,increase,6.507537688442211,2,2004-09-06,40.4,0.0,0,0.0,0,0.0,0,0.0,0,7.245263185617832,-7.245263185617832,5.174647917080895,-5.174647917080895,1.0548523206751055,-1.0548523206751055,2.070615268536937,-2.070615268536937
9,2004-09-02,increase,6.507537688442211,3,2004-09-07,40.19,4.524886877828055,1,0.0,0,4.524886877828055,1,0.0,0,7.245263185617832,-2.7203763077897767,5.174647917080895,-5.174647917080895,1.0548523206751055,3.4700345571529496,2.070615268536937,-2.070615268536937
9,2004-09-02,increase,6.507537688442211,4,2004-09-08,39.91,0.0,0,0.0,0,0.0,0,0.0,0,7.245263185617832,-7.245263185617832,5.174647917080895,-5.174647917080895,1.0548523206751055,-1.0548523206751055,2.070615268536937,-2.070615268536937
9,2004-09-02,increase,6.507537688442211,5,2004-09-09,41.45,4.166666666666667,1,0.0,0,4.166666666666667,1,0.0,0,7.245263185617832,-3.078596518951165,5.174647917080895,-5.174647917080895,1.0548523206751055,3.1118143459915615,2.070615268536937,-2.070615268536937
10,2004-09-17,increase,5.899705014749257,-5,2004-09-10,41.03,4.237288135593221,1,0.0,0,4.237288135593221,1,0.0,0,1.0593220338983051,3.1779661016949152,0.0,0.0,1.0593220338983051,3.1779661016949152,0.0,0.0
10,2004-09-17,increase,5.899705014749257,-4,2004-09-13,40.63,0.0,0,0.0,0,0.0,0,0.0,0,1.0593220338983051,-1.0593220338983051,0.0,0.0,1.0593220338983051,-1.0593220338983051,0.0,0.0
10,2004-09-17,increase,5.899705014749257,-3,2004-09-14,41.34,0.0,0,0.0,0,0.0,0,0.0,0,1.0593220338983051,-1.0593220338983051,0.0,0.0,1.0593220338983051,-1.0593220338983051,0.0,0.0
10,2004-09-17,increase,5.899705014749257,-2,2004-09-15,42.03,0.0,0,0.0,0,0.0,0,0.0,0,1.0593220338983051,-1.0593220338983051,0.0,0.0,1.0593220338983051,-1.0593220338983051,0.0,0.0
10,2004-09-17,increase,5.899705014749257,-1,2004-09-16,40.68,8.368200836820083,2,4.184100418410042,1,8.368200836820083,2,0.0,0,1.0593220338983051,7.308878802921778,0.0,4.184100418410042,1.0593220338983051,7.308878802921778,0.0,0.0
10,2004-09-17,increase,5.899705014749257,0,2004-09-17,43.08,4.807692307692308,1,0.0,0,0.0,0,4.807692307692308,1,1.0593220338983051,3.748370273794003,0.0,0.0,1.0593220338983051,-1.0593220338983051,0.0,4.807692307692308
10,2004-09-17,increase,5.899705014749257,1,2004-09-20,43.6,4.166666666666667,1,4.166666666666667,1,0.0,0,0.0,0,1.0593220338983051,3.1073446327683616,0.0,4.166666666666667,1.0593220338983051,-1.0593220338983051,0.0,0.0
10,2004-09-17,increase,5.899705014749257,2,2004-09-21,44.56,4.5662100456621,1,4.5662100456621,1,0.0,0,0.0,0,1.0593220338983051,3.5068880117637944,0.0,4.5662100456621,1.0593220338983051,-1.0593220338983051,0.0,0.0
10,2004-09-17,increase,5.899705014749257,3,2004-09-22,45.66,0.0,0,0.0,0,0.0,0,0.0,0,1.0593220338983051,-1.0593220338983051,0.0,0.0,1.0593220338983051,-1.0593220338983051,0.0,0.0
10,2004-09-17,increase,5.899705014749257,4,2004-09-23,46.53,8.368200836820083,2,8.368200836820083,2,0.0,0,0.0,0,1.0593220338983051,7.308878802921778,0.0,8.368200836820083,1.0593220338983051,-1.0593220338983051,0.0,0.0
10,2004-09-17,increase,5.899705014749257,5,2004-09-24,46.13,13.513513513513514,3,9.00900900900901,2,0.0,0,4.504504504504505,1,1.0593220338983051,12.45419147961521,0.0,9.00900900900901,1.0593220338983051,-1.0593220338983051,0.0,4.504504504504505
11,2004-11-15,decrease,4.863295427050563,-5,2004-11-08,44.78,0.0,0,0.0,0,0.0,0,0.0,0,6.4014000184212945,-6.4014000184212945,3.2099106567191673,-3.2099106567191673,0.0,0.0,3.1914893617021276,-3.1914893617021276
11,2004-11-15,decrease,4.863295427050563,-4,2004-11-09,43.27,4.329004329004329,1,4.329004329004329,1,0.0,0,0.0,0,6.4014000184212945,-2.0723956894169655,3.2099106567191673,1.1190936722851617,0.0,0.0,3.1914893617021276,-3.1914893617021276
11,2004-11-15,decrease,4.863295427050563,-3,2004-11-10,42.57,21.27659574468085,5,8.51063829787234,2,0.0,0,12.76595744680851,3,6.4014000184212945,14.875195726259555,3.2099106567191673,5.300727641153173,0.0,0.0,3.1914893617021276,9.574468085106382
11,2004-11-15,decrease,4.863295427050563,-2,2004-11-11,42.22,0.0,0,0.0,0,0.0,0,0.0,0,6.4014000184212945,-6.4014000184212945,3.2099106567191673,-3.2099106567191673,0.0,0.0,3.1914893617021276,-3.1914893617021276
11,2004-11-15,decrease,4.863295427050563,-1,2004-11-12,41.33,4.166666666666667,1,4.166666666666667,1,0.0,0,0.0,0,6.4014000184212945,-2.2347333517546275,3.2099106567191673,0.9567560099474997,0.0,0.0,3.1914893617021276,-3.1914893617021276
11,2004-11-15,decrease,4.863295427050563,0,2004-11-15,39.32,0.0,0,0.0,0,0.0,0,0.0,0,6.4014000184212945,-6.4014000184212945,3.2099106567191673,-3.2099106567191673,0.0,0.0,3.1914893617021276,-3.1914893617021276
11,2004-11-15,decrease,4.863295427050563,1,2004-11-16,40.48,4.201680672268908,1,0.0,0,4.201680672268908,1,0.0,0,6.4014000184212945,-2.1997193461523867,3.2099106567191673,-3.2099106567191673,0.0,4.201680672268908,3.1914893617021276,-3.1914893617021276
11,2004-11-15,decrease,4.863295427050563,2,2004-11-17,40.27,12.875536480686696,3,0.0,0,12.875536480686696,3,0.0,0,6.4014000184212945,6.474136462265402,3.2099106567191673,-3.2099106567191673,0.0,12.875536480686696,3.1914893617021276,-3.1914893617021276
11,2004-11-15,decrease,4.863295427050563,3,2004-11-18,40.8,0.0,0,0.0,0,0.0,0,0.0,0,6.4014000184212945,-6.4014000184212945,3.2099106567191673,-3.2099106567191673,0.0,0.0,3.1914893617021276,-3.1914893617021276
11,2004-11-15,decrease,4.863295427050563,4,2004-11-19,42.29,4.201680672268908,1,0.0,0,0.0,0,4.201680672268908,1,6.4014000184212945,-2.1997193461523867,3.2099106567191673,-3.2099106567191673,0.0,0.0,3.1914893617021276,1.0101913105667801
11,2004-11-15,decrease,4.863295427050563,5,2004-11-22,42.26,0.0,0,0.0,0,0.0,0,0.0,0,6.4014000184212945,-6.4014000184212945,3.2099106567191673,-3.2099106567191673,0.0,0.0,3.1914893617021276,-3.1914893617021276
12,2004-12-15,increase,12.152308938698342,-5,2004-12-08,36.9,4.464285714285714,1,4.464285714285714,1,0.0,0,0.0,0,5.390000550316323,-0.9257148360306084,1.1160714285714286,3.3482142857142856,0.0,0.0,4.273929121744894,-4.273929121744894
12,2004-12-15,increase,12.152308938698342,-4,2004-12-09,38.33,8.583690987124463,2,0.0,0,0.0,0,8.583690987124463,2,5.390000550316323,3.19369043680814,1.1160714285714286,-1.1160714285714286,0.0,0.0,4.273929121744894,4.309761865379569
12,2004-12-15,increase,12.152308938698342,-3,2004-12-10,37.24,4.201680672268908,1,0.0,0,0.0,0,4.201680672268908,1,5.390000550316323,-1.1883198780474151,1.1160714285714286,-1.1160714285714286,0.0,0.0,4.273929121744894,-0.0722484494759863
12,2004-12-15,increase,12.152308938698342,-2,2004-12-13,36.77,4.310344827586206,1,0.0,0,0.0,0,4.310344827586206,1,5.390000550316323,-1.0796557227301165,1.1160714285714286,-1.1160714285714286,0.0,0.0,4.273929121744894,0.036415705841312374
12,2004-12-15,increase,12.152308938698342,-1,2004-12-14,37.03,0.0,0,0.0,0,0.0,0,0.0,0,5.390000550316323,-5.390000550316323,1.1160714285714286,-1.1160714285714286,0.0,0.0,4.273929121744894,-4.273929121744894
12,2004-12-15,increase,12.152308938698342,0,2004-12-15,41.53,9.30232558139535,2,0.0,0,4.651162790697675,1,4.651162790697675,1,5.390000550316323,3.9123250310790265,1.1160714285714286,-1.1160714285714286,0.0,4.651162790697675,4.273929121744894,0.37723366895278065
12,2004-12-15,increase,12.152308938698342,1,2004-12-16,41.49,4.329004329004329,1,4.329004329004329,1,0.0,0,0.0,0,5.390000550316323,-1.060996221311994,1.1160714285714286,3.2129329004329,0.0,0.0,4.273929121744894,-4.273929121744894
12,2004-12-15,increase,12.152308938698342,2,2004-12-17,43.06,0.0,0,0.0,0,0.0,0,0.0,0,5.390000550316323,-5.390000550316323,1.1160714285714286,-1.1160714285714286,0.0,0.0,4.273929121744894,-4.273929121744894
12,2004-12-15,increase,12.152308938698342,3,2004-12-20,42.67,0.0,0,0.0,0,0.0,0,0.0,0,5.390000550316323,-5.390000550316323,1.1160714285714286,-1.1160714285714286,0.0,0.0,4.273929121744894,-4.273929121744894
12,2004-12-15,increase,12.152308938698342,4,2004-12-21,42.76,4.761904761904763,1,0.0,0,0.0,0,4.761904761904763,1,5.390000550316323,-0.6280957884115601,1.1160714285714286,-1.1160714285714286,0.0,0.0,4.273929121744894,0.4879756401598687
12,2004-12-15,increase,12.152308938698342,5,2004-12-22,40.44,0.0,0,0.0,0,0.0,0,0.0,0,5.390000550316323,-5.390000550316323,1.1160714285714286,-1.1160714285714286,0.0,0.0,4.273929121744894,-4.273929121744894
13,2005-03-23,decrease,6.986820725762765,-5,2005-03-16,54.61,4.201680672268908,1,0.0,0,4.201680672268908,1,0.0,0,10.536235770904106,-6.334555098635199,5.274822695035461,-5.274822695035461,3.178079742535312,1.023600929733596,4.210992907801419,-4.210992907801419
13,2005-03-23,decrease,6.986820725762765,-4,2005-03-17,56.03,17.02127659574468,4,12.76595744680851,3,8.51063829787234,2,4.25531914893617,1,10.536235770904106,6.485040824840574,5.274822695035461,7.49113475177305,3.178079742535312,5.3325585553370285,4.210992907801419,0.04432624113475114
13,2005-03-23,decrease,6.986820725762765,-3,2005-03-18,55.97,4.25531914893617,1,0.0,0,0.0,0,4.25531914893617,1,10.536235770904106,-6.280916621967936,5.274822695035461,-5.274822695035461,3.178079742535312,-3.178079742535312,4.210992907801419,0.04432624113475114
13,2005-03-23,decrease,6.986820725762765,-2,2005-03-21,55.79,16.666666666666668,4,8.333333333333334,2,0.0,0,8.333333333333334,2,10.536235770904106,6.1304308957625615,5.274822695035461,3.0585106382978733,3.178079742535312,-3.178079742535312,4.210992907801419,4.122340425531915
13,2005-03-23,decrease,6.986820725762765,-1,2005-03-22,55.39,12.93103448275862,3,0.0,0,0.0,0,12.93103448275862,3,10.536235770904106,2.394798711854513,5.274822695035461,-5.274822695035461,3.178079742535312,-3.178079742535312,4.210992907801419,8.7200415749572
13,2005-03-23,decrease,6.986820725762765,0,2005-03-23,51.52,4.219409282700422,1,0.0,0,0.0,0,4.219409282700422,1,10.536235770904106,-6.316826488203684,5.274822695035461,-5.274822695035461,3.178079742535312,-3.178079742535312,4.210992907801419,0.008416374899002932
13,2005-03-23,decrease,6.986820725762765,1,2005-03-24,52.35,4.184100418410042,1,4.184100418410042,1,0.0,0,0.0,0,10.536235770904106,-6.352135352494065,5.274822695035461,-1.090722276625419,3.178079742535312,-3.178079742535312,4.210992907801419,-4.210992907801419
13,2005-03-23,decrease,6.986820725762765,2,2005-03-28,51.75,0.0,0,0.0,0,0.0,0,0.0,0,10.536235770904106,-10.536235770904106,5.274822695035461,-5.274822695035461,3.178079742535312,-3.178079742535312,4.210992907801419,-4.210992907801419
13,2005-03-23,decrease,6.986820725762765,3,2005-03-29,51.42,8.695652173913043,2,8.695652173913043,2,0.0,0,0.0,0,10.536235770904106,-1.8405835969910633,5.274822695035461,3.4208294788775824,3.178079742535312,-3.178079742535312,4.210992907801419,-4.210992907801419
13,2005-03-23,decrease,6.986820725762765,4,2005-03-30,50.63,0.0,0,0.0,0,0.0,0,0.0,0,10.536235770904106,-10.536235770904106,5.274822695035461,-5.274822695035461,3.178079742535312,-3.178079742535312,4.210992907801419,-4.210992907801419
13,2005-03-23,decrease,6.986820725762765,5,2005-03-31,53.22,0.0,0,0.0,0,0.0,0,0.0,0,10.536235770904106,-10.536235770904106,5.274822695035461,-5.274822695035461,3.178079742535312,-3.178079742535312,4.210992907801419,-4.210992907801419
14,2005-04-19,increase,4.549197200494026,-5,2005-04-12,51.53,17.02127659574468,4,0.0,0,4.25531914893617,1,12.76595744680851,3,9.429217220561515,7.592059375183165,0.0,0.0,4.1630033409530505,0.09231580798311967,5.266213879608464,7.4997435672000465
14,2005-04-19,increase,4.549197200494026,-4,2005-04-13,49.67,16.528925619834713,4,0.0,0,12.396694214876034,3,4.132231404958678,1,9.429217220561515,7.099708399273197,0.0,0.0,4.1630033409530505,8.233690873922983,5.266213879608464,-1.1339824746497857
14,2005-04-19,increase,4.549197200494026,-3,2005-04-14,50.21,0.0,0,0.0,0,0.0,0,0.0,0,9.429217220561515,-9.429217220561515,0.0,0.0,4.1630033409530505,-4.1630033409530505,5.266213879608464,-5.266213879608464
14,2005-04-19,increase,4.549197200494026,-2,2005-04-15,49.52,4.166666666666667,1,0.0,0,0.0,0,4.166666666666667,1,9.429217220561515,-5.262550553894848,0.0,0.0,4.1630033409530505,-4.1630033409530505,5.266213879608464,-1.099547212941797
14,2005-04-19,increase,4.549197200494026,-1,2005-04-18,48.58,0.0,0,0.0,0,0.0,0,0.0,0,9.429217220561515,-9.429217220561515,0.0,0.0,4.1630033409530505,-4.1630033409530505,5.266213879608464,-5.266213879608464
14,2005-04-19,increase,4.549197200494026,0,2005-04-19,50.79,8.547008547008549,2,0.0,0,0.0,0,8.547008547008549,2,9.429217220561515,-0.8822086735529666,0.0,0.0,4.1630033409530505,-4.1630033409530505,5.266213879608464,3.2807946674000847
14,2005-04-19,increase,4.549197200494026,1,2005-04-20,51.53,0.0,0,0.0,0,0.0,0,0.0,0,9.429217220561515,-9.429217220561515,0.0,0.0,4.1630033409530505,-4.1630033409530505,5.266213879608464,-5.266213879608464
14,2005-04-19,increase,4.549197200494026,2,2005-04-21,51.73,0.0,0,0.0,0,0.0,0,0.0,0,9.429217220561515,-9.429217220561515,0.0,0.0,4.1630033409530505,-4.1630033409530505,5.266213879608464,-5.266213879608464
14,2005-04-19,increase,4.549197200494026,3,2005-04-22,53.51,8.23045267489712,2,0.0,0,0.0,0,8.23045267489712,2,9.429217220561515,-1.198764545664396,0.0,0.0,4.1630033409530505,-4.1630033409530505,5.266213879608464,2.9642387952886553
14,2005-04-19,increase,4.549197200494026,4,2005-04-25,53.1,4.237288135593221,1,4.237288135593221,1,4.237288135593221,1,0.0,0,9.429217220561515,-5.191929084968295,0.0,4.237288135593221,4.1630033409530505,0.07428479464017013,5.266213879608464,-5.266213879608464
14,2005-04-19,increase,4.549197200494026,5,2005-04-26,52.47,4.291845493562231,1,4.291845493562231,1,4.291845493562231,1,0.0,0,9.429217220561515,-5.137371726999284,0.0,4.291845493562231,4.1630033409530505,0.12884215260918097,5.266213879608464,-5.266213879608464
15,2005-06-17,increase,4.825046040515657,-5,2005-06-10,51.98,4.310344827586206,1,0.0,0,0.0,0,4.310344827586206,1,2.132438527571657,2.1779063000145493,1.0548523206751055,-1.0548523206751055,0.0,0.0,1.0775862068965516,3.232758620689655
15,2005-06-17,increase,4.825046040515657,-4,2005-06-13,52.0,0.0,0,0.0,0,0.0,0,0.0,0,2.132438527571657,-2.132438527571657,1.0548523206751055,-1.0548523206751055,0.0,0.0,1.0775862068965516,-1.0775862068965516
15,2005-06-17,increase,4.825046040515657,-3,2005-06-14,53.52,4.219409282700422,1,4.219409282700422,1,0.0,0,0.0,0,2.132438527571657,2.086970755128765,1.0548523206751055,3.1645569620253164,0.0,0.0,1.0775862068965516,-1.0775862068965516
15,2005-06-17,increase,4.825046040515657,-2,2005-06-15,54.12,0.0,0,0.0,0,0.0,0,0.0,0,2.132438527571657,-2.132438527571657,1.0548523206751055,-1.0548523206751055,0.0,0.0,1.0775862068965516,-1.0775862068965516
15,2005-06-17,increase,4.825046040515657,-1,2005-06-16,54.3,12.396694214876034,3,0.0,0,8.264462809917356,2,8.264462809917356,2,2.132438527571657,10.264255687304377,1.0548523206751055,-1.0548523206751055,0.0,8.264462809917356,1.0775862068965516,7.186876603020805
15,2005-06-17,increase,4.825046040515657,0,2005-06-17,56.92,0.0,0,0.0,0,0.0,0,0.0,0,2.132438527571657,-2.132438527571657,1.0548523206751055,-1.0548523206751055,0.0,0.0,1.0775862068965516,-1.0775862068965516
15,2005-06-17,increase,4.825046040515657,1,2005-06-20,57.1,12.658227848101266,3,4.219409282700422,1,0.0,0,8.438818565400844,2,2.132438527571657,10.525789320529608,1.0548523206751055,3.1645569620253164,0.0,0.0,1.0775862068965516,7.361232358504292
15,2005-06-17,increase,4.825046040515657,2,2005-06-21,57.36,16.666666666666668,4,8.333333333333334,2,0.0,0,8.333333333333334,2,2.132438527571657,14.53422813909501,1.0548523206751055,7.278481012658228,0.0,0.0,1.0775862068965516,7.255747126436782
15,2005-06-17,increase,4.825046040515657,3,2005-06-22,56.06,8.51063829787234,2,8.51063829787234,2,4.25531914893617,1,0.0,0,2.132438527571657,6.378199770300683,1.0548523206751055,7.455785977197235,0.0,4.25531914893617,1.0775862068965516,-1.0775862068965516
15,2005-06-17,increase,4.825046040515657,4,2005-06-23,57.03,0.0,0,0.0,0,0.0,0,0.0,0,2.132438527571657,-2.132438527571657,1.0548523206751055,-1.0548523206751055,0.0,0.0,1.0775862068965516,-1.0775862068965516
15,2005-06-17,increase,4.825046040515657,5,2005-06-24,57.21,8.403361344537815,2,8.403361344537815,2,0.0,0,0.0,0,2.132438527571657,6.270922816966158,1.0548523206751055,7.34850902386271,0.0,0.0,1.0775862068965516,-1.0775862068965516
16,2005-07-12,increase,5.080213903743314,-5,2005-07-05,57.86,0.0,0,0.0,0,0.0,0,0.0,0,6.311759992878127,-6.311759992878127,5.247930205644084,-5.247930205644084,1.0638297872340425,-1.0638297872340425,0.0,0.0
16,2005-07-12,increase,5.080213903743314,-4,2005-07-06,58.38,8.51063829787234,2,4.25531914893617,1,4.25531914893617,1,0.0,0,6.311759992878127,2.1988783049942136,5.247930205644084,-0.992611056707914,1.0638297872340425,3.1914893617021276,0.0,0.0
16,2005-07-12,increase,5.080213903743314,-3,2005-07-07,57.55,16.736401673640167,4,16.736401673640167,4,0.0,0,0.0,0,6.311759992878127,10.42464168076204,5.247930205644084,11.488471467996082,1.0638297872340425,-1.0638297872340425,0.0,0.0
16,2005-07-12,increase,5.080213903743314,-2,2005-07-08,59.0,0.0,0,0.0,0,0.0,0,0.0,0,6.311759992878127,-6.311759992878127,5.247930205644084,-5.247930205644084,1.0638297872340425,-1.0638297872340425,0.0,0.0
16,2005-07-12,increase,5.080213903743314,-1,2005-07-11,56.1,0.0,0,0.0,0,0.0,0,0.0,0,6.311759992878127,-6.311759992878127,5.247930205644084,-5.247930205644084,1.0638297872340425,-1.0638297872340425,0.0,0.0
16,2005-07-12,increase,5.080213903743314,0,2005-07-12,58.95,12.295081967213116,3,4.0983606557377055,1,0.0,0,8.196721311475411,2,6.311759992878127,5.98332197433499,5.247930205644084,-1.1495695499063787,1.0638297872340425,-1.0638297872340425,0.0,8.196721311475411
16,2005-07-12,increase,5.080213903743314,1,2005-07-13,58.33,4.184100418410042,1,4.184100418410042,1,0.0,0,0.0,0,6.311759992878127,-2.127659574468085,5.247930205644084,-1.0638297872340425,1.0638297872340425,-1.0638297872340425,0.0,0.0
16,2005-07-12,increase,5.080213903743314,2,2005-07-14,56.79,0.0,0,0.0,0,0.0,0,0.0,0,6.311759992878127,-6.311759992878127,5.247930205644084,-5.247930205644084,1.0638297872340425,-1.0638297872340425,0.0,0.0
16,2005-07-12,increase,5.080213903743314,3,2005-07-15,56.98,0.0,0,0.0,0,0.0,0,0.0,0,6.311759992878127,-6.311759992878127,5.247930205644084,-5.247930205644084,1.0638297872340425,-1.0638297872340425,0.0,0.0
16,2005-07-12,increase,5.080213903743314,4,2005-07-18,56.25,8.695652173913043,2,0.0,0,0.0,0,8.695652173913043,2,6.311759992878127,2.3838921810349163,5.247930205644084,-5.247930205644084,1.0638297872340425,-1.0638297872340425,0.0,8.695652173913043
16,2005-07-12,increase,5.080213903743314,5,2005-07-19,56.75,4.201680672268908,1,0.0,0,0.0,0,4.201680672268908,1,6.311759992878127,-2.110079320609219,5.247930205644084,-5.247930205644084,1.0638297872340425,-1.0638297872340425,0.0,4.201680672268908
17,2005-09-19,increase,5.886243386243395,-5,2005-09-12,60.69,25.53191489361702,6,0.0,0,4.25531914893617,1,21.27659574468085,5,20.293570830927308,5.238344062689713,3.2057527581824257,-3.2057527581824257,2.150786308973173,2.1045328399629972,14.93703176377171,6.339563980909141
17,2005-09-19,increase,5.886243386243395,-4,2005-09-13,61.31,21.00840336134453,5,4.201680672268908,1,0.0,0,16.80672268907563,4,20.293570830927308,0.7148325304172225,3.2057527581824257,0.9959279140864821,2.150786308973173,-2.150786308973173,14.93703176377171,1.869690925303921
17,2005-09-19,increase,5.886243386243395,-3,2005-09-14,61.7,26.08695652173913,6,4.3478260869565215,1,4.3478260869565215,1,17.391304347826086,4,20.293570830927308,5.793385690811821,3.2057527581824257,1.1420733287740958,2.150786308973173,2.1970397779833486,14.93703176377171,2.454272584054376
17,2005-09-19,increase,5.886243386243395,-2,2005-09-15,61.9,8.547008547008549,2,4.273504273504274,1,0.0,0,4.273504273504274,1,20.293570830927308,-11.74656228391876,3.2057527581824257,1.0677515153218486,2.150786308973173,-2.150786308973173,14.93703176377171,-10.663527490267436
17,2005-09-19,increase,5.886243386243395,-1,2005-09-16,60.48,21.09704641350211,5,4.219409282700422,1,0.0,0,16.877637130801688,4,20.293570830927308,0.8034755825748015,3.2057527581824257,1.0136565245179963,2.150786308973173,-2.150786308973173,14.93703176377171,1.9406053670299777
17,2005-09-19,increase,5.886243386243395,0,2005-09-19,64.04,20.920502092050206,5,4.184100418410042,1,0.0,0,16.736401673640167,4,20.293570830927308,0.6269312611228983,3.2057527581824257,0.978347660227616,2.150786308973173,-2.150786308973173,14.93703176377171,1.7993699098684566
17,2005-09-19,increase,5.886243386243395,1,2005-09-20,62.98,37.65690376569038,9,4.184100418410042,1,4.184100418410042,1,29.288702928870293,7,20.293570830927308,17.363332934763072,3.2057527581824257,0.978347660227616,2.150786308973173,2.0333141094368687,14.93703176377171,14.351671165098583
17,2005-09-19,increase,5.886243386243395,2,2005-09-21,64.31,20.74688796680498,5,0.0,0,4.149377593360996,1,16.597510373443985,4,20.293570830927308,0.453317135877672,3.2057527581824257,-3.2057527581824257,2.150786308973173,1.9985912843878233,14.93703176377171,1.6604786096722748
17,2005-09-19,increase,5.886243386243395,3,2005-09-22,64.64,32.786885245901644,8,0.0,0,4.0983606557377055,1,28.688524590163937,7,20.293570830927308,12.493314414974336,3.2057527581824257,-3.2057527581824257,2.150786308973173,1.9475743467645326,14.93703176377171,13.751492826392226
17,2005-09-19,increase,5.886243386243395,4,2005-09-23,62.17,30.17241379310345,7,0.0,0,4.310344827586206,1,25.86206896551724,6,20.293570830927308,9.87884296217614,3.2057527581824257,-3.2057527581824257,2.150786308973173,2.1595585186130335,14.93703176377171,10.925037201745528
17,2005-09-19,increase,5.886243386243395,5,2005-09-26,61.73,18.6046511627907,4,4.651162790697675,1,0.0,0,13.953488372093023,3,20.293570830927308,-1.6889196681366094,3.2057527581824257,1.445410032515249,2.150786308973173,-2.150786308973173,14.93703176377171,-0.9835433916786869
18,2006-01-03,increase,5.433664724031528,-5,2005-12-23,56.28,0.0,0,0.0,0,0.0,0,0.0,0,3.3809333155389476,-3.3809333155389476,1.4124293785310735,-1.4124293785310735,0.0,0.0,1.968503937007874,-1.968503937007874
18,2006-01-03,increase,5.433664724031528,-4,2005-12-26,56.54,7.874015748031496,1,0.0,0,0.0,0,7.874015748031496,1,3.3809333155389476,4.493082432492549,1.4124293785310735,-1.4124293785310735,0.0,0.0,1.968503937007874,5.905511811023622
18,2006-01-03,increase,5.433664724031528,-3,2005-12-28,56.91,5.649717514124294,1,5.649717514124294,1,0.0,0,0.0,0,3.3809333155389476,2.2687841985853465,1.4124293785310735,4.237288135593221,0.0,0.0,1.968503937007874,-1.968503937007874
18,2006-01-03,increase,5.433664724031528,-2,2005-12-29,57.72,0.0,0,0.0,0,0.0,0,0.0,0,3.3809333155389476,-3.3809333155389476,1.4124293785310735,-1.4124293785310735,0.0,0.0,1.968503937007874,-1.968503937007874
18,2006-01-03,increase,5.433664724031528,-1,2005-12-30,58.34,0.0,0,0.0,0,0.0,0,0.0,0,3.3809333155389476,-3.3809333155389476,1.4124293785310735,-1.4124293785310735,0.0,0.0,1.968503937007874,-1.968503937007874
18,2006-01-03,increase,5.433664724031528,0,2006-01-03,61.51,4.878048780487805,1,0.0,0,0.0,0,4.878048780487805,1,3.3809333155389476,1.4971154649488572,1.4124293785310735,-1.4124293785310735,0.0,0.0,1.968503937007874,2.9095448434799307
18,2006-01-03,increase,5.433664724031528,1,2006-01-04,61.25,0.0,0,0.0,0,0.0,0,0.0,0,3.3809333155389476,-3.3809333155389476,1.4124293785310735,-1.4124293785310735,0.0,0.0,1.968503937007874,-1.968503937007874
18,2006-01-03,increase,5.433664724031528,2,2006-01-05,61.68,0.0,0,0.0,0,0.0,0,0.0,0,3.3809333155389476,-3.3809333155389476,1.4124293785310735,-1.4124293785310735,0.0,0.0,1.968503937007874,-1.968503937007874
18,2006-01-03,increase,5.433664724031528,3,2006-01-06,62.43,8.333333333333334,2,0.0,0,0.0,0,8.333333333333334,2,3.3809333155389476,4.952400017794386,1.4124293785310735,-1.4124293785310735,0.0,0.0,1.968503937007874,6.36482939632546
18,2006-01-03,increase,5.433664724031528,4,2006-01-09,62.51,0.0,0,0.0,0,0.0,0,0.0,0,3.3809333155389476,-3.3809333155389476,1.4124293785310735,-1.4124293785310735,0.0,0.0,1.968503937007874,-1.968503937007874
18,2006-01-03,increase,5.433664724031528,5,2006-01-10,62.32,0.0,0,0.0,0,0.0,0,0.0,0,3.3809333155389476,-3.3809333155389476,1.4124293785310735,-1.4124293785310735,0.0,0.0,1.968503937007874,-1.968503937007874
19,2006-06-09,increase,5.124695863746953,-5,2006-06-02,68.42,4.291845493562231,1,0.0,0,0.0,0,4.291845493562231,1,5.159086259535685,-0.8672407659734533,0.0,0.0,2.032520325203252,-2.032520325203252,3.126565934332433,1.1652795592297984
19,2006-06-09,increase,5.124695863746953,-4,2006-06-05,69.13,12.195121951219512,3,0.0,0,8.130081300813009,2,4.065040650406504,1,5.159086259535685,7.036035691683828,0.0,0.0,2.032520325203252,6.097560975609756,3.126565934332433,0.9384747160740714
19,2006-06-09,increase,5.124695863746953,-3,2006-06-06,68.25,4.149377593360996,1,0.0,0,0.0,0,4.149377593360996,1,5.159086259535685,-1.0097086661746886,0.0,0.0,2.032520325203252,-2.032520325203252,3.126565934332433,1.0228116590285632
19,2006-06-09,increase,5.124695863746953,-2,2006-06-07,67.17,0.0,0,0.0,0,0.0,0,0.0,0,5.159086259535685,-5.159086259535685,0.0,0.0,2.032520325203252,-2.032520325203252,3.126565934332433,-3.126565934332433
19,2006-06-09,increase,5.124695863746953,-1,2006-06-08,65.76,28.80658436213992,7,4.11522633744856,1,0.0,0,24.69135802469136,6,5.159086259535685,23.647498102604235,0.0,4.11522633744856,2.032520325203252,-2.032520325203252,3.126565934332433,21.564792090358928
19,2006-06-09,increase,5.124695863746953,0,2006-06-09,69.13,4.166666666666667,1,0.0,0,0.0,0,4.166666666666667,1,5.159086259535685,-0.9924195928690178,0.0,0.0,2.032520325203252,-2.032520325203252,3.126565934332433,1.040100732334234
19,2006-06-09,increase,5.124695863746953,1,2006-06-12,68.62,8.474576271186441,2,4.237288135593221,1,0.0,0,4.237288135593221,1,5.159086259535685,3.3154900116507564,0.0,4.237288135593221,2.032520325203252,-2.032520325203252,3.126565934332433,1.1107222012607876
19,2006-06-09,increase,5.124695863746953,2,2006-06-13,65.67,4.201680672268908,1,0.0,0,0.0,0,4.201680672268908,1,5.159086259535685,-0.957405587266777,0.0,0.0,2.032520325203252,-2.032520325203252,3.126565934332433,1.0751147379364747
19,2006-06-09,increase,5.124695863746953,3,2006-06-14,65.52,0.0,0,0.0,0,0.0,0,0.0,0,5.159086259535685,-5.159086259535685,0.0,0.0,2.032520325203252,-2.032520325203252,3.126565934332433,-3.126565934332433
19,2006-06-09,increase,5.124695863746953,4,2006-06-15,66.04,0.0,0,0.0,0,0.0,0,0.0,0,5.159086259535685,-5.159086259535685,0.0,0.0,2.032520325203252,-2.032520325203252,3.126565934332433,-3.126565934332433
19,2006-06-09,increase,5.124695863746953,5,2006-06-16,65.01,4.184100418410042,1,0.0,0,0.0,0,4.184100418410042,1,5.159086259535685,-0.9749858411256431,0.0,0.0,2.032520325203252,-2.032520325203252,3.126565934332433,1.0575344840776086
20,2006-07-19,decrease,4.912373871481668,-5,2006-07-12,73.04,4.201680672268908,1,0.0,0,0.0,0,4.201680672268908,1,8.488481403596818,-4.286800731327911,2.123228389051174,-2.123228389051174,0.0,0.0,6.365253014545643,-2.1635723422767352
20,2006-07-19,decrease,4.912373871481668,-4,2006-07-13,75.23,4.219409282700422,1,0.0,0,0.0,0,4.219409282700422,1,8.488481403596818,-4.269072120896396,2.123228389051174,-2.123228389051174,0.0,0.0,6.365253014545643,-2.145843731845221
20,2006-07-19,decrease,4.912373871481668,-3,2006-07-14,76.13,17.094017094017097,4,4.273504273504274,1,0.0,0,12.82051282051282,3,8.488481403596818,8.605535690420279,2.123228389051174,2.1502758844531003,0.0,0.0,6.365253014545643,6.455259805967176
20,2006-07-19,decrease,4.912373871481668,-2,2006-07-17,75.12,8.438818565400844,2,4.219409282700422,1,0.0,0,4.219409282700422,1,8.488481403596818,-0.0496628381959745,2.123228389051174,2.096180893649248,0.0,0.0,6.365253014545643,-2.145843731845221
20,2006-07-19,decrease,4.912373871481668,-1,2006-07-18,75.32,4.273504273504274,1,0.0,0,0.0,0,4.273504273504274,1,8.488481403596818,-4.214977130092544,2.123228389051174,-2.123228389051174,0.0,0.0,6.365253014545643,-2.0917487410413687
20,2006-07-19,decrease,4.912373871481668,0,2006-07-19,71.62,8.51063829787234,2,0.0,0,0.0,0,8.51063829787234,2,8.488481403596818,0.02215689427552192,2.123228389051174,-2.123228389051174,0.0,0.0,6.365253014545643,2.1453852833266973
20,2006-07-19,decrease,4.912373871481668,1,2006-07-20,72.56,0.0,0,0.0,0,0.0,0,0.0,0,8.488481403596818,-8.488481403596818,2.123228389051174,-2.123228389051174,0.0,0.0,6.365253014545643,-6.365253014545643
20,2006-07-19,decrease,4.912373871481668,2,2006-07-21,72.96,12.82051282051282,3,0.0,0,4.273504273504274,1,8.547008547008549,2,8.488481403596818,4.332031416916001,2.123228389051174,-2.123228389051174,0.0,4.273504273504274,6.365253014545643,2.1817555324629057
20,2006-07-19,decrease,4.912373871481668,3,2006-07-24,72.09,8.438818565400844,2,4.219409282700422,1,4.219409282700422,1,4.219409282700422,1,8.488481403596818,-0.0496628381959745,2.123228389051174,2.096180893649248,0.0,4.219409282700422,6.365253014545643,-2.145843731845221
20,2006-07-19,decrease,4.912373871481668,4,2006-07-25,72.49,8.73362445414847,2,0.0,0,4.366812227074235,1,4.366812227074235,1,8.488481403596818,0.2451430505516523,2.123228389051174,-2.123228389051174,0.0,4.366812227074235,6.365253014545643,-1.9984407874714076
20,2006-07-19,decrease,4.912373871481668,5,2006-07-26,73.76,0.0,0,0.0,0,0.0,0,0.0,0,8.488481403596818,-8.488481403596818,2.123228389051174,-2.123228389051174,0.0,0.0,6.365253014545643,-6.365253014545643
21,2006-09-20,decrease,5.48624440179143,-5,2006-09-13,61.28,41.66666666666666,1,0.0,0,0.0,0,41.66666666666666,1,12.558004108433291,29.108662558233366,0.0,0.0,1.0729613733905579,-1.0729613733905579,11.485042735042732,30.181623931623925
21,2006-09-20,decrease,5.48624440179143,-4,2006-09-14,60.75,0.0,0,0.0,0,0.0,0,0.0,0,12.558004108433291,-12.558004108433291,0.0,0.0,1.0729613733905579,-1.0729613733905579,11.485042735042732,-11.485042735042732
21,2006-09-20,decrease,5.48624440179143,-3,2006-09-15,60.23,4.273504273504274,1,0.0,0,0.0,0,4.273504273504274,1,12.558004108433291,-8.284499834929017,0.0,0.0,1.0729613733905579,-1.0729613733905579,11.485042735042732,-7.211538461538458
21,2006-09-20,decrease,5.48624440179143,-2,2006-09-18,61.47,4.291845493562231,1,0.0,0,4.291845493562231,1,0.0,0,12.558004108433291,-8.26615861487106,0.0,0.0,1.0729613733905579,3.2188841201716736,11.485042735042732,-11.485042735042732
21,2006-09-20,decrease,5.48624440179143,-1,2006-09-19,62.52,17.316017316017316,4,0.0,0,4.329004329004329,1,12.987012987012989,3,12.558004108433291,4.758013207584025,0.0,0.0,1.0729613733905579,3.256042955613771,11.485042735042732,1.5019702519702562
21,2006-09-20,decrease,5.48624440179143,0,2006-09-20,59.09,4.166666666666667,1,0.0,0,0.0,0,4.166666666666667,1,12.558004108433291,-8.391337441766623,0.0,0.0,1.0729613733905579,-1.0729613733905579,11.485042735042732,-7.3183760683760655
21,2006-09-20,decrease,5.48624440179143,1,2006-09-21,59.27,0.0,0,0.0,0,0.0,0,0.0,0,12.558004108433291,-12.558004108433291,0.0,0.0,1.0729613733905579,-1.0729613733905579,11.485042735042732,-11.485042735042732
21,2006-09-20,decrease,5.48624440179143,2,2006-09-22,58.81,0.0,0,0.0,0,0.0,0,0.0,0,12.558004108433291,-12.558004108433291,0.0,0.0,1.0729613733905579,-1.0729613733905579,11.485042735042732,-11.485042735042732
21,2006-09-20,decrease,5.48624440179143,3,2006-09-25,57.89,0.0,0,0.0,0,0.0,0,0.0,0,12.558004108433291,-12.558004108433291,0.0,0.0,1.0729613733905579,-1.0729613733905579,11.485042735042732,-11.485042735042732
21,2006-09-20,decrease,5.48624440179143,4,2006-09-26,58.53,8.547008547008549,2,0.0,0,4.273504273504274,1,4.273504273504274,1,12.558004108433291,-4.010995561424743,0.0,0.0,1.0729613733905579,3.2005429001137164,11.485042735042732,-7.211538461538458
21,2006-09-20,decrease,5.48624440179143,5,2006-09-27,57.6,0.0,0,0.0,0,0.0,0,0.0,0,12.558004108433291,-12.558004108433291,0.0,0.0,1.0729613733905579,-1.0729613733905579,11.485042735042732,-11.485042735042732
22,2007-02-16,increase,4.663594470046095,-5,2007-02-09,57.21,0.0,0,0.0,0,0.0,0,0.0,0,0.0,0.0,0.0,0.0,0.0,0.0,0.0,0.0
22,2007-02-16,increase,4.663594470046095,-4,2007-02-12,55.52,0.0,0,0.0,0,0.0,0,0.0,0,0.0,0.0,0.0,0.0,0.0,0.0,0.0,0.0
22,2007-02-16,increase,4.663594470046095,-3,2007-02-13,56.12,0.0,0,0.0,0,0.0,0,0.0,0,0.0,0.0,0.0,0.0,0.0,0.0,0.0,0.0
22,2007-02-16,increase,4.663594470046095,-2,2007-02-14,55.05,0.0,0,0.0,0,0.0,0,0.0,0,0.0,0.0,0.0,0.0,0.0,0.0,0.0,0.0
22,2007-02-16,increase,4.663594470046095,-1,2007-02-15,54.25,0.0,0,0.0,0,0.0,0,0.0,0,0.0,0.0,0.0,0.0,0.0,0.0,0.0,0.0
22,2007-02-16,increase,4.663594470046095,0,2007-02-16,56.78,0.0,0,0.0,0,0.0,0,0.0,0,0.0,0.0,0.0,0.0,0.0,0.0,0.0,0.0
22,2007-02-16,increase,4.663594470046095,1,2007-02-20,55.91,8.403361344537815,2,0.0,0,4.201680672268908,1,4.201680672268908,1,0.0,8.403361344537815,0.0,0.0,0.0,4.201680672268908,0.0,4.201680672268908
22,2007-02-16,increase,4.663594470046095,2,2007-02-21,57.74,0.0,0,0.0,0,0.0,0,0.0,0,0.0,0.0,0.0,0.0,0.0,0.0,0.0,0.0
22,2007-02-16,increase,4.663594470046095,3,2007-02-22,58.62,0.0,0,0.0,0,0.0,0,0.0,0,0.0,0.0,0.0,0.0,0.0,0.0,0.0,0.0
22,2007-02-16,increase,4.663594470046095,4,2007-02-23,60.38,4.25531914893617,1,4.25531914893617,1,0.0,0,0.0,0,0.0,4.25531914893617,0.0,4.25531914893617,0.0,0.0,0.0,0.0
22,2007-02-16,increase,4.663594470046095,5,2007-02-26,60.34,0.0,0,0.0,0,0.0,0,0.0,0,0.0,0.0,0.0,0.0,0.0,0.0,0.0,0.0
23,2007-10-29,increase,6.091370558375653,-5,2007-10-22,82.72,0.0,0,0.0,0,0.0,0,0.0,0,2.0243246787306584,-2.0243246787306584,1.016260162601626,-1.016260162601626,1.0080645161290323,-1.0080645161290323,1.016260162601626,-1.016260162601626
23,2007-10-29,increase,6.091370558375653,-4,2007-10-23,82.31,4.032258064516129,1,0.0,0,4.032258064516129,1,0.0,0,2.0243246787306584,2.0079333857854706,1.016260162601626,-1.016260162601626,1.0080645161290323,3.024193548387097,1.016260162601626,-1.016260162601626
23,2007-10-29,increase,6.091370558375653,-3,2007-10-24,83.47,4.065040650406504,1,4.065040650406504,1,0.0,0,4.065040650406504,1,2.0243246787306584,2.040715971675846,1.016260162601626,3.048780487804878,1.0080645161290323,-1.0080645161290323,1.016260162601626,3.048780487804878
23,2007-10-29,increase,6.091370558375653,-2,2007-10-25,85.4,0.0,0,0.0,0,0.0,0,0.0,0,2.0243246787306584,-2.0243246787306584,1.016260162601626,-1.016260162601626,1.0080645161290323,-1.0080645161290323,1.016260162601626,-1.016260162601626
23,2007-10-29,increase,6.091370558375653,-1,2007-10-26,84.71,0.0,0,0.0,0,0.0,0,0.0,0,2.0243246787306584,-2.0243246787306584,1.016260162601626,-1.016260162601626,1.0080645161290323,-1.0080645161290323,1.016260162601626,-1.016260162601626
23,2007-10-29,increase,6.091370558375653,0,2007-10-29,89.87,8.097165991902834,2,4.048582995951417,1,0.0,0,4.048582995951417,1,2.0243246787306584,6.072841313172176,1.016260162601626,3.0323228333497907,1.0080645161290323,-1.0080645161290323,1.016260162601626,3.0323228333497907
23,2007-10-29,increase,6.091370558375653,1,2007-10-30,89.87,4.065040650406504,1,4.065040650406504,1,0.0,0,0.0,0,2.0243246787306584,2.040715971675846,1.016260162601626,3.048780487804878,1.0080645161290323,-1.0080645161290323,1.016260162601626,-1.016260162601626
23,2007-10-29,increase,6.091370558375653,2,2007-10-31,89.87,2.808988764044944,1,0.0,0,0.0,0,2.808988764044944,1,2.0243246787306584,0.7846640853142857,1.016260162601626,-1.016260162601626,1.0080645161290323,-1.0080645161290323,1.016260162601626,1.792728601443318
23,2007-10-29,increase,6.091370558375653,3,2007-11-01,90.36,4.081632653061225,1,4.081632653061225,1,0.0,0,0.0,0,2.0243246787306584,2.0573079743305662,1.016260162601626,3.0653724904595983,1.0080645161290323,-1.0080645161290323,1.016260162601626,-1.016260162601626
23,2007-10-29,increase,6.091370558375653,4,2007-11-05,92.16,0.0,0,0.0,0,0.0,0,0.0,0,2.0243246787306584,-2.0243246787306584,1.016260162601626,-1.016260162601626,1.0080645161290323,-1.0080645161290323,1.016260162601626,-1.016260162601626
23,2007-10-29,increase,6.091370558375653,5,2007-11-06,93.99,4.065040650406504,1,0.0,0,4.065040650406504,1,0.0,0,2.0243246787306584,2.040715971675846,1.016260162601626,-1.016260162601626,1.0080645161290323,3.0569761342774724,1.016260162601626,-1.016260162601626
24,2008-06-06,increase,8.54037267080745,-5,2008-05-30,127.85,12.145748987854253,3,0.0,0,0.0,0,12.145748987854253,3,11.154175306935256,0.9915736809189966,0.0,0.0,0.0,0.0,11.154175306935256,0.9915736809189966
24,2008-06-06,increase,8.54037267080745,-4,2008-06-02,128.5,20.32520325203252,5,0.0,0,0.0,0,20.32520325203252,5,11.154175306935256,9.171027945097263,0.0,0.0,0.0,0.0,11.154175306935256,9.171027945097263
24,2008-06-06,increase,8.54037267080745,-3,2008-06-03,126.28,4.048582995951417,1,0.0,0,0.0,0,4.048582995951417,1,11.154175306935256,-7.105592310983839,0.0,0.0,0.0,0.0,11.154175306935256,-7.105592310983839
24,2008-06-06,increase,8.54037267080745,-2,2008-06-04,121.72,8.097165991902834,2,0.0,0,0.0,0,8.097165991902834,2,11.154175306935256,-3.0570093150324222,0.0,0.0,0.0,0.0,11.154175306935256,-3.0570093150324222
24,2008-06-06,increase,8.54037267080745,-1,2008-06-05,122.36,0.0,0,0.0,0,0.0,0,0.0,0,11.154175306935256,-11.154175306935256,0.0,0.0,0.0,0.0,11.154175306935256,-11.154175306935256
24,2008-06-06,increase,8.54037267080745,0,2008-06-06,132.81,4.048582995951417,1,4.048582995951417,1,0.0,0,0.0,0,11.154175306935256,-7.105592310983839,0.0,4.048582995951417,0.0,0.0,11.154175306935256,-11.154175306935256
24,2008-06-06,increase,8.54037267080745,1,2008-06-09,134.43,28.57142857142857,7,8.16326530612245,2,4.081632653061225,1,20.40816326530612,5,11.154175306935256,17.41725326449331,0.0,8.16326530612245,0.0,4.081632653061225,11.154175306935256,9.253987958370862
24,2008-06-06,increase,8.54037267080745,2,2008-06-10,135.24,24.291497975708506,6,12.145748987854253,3,4.048582995951417,1,12.145748987854253,3,11.154175306935256,13.13732266877325,0.0,12.145748987854253,0.0,4.048582995951417,11.154175306935256,0.9915736809189966
24,2008-06-06,increase,8.54037267080745,3,2008-06-11,134.52,8.130081300813009,2,0.0,0,0.0,0,8.130081300813009,2,11.154175306935256,-3.0240940061222474,0.0,0.0,0.0,0.0,11.154175306935256,-3.0240940061222474
24,2008-06-06,increase,8.54037267080745,4,2008-06-12,132.11,12.195121951219512,3,0.0,0,0.0,0,12.195121951219512,3,11.154175306935256,1.040946644284256,0.0,0.0,0.0,0.0,11.154175306935256,1.040946644284256
24,2008-06-06,increase,8.54037267080745,5,2008-06-13,134.29,8.23045267489712,2,0.0,0,0.0,0,8.23045267489712,2,11.154175306935256,-2.923722632038137,0.0,0.0,0.0,0.0,11.154175306935256,-2.923722632038137
25,2008-07-11,increase,5.794860466828666,-5,2008-07-03,143.95,4.081632653061225,1,0.0,0,4.081632653061225,1,0.0,0,5.110541657192838,-1.0289090041316138,1.016260162601626,-1.016260162601626,1.0204081632653061,3.0612244897959187,3.073873331325906,-3.073873331325906
25,2008-07-11,increase,5.794860466828666,-4,2008-07-07,139.62,0.0,0,0.0,0,0.0,0,0.0,0,5.110541657192838,-5.110541657192838,1.016260162601626,-1.016260162601626,1.0204081632653061,-1.0204081632653061,3.073873331325906,-3.073873331325906
25,2008-07-11,increase,5.794860466828666,-3,2008-07-08,134.15,8.23045267489712,2,0.0,0,0.0,0,8.23045267489712,2,5.110541657192838,3.119911017704281,1.016260162601626,-1.016260162601626,1.0204081632653061,-1.0204081632653061,3.073873331325906,5.156579343571213
25,2008-07-11,increase,5.794860466828666,-2,2008-07-09,133.91,8.130081300813009,2,4.065040650406504,1,0.0,0,4.065040650406504,1,5.110541657192838,3.0195396436201705,1.016260162601626,3.048780487804878,1.0204081632653061,-1.0204081632653061,3.073873331325906,0.9911673190805983
25,2008-07-11,increase,5.794860466828666,-1,2008-07-10,135.81,4.132231404958678,1,0.0,0,0.0,0,4.132231404958678,1,5.110541657192838,-0.9783102522341602,1.016260162601626,-1.016260162601626,1.0204081632653061,-1.0204081632653061,3.073873331325906,1.058358073632772
25,2008-07-11,increase,5.794860466828666,0,2008-07-11,143.68,16.194331983805668,4,4.048582995951417,1,0.0,0,12.145748987854253,3,5.110541657192838,11.08379032661283,1.016260162601626,3.0323228333497907,1.0204081632653061,-1.0204081632653061,3.073873331325906,9.071875656528347
25,2008-07-11,increase,5.794860466828666,1,2008-07-14,142.43,4.065040650406504,1,0.0,0,4.065040650406504,1,0.0,0,5.110541657192838,-1.045501006786334,1.016260162601626,-1.016260162601626,1.0204081632653061,3.0446324871411985,3.073873331325906,-3.073873331325906
25,2008-07-11,increase,5.794860466828666,2,2008-07-15,136.02,0.0,0,0.0,0,0.0,0,0.0,0,5.110541657192838,-5.110541657192838,1.016260162601626,-1.016260162601626,1.0204081632653061,-1.0204081632653061,3.073873331325906,-3.073873331325906
25,2008-07-11,increase,5.794860466828666,3,2008-07-16,133.31,8.064516129032258,2,0.0,0,0.0,0,8.064516129032258,2,5.110541657192838,2.9539744718394196,1.016260162601626,-1.016260162601626,1.0204081632653061,-1.0204081632653061,3.073873331325906,4.990642797706352
25,2008-07-11,increase,5.794860466828666,4,2008-07-17,134.16,0.0,0,0.0,0,0.0,0,0.0,0,5.110541657192838,-5.110541657192838,1.016260162601626,-1.016260162601626,1.0204081632653061,-1.0204081632653061,3.073873331325906,-3.073873331325906
25,2008-07-11,increase,5.794860466828666,5,2008-07-18,129.34,8.097165991902834,2,4.048582995951417,1,4.048582995951417,1,0.0,0,5.110541657192838,2.9866243347099957,1.016260162601626,3.0323228333497907,1.0204081632653061,3.028174832686111,3.073873331325906,-3.073873331325906
26,2009-01-02,increase,19.877163595756556,-5,2008-12-24,34.45,4.149377593360996,1,0.0,0,0.0,0,4.149377593360996,1,4.55847115890363,-0.40909356554263354,2.347417840375587,-2.347417840375587,0.0,0.0,2.2110533185280428,1.9383242748329534
26,2009-01-02,increase,19.877163595756556,-4,2008-12-26,33.73,0.0,0,0.0,0,0.0,0,0.0,0,4.55847115890363,-4.55847115890363,2.347417840375587,-2.347417840375587,0.0,0.0,2.2110533185280428,-2.2110533185280428
26,2009-01-02,increase,19.877163595756556,-3,2008-12-29,34.16,0.0,0,0.0,0,0.0,0,0.0,0,4.55847115890363,-4.55847115890363,2.347417840375587,-2.347417840375587,0.0,0.0,2.2110533185280428,-2.2110533185280428
26,2009-01-02,increase,19.877163595756556,-2,2008-12-30,35.22,14.084507042253522,3,9.389671361502348,2,0.0,0,4.694835680751174,1,4.55847115890363,9.526035883349891,2.347417840375587,7.042253521126761,0.0,0.0,2.2110533185280428,2.483782362223131
26,2009-01-02,increase,19.877163595756556,-1,2008-12-31,35.82,0.0,0,0.0,0,0.0,0,0.0,0,4.55847115890363,-4.55847115890363,2.347417840375587,-2.347417840375587,0.0,0.0,2.2110533185280428,-2.2110533185280428
26,2009-01-02,increase,19.877163595756556,0,2009-01-02,42.94,0.0,0,0.0,0,0.0,0,0.0,0,4.55847115890363,-4.55847115890363,2.347417840375587,-2.347417840375587,0.0,0.0,2.2110533185280428,-2.2110533185280428
26,2009-01-02,increase,19.877163595756556,1,2009-01-05,45.84,4.032258064516129,1,0.0,0,0.0,0,4.032258064516129,1,4.55847115890363,-0.5262130943875007,2.347417840375587,-2.347417840375587,0.0,0.0,2.2110533185280428,1.8212047459880862
26,2009-01-02,increase,19.877163595756556,2,2009-01-06,48.89,0.0,0,0.0,0,0.0,0,0.0,0,4.55847115890363,-4.55847115890363,2.347417840375587,-2.347417840375587,0.0,0.0,2.2110533185280428,-2.2110533185280428
26,2009-01-02,increase,19.877163595756556,3,2009-01-07,46.23,4.132231404958678,1,0.0,0,4.132231404958678,1,0.0,0,4.55847115890363,-0.4262397539449516,2.347417840375587,-2.347417840375587,0.0,4.132231404958678,2.2110533185280428,-2.2110533185280428
26,2009-01-02,increase,19.877163595756556,4,2009-01-08,42.94,0.0,0,0.0,0,0.0,0,0.0,0,4.55847115890363,-4.55847115890363,2.347417840375587,-2.347417840375587,0.0,0.0,2.2110533185280428,-2.2110533185280428
26,2009-01-02,increase,19.877163595756556,5,2009-01-09,42.34,0.0,0,0.0,0,0.0,0,0.0,0,4.55847115890363,-4.55847115890363,2.347417840375587,-2.347417840375587,0.0,0.0,2.2110533185280428,-2.2110533185280428
27,2009-04-20,decrease,5.690119184928877,-5,2009-04-13,50.73,0.0,0,0.0,0,0.0,0,0.0,0,0.0,0.0,0.0,0.0,0.0,0.0,0.0,0.0
27,2009-04-20,decrease,5.690119184928877,-4,2009-04-14,52.06,0.0,0,0.0,0,0.0,0,0.0,0,0.0,0.0,0.0,0.0,0.0,0.0,0.0,0.0
27,2009-04-20,decrease,5.690119184928877,-3,2009-04-15,51.31,0.0,0,0.0,0,0.0,0,0.0,0,0.0,0.0,0.0,0.0,0.0,0.0,0.0,0.0
27,2009-04-20,decrease,5.690119184928877,-2,2009-04-16,51.83,0.0,0,0.0,0,0.0,0,0.0,0,0.0,0.0,0.0,0.0,0.0,0.0,0.0,0.0
27,2009-04-20,decrease,5.690119184928877,-1,2009-04-17,52.02,4.065040650406504,1,0.0,0,4.065040650406504,1,0.0,0,0.0,4.065040650406504,0.0,0.0,0.0,4.065040650406504,0.0,0.0
27,2009-04-20,decrease,5.690119184928877,0,2009-04-20,49.06,0.0,0,0.0,0,0.0,0,0.0,0,0.0,0.0,0.0,0.0,0.0,0.0,0.0,0.0
27,2009-04-20,decrease,5.690119184928877,1,2009-04-21,48.69,0.0,0,0.0,0,0.0,0,0.0,0,0.0,0.0,0.0,0.0,0.0,0.0,0.0,0.0
27,2009-04-20,decrease,5.690119184928877,2,2009-04-22,48.5,0.0,0,0.0,0,0.0,0,0.0,0,0.0,0.0,0.0,0.0,0.0,0.0,0.0,0.0
27,2009-04-20,decrease,5.690119184928877,3,2009-04-23,48.29,0.0,0,0.0,0,0.0,0,0.0,0,0.0,0.0,0.0,0.0,0.0,0.0,0.0,0.0
27,2009-04-20,decrease,5.690119184928877,4,2009-04-24,50.29,0.0,0,0.0,0,0.0,0,0.0,0,0.0,0.0,0.0,0.0,0.0,0.0,0.0,0.0
27,2009-04-20,decrease,5.690119184928877,5,2009-04-27,48.67,0.0,0,0.0,0,0.0,0,0.0,0,0.0,0.0,0.0,0.0,0.0,0.0,0.0,0.0
28,2009-06-22,decrease,6.1719636776390585,-5,2009-06-15,68.49,0.0,0,0.0,0,0.0,0,0.0,0,0.0,0.0,0.0,0.0,0.0,0.0,0.0,0.0
28,2009-06-22,decrease,6.1719636776390585,-4,2009-06-16,70.52,0.0,0,0.0,0,0.0,0,0.0,0,0.0,0.0,0.0,0.0,0.0,0.0,0.0,0.0
28,2009-06-22,decrease,6.1719636776390585,-3,2009-06-17,68.95,0.0,0,0.0,0,0.0,0,0.0,0,0.0,0.0,0.0,0.0,0.0,0.0,0.0,0.0
28,2009-06-22,decrease,6.1719636776390585,-2,2009-06-18,69.96,0.0,0,0.0,0,0.0,0,0.0,0,0.0,0.0,0.0,0.0,0.0,0.0,0.0,0.0
28,2009-06-22,decrease,6.1719636776390585,-1,2009-06-19,70.48,0.0,0,0.0,0,0.0,0,0.0,0,0.0,0.0,0.0,0.0,0.0,0.0,0.0,0.0
28,2009-06-22,decrease,6.1719636776390585,0,2009-06-22,66.13,4.048582995951417,1,0.0,0,4.048582995951417,1,0.0,0,0.0,4.048582995951417,0.0,0.0,0.0,4.048582995951417,0.0,0.0
28,2009-06-22,decrease,6.1719636776390585,1,2009-06-23,66.36,0.0,0,0.0,0,0.0,0,0.0,0,0.0,0.0,0.0,0.0,0.0,0.0,0.0,0.0
28,2009-06-22,decrease,6.1719636776390585,2,2009-06-24,68.47,4.0983606557377055,1,0.0,0,0.0,0,4.0983606557377055,1,0.0,4.0983606557377055,0.0,0.0,0.0,0.0,0.0,4.0983606557377055
28,2009-06-22,decrease,6.1719636776390585,3,2009-06-25,68.82,0.0,0,0.0,0,0.0,0,0.0,0,0.0,0.0,0.0,0.0,0.0,0.0,0.0,0.0
28,2009-06-22,decrease,6.1719636776390585,4,2009-06-26,68.1,0.0,0,0.0,0,0.0,0,0.0,0,0.0,0.0,0.0,0.0,0.0,0.0,0.0,0.0
28,2009-06-22,decrease,6.1719636776390585,5,2009-06-29,69.75,4.081632653061225,1,0.0,0,0.0,0,4.081632653061225,1,0.0,4.081632653061225,0.0,0.0,0.0,0.0,0.0,4.081632653061225
29,2009-07-30,increase,4.605563155494741,-5,2009-07-23,68.06,0.0,0,0.0,0,0.0,0,0.0,0,0.0,0.0,0.0,0.0,0.0,0.0,0.0,0.0
29,2009-07-30,increase,4.605563155494741,-4,2009-07-24,68.82,0.0,0,0.0,0,0.0,0,0.0,0,0.0,0.0,0.0,0.0,0.0,0.0,0.0,0.0
29,2009-07-30,increase,4.605563155494741,-3,2009-07-27,69.78,0.0,0,0.0,0,0.0,0,0.0,0,0.0,0.0,0.0,0.0,0.0,0.0,0.0,0.0
29,2009-07-30,increase,4.605563155494741,-2,2009-07-28,68.53,0.0,0,0.0,0,0.0,0,0.0,0,0.0,0.0,0.0,0.0,0.0,0.0,0.0,0.0
29,2009-07-30,increase,4.605563155494741,-1,2009-07-29,65.79,0.0,0,0.0,0,0.0,0,0.0,0,0.0,0.0,0.0,0.0,0.0,0.0,0.0,0.0
29,2009-07-30,increase,4.605563155494741,0,2009-07-30,68.82,0.0,0,0.0,0,0.0,0,0.0,0,0.0,0.0,0.0,0.0,0.0,0.0,0.0,0.0
29,2009-07-30,increase,4.605563155494741,1,2009-07-31,70.08,0.0,0,0.0,0,0.0,0,0.0,0,0.0,0.0,0.0,0.0,0.0,0.0,0.0,0.0
29,2009-07-30,increase,4.605563155494741,2,2009-08-03,72.9,0.0,0,0.0,0,0.0,0,0.0,0,0.0,0.0,0.0,0.0,0.0,0.0,0.0,0.0
29,2009-07-30,increase,4.605563155494741,3,2009-08-04,73.82,0.0,0,0.0,0,0.0,0,0.0,0,0.0,0.0,0.0,0.0,0.0,0.0,0.0,0.0
29,2009-07-30,increase,4.605563155494741,4,2009-08-05,74.39,0.0,0,0.0,0,0.0,0,0.0,0,0.0,0.0,0.0,0.0,0.0,0.0,0.0,0.0
29,2009-07-30,increase,4.605563155494741,5,2009-08-06,74.61,0.0,0,0.0,0,0.0,0,0.0,0,0.0,0.0,0.0,0.0,0.0,0.0,0.0,0.0
30,2009-08-19,increase,6.044276143314886,-5,2009-08-12,74.03,0.0,0,0.0,0,0.0,0,0.0,0,2.0408163265306123,-2.0408163265306123,0.0,0.0,0.0,0.0,2.0408163265306123,-2.0408163265306123
30,2009-08-19,increase,6.044276143314886,-4,2009-08-13,73.76,0.0,0,0.0,0,0.0,0,0.0,0,2.0408163265306123,-2.0408163265306123,0.0,0.0,0.0,0.0,2.0408163265306123,-2.0408163265306123
30,2009-08-19,increase,6.044276143314886,-3,2009-08-14,71.33,0.0,0,0.0,0,0.0,0,0.0,0,2.0408163265306123,-2.0408163265306123,0.0,0.0,0.0,0.0,2.0408163265306123,-2.0408163265306123
30,2009-08-19,increase,6.044276143314886,-2,2009-08-17,68.65,8.16326530612245,2,0.0,0,0.0,0,8.16326530612245,2,2.0408163265306123,6.122448979591837,0.0,0.0,0.0,0.0,2.0408163265306123,6.122448979591837
30,2009-08-19,increase,6.044276143314886,-1,2009-08-18,68.66,0.0,0,0.0,0,0.0,0,0.0,0,2.0408163265306123,-2.0408163265306123,0.0,0.0,0.0,0.0,2.0408163265306123,-2.0408163265306123
30,2009-08-19,increase,6.044276143314886,0,2009-08-19,72.81,0.0,0,0.0,0,0.0,0,0.0,0,2.0408163265306123,-2.0408163265306123,0.0,0.0,0.0,0.0,2.0408163265306123,-2.0408163265306123
30,2009-08-19,increase,6.044276143314886,1,2009-08-20,73.75,0.0,0,0.0,0,0.0,0,0.0,0,2.0408163265306123,-2.0408163265306123,0.0,0.0,0.0,0.0,2.0408163265306123,-2.0408163265306123
30,2009-08-19,increase,6.044276143314886,2,2009-08-21,73.71,0.0,0,0.0,0,0.0,0,0.0,0,2.0408163265306123,-2.0408163265306123,0.0,0.0,0.0,0.0,2.0408163265306123,-2.0408163265306123
30,2009-08-19,increase,6.044276143314886,3,2009-08-24,74.34,0.0,0,0.0,0,0.0,0,0.0,0,2.0408163265306123,-2.0408163265306123,0.0,0.0,0.0,0.0,2.0408163265306123,-2.0408163265306123
30,2009-08-19,increase,6.044276143314886,4,2009-08-25,73.1,0.0,0,0.0,0,0.0,0,0.0,0,2.0408163265306123,-2.0408163265306123,0.0,0.0,0.0,0.0,2.0408163265306123,-2.0408163265306123
30,2009-08-19,increase,6.044276143314886,5,2009-08-26,70.74,0.0,0,0.0,0,0.0,0,0.0,0,2.0408163265306123,-2.0408163265306123,0.0,0.0,0.0,0.0,2.0408163265306123,-2.0408163265306123
31,2009-10-06,increase,4.980079681274896,-5,2009-09-29,64.63,4.0983606557377055,1,0.0,0,0.0,0,4.0983606557377055,1,1.0245901639344264,3.073770491803279,0.0,0.0,0.0,0.0,1.0245901639344264,3.073770491803279
31,2009-10-06,increase,4.980079681274896,-4,2009-09-30,65.82,0.0,0,0.0,0,0.0,0,0.0,0,1.0245901639344264,-1.0245901639344264,0.0,0.0,0.0,0.0,1.0245901639344264,-1.0245901639344264
31,2009-10-06,increase,4.980079681274896,-3,2009-10-01,67.12,0.0,0,0.0,0,0.0,0,0.0,0,1.0245901639344264,-1.0245901639344264,0.0,0.0,0.0,0.0,1.0245901639344264,-1.0245901639344264
31,2009-10-06,increase,4.980079681274896,-2,2009-10-02,66.5,0.0,0,0.0,0,0.0,0,0.0,0,1.0245901639344264,-1.0245901639344264,0.0,0.0,0.0,0.0,1.0245901639344264,-1.0245901639344264
31,2009-10-06,increase,4.980079681274896,-1,2009-10-05,65.26,4.048582995951417,1,0.0,0,4.048582995951417,1,0.0,0,1.0245901639344264,3.0239928320169907,0.0,0.0,0.0,4.048582995951417,1.0245901639344264,-1.0245901639344264
31,2009-10-06,increase,4.980079681274896,0,2009-10-06,68.51,0.0,0,0.0,0,0.0,0,0.0,0,1.0245901639344264,-1.0245901639344264,0.0,0.0,0.0,0.0,1.0245901639344264,-1.0245901639344264
31,2009-10-06,increase,4.980079681274896,1,2009-10-07,67.65,0.0,0,0.0,0,0.0,0,0.0,0,1.0245901639344264,-1.0245901639344264,0.0,0.0,0.0,0.0,1.0245901639344264,-1.0245901639344264
31,2009-10-06,increase,4.980079681274896,2,2009-10-08,68.47,0.0,0,0.0,0,0.0,0,0.0,0,1.0245901639344264,-1.0245901639344264,0.0,0.0,0.0,0.0,1.0245901639344264,-1.0245901639344264
31,2009-10-06,increase,4.980079681274896,3,2009-10-09,69.45,0.0,0,0.0,0,0.0,0,0.0,0,1.0245901639344264,-1.0245901639344264,0.0,0.0,0.0,0.0,1.0245901639344264,-1.0245901639344264
31,2009-10-06,increase,4.980079681274896,4,2009-10-12,70.75,0.0,0,0.0,0,0.0,0,0.0,0,1.0245901639344264,-1.0245901639344264,0.0,0.0,0.0,0.0,1.0245901639344264,-1.0245901639344264
31,2009-10-06,increase,4.980079681274896,5,2009-10-13,70.81,0.0,0,0.0,0,0.0,0,0.0,0,1.0245901639344264,-1.0245901639344264,0.0,0.0,0.0,0.0,1.0245901639344264,-1.0245901639344264
32,2010-02-04,decrease,5.899432493071133,-5,2010-01-28,70.65,0.0,0,0.0,0,0.0,0,0.0,0,0.0,0.0,0.0,0.0,0.0,0.0,0.0,0.0
32,2010-02-04,decrease,5.899432493071133,-4,2010-01-29,71.2,0.0,0,0.0,0,0.0,0,0.0,0,0.0,0.0,0.0,0.0,0.0,0.0,0.0,0.0
32,2010-02-04,decrease,5.899432493071133,-3,2010-02-01,71.58,0.0,0,0.0,0,0.0,0,0.0,0,0.0,0.0,0.0,0.0,0.0,0.0,0.0,0.0
32,2010-02-04,decrease,5.899432493071133,-2,2010-02-02,73.94,0.0,0,0.0,0,0.0,0,0.0,0,0.0,0.0,0.0,0.0,0.0,0.0,0.0,0.0
32,2010-02-04,decrease,5.899432493071133,-1,2010-02-03,75.77,0.0,0,0.0,0,0.0,0,0.0,0,0.0,0.0,0.0,0.0,0.0,0.0,0.0,0.0
32,2010-02-04,decrease,5.899432493071133,0,2010-02-04,71.3,0.0,0,0.0,0,0.0,0,0.0,0,0.0,0.0,0.0,0.0,0.0,0.0,0.0,0.0
32,2010-02-04,decrease,5.899432493071133,1,2010-02-05,70.11,0.0,0,0.0,0,0.0,0,0.0,0,0.0,0.0,0.0,0.0,0.0,0.0,0.0,0.0
32,2010-02-04,decrease,5.899432493071133,2,2010-02-08,69.62,4.149377593360996,1,0.0,0,0.0,0,4.149377593360996,1,0.0,4.149377593360996,0.0,0.0,0.0,0.0,0.0,4.149377593360996
32,2010-02-04,decrease,5.899432493071133,3,2010-02-09,70.4,0.0,0,0.0,0,0.0,0,0.0,0,0.0,0.0,0.0,0.0,0.0,0.0,0.0,0.0
32,2010-02-04,decrease,5.899432493071133,4,2010-02-10,70.4,0.0,0,0.0,0,0.0,0,0.0,0,0.0,0.0,0.0,0.0,0.0,0.0,0.0,0.0
32,2010-02-04,decrease,5.899432493071133,5,2010-02-11,72.35,4.0983606557377055,1,0.0,0,4.0983606557377055,1,0.0,0,0.0,4.0983606557377055,0.0,0.0,0.0,4.0983606557377055,0.0,0.0
33,2010-05-07,decrease,4.650292980925064,-5,2010-04-30,86.19,0.0,0,0.0,0,0.0,0,0.0,0,2.0408163265306123,-2.0408163265306123,0.0,0.0,0.0,0.0,2.0408163265306123,-2.0408163265306123
33,2010-05-07,decrease,4.650292980925064,-4,2010-05-03,88.09,4.081632653061225,1,0.0,0,0.0,0,4.081632653061225,1,2.0408163265306123,2.0408163265306123,0.0,0.0,0.0,0.0,2.0408163265306123,2.0408163265306123
33,2010-05-07,decrease,4.650292980925064,-3,2010-05-04,85.39,4.081632653061225,1,0.0,0,0.0,0,4.081632653061225,1,2.0408163265306123,2.0408163265306123,0.0,0.0,0.0,0.0,2.0408163265306123,2.0408163265306123
33,2010-05-07,decrease,4.650292980925064,-2,2010-05-05,82.31,0.0,0,0.0,0,0.0,0,0.0,0,2.0408163265306123,-2.0408163265306123,0.0,0.0,0.0,0.0,2.0408163265306123,-2.0408163265306123
33,2010-05-07,decrease,4.650292980925064,-1,2010-05-06,80.21,0.0,0,0.0,0,0.0,0,0.0,0,2.0408163265306123,-2.0408163265306123,0.0,0.0,0.0,0.0,2.0408163265306123,-2.0408163265306123
33,2010-05-07,decrease,4.650292980925064,0,2010-05-07,76.48,0.0,0,0.0,0,0.0,0,0.0,0,2.0408163265306123,-2.0408163265306123,0.0,0.0,0.0,0.0,2.0408163265306123,-2.0408163265306123
33,2010-05-07,decrease,4.650292980925064,1,2010-05-10,78.08,4.081632653061225,1,0.0,0,0.0,0,4.081632653061225,1,2.0408163265306123,2.0408163265306123,0.0,0.0,0.0,0.0,2.0408163265306123,2.0408163265306123
33,2010-05-07,decrease,4.650292980925064,2,2010-05-11,79.0,0.0,0,0.0,0,0.0,0,0.0,0,2.0408163265306123,-2.0408163265306123,0.0,0.0,0.0,0.0,2.0408163265306123,-2.0408163265306123
33,2010-05-07,decrease,4.650292980925064,3,2010-05-12,78.7,0.0,0,0.0,0,0.0,0,0.0,0,2.0408163265306123,-2.0408163265306123,0.0,0.0,0.0,0.0,2.0408163265306123,-2.0408163265306123
33,2010-05-07,decrease,4.650292980925064,4,2010-05-13,79.41,0.0,0,0.0,0,0.0,0,0.0,0,2.0408163265306123,-2.0408163265306123,0.0,0.0,0.0,0.0,2.0408163265306123,-2.0408163265306123
33,2010-05-07,decrease,4.650292980925064,5,2010-05-14,76.43,0.0,0,0.0,0,0.0,0,0.0,0,2.0408163265306123,-2.0408163265306123,0.0,0.0,0.0,0.0,2.0408163265306123,-2.0408163265306123
34,2010-05-26,increase,5.07591545102708,-5,2010-05-19,71.86,8.16326530612245,2,0.0,0,4.081632653061225,1,4.081632653061225,1,3.057076489132238,5.106188816990211,0.0,0.0,2.0366683258669322,2.0449643271942923,1.0204081632653061,3.0612244897959187
34,2010-05-26,increase,5.07591545102708,-4,2010-05-20,69.56,4.065040650406504,1,0.0,0,4.065040650406504,1,0.0,0,3.057076489132238,1.0079641612742662,0.0,0.0,2.0366683258669322,2.028372324539572,1.0204081632653061,-1.0204081632653061
34,2010-05-26,increase,5.07591545102708,-3,2010-05-21,70.45,0.0,0,0.0,0,0.0,0,0.0,0,3.057076489132238,-3.057076489132238,0.0,0.0,2.0366683258669322,-2.0366683258669322,1.0204081632653061,-1.0204081632653061
34,2010-05-26,increase,5.07591545102708,-2,2010-05-24,69.62,0.0,0,0.0,0,0.0,0,0.0,0,3.057076489132238,-3.057076489132238,0.0,0.0,2.0366683258669322,-2.0366683258669322,1.0204081632653061,-1.0204081632653061
34,2010-05-26,increase,5.07591545102708,-1,2010-05-25,67.18,0.0,0,0.0,0,0.0,0,0.0,0,3.057076489132238,-3.057076489132238,0.0,0.0,2.0366683258669322,-2.0366683258669322,1.0204081632653061,-1.0204081632653061
34,2010-05-26,increase,5.07591545102708,0,2010-05-26,70.59,0.0,0,0.0,0,0.0,0,0.0,0,3.057076489132238,-3.057076489132238,0.0,0.0,2.0366683258669322,-2.0366683258669322,1.0204081632653061,-1.0204081632653061
34,2010-05-26,increase,5.07591545102708,1,2010-05-27,73.56,8.097165991902834,2,0.0,0,8.097165991902834,2,0.0,0,3.057076489132238,5.040089502770596,0.0,0.0,2.0366683258669322,6.060497666035902,1.0204081632653061,-1.0204081632653061
34,2010-05-26,increase,5.07591545102708,2,2010-05-28,73.0,0.0,0,0.0,0,0.0,0,0.0,0,3.057076489132238,-3.057076489132238,0.0,0.0,2.0366683258669322,-2.0366683258669322,1.0204081632653061,-1.0204081632653061
34,2010-05-26,increase,5.07591545102708,3,2010-06-01,73.08,0.0,0,0.0,0,0.0,0,0.0,0,3.057076489132238,-3.057076489132238,0.0,0.0,2.0366683258669322,-2.0366683258669322,1.0204081632653061,-1.0204081632653061
34,2010-05-26,increase,5.07591545102708,4,2010-06-02,72.78,4.081632653061225,1,0.0,0,4.081632653061225,1,0.0,0,3.057076489132238,1.0245561639289864,0.0,0.0,2.0366683258669322,2.0449643271942923,1.0204081632653061,-1.0204081632653061
34,2010-05-26,increase,5.07591545102708,5,2010-06-03,73.12,4.132231404958678,1,0.0,0,4.132231404958678,1,0.0,0,3.057076489132238,1.07515491582644,0.0,0.0,2.0366683258669322,2.095563079091746,1.0204081632653061,-1.0204081632653061
35,2010-08-02,increase,5.716129032258066,-5,2010-07-26,77.9,0.0,0,0.0,0,0.0,0,0.0,0,0.0,0.0,0.0,0.0,0.0,0.0,0.0,0.0
35,2010-08-02,increase,5.716129032258066,-4,2010-07-27,75.52,0.0,0,0.0,0,0.0,0,0.0,0,0.0,0.0,0.0,0.0,0.0,0.0,0.0,0.0
35,2010-08-02,increase,5.716129032258066,-3,2010-07-28,76.66,0.0,0,0.0,0,0.0,0,0.0,0,0.0,0.0,0.0,0.0,0.0,0.0,0.0,0.0
35,2010-08-02,increase,5.716129032258066,-2,2010-07-29,78.6,0.0,0,0.0,0,0.0,0,0.0,0,0.0,0.0,0.0,0.0,0.0,0.0,0.0,0.0
35,2010-08-02,increase,5.716129032258066,-1,2010-07-30,77.5,0.0,0,0.0,0,0.0,0,0.0,0,0.0,0.0,0.0,0.0,0.0,0.0,0.0,0.0
35,2010-08-02,increase,5.716129032258066,0,2010-08-02,81.93,4.11522633744856,1,0.0,0,0.0,0,4.11522633744856,1,0.0,4.11522633744856,0.0,0.0,0.0,0.0,0.0,4.11522633744856
35,2010-08-02,increase,5.716129032258066,1,2010-08-03,83.6,0.0,0,0.0,0,0.0,0,0.0,0,0.0,0.0,0.0,0.0,0.0,0.0,0.0,0.0
35,2010-08-02,increase,5.716129032258066,2,2010-08-04,83.76,0.0,0,0.0,0,0.0,0,0.0,0,0.0,0.0,0.0,0.0,0.0,0.0,0.0,0.0
35,2010-08-02,increase,5.716129032258066,3,2010-08-05,82.9,0.0,0,0.0,0,0.0,0,0.0,0,0.0,0.0,0.0,0.0,0.0,0.0,0.0,0.0
35,2010-08-02,increase,5.716129032258066,4,2010-08-06,81.28,4.132231404958678,1,0.0,0,4.132231404958678,1,0.0,0,0.0,4.132231404958678,0.0,0.0,0.0,4.132231404958678,0.0,0.0
35,2010-08-02,increase,5.716129032258066,5,2010-08-09,81.54,0.0,0,0.0,0,0.0,0,0.0,0,0.0,0.0,0.0,0.0,0.0,0.0,0.0,0.0
36,2010-08-26,increase,5.315238903025166,-5,2010-08-19,74.84,0.0,0,0.0,0,0.0,0,0.0,0,0.0,0.0,0.0,0.0,0.0,0.0,0.0,0.0
36,2010-08-26,increase,5.315238903025166,-4,2010-08-20,73.48,0.0,0,0.0,0,0.0,0,0.0,0,0.0,0.0,0.0,0.0,0.0,0.0,0.0,0.0
36,2010-08-26,increase,5.315238903025166,-3,2010-08-23,73.08,0.0,0,0.0,0,0.0,0,0.0,0,0.0,0.0,0.0,0.0,0.0,0.0,0.0,0.0
36,2010-08-26,increase,5.315238903025166,-2,2010-08-24,70.61,0.0,0,0.0,0,0.0,0,0.0,0,0.0,0.0,0.0,0.0,0.0,0.0,0.0,0.0
36,2010-08-26,increase,5.315238903025166,-1,2010-08-25,70.74,0.0,0,0.0,0,0.0,0,0.0,0,0.0,0.0,0.0,0.0,0.0,0.0,0.0,0.0
36,2010-08-26,increase,5.315238903025166,0,2010-08-26,74.5,0.0,0,0.0,0,0.0,0,0.0,0,0.0,0.0,0.0,0.0,0.0,0.0,0.0,0.0
36,2010-08-26,increase,5.315238903025166,1,2010-08-27,75.16,4.081632653061225,1,4.081632653061225,1,0.0,0,0.0,0,0.0,4.081632653061225,0.0,4.081632653061225,0.0,0.0,0.0,0.0
36,2010-08-26,increase,5.315238903025166,2,2010-08-30,76.05,0.0,0,0.0,0,0.0,0,0.0,0,0.0,0.0,0.0,0.0,0.0,0.0,0.0,0.0
36,2010-08-26,increase,5.315238903025166,3,2010-08-31,75.51,0.0,0,0.0,0,0.0,0,0.0,0,0.0,0.0,0.0,0.0,0.0,0.0,0.0,0.0
36,2010-08-26,increase,5.315238903025166,4,2010-09-01,75.53,0.0,0,0.0,0,0.0,0,0.0,0,0.0,0.0,0.0,0.0,0.0,0.0,0.0,0.0
36,2010-08-26,increase,5.315238903025166,5,2010-09-02,74.93,0.0,0,0.0,0,0.0,0,0.0,0,0.0,0.0,0.0,0.0,0.0,0.0,0.0,0.0
37,2011-02-22,increase,4.520547945205466,-5,2011-02-14,103.12,0.0,0,0.0,0,0.0,0,0.0,0,0.7861635220125787,-0.7861635220125787,0.0,0.0,0.0,0.0,0.7861635220125787,-0.7861635220125787
37,2011-02-22,increase,4.520547945205466,-4,2011-02-15,102.48,0.0,0,0.0,0,0.0,0,0.0,0,0.7861635220125787,-0.7861635220125787,0.0,0.0,0.0,0.0,0.7861635220125787,-0.7861635220125787
37,2011-02-22,increase,4.520547945205466,-3,2011-02-16,102.78,3.1446540880503147,1,0.0,0,0.0,0,3.1446540880503147,1,0.7861635220125787,2.358490566037736,0.0,0.0,0.0,0.0,0.7861635220125787,2.358490566037736
37,2011-02-22,increase,4.520547945205466,-2,2011-02-17,103.45,0.0,0,0.0,0,0.0,0,0.0,0,0.7861635220125787,-0.7861635220125787,0.0,0.0,0.0,0.0,0.7861635220125787,-0.7861635220125787
37,2011-02-22,increase,4.520547945205466,-1,2011-02-18,102.2,0.0,0,0.0,0,0.0,0,0.0,0,0.7861635220125787,-0.7861635220125787,0.0,0.0,0.0,0.0,0.7861635220125787,-0.7861635220125787
37,2011-02-22,increase,4.520547945205466,0,2011-02-22,106.82,7.894736842105264,3,5.263157894736842,2,2.631578947368421,1,0.0,0,0.7861635220125787,7.108573320092685,0.0,5.263157894736842,0.0,2.631578947368421,0.7861635220125787,-0.7861635220125787
37,2011-02-22,increase,4.520547945205466,1,2011-02-23,109.77,5.970149253731344,2,0.0,0,2.985074626865672,1,2.985074626865672,1,0.7861635220125787,5.183985731718765,0.0,0.0,0.0,2.985074626865672,0.7861635220125787,2.198911104853093
37,2011-02-22,increase,4.520547945205466,2,2011-02-24,113.91,6.042296072507553,2,6.042296072507553,2,0.0,0,0.0,0,0.7861635220125787,5.256132550494975,0.0,6.042296072507553,0.0,0.0,0.7861635220125787,-0.7861635220125787
37,2011-02-22,increase,4.520547945205466,3,2011-02-25,111.47,3.968253968253968,1,0.0,0,0.0,0,3.968253968253968,1,0.7861635220125787,3.1820904462413893,0.0,0.0,0.0,0.0,0.7861635220125787,3.1820904462413893
37,2011-02-22,increase,4.520547945205466,4,2011-02-28,112.27,0.0,0,0.0,0,0.0,0,0.0,0,0.7861635220125787,-0.7861635220125787,0.0,0.0,0.0,0.0,0.7861635220125787,-0.7861635220125787
37,2011-02-22,increase,4.520547945205466,5,2011-03-01,113.34,0.0,0,0.0,0,0.0,0,0.0,0,0.7861635220125787,-0.7861635220125787,0.0,0.0,0.0,0.0,0.7861635220125787,-0.7861635220125787
38,2011-05-05,decrease,7.914438502673793,-5,2011-04-27,124.94,6.557377049180328,2,3.278688524590164,1,0.0,0,3.278688524590164,1,3.3760655199975727,3.1813115291827554,0.819672131147541,2.459016393442623,0.7204610951008645,-0.7204610951008645,1.835932293749167,1.442756230840997
38,2011-05-05,decrease,7.914438502673793,-4,2011-04-28,126.59,2.881844380403458,1,0.0,0,2.881844380403458,1,0.0,0,3.3760655199975727,-0.4942211395941145,0.819672131147541,-0.819672131147541,0.7204610951008645,2.161383285302594,1.835932293749167,-1.835932293749167
38,2011-05-05,decrease,7.914438502673793,-3,2011-05-02,126.64,0.0,0,0.0,0,0.0,0,0.0,0,3.3760655199975727,-3.3760655199975727,0.819672131147541,-0.819672131147541,0.7204610951008645,-0.7204610951008645,1.835932293749167,-1.835932293749167
38,2011-05-05,decrease,7.914438502673793,-2,2011-05-03,124.01,4.065040650406504,1,0.0,0,0.0,0,4.065040650406504,1,3.3760655199975727,0.6889751304089318,0.819672131147541,-0.819672131147541,0.7204610951008645,-0.7204610951008645,1.835932293749167,2.2291083566573375
38,2011-05-05,decrease,7.914438502673793,-1,2011-05-04,121.55,0.0,0,0.0,0,0.0,0,0.0,0,3.3760655199975727,-3.3760655199975727,0.819672131147541,-0.819672131147541,0.7204610951008645,-0.7204610951008645,1.835932293749167,-1.835932293749167
38,2011-05-05,decrease,7.914438502673793,0,2011-05-05,111.93,0.0,0,0.0,0,0.0,0,0.0,0,3.3760655199975727,-3.3760655199975727,0.819672131147541,-0.819672131147541,0.7204610951008645,-0.7204610951008645,1.835932293749167,-1.835932293749167
38,2011-05-05,decrease,7.914438502673793,1,2011-05-06,113.69,0.0,0,0.0,0,0.0,0,0.0,0,3.3760655199975727,-3.3760655199975727,0.819672131147541,-0.819672131147541,0.7204610951008645,-0.7204610951008645,1.835932293749167,-1.835932293749167
38,2011-05-05,decrease,7.914438502673793,2,2011-05-09,113.21,12.048192771084338,3,4.016064257028112,1,0.0,0,12.048192771084338,3,3.3760655199975727,8.672127251086765,0.819672131147541,3.1963921258805708,0.7204610951008645,-0.7204610951008645,1.835932293749167,10.212260477335171
38,2011-05-05,decrease,7.914438502673793,3,2011-05-10,117.82,0.0,0,0.0,0,0.0,0,0.0,0,3.3760655199975727,-3.3760655199975727,0.819672131147541,-0.819672131147541,0.7204610951008645,-0.7204610951008645,1.835932293749167,-1.835932293749167
38,2011-05-05,decrease,7.914438502673793,4,2011-05-11,115.66,0.0,0,0.0,0,0.0,0,0.0,0,3.3760655199975727,-3.3760655199975727,0.819672131147541,-0.819672131147541,0.7204610951008645,-0.7204610951008645,1.835932293749167,-1.835932293749167
38,2011-05-05,decrease,7.914438502673793,5,2011-05-12,112.87,4.081632653061225,1,0.0,0,4.081632653061225,1,0.0,0,3.3760655199975727,0.7055671330636519,0.819672131147541,-0.819672131147541,0.7204610951008645,3.3611715579603603,1.835932293749167,-1.835932293749167
39,2011-06-15,decrease,4.719567926879931,-5,2011-06-08,118.43,0.0,0,0.0,0,0.0,0,0.0,0,0.0,0.0,0.0,0.0,0.0,0.0,0.0,0.0
39,2011-06-15,decrease,4.719567926879931,-4,2011-06-09,119.95,0.0,0,0.0,0,0.0,0,0.0,0,0.0,0.0,0.0,0.0,0.0,0.0,0.0,0.0
39,2011-06-15,decrease,4.719567926879931,-3,2011-06-10,118.71,0.0,0,0.0,0,0.0,0,0.0,0,0.0,0.0,0.0,0.0,0.0,0.0,0.0,0.0
39,2011-06-15,decrease,4.719567926879931,-2,2011-06-13,120.49,0.0,0,0.0,0,0.0,0,0.0,0,0.0,0.0,0.0,0.0,0.0,0.0,0.0,0.0
39,2011-06-15,decrease,4.719567926879931,-1,2011-06-14,120.35,0.0,0,0.0,0,0.0,0,0.0,0,0.0,0.0,0.0,0.0,0.0,0.0,0.0,0.0
39,2011-06-15,decrease,4.719567926879931,0,2011-06-15,114.67,0.0,0,0.0,0,0.0,0,0.0,0,0.0,0.0,0.0,0.0,0.0,0.0,0.0,0.0
39,2011-06-15,decrease,4.719567926879931,1,2011-06-16,114.69,0.0,0,0.0,0,0.0,0,0.0,0,0.0,0.0,0.0,0.0,0.0,0.0,0.0,0.0
39,2011-06-15,decrease,4.719567926879931,2,2011-06-17,113.74,0.0,0,0.0,0,0.0,0,0.0,0,0.0,0.0,0.0,0.0,0.0,0.0,0.0,0.0
39,2011-06-15,decrease,4.719567926879931,3,2011-06-20,112.21,0.0,0,0.0,0,0.0,0,0.0,0,0.0,0.0,0.0,0.0,0.0,0.0,0.0,0.0
39,2011-06-15,decrease,4.719567926879931,4,2011-06-21,112.02,0.0,0,0.0,0,0.0,0,0.0,0,0.0,0.0,0.0,0.0,0.0,0.0,0.0,0.0
39,2011-06-15,decrease,4.719567926879931,5,2011-06-22,113.59,0.0,0,0.0,0,0.0,0,0.0,0,0.0,0.0,0.0,0.0,0.0,0.0,0.0,0.0
40,2012-06-01,decrease,5.035624879645684,-5,2012-05-24,107.2,2.9940119760479043,1,2.9940119760479043,1,0.0,0,0.0,0,2.6496436784226223,0.344368297625282,0.7485029940119761,2.245508982035928,0.9505703422053232,-0.9505703422053232,0.9505703422053232,-0.9505703422053232
40,2012-06-01,decrease,5.035624879645684,-4,2012-05-25,107.86,0.0,0,0.0,0,0.0,0,0.0,0,2.6496436784226223,-2.6496436784226223,0.7485029940119761,-0.7485029940119761,0.9505703422053232,-0.9505703422053232,0.9505703422053232,-0.9505703422053232
40,2012-06-01,decrease,5.035624879645684,-3,2012-05-29,107.55,7.604562737642586,2,0.0,0,3.802281368821293,1,3.802281368821293,1,2.6496436784226223,4.9549190592199635,0.7485029940119761,-0.7485029940119761,0.9505703422053232,2.8517110266159698,0.9505703422053232,2.8517110266159698
40,2012-06-01,decrease,5.035624879645684,-2,2012-05-30,103.85,0.0,0,0.0,0,0.0,0,0.0,0,2.6496436784226223,-2.6496436784226223,0.7485029940119761,-0.7485029940119761,0.9505703422053232,-0.9505703422053232,0.9505703422053232,-0.9505703422053232
40,2012-06-01,decrease,5.035624879645684,-1,2012-05-31,103.86,0.0,0,0.0,0,0.0,0,0.0,0,2.6496436784226223,-2.6496436784226223,0.7485029940119761,-0.7485029940119761,0.9505703422053232,-0.9505703422053232,0.9505703422053232,-0.9505703422053232
40,2012-06-01,decrease,5.035624879645684,0,2012-06-01,98.63,0.0,0,0.0,0,0.0,0,0.0,0,2.6496436784226223,-2.6496436784226223,0.7485029940119761,-0.7485029940119761,0.9505703422053232,-0.9505703422053232,0.9505703422053232,-0.9505703422053232
40,2012-06-01,decrease,5.035624879645684,1,2012-06-04,97.74,0.0,0,0.0,0,0.0,0,0.0,0,2.6496436784226223,-2.6496436784226223,0.7485029940119761,-0.7485029940119761,0.9505703422053232,-0.9505703422053232,0.9505703422053232,-0.9505703422053232
40,2012-06-01,decrease,5.035624879645684,2,2012-06-05,98.65,0.0,0,0.0,0,0.0,0,0.0,0,2.6496436784226223,-2.6496436784226223,0.7485029940119761,-0.7485029940119761,0.9505703422053232,-0.9505703422053232,0.9505703422053232,-0.9505703422053232
40,2012-06-01,decrease,5.035624879645684,3,2012-06-06,101.14,0.0,0,0.0,0,0.0,0,0.0,0,2.6496436784226223,-2.6496436784226223,0.7485029940119761,-0.7485029940119761,0.9505703422053232,-0.9505703422053232,0.9505703422053232,-0.9505703422053232
40,2012-06-01,decrease,5.035624879645684,4,2012-06-07,100.05,4.032258064516129,1,0.0,0,4.032258064516129,1,0.0,0,2.6496436784226223,1.3826143860935067,0.7485029940119761,-0.7485029940119761,0.9505703422053232,3.081687722310806,0.9505703422053232,-0.9505703422053232
40,2012-06-01,decrease,5.035624879645684,5,2012-06-08,97.57,0.0,0,0.0,0,0.0,0,0.0,0,2.6496436784226223,-2.6496436784226223,0.7485029940119761,-0.7485029940119761,0.9505703422053232,-0.9505703422053232,0.9505703422053232,-0.9505703422053232
41,2012-07-03,increase,4.83837111670864,-5,2012-06-26,90.19,0.0,0,0.0,0,0.0,0,0.0,0,3.065440490470479,-3.065440490470479,0.0,0.0,1.0245901639344264,-1.0245901639344264,2.0408503265360523,-2.0408503265360523
41,2012-07-03,increase,4.83837111670864,-4,2012-06-27,92.06,0.0,0,0.0,0,0.0,0,0.0,0,3.065440490470479,-3.065440490470479,0.0,0.0,1.0245901639344264,-1.0245901639344264,2.0408503265360523,-2.0408503265360523
41,2012-07-03,increase,4.83837111670864,-3,2012-06-28,91.02,8.196721311475411,2,0.0,0,4.0983606557377055,1,4.0983606557377055,1,3.065440490470479,5.131280821004932,0.0,0.0,1.0245901639344264,3.073770491803279,2.0408503265360523,2.057510329201653
41,2012-07-03,increase,4.83837111670864,-2,2012-06-29,94.17,4.065040650406504,1,0.0,0,0.0,0,4.065040650406504,1,3.065440490470479,0.9996001599360254,0.0,0.0,1.0245901639344264,-1.0245901639344264,2.0408503265360523,2.024190323870452
41,2012-07-03,increase,4.83837111670864,-1,2012-07-02,95.28,4.032258064516129,1,0.0,0,4.032258064516129,1,0.0,0,3.065440490470479,0.9668175740456499,0.0,0.0,1.0245901639344264,3.0076679005817026,2.0408503265360523,-2.0408503265360523
41,2012-07-03,increase,4.83837111670864,0,2012-07-03,99.89,4.065040650406504,1,0.0,0,0.0,0,4.065040650406504,1,3.065440490470479,0.9996001599360254,0.0,0.0,1.0245901639344264,-1.0245901639344264,2.0408503265360523,2.024190323870452
41,2012-07-03,increase,4.83837111670864,1,2012-07-05,101.54,4.081632653061225,1,0.0,0,0.0,0,4.081632653061225,1,3.065440490470479,1.0161921625907455,0.0,0.0,1.0245901639344264,-1.0245901639344264,2.0408503265360523,2.0407823265251723
41,2012-07-03,increase,4.83837111670864,2,2012-07-06,98.5,0.0,0,0.0,0,0.0,0,0.0,0,3.065440490470479,-3.065440490470479,0.0,0.0,1.0245901639344264,-1.0245901639344264,2.0408503265360523,-2.0408503265360523
41,2012-07-03,increase,4.83837111670864,3,2012-07-09,99.94,0.0,0,0.0,0,0.0,0,0.0,0,3.065440490470479,-3.065440490470479,0.0,0.0,1.0245901639344264,-1.0245901639344264,2.0408503265360523,-2.0408503265360523
41,2012-07-03,increase,4.83837111670864,4,2012-07-10,99.15,0.0,0,0.0,0,0.0,0,0.0,0,3.065440490470479,-3.065440490470479,0.0,0.0,1.0245901639344264,-1.0245901639344264,2.0408503265360523,-2.0408503265360523
41,2012-07-03,increase,4.83837111670864,5,2012-07-11,99.23,0.0,0,0.0,0,0.0,0,0.0,0,3.065440490470479,-3.065440490470479,0.0,0.0,1.0245901639344264,-1.0245901639344264,2.0408503265360523,-2.0408503265360523
42,2014-11-28,decrease,7.106861351595817,-5,2014-11-20,77.61,0.0,0,0.0,0,0.0,0,0.0,0,0.0,0.0,0.0,0.0,0.0,0.0,0.0,0.0
42,2014-11-28,decrease,7.106861351595817,-4,2014-11-21,79.2,0.0,0,0.0,0,0.0,0,0.0,0,0.0,0.0,0.0,0.0,0.0,0.0,0.0,0.0
42,2014-11-28,decrease,7.106861351595817,-3,2014-11-24,79.62,0.0,0,0.0,0,0.0,0,0.0,0,0.0,0.0,0.0,0.0,0.0,0.0,0.0,0.0
42,2014-11-28,decrease,7.106861351595817,-2,2014-11-25,77.62,0.0,0,0.0,0,0.0,0,0.0,0,0.0,0.0,0.0,0.0,0.0,0.0,0.0,0.0
42,2014-11-28,decrease,7.106861351595817,-1,2014-11-26,77.39,0.0,0,0.0,0,0.0,0,0.0,0,0.0,0.0,0.0,0.0,0.0,0.0,0.0,0.0
42,2014-11-28,decrease,7.106861351595817,0,2014-11-28,71.89,14.92537313432836,4,14.92537313432836,4,3.7313432835820897,1,0.0,0,0.0,14.92537313432836,0.0,14.92537313432836,0.0,3.7313432835820897,0.0,0.0
42,2014-11-28,decrease,7.106861351595817,1,2014-12-01,70.87,10.452961672473869,3,10.452961672473869,3,0.0,0,3.484320557491289,1,0.0,10.452961672473869,0.0,10.452961672473869,0.0,0.0,0.0,3.484320557491289
42,2014-11-28,decrease,7.106861351595817,2,2014-12-02,71.13,10.20408163265306,3,10.20408163265306,3,0.0,0,0.0,0,0.0,10.20408163265306,0.0,10.20408163265306,0.0,0.0,0.0,0.0
42,2014-11-28,decrease,7.106861351595817,3,2014-12-03,70.13,10.309278350515465,3,6.872852233676976,2,0.0,0,6.872852233676976,2,0.0,10.309278350515465,0.0,6.872852233676976,0.0,0.0,0.0,6.872852233676976
42,2014-11-28,decrease,7.106861351595817,4,2014-12-04,68.48,3.246753246753247,1,3.246753246753247,1,0.0,0,0.0,0,0.0,3.246753246753247,0.0,3.246753246753247,0.0,0.0,0.0,0.0
42,2014-11-28,decrease,7.106861351595817,5,2014-12-05,68.0,3.8461538461538463,1,0.0,0,0.0,0,3.8461538461538463,1,0.0,3.8461538461538463,0.0,0.0,0.0,0.0,0.0,3.8461538461538463
43,2015-01-05,decrease,7.764535933550021,-5,2014-12-26,58.72,0.0,0,0.0,0,0.0,0,0.0,0,1.7241379310344827,-1.7241379310344827,1.7241379310344827,-1.7241379310344827,0.0,0.0,0.0,0.0
43,2015-01-05,decrease,7.764535933550021,-4,2014-12-29,57.86,0.0,0,0.0,0,0.0,0,0.0,0,1.7241379310344827,-1.7241379310344827,1.7241379310344827,-1.7241379310344827,0.0,0.0,0.0,0.0
43,2015-01-05,decrease,7.764535933550021,-3,2014-12-30,55.6,6.896551724137931,1,6.896551724137931,1,0.0,0,0.0,0,1.7241379310344827,5.172413793103448,1.7241379310344827,5.172413793103448,0.0,0.0,0.0,0.0
43,2015-01-05,decrease,7.764535933550021,-2,2014-12-31,55.27,0.0,0,0.0,0,0.0,0,0.0,0,1.7241379310344827,-1.7241379310344827,1.7241379310344827,-1.7241379310344827,0.0,0.0,0.0,0.0
43,2015-01-05,decrease,7.764535933550021,-1,2015-01-02,55.38,0.0,0,0.0,0,0.0,0,0.0,0,1.7241379310344827,-1.7241379310344827,1.7241379310344827,-1.7241379310344827,0.0,0.0,0.0,0.0
43,2015-01-05,decrease,7.764535933550021,0,2015-01-05,51.08,11.904761904761903,1,0.0,0,0.0,0,11.904761904761903,1,1.7241379310344827,10.180623973727421,1.7241379310344827,-1.7241379310344827,0.0,0.0,0.0,11.904761904761903
43,2015-01-05,decrease,7.764535933550021,1,2015-01-06,50.12,0.0,0,0.0,0,0.0,0,0.0,0,1.7241379310344827,-1.7241379310344827,1.7241379310344827,-1.7241379310344827,0.0,0.0,0.0,0.0
43,2015-01-05,decrease,7.764535933550021,2,2015-01-07,49.06,38.46153846153847,1,38.46153846153847,1,0.0,0,0.0,0,1.7241379310344827,36.73740053050398,1.7241379310344827,36.73740053050398,0.0,0.0,0.0,0.0
43,2015-01-05,decrease,7.764535933550021,3,2015-01-08,49.43,43.47826086956522,1,0.0,0,43.47826086956522,1,0.0,0,1.7241379310344827,41.754122938530735,1.7241379310344827,-1.7241379310344827,0.0,43.47826086956522,0.0,0.0
43,2015-01-05,decrease,7.764535933550021,4,2015-01-09,47.64,0.0,0,0.0,0,0.0,0,0.0,0,1.7241379310344827,-1.7241379310344827,1.7241379310344827,-1.7241379310344827,0.0,0.0,0.0,0.0
43,2015-01-05,decrease,7.764535933550021,5,2015-01-12,46.9,0.0,0,0.0,0,0.0,0,0.0,0,1.7241379310344827,-1.7241379310344827,1.7241379310344827,-1.7241379310344827,0.0,0.0,0.0,0.0
44,2015-02-02,increase,8.880471380471366,-5,2015-01-26,46.07,0.0,0,0.0,0,0.0,0,0.0,0,1.8842977543978732,-1.8842977543978732,0.0,0.0,0.0,0.0,1.8842977543978732,-1.8842977543978732
44,2015-02-02,increase,8.880471380471366,-4,2015-01-27,46.55,4.016064257028112,1,0.0,0,0.0,0,4.016064257028112,1,1.8842977543978732,2.1317665026302386,0.0,0.0,0.0,0.0,1.8842977543978732,2.1317665026302386
44,2015-02-02,increase,8.880471380471366,-3,2015-01-28,47.07,3.5211267605633805,1,0.0,0,0.0,0,3.5211267605633805,1,1.8842977543978732,1.6368290061655073,0.0,0.0,0.0,0.0,1.8842977543978732,1.6368290061655073
44,2015-02-02,increase,8.880471380471366,-2,2015-01-29,46.61,0.0,0,0.0,0,0.0,0,0.0,0,1.8842977543978732,-1.8842977543978732,0.0,0.0,0.0,0.0,1.8842977543978732,-1.8842977543978732
44,2015-02-02,increase,8.880471380471366,-1,2015-01-30,47.52,4.0,1,0.0,0,0.0,0,4.0,1,1.8842977543978732,2.115702245602127,0.0,0.0,0.0,0.0,1.8842977543978732,2.115702245602127
44,2015-02-02,increase,8.880471380471366,0,2015-02-02,51.74,8.438818565400844,2,4.219409282700422,1,0.0,0,4.219409282700422,1,1.8842977543978732,6.554520811002971,0.0,4.219409282700422,0.0,0.0,1.8842977543978732,2.3351115283025488
44,2015-02-02,increase,8.880471380471366,1,2015-02-03,54.41,3.8461538461538463,1,3.8461538461538463,1,0.0,0,0.0,0,1.8842977543978732,1.961856091755973,0.0,3.8461538461538463,0.0,0.0,1.8842977543978732,-1.8842977543978732
44,2015-02-02,increase,8.880471380471366,2,2015-02-04,55.07,12.244897959183673,3,12.244897959183673,3,0.0,0,0.0,0,1.8842977543978732,10.3606002047858,0.0,12.244897959183673,0.0,0.0,1.8842977543978732,-1.8842977543978732
44,2015-02-02,increase,8.880471380471366,3,2015-02-05,55.98,7.84313725490196,2,3.92156862745098,1,3.92156862745098,1,0.0,0,1.8842977543978732,5.958839500504086,0.0,3.92156862745098,0.0,3.92156862745098,1.8842977543978732,-1.8842977543978732
44,2015-02-02,increase,8.880471380471366,4,2015-02-06,55.88,3.90625,1,3.90625,1,0.0,0,0.0,0,1.8842977543978732,2.021952245602127,0.0,3.90625,0.0,0.0,1.8842977543978732,-1.8842977543978732
44,2015-02-02,increase,8.880471380471366,5,2015-02-09,57.0,3.952569169960474,1,0.0,0,0.0,0,3.952569169960474,1,1.8842977543978732,2.068271415562601,0.0,0.0,0.0,0.0,1.8842977543978732,2.068271415562601
45,2015-03-26,increase,5.2417866371354815,-5,2015-03-19,52.96,0.0,0,0.0,0,0.0,0,0.0,0,1.7986542443064182,-1.7986542443064182,1.7986542443064182,-1.7986542443064182,0.9057971014492754,-0.9057971014492754,0.0,0.0
45,2015-03-26,increase,5.2417866371354815,-4,2015-03-20,53.88,3.571428571428571,1,3.571428571428571,1,0.0,0,0.0,0,1.7986542443064182,1.772774327122153,1.7986542443064182,1.772774327122153,0.9057971014492754,-0.9057971014492754,0.0,0.0
45,2015-03-26,increase,5.2417866371354815,-3,2015-03-23,53.82,0.0,0,0.0,0,0.0,0,0.0,0,1.7986542443064182,-1.7986542443064182,1.7986542443064182,-1.7986542443064182,0.9057971014492754,-0.9057971014492754,0.0,0.0
45,2015-03-26,increase,5.2417866371354815,-2,2015-03-24,53.61,3.6231884057971016,1,3.6231884057971016,1,3.6231884057971016,1,0.0,0,1.7986542443064182,1.8245341614906834,1.7986542443064182,1.8245341614906834,0.9057971014492754,2.717391304347826,0.0,0.0
45,2015-03-26,increase,5.2417866371354815,-1,2015-03-25,54.18,0.0,0,0.0,0,0.0,0,0.0,0,1.7986542443064182,-1.7986542443064182,1.7986542443064182,-1.7986542443064182,0.9057971014492754,-0.9057971014492754,0.0,0.0
45,2015-03-26,increase,5.2417866371354815,0,2015-03-26,57.02,0.0,0,0.0,0,0.0,0,0.0,0,1.7986542443064182,-1.7986542443064182,1.7986542443064182,-1.7986542443064182,0.9057971014492754,-0.9057971014492754,0.0,0.0
45,2015-03-26,increase,5.2417866371354815,1,2015-03-27,56.44,7.168458781362007,2,7.168458781362007,2,3.584229390681004,1,0.0,0,1.7986542443064182,5.36980453705559,1.7986542443064182,5.36980453705559,0.9057971014492754,2.6784322892317287,0.0,0.0
45,2015-03-26,increase,5.2417866371354815,2,2015-03-30,53.99,0.0,0,0.0,0,0.0,0,0.0,0,1.7986542443064182,-1.7986542443064182,1.7986542443064182,-1.7986542443064182,0.9057971014492754,-0.9057971014492754,0.0,0.0
45,2015-03-26,increase,5.2417866371354815,3,2015-03-31,53.69,0.0,0,0.0,0,0.0,0,0.0,0,1.7986542443064182,-1.7986542443064182,1.7986542443064182,-1.7986542443064182,0.9057971014492754,-0.9057971014492754,0.0,0.0
45,2015-03-26,increase,5.2417866371354815,4,2015-04-01,55.73,3.4965034965034967,1,3.4965034965034967,1,0.0,0,0.0,0,1.7986542443064182,1.6978492521970785,1.7986542443064182,1.6978492521970785,0.9057971014492754,-0.9057971014492754,0.0,0.0
45,2015-03-26,increase,5.2417866371354815,5,2015-04-02,55.73,0.0,0,0.0,0,0.0,0,0.0,0,1.7986542443064182,-1.7986542443064182,1.7986542443064182,-1.7986542443064182,0.9057971014492754,-0.9057971014492754,0.0,0.0
46,2015-05-29,increase,5.056553559547572,-5,2015-05-21,64.7,0.0,0,0.0,0,0.0,0,0.0,0,0.0,0.0,0.0,0.0,0.0,0.0,0.0,0.0
46,2015-05-29,increase,5.056553559547572,-4,2015-05-22,64.7,0.0,0,0.0,0,0.0,0,0.0,0,0.0,0.0,0.0,0.0,0.0,0.0,0.0,0.0
46,2015-05-29,increase,5.056553559547572,-3,2015-05-26,61.65,0.0,0,0.0,0,0.0,0,0.0,0,0.0,0.0,0.0,0.0,0.0,0.0,0.0,0.0
46,2015-05-29,increase,5.056553559547572,-2,2015-05-27,61.35,0.0,0,0.0,0,0.0,0,0.0,0,0.0,0.0,0.0,0.0,0.0,0.0,0.0,0.0
46,2015-05-29,increase,5.056553559547572,-1,2015-05-28,60.12,0.0,0,0.0,0,0.0,0,0.0,0,0.0,0.0,0.0,0.0,0.0,0.0,0.0,0.0
46,2015-05-29,increase,5.056553559547572,0,2015-05-29,63.16,0.0,0,0.0,0,0.0,0,0.0,0,0.0,0.0,0.0,0.0,0.0,0.0,0.0,0.0
46,2015-05-29,increase,5.056553559547572,1,2015-06-01,62.87,0.0,0,0.0,0,0.0,0,0.0,0,0.0,0.0,0.0,0.0,0.0,0.0,0.0,0.0
46,2015-05-29,increase,5.056553559547572,2,2015-06-02,63.14,0.0,0,0.0,0,0.0,0,0.0,0,0.0,0.0,0.0,0.0,0.0,0.0,0.0,0.0
46,2015-05-29,increase,5.056553559547572,3,2015-06-03,62.78,0.0,0,0.0,0,0.0,0,0.0,0,0.0,0.0,0.0,0.0,0.0,0.0,0.0,0.0
46,2015-05-29,increase,5.056553559547572,4,2015-06-04,60.34,0.0,0,0.0,0,0.0,0,0.0,0,0.0,0.0,0.0,0.0,0.0,0.0,0.0,0.0
46,2015-05-29,increase,5.056553559547572,5,2015-06-05,60.36,0.0,0,0.0,0,0.0,0,0.0,0,0.0,0.0,0.0,0.0,0.0,0.0,0.0,0.0
47,2015-08-03,decrease,7.130793769938071,-5,2015-07-27,54.07,0.0,0,0.0,0,0.0,0,0.0,0,0.0,0.0,0.0,0.0,0.0,0.0,0.0,0.0
47,2015-08-03,decrease,7.130793769938071,-4,2015-07-28,54.3,0.0,0,0.0,0,0.0,0,0.0,0,0.0,0.0,0.0,0.0,0.0,0.0,0.0,0.0
47,2015-08-03,decrease,7.130793769938071,-3,2015-07-29,54.73,0.0,0,0.0,0,0.0,0,0.0,0,0.0,0.0,0.0,0.0,0.0,0.0,0.0,0.0
47,2015-08-03,decrease,7.130793769938071,-2,2015-07-30,54.29,0.0,0,0.0,0,0.0,0,0.0,0,0.0,0.0,0.0,0.0,0.0,0.0,0.0,0.0
47,2015-08-03,decrease,7.130793769938071,-1,2015-07-31,53.29,3.676470588235294,1,3.676470588235294,1,0.0,0,0.0,0,0.0,3.676470588235294,0.0,3.676470588235294,0.0,0.0,0.0,0.0
47,2015-08-03,decrease,7.130793769938071,0,2015-08-03,49.49,0.0,0,0.0,0,0.0,0,0.0,0,0.0,0.0,0.0,0.0,0.0,0.0,0.0,0.0
47,2015-08-03,decrease,7.130793769938071,1,2015-08-04,49.08,3.389830508474576,1,0.0,0,0.0,0,3.389830508474576,1,0.0,3.389830508474576,0.0,0.0,0.0,0.0,0.0,3.389830508474576
47,2015-08-03,decrease,7.130793769938071,2,2015-08-05,49.04,0.0,0,0.0,0,0.0,0,0.0,0,0.0,0.0,0.0,0.0,0.0,0.0,0.0,0.0
47,2015-08-03,decrease,7.130793769938071,3,2015-08-06,47.8,0.0,0,0.0,0,0.0,0,0.0,0,0.0,0.0,0.0,0.0,0.0,0.0,0.0,0.0
47,2015-08-03,decrease,7.130793769938071,4,2015-08-07,47.54,0.0,0,0.0,0,0.0,0,0.0,0,0.0,0.0,0.0,0.0,0.0,0.0,0.0,0.0
47,2015-08-03,decrease,7.130793769938071,5,2015-08-10,48.3,0.0,0,0.0,0,0.0,0,0.0,0,0.0,0.0,0.0,0.0,0.0,0.0,0.0,0.0
48,2015-08-28,increase,7.8947368421052655,-5,2015-08-21,43.84,3.745318352059925,1,3.745318352059925,1,0.0,0,0.0,0,0.9363295880149812,2.8089887640449436,0.9363295880149812,2.8089887640449436,0.0,0.0,0.0,0.0
48,2015-08-28,increase,7.8947368421052655,-4,2015-08-24,41.59,0.0,0,0.0,0,0.0,0,0.0,0,0.9363295880149812,-0.9363295880149812,0.9363295880149812,-0.9363295880149812,0.0,0.0,0.0,0.0
48,2015-08-28,increase,7.8947368421052655,-3,2015-08-25,41.86,0.0,0,0.0,0,0.0,0,0.0,0,0.9363295880149812,-0.9363295880149812,0.9363295880149812,-0.9363295880149812,0.0,0.0,0.0,0.0
48,2015-08-28,increase,7.8947368421052655,-2,2015-08-26,41.76,0.0,0,0.0,0,0.0,0,0.0,0,0.9363295880149812,-0.9363295880149812,0.9363295880149812,-0.9363295880149812,0.0,0.0,0.0,0.0
48,2015-08-28,increase,7.8947368421052655,-1,2015-08-27,44.46,0.0,0,0.0,0,0.0,0,0.0,0,0.9363295880149812,-0.9363295880149812,0.9363295880149812,-0.9363295880149812,0.0,0.0,0.0,0.0
48,2015-08-28,increase,7.8947368421052655,0,2015-08-28,47.97,0.0,0,0.0,0,0.0,0,0.0,0,0.9363295880149812,-0.9363295880149812,0.9363295880149812,-0.9363295880149812,0.0,0.0,0.0,0.0
48,2015-08-28,increase,7.8947368421052655,1,2015-09-01,48.8,3.861003861003861,1,3.861003861003861,1,0.0,0,0.0,0,0.9363295880149812,2.9246742729888795,0.9363295880149812,2.9246742729888795,0.0,0.0,0.0,0.0
48,2015-08-28,increase,7.8947368421052655,2,2015-09-02,47.67,0.0,0,0.0,0,0.0,0,0.0,0,0.9363295880149812,-0.9363295880149812,0.9363295880149812,-0.9363295880149812,0.0,0.0,0.0,0.0
48,2015-08-28,increase,7.8947368421052655,3,2015-09-03,50.41,3.875968992248062,1,3.875968992248062,1,0.0,0,0.0,0,0.9363295880149812,2.9396394042330805,0.9363295880149812,2.9396394042330805,0.0,0.0,0.0,0.0
48,2015-08-28,increase,7.8947368421052655,4,2015-09-04,48.59,0.0,0,0.0,0,0.0,0,0.0,0,0.9363295880149812,-0.9363295880149812,0.9363295880149812,-0.9363295880149812,0.0,0.0,0.0,0.0
48,2015-08-28,increase,7.8947368421052655,5,2015-09-07,46.42,0.0,0,0.0,0,0.0,0,0.0,0,0.9363295880149812,-0.9363295880149812,0.9363295880149812,-0.9363295880149812,0.0,0.0,0.0,0.0
49,2015-10-05,increase,6.229860365198725,-5,2015-09-28,46.04,0.0,0,0.0,0,0.0,0,0.0,0,0.0,0.0,0.0,0.0,0.0,0.0,0.0,0.0
49,2015-10-05,increase,6.229860365198725,-4,2015-09-29,47.58,0.0,0,0.0,0,0.0,0,0.0,0,0.0,0.0,0.0,0.0,0.0,0.0,0.0,0.0
49,2015-10-05,increase,6.229860365198725,-3,2015-09-30,47.29,0.0,0,0.0,0,0.0,0,0.0,0,0.0,0.0,0.0,0.0,0.0,0.0,0.0,0.0
49,2015-10-05,increase,6.229860365198725,-2,2015-10-01,47.48,0.0,0,0.0,0,0.0,0,0.0,0,0.0,0.0,0.0,0.0,0.0,0.0,0.0,0.0
49,2015-10-05,increase,6.229860365198725,-1,2015-10-02,46.55,0.0,0,0.0,0,0.0,0,0.0,0,0.0,0.0,0.0,0.0,0.0,0.0,0.0,0.0
49,2015-10-05,increase,6.229860365198725,0,2015-10-05,49.45,0.0,0,0.0,0,0.0,0,0.0,0,0.0,0.0,0.0,0.0,0.0,0.0,0.0,0.0
49,2015-10-05,increase,6.229860365198725,1,2015-10-06,51.34,0.0,0,0.0,0,0.0,0,0.0,0,0.0,0.0,0.0,0.0,0.0,0.0,0.0,0.0
49,2015-10-05,increase,6.229860365198725,2,2015-10-07,51.66,0.0,0,0.0,0,0.0,0,0.0,0,0.0,0.0,0.0,0.0,0.0,0.0,0.0,0.0
49,2015-10-05,increase,6.229860365198725,3,2015-10-08,52.13,0.0,0,0.0,0,0.0,0,0.0,0,0.0,0.0,0.0,0.0,0.0,0.0,0.0,0.0
49,2015-10-05,increase,6.229860365198725,4,2015-10-09,52.08,0.0,0,0.0,0,0.0,0,0.0,0,0.0,0.0,0.0,0.0,0.0,0.0,0.0,0.0
49,2015-10-05,increase,6.229860365198725,5,2015-10-12,50.95,0.0,0,0.0,0,0.0,0,0.0,0,0.0,0.0,0.0,0.0,0.0,0.0,0.0,0.0
50,2015-10-28,increase,4.52349582784366,-5,2015-10-21,46.72,0.0,0,0.0,0,0.0,0,0.0,0,0.819672131147541,-0.819672131147541,0.0,0.0,0.819672131147541,-0.819672131147541,0.0,0.0
50,2015-10-28,increase,4.52349582784366,-4,2015-10-22,46.59,3.278688524590164,1,0.0,0,3.278688524590164,1,0.0,0,0.819672131147541,2.459016393442623,0.0,0.0,0.819672131147541,2.459016393442623,0.0,0.0
50,2015-10-28,increase,4.52349582784366,-3,2015-10-23,46.3,0.0,0,0.0,0,0.0,0,0.0,0,0.819672131147541,-0.819672131147541,0.0,0.0,0.819672131147541,-0.819672131147541,0.0,0.0
50,2015-10-28,increase,4.52349582784366,-2,2015-10-26,46.57,0.0,0,0.0,0,0.0,0,0.0,0,0.819672131147541,-0.819672131147541,0.0,0.0,0.819672131147541,-0.819672131147541,0.0,0.0
50,2015-10-28,increase,4.52349582784366,-1,2015-10-27,45.54,3.436426116838488,1,3.436426116838488,1,0.0,0,0.0,0,0.819672131147541,2.616753985690947,0.0,3.436426116838488,0.819672131147541,-0.819672131147541,0.0,0.0
50,2015-10-28,increase,4.52349582784366,0,2015-10-28,47.6,0.0,0,0.0,0,0.0,0,0.0,0,0.819672131147541,-0.819672131147541,0.0,0.0,0.819672131147541,-0.819672131147541,0.0,0.0
50,2015-10-28,increase,4.52349582784366,1,2015-10-29,48.04,0.0,0,0.0,0,0.0,0,0.0,0,0.819672131147541,-0.819672131147541,0.0,0.0,0.819672131147541,-0.819672131147541,0.0,0.0
50,2015-10-28,increase,4.52349582784366,2,2015-10-30,48.0,0.0,0,0.0,0,0.0,0,0.0,0,0.819672131147541,-0.819672131147541,0.0,0.0,0.819672131147541,-0.819672131147541,0.0,0.0
50,2015-10-28,increase,4.52349582784366,3,2015-11-02,47.91,0.0,0,0.0,0,0.0,0,0.0,0,0.819672131147541,-0.819672131147541,0.0,0.0,0.819672131147541,-0.819672131147541,0.0,0.0
50,2015-10-28,increase,4.52349582784366,4,2015-11-03,48.0,0.0,0,0.0,0,0.0,0,0.0,0,0.819672131147541,-0.819672131147541,0.0,0.0,0.819672131147541,-0.819672131147541,0.0,0.0
50,2015-10-28,increase,4.52349582784366,5,2015-11-04,46.96,0.0,0,0.0,0,0.0,0,0.0,0,0.819672131147541,-0.819672131147541,0.0,0.0,0.819672131147541,-0.819672131147541,0.0,0.0
51,2015-11-13,decrease,6.66963094708759,-5,2015-11-06,46.09,0.0,0,0.0,0,0.0,0,0.0,0,0.0,0.0,0.0,0.0,0.0,0.0,0.0,0.0
51,2015-11-13,decrease,6.66963094708759,-4,2015-11-09,45.38,0.0,0,0.0,0,0.0,0,0.0,0,0.0,0.0,0.0,0.0,0.0,0.0,0.0,0.0
51,2015-11-13,decrease,6.66963094708759,-3,2015-11-10,46.44,0.0,0,0.0,0,0.0,0,0.0,0,0.0,0.0,0.0,0.0,0.0,0.0,0.0,0.0
51,2015-11-13,decrease,6.66963094708759,-2,2015-11-11,44.98,0.0,0,0.0,0,0.0,0,0.0,0,0.0,0.0,0.0,0.0,0.0,0.0,0.0,0.0
51,2015-11-13,decrease,6.66963094708759,-1,2015-11-12,44.98,0.0,0,0.0,0,0.0,0,0.0,0,0.0,0.0,0.0,0.0,0.0,0.0,0.0,0.0
51,2015-11-13,decrease,6.66963094708759,0,2015-11-13,41.98,3.6101083032490977,1,3.6101083032490977,1,0.0,0,0.0,0,0.0,3.6101083032490977,0.0,3.6101083032490977,0.0,0.0,0.0,0.0
51,2015-11-13,decrease,6.66963094708759,1,2015-11-16,40.28,0.0,0,0.0,0,0.0,0,0.0,0,0.0,0.0,0.0,0.0,0.0,0.0,0.0,0.0
51,2015-11-13,decrease,6.66963094708759,2,2015-11-17,41.28,0.0,0,0.0,0,0.0,0,0.0,0,0.0,0.0,0.0,0.0,0.0,0.0,0.0,0.0
51,2015-11-13,decrease,6.66963094708759,3,2015-11-18,41.45,0.0,0,0.0,0,0.0,0,0.0,0,0.0,0.0,0.0,0.0,0.0,0.0,0.0,0.0
51,2015-11-13,decrease,6.66963094708759,4,2015-11-19,42.22,0.0,0,0.0,0,0.0,0,0.0,0,0.0,0.0,0.0,0.0,0.0,0.0,0.0,0.0
51,2015-11-13,decrease,6.66963094708759,5,2015-11-20,42.49,0.0,0,0.0,0,0.0,0,0.0,0,0.0,0.0,0.0,0.0,0.0,0.0,0.0,0.0
52,2016-01-22,increase,10.40231968104386,-5,2016-01-15,28.8,9.174311926605505,2,4.587155963302752,1,4.587155963302752,1,0.0,0,7.950954975382679,1.2233569512228257,1.146788990825688,3.4403669724770642,1.146788990825688,3.4403669724770642,5.657376993731304,-5.657376993731304
52,2016-01-22,increase,10.40231968104386,-4,2016-01-18,27.36,4.651162790697675,1,0.0,0,0.0,0,4.651162790697675,1,7.950954975382679,-3.2997921846850042,1.146788990825688,-1.146788990825688,1.146788990825688,-1.146788990825688,5.657376993731304,-1.006214203033629
52,2016-01-22,increase,10.40231968104386,-3,2016-01-19,27.36,9.04977375565611,2,0.0,0,0.0,0,9.04977375565611,2,7.950954975382679,1.0988187802734313,1.146788990825688,-1.146788990825688,1.146788990825688,-1.146788990825688,5.657376993731304,3.3923967619248065
52,2016-01-22,increase,10.40231968104386,-2,2016-01-20,26.01,8.928571428571429,2,0.0,0,0.0,0,8.928571428571429,2,7.950954975382679,0.9776164531887499,1.146788990825688,-1.146788990825688,1.146788990825688,-1.146788990825688,5.657376993731304,3.271194434840125
52,2016-01-22,increase,10.40231968104386,-1,2016-01-21,27.59,8.81057268722467,2,4.405286343612335,1,0.0,0,4.405286343612335,1,7.950954975382679,0.8596177118419916,1.146788990825688,3.258497352786647,1.146788990825688,-1.146788990825688,5.657376993731304,-1.2520906501189684
52,2016-01-22,increase,10.40231968104386,0,2016-01-22,30.46,14.018691588785046,3,14.018691588785046,3,0.0,0,0.0,0,7.950954975382679,6.067736613402367,1.146788990825688,12.871902597959359,1.146788990825688,-1.146788990825688,5.657376993731304,-5.657376993731304
52,2016-01-22,increase,10.40231968104386,1,2016-01-25,29.82,4.739336492890995,1,4.739336492890995,1,0.0,0,0.0,0,7.950954975382679,-3.2116184824916836,1.146788990825688,3.5925475020653073,1.146788990825688,-1.146788990825688,5.657376993731304,-5.657376993731304
52,2016-01-22,increase,10.40231968104386,2,2016-01-26,30.94,5.208333333333333,1,5.208333333333333,1,0.0,0,0.0,0,7.950954975382679,-2.742621642049346,1.146788990825688,4.061544342507645,1.146788990825688,-1.146788990825688,5.657376993731304,-5.657376993731304
52,2016-01-22,increase,10.40231968104386,3,2016-01-27,31.83,4.444444444444445,1,4.444444444444445,1,0.0,0,0.0,0,7.950954975382679,-3.5065105309382343,1.146788990825688,3.2976554536187566,1.146788990825688,-1.146788990825688,5.657376993731304,-5.657376993731304
52,2016-01-22,increase,10.40231968104386,4,2016-01-28,33.01,0.0,0,0.0,0,0.0,0,0.0,0,7.950954975382679,-7.950954975382679,1.146788990825688,-1.146788990825688,1.146788990825688,-1.146788990825688,5.657376993731304,-5.657376993731304
52,2016-01-22,increase,10.40231968104386,5,2016-01-29,33.14,0.0,0,0.0,0,0.0,0,0.0,0,7.950954975382679,-7.950954975382679,1.146788990825688,-1.146788990825688,1.146788990825688,-1.146788990825688,5.657376993731304,-5.657376993731304
53,2016-04-08,increase,9.5827725437416,-5,2016-04-01,36.42,0.0,0,0.0,0,0.0,0,0.0,0,2.2374164097225004,-2.2374164097225004,2.2374164097225004,-2.2374164097225004,0.0,0.0,0.0,0.0
53,2016-04-08,increase,9.5827725437416,-4,2016-04-04,36.05,0.0,0,0.0,0,0.0,0,0.0,0,2.2374164097225004,-2.2374164097225004,2.2374164097225004,-2.2374164097225004,0.0,0.0,0.0,0.0
53,2016-04-08,increase,9.5827725437416,-3,2016-04-05,35.88,4.524886877828055,1,4.524886877828055,1,0.0,0,0.0,0,2.2374164097225004,2.2874704681055547,2.2374164097225004,2.2874704681055547,0.0,0.0,0.0,0.0
53,2016-04-08,increase,9.5827725437416,-2,2016-04-06,37.77,4.424778761061947,1,4.424778761061947,1,0.0,0,0.0,0,2.2374164097225004,2.1873623513394462,2.2374164097225004,2.1873623513394462,0.0,0.0,0.0,0.0
53,2016-04-08,increase,9.5827725437416,-1,2016-04-07,37.15,0.0,0,0.0,0,0.0,0,0.0,0,2.2374164097225004,-2.2374164097225004,2.2374164097225004,-2.2374164097225004,0.0,0.0,0.0,0.0
53,2016-04-08,increase,9.5827725437416,0,2016-04-08,40.71,0.0,0,0.0,0,0.0,0,0.0,0,2.2374164097225004,-2.2374164097225004,2.2374164097225004,-2.2374164097225004,0.0,0.0,0.0,0.0
53,2016-04-08,increase,9.5827725437416,1,2016-04-11,41.58,4.366812227074235,1,4.366812227074235,1,0.0,0,0.0,0,2.2374164097225004,2.129395817351735,2.2374164097225004,2.129395817351735,0.0,0.0,0.0,0.0
53,2016-04-08,increase,9.5827725437416,2,2016-04-12,43.02,13.636363636363637,3,4.545454545454545,1,9.09090909090909,2,0.0,0,2.2374164097225004,11.398947226641136,2.2374164097225004,2.3080381357320445,0.0,9.09090909090909,0.0,0.0
53,2016-04-08,increase,9.5827725437416,3,2016-04-13,42.81,9.30232558139535,2,4.651162790697675,1,4.651162790697675,1,0.0,0,2.2374164097225004,7.0649091716728485,2.2374164097225004,2.4137463809751742,0.0,4.651162790697675,0.0,0.0
53,2016-04-08,increase,9.5827725437416,4,2016-04-14,43.02,0.0,0,0.0,0,0.0,0,0.0,0,2.2374164097225004,-2.2374164097225004,2.2374164097225004,-2.2374164097225004,0.0,0.0,0.0,0.0
53,2016-04-08,increase,9.5827725437416,5,2016-04-15,41.32,4.424778761061947,1,0.0,0,4.424778761061947,1,0.0,0,2.2374164097225004,2.1873623513394462,2.2374164097225004,-2.2374164097225004,0.0,4.424778761061947,0.0,0.0
54,2016-05-03,decrease,5.958096900916621,-5,2016-04-26,43.94,9.25925925925926,2,4.62962962962963,1,4.62962962962963,1,0.0,0,4.479966187951941,4.779293071307318,3.322558780544534,1.307070849085096,1.1574074074074074,3.4722222222222223,0.0,0.0
54,2016-05-03,decrease,5.958096900916621,-4,2016-04-27,44.17,4.25531914893617,1,4.25531914893617,1,0.0,0,0.0,0,4.479966187951941,-0.2246470390157711,3.322558780544534,0.9327603683916363,1.1574074074074074,-1.1574074074074074,0.0,0.0
54,2016-05-03,decrease,5.958096900916621,-3,2016-04-28,45.6,0.0,0,0.0,0,0.0,0,0.0,0,4.479966187951941,-4.479966187951941,3.322558780544534,-3.322558780544534,1.1574074074074074,-1.1574074074074074,0.0,0.0
54,2016-05-03,decrease,5.958096900916621,-2,2016-04-29,45.64,4.405286343612335,1,4.405286343612335,1,0.0,0,0.0,0,4.479966187951941,-0.07467984433960595,3.322558780544534,1.0827275630678015,1.1574074074074074,-1.1574074074074074,0.0,0.0
54,2016-05-03,decrease,5.958096900916621,-1,2016-05-02,45.82,0.0,0,0.0,0,0.0,0,0.0,0,4.479966187951941,-4.479966187951941,3.322558780544534,-3.322558780544534,1.1574074074074074,-1.1574074074074074,0.0,0.0
54,2016-05-03,decrease,5.958096900916621,0,2016-05-03,43.09,0.0,0,0.0,0,0.0,0,0.0,0,4.479966187951941,-4.479966187951941,3.322558780544534,-3.322558780544534,1.1574074074074074,-1.1574074074074074,0.0,0.0
54,2016-05-03,decrease,5.958096900916621,1,2016-05-04,43.08,0.0,0,0.0,0,0.0,0,0.0,0,4.479966187951941,-4.479966187951941,3.322558780544534,-3.322558780544534,1.1574074074074074,-1.1574074074074074,0.0,0.0
54,2016-05-03,decrease,5.958096900916621,2,2016-05-05,44.39,0.0,0,0.0,0,0.0,0,0.0,0,4.479966187951941,-4.479966187951941,3.322558780544534,-3.322558780544534,1.1574074074074074,-1.1574074074074074,0.0,0.0
54,2016-05-03,decrease,5.958096900916621,3,2016-05-06,44.6,0.0,0,0.0,0,0.0,0,0.0,0,4.479966187951941,-4.479966187951941,3.322558780544534,-3.322558780544534,1.1574074074074074,-1.1574074074074074,0.0,0.0
54,2016-05-03,decrease,5.958096900916621,4,2016-05-09,42.43,0.0,0,0.0,0,0.0,0,0.0,0,4.479966187951941,-4.479966187951941,3.322558780544534,-3.322558780544534,1.1574074074074074,-1.1574074074074074,0.0,0.0
54,2016-05-03,decrease,5.958096900916621,5,2016-05-10,44.01,0.0,0,0.0,0,0.0,0,0.0,0,4.479966187951941,-4.479966187951941,3.322558780544534,-3.322558780544534,1.1574074074074074,-1.1574074074074074,0.0,0.0
55,2016-07-12,increase,6.0853769300635685,-5,2016-07-05,45.64,0.0,0,0.0,0,0.0,0,0.0,0,1.1013215859030838,-1.1013215859030838,1.1013215859030838,-1.1013215859030838,0.0,0.0,0.0,0.0
55,2016-07-12,increase,6.0853769300635685,-4,2016-07-06,45.7,0.0,0,0.0,0,0.0,0,0.0,0,1.1013215859030838,-1.1013215859030838,1.1013215859030838,-1.1013215859030838,0.0,0.0,0.0,0.0
55,2016-07-12,increase,6.0853769300635685,-3,2016-07-07,45.93,0.0,0,0.0,0,0.0,0,0.0,0,1.1013215859030838,-1.1013215859030838,1.1013215859030838,-1.1013215859030838,0.0,0.0,0.0,0.0
55,2016-07-12,increase,6.0853769300635685,-2,2016-07-08,44.53,4.405286343612335,1,4.405286343612335,1,0.0,0,0.0,0,1.1013215859030838,3.3039647577092515,1.1013215859030838,3.3039647577092515,0.0,0.0,0.0,0.0
55,2016-07-12,increase,6.0853769300635685,-1,2016-07-11,44.04,0.0,0,0.0,0,0.0,0,0.0,0,1.1013215859030838,-1.1013215859030838,1.1013215859030838,-1.1013215859030838,0.0,0.0,0.0,0.0
55,2016-07-12,increase,6.0853769300635685,0,2016-07-12,46.72,0.0,0,0.0,0,0.0,0,0.0,0,1.1013215859030838,-1.1013215859030838,1.1013215859030838,-1.1013215859030838,0.0,0.0,0.0,0.0
55,2016-07-12,increase,6.0853769300635685,1,2016-07-13,44.67,0.0,0,0.0,0,0.0,0,0.0,0,1.1013215859030838,-1.1013215859030838,1.1013215859030838,-1.1013215859030838,0.0,0.0,0.0,0.0
55,2016-07-12,increase,6.0853769300635685,2,2016-07-14,46.01,9.30232558139535,2,9.30232558139535,2,4.651162790697675,1,0.0,0,1.1013215859030838,8.201003995492265,1.1013215859030838,8.201003995492265,0.0,4.651162790697675,0.0,0.0
55,2016-07-12,increase,6.0853769300635685,3,2016-07-15,46.25,0.0,0,0.0,0,0.0,0,0.0,0,1.1013215859030838,-1.1013215859030838,1.1013215859030838,-1.1013215859030838,0.0,0.0,0.0,0.0
55,2016-07-12,increase,6.0853769300635685,4,2016-07-18,45.35,0.0,0,0.0,0,0.0,0,0.0,0,1.1013215859030838,-1.1013215859030838,1.1013215859030838,-1.1013215859030838,0.0,0.0,0.0,0.0
55,2016-07-12,increase,6.0853769300635685,5,2016-07-19,45.7,0.0,0,0.0,0,0.0,0,0.0,0,1.1013215859030838,-1.1013215859030838,1.1013215859030838,-1.1013215859030838,0.0,0.0,0.0,0.0
56,2016-08-15,increase,4.853723404255339,-5,2016-08-08,43.24,0.0,0,0.0,0,0.0,0,0.0,0,2.3863636363636362,-2.3863636363636362,1.25,-1.25,0.0,0.0,1.1363636363636362,-1.1363636363636362
56,2016-08-15,increase,4.853723404255339,-4,2016-08-09,43.37,5.0,1,5.0,1,0.0,0,0.0,0,2.3863636363636362,2.6136363636363638,1.25,3.75,0.0,0.0,1.1363636363636362,-1.1363636363636362
56,2016-08-15,increase,4.853723404255339,-3,2016-08-10,42.19,0.0,0,0.0,0,0.0,0,0.0,0,2.3863636363636362,-2.3863636363636362,1.25,-1.25,0.0,0.0,1.1363636363636362,-1.1363636363636362
56,2016-08-15,increase,4.853723404255339,-2,2016-08-11,44.23,4.545454545454545,1,0.0,0,0.0,0,4.545454545454545,1,2.3863636363636362,2.1590909090909087,1.25,-1.25,0.0,0.0,1.1363636363636362,3.4090909090909087
56,2016-08-15,increase,4.853723404255339,-1,2016-08-12,45.12,5.1020408163265305,1,5.1020408163265305,1,0.0,0,0.0,0,2.3863636363636362,2.7156771799628943,1.25,3.8520408163265305,0.0,0.0,1.1363636363636362,-1.1363636363636362
56,2016-08-15,increase,4.853723404255339,0,2016-08-15,47.31,0.0,0,0.0,0,0.0,0,0.0,0,2.3863636363636362,-2.3863636363636362,1.25,-1.25,0.0,0.0,1.1363636363636362,-1.1363636363636362
56,2016-08-15,increase,4.853723404255339,1,2016-08-16,48.27,0.0,0,0.0,0,0.0,0,0.0,0,2.3863636363636362,-2.3863636363636362,1.25,-1.25,0.0,0.0,1.1363636363636362,-1.1363636363636362
56,2016-08-15,increase,4.853723404255339,2,2016-08-17,48.58,0.0,0,0.0,0,0.0,0,0.0,0,2.3863636363636362,-2.3863636363636362,1.25,-1.25,0.0,0.0,1.1363636363636362,-1.1363636363636362
56,2016-08-15,increase,4.853723404255339,3,2016-08-18,49.46,0.0,0,0.0,0,0.0,0,0.0,0,2.3863636363636362,-2.3863636363636362,1.25,-1.25,0.0,0.0,1.1363636363636362,-1.1363636363636362
56,2016-08-15,increase,4.853723404255339,4,2016-08-19,49.39,0.0,0,0.0,0,0.0,0,0.0,0,2.3863636363636362,-2.3863636363636362,1.25,-1.25,0.0,0.0,1.1363636363636362,-1.1363636363636362
56,2016-08-15,increase,4.853723404255339,5,2016-08-22,48.1,5.181347150259067,1,0.0,0,0.0,0,5.181347150259067,1,2.3863636363636362,2.794983513895431,1.25,-1.25,0.0,0.0,1.1363636363636362,4.044983513895431
57,2016-09-01,decrease,6.028368794326244,-5,2016-08-25,49.25,0.0,0,0.0,0,0.0,0,0.0,0,1.152073732718894,-1.152073732718894,0.0,0.0,1.152073732718894,-1.152073732718894,0.0,0.0
57,2016-09-01,decrease,6.028368794326244,-4,2016-08-26,49.66,4.608294930875576,1,0.0,0,4.608294930875576,1,0.0,0,1.152073732718894,3.4562211981566815,0.0,0.0,1.152073732718894,3.4562211981566815,0.0,0.0
57,2016-09-01,decrease,6.028368794326244,-3,2016-08-29,49.66,0.0,0,0.0,0,0.0,0,0.0,0,1.152073732718894,-1.152073732718894,0.0,0.0,1.152073732718894,-1.152073732718894,0.0,0.0
57,2016-09-01,decrease,6.028368794326244,-2,2016-08-30,47.94,0.0,0,0.0,0,0.0,0,0.0,0,1.152073732718894,-1.152073732718894,0.0,0.0,1.152073732718894,-1.152073732718894,0.0,0.0
57,2016-09-01,decrease,6.028368794326244,-1,2016-08-31,47.94,0.0,0,0.0,0,0.0,0,0.0,0,1.152073732718894,-1.152073732718894,0.0,0.0,1.152073732718894,-1.152073732718894,0.0,0.0
57,2016-09-01,decrease,6.028368794326244,0,2016-09-01,45.05,4.464285714285714,1,4.464285714285714,1,0.0,0,0.0,0,1.152073732718894,3.3122119815668203,0.0,4.464285714285714,1.152073732718894,-1.152073732718894,0.0,0.0
57,2016-09-01,decrease,6.028368794326244,1,2016-09-02,45.96,4.504504504504505,1,4.504504504504505,1,0.0,0,0.0,0,1.152073732718894,3.3524307717856106,0.0,4.504504504504505,1.152073732718894,-1.152073732718894,0.0,0.0
57,2016-09-01,decrease,6.028368794326244,2,2016-09-05,46.72,4.716981132075471,1,4.716981132075471,1,4.716981132075471,1,0.0,0,1.152073732718894,3.564907399356577,0.0,4.716981132075471,1.152073732718894,3.564907399356577,0.0,0.0
57,2016-09-01,decrease,6.028368794326244,3,2016-09-06,46.21,0.0,0,0.0,0,0.0,0,0.0,0,1.152073732718894,-1.152073732718894,0.0,0.0,1.152073732718894,-1.152073732718894,0.0,0.0
57,2016-09-01,decrease,6.028368794326244,4,2016-09-07,47.0,0.0,0,0.0,0,0.0,0,0.0,0,1.152073732718894,-1.152073732718894,0.0,0.0,1.152073732718894,-1.152073732718894,0.0,0.0
57,2016-09-01,decrease,6.028368794326244,5,2016-09-08,49.23,0.0,0,0.0,0,0.0,0,0.0,0,1.152073732718894,-1.152073732718894,0.0,0.0,1.152073732718894,-1.152073732718894,0.0,0.0
58,2016-09-29,increase,6.462958892064186,-5,2016-09-22,47.21,0.0,0,0.0,0,0.0,0,0.0,0,1.5060240963855422,-1.5060240963855422,0.0,0.0,0.0,0.0,1.5060240963855422,-1.5060240963855422
58,2016-09-29,increase,6.462958892064186,-4,2016-09-23,46.71,0.0,0,0.0,0,0.0,0,0.0,0,1.5060240963855422,-1.5060240963855422,0.0,0.0,0.0,0.0,1.5060240963855422,-1.5060240963855422
58,2016-09-29,increase,6.462958892064186,-3,2016-09-26,46.61,6.024096385542169,1,0.0,0,0.0,0,6.024096385542169,1,1.5060240963855422,4.518072289156627,0.0,0.0,0.0,0.0,1.5060240963855422,4.518072289156627
58,2016-09-29,increase,6.462958892064186,-2,2016-09-27,44.95,0.0,0,0.0,0,0.0,0,0.0,0,1.5060240963855422,-1.5060240963855422,0.0,0.0,0.0,0.0,1.5060240963855422,-1.5060240963855422
58,2016-09-29,increase,6.462958892064186,-1,2016-09-28,45.49,0.0,0,0.0,0,0.0,0,0.0,0,1.5060240963855422,-1.5060240963855422,0.0,0.0,0.0,0.0,1.5060240963855422,-1.5060240963855422
58,2016-09-29,increase,6.462958892064186,0,2016-09-29,48.43,15.706806282722512,3,10.471204188481677,2,10.471204188481677,2,0.0,0,1.5060240963855422,14.20078218633697,0.0,10.471204188481677,0.0,10.471204188481677,1.5060240963855422,-1.5060240963855422
58,2016-09-29,increase,6.462958892064186,1,2016-09-30,48.24,0.0,0,0.0,0,0.0,0,0.0,0,1.5060240963855422,-1.5060240963855422,0.0,0.0,0.0,0.0,1.5060240963855422,-1.5060240963855422
58,2016-09-29,increase,6.462958892064186,2,2016-10-03,48.61,0.0,0,0.0,0,0.0,0,0.0,0,1.5060240963855422,-1.5060240963855422,0.0,0.0,0.0,0.0,1.5060240963855422,-1.5060240963855422
58,2016-09-29,increase,6.462958892064186,3,2016-10-04,48.81,0.0,0,0.0,0,0.0,0,0.0,0,1.5060240963855422,-1.5060240963855422,0.0,0.0,0.0,0.0,1.5060240963855422,-1.5060240963855422
58,2016-09-29,increase,6.462958892064186,4,2016-10-05,49.57,0.0,0,0.0,0,0.0,0,0.0,0,1.5060240963855422,-1.5060240963855422,0.0,0.0,0.0,0.0,1.5060240963855422,-1.5060240963855422
58,2016-09-29,increase,6.462958892064186,5,2016-10-06,50.14,4.761904761904763,1,4.761904761904763,1,0.0,0,0.0,0,1.5060240963855422,3.2558806655192205,0.0,4.761904761904763,0.0,0.0,1.5060240963855422,-1.5060240963855422
59,2016-11-15,increase,5.546258666029158,-5,2016-11-08,43.47,4.608294930875576,1,0.0,0,4.608294930875576,1,0.0,0,1.152073732718894,3.4562211981566815,0.0,0.0,1.152073732718894,3.4562211981566815,0.0,0.0
59,2016-11-15,increase,5.546258666029158,-4,2016-11-09,43.88,0.0,0,0.0,0,0.0,0,0.0,0,1.152073732718894,-1.152073732718894,0.0,0.0,1.152073732718894,-1.152073732718894,0.0,0.0
59,2016-11-15,increase,5.546258666029158,-3,2016-11-10,43.67,0.0,0,0.0,0,0.0,0,0.0,0,1.152073732718894,-1.152073732718894,0.0,0.0,1.152073732718894,-1.152073732718894,0.0,0.0
59,2016-11-15,increase,5.546258666029158,-2,2016-11-11,41.61,0.0,0,0.0,0,0.0,0,0.0,0,1.152073732718894,-1.152073732718894,0.0,0.0,1.152073732718894,-1.152073732718894,0.0,0.0
59,2016-11-15,increase,5.546258666029158,-1,2016-11-14,41.83,0.0,0,0.0,0,0.0,0,0.0,0,1.152073732718894,-1.152073732718894,0.0,0.0,1.152073732718894,-1.152073732718894,0.0,0.0
59,2016-11-15,increase,5.546258666029158,0,2016-11-15,44.15,0.0,0,0.0,0,0.0,0,0.0,0,1.152073732718894,-1.152073732718894,0.0,0.0,1.152073732718894,-1.152073732718894,0.0,0.0
59,2016-11-15,increase,5.546258666029158,1,2016-11-16,45.07,0.0,0,0.0,0,0.0,0,0.0,0,1.152073732718894,-1.152073732718894,0.0,0.0,1.152073732718894,-1.152073732718894,0.0,0.0
59,2016-11-15,increase,5.546258666029158,2,2016-11-17,44.57,0.0,0,0.0,0,0.0,0,0.0,0,1.152073732718894,-1.152073732718894,0.0,0.0,1.152073732718894,-1.152073732718894,0.0,0.0
59,2016-11-15,increase,5.546258666029158,3,2016-11-18,44.41,0.0,0,0.0,0,0.0,0,0.0,0,1.152073732718894,-1.152073732718894,0.0,0.0,1.152073732718894,-1.152073732718894,0.0,0.0
59,2016-11-15,increase,5.546258666029158,4,2016-11-21,45.96,0.0,0,0.0,0,0.0,0,0.0,0,1.152073732718894,-1.152073732718894,0.0,0.0,1.152073732718894,-1.152073732718894,0.0,0.0
59,2016-11-15,increase,5.546258666029158,5,2016-11-22,46.1,14.285714285714285,3,9.523809523809526,2,4.761904761904763,1,0.0,0,1.152073732718894,13.133640552995391,0.0,9.523809523809526,1.152073732718894,3.6098310291858686,0.0,0.0
60,2016-12-01,increase,9.030239833159538,-5,2016-11-24,47.54,0.0,0,0.0,0,0.0,0,0.0,0,6.565824468085106,-6.565824468085106,0.0,0.0,5.263741134751772,-5.263741134751772,1.3020833333333333,-1.3020833333333333
60,2016-12-01,increase,9.030239833159538,-4,2016-11-25,46.32,10.638297872340424,2,0.0,0,10.638297872340424,2,0.0,0,6.565824468085106,4.072473404255318,0.0,0.0,5.263741134751772,5.374556737588652,1.3020833333333333,-1.3020833333333333
60,2016-12-01,increase,9.030239833159538,-3,2016-11-28,46.64,5.208333333333333,1,0.0,0,0.0,0,5.208333333333333,1,6.565824468085106,-1.3574911347517729,0.0,0.0,5.263741134751772,-5.263741134751772,1.3020833333333333,3.90625
60,2016-12-01,increase,9.030239833159538,-2,2016-11-29,44.68,10.416666666666666,2,0.0,0,10.416666666666666,2,0.0,0,6.565824468085106,3.85084219858156,0.0,0.0,5.263741134751772,5.152925531914894,1.3020833333333333,-1.3020833333333333
60,2016-12-01,increase,9.030239833159538,-1,2016-11-30,47.95,4.545454545454545,1,0.0,0,4.545454545454545,1,0.0,0,6.565824468085106,-2.020369922630561,0.0,0.0,5.263741134751772,-0.718286589297227,1.3020833333333333,-1.3020833333333333
60,2016-12-01,increase,9.030239833159538,0,2016-12-01,52.28,10.309278350515465,2,5.154639175257732,1,10.309278350515465,2,0.0,0,6.565824468085106,3.7434538824303587,0.0,5.154639175257732,5.263741134751772,5.045537215763693,1.3020833333333333,-1.3020833333333333
60,2016-12-01,increase,9.030239833159538,1,2016-12-02,52.35,5.524861878453039,1,5.524861878453039,1,5.524861878453039,1,0.0,0,6.565824468085106,-1.0409625896320671,0.0,5.524861878453039,5.263741134751772,0.2611207437012668,1.3020833333333333,-1.3020833333333333
60,2016-12-01,increase,9.030239833159538,2,2016-12-05,53.3,0.0,0,0.0,0,0.0,0,0.0,0,6.565824468085106,-6.565824468085106,0.0,0.0,5.263741134751772,-5.263741134751772,1.3020833333333333,-1.3020833333333333
60,2016-12-01,increase,9.030239833159538,3,2016-12-06,52.31,0.0,0,0.0,0,0.0,0,0.0,0,6.565824468085106,-6.565824468085106,0.0,0.0,5.263741134751772,-5.263741134751772,1.3020833333333333,-1.3020833333333333
60,2016-12-01,increase,9.030239833159538,4,2016-12-07,51.9,0.0,0,0.0,0,0.0,0,0.0,0,6.565824468085106,-6.565824468085106,0.0,0.0,5.263741134751772,-5.263741134751772,1.3020833333333333,-1.3020833333333333
60,2016-12-01,increase,9.030239833159538,5,2016-12-08,51.6,0.0,0,0.0,0,0.0,0,0.0,0,6.565824468085106,-6.565824468085106,0.0,0.0,5.263741134751772,-5.263741134751772,1.3020833333333333,-1.3020833333333333
61,2016-12-16,increase,4.698375870069604,-5,2016-12-09,52.19,0.0,0,0.0,0,0.0,0,0.0,0,2.923976608187134,-2.923976608187134,1.461988304093567,-1.461988304093567,1.461988304093567,-1.461988304093567,1.461988304093567,-1.461988304093567
61,2016-12-16,increase,4.698375870069604,-4,2016-12-12,53.99,11.695906432748536,2,5.847953216374268,1,5.847953216374268,1,5.847953216374268,1,2.923976608187134,8.771929824561402,1.461988304093567,4.385964912280701,1.461988304093567,4.385964912280701,1.461988304093567,4.385964912280701
61,2016-12-16,increase,4.698375870069604,-3,2016-12-13,53.28,0.0,0,0.0,0,0.0,0,0.0,0,2.923976608187134,-2.923976608187134,1.461988304093567,-1.461988304093567,1.461988304093567,-1.461988304093567,1.461988304093567,-1.461988304093567
61,2016-12-16,increase,4.698375870069604,-2,2016-12-14,53.15,0.0,0,0.0,0,0.0,0,0.0,0,2.923976608187134,-2.923976608187134,1.461988304093567,-1.461988304093567,1.461988304093567,-1.461988304093567,1.461988304093567,-1.461988304093567
61,2016-12-16,increase,4.698375870069604,-1,2016-12-15,51.72,0.0,0,0.0,0,0.0,0,0.0,0,2.923976608187134,-2.923976608187134,1.461988304093567,-1.461988304093567,1.461988304093567,-1.461988304093567,1.461988304093567,-1.461988304093567
61,2016-12-16,increase,4.698375870069604,0,2016-12-16,54.15,6.0606060606060606,1,0.0,0,0.0,0,6.0606060606060606,1,2.923976608187134,3.1366294524189264,1.461988304093567,-1.461988304093567,1.461988304093567,-1.461988304093567,1.461988304093567,4.5986177565124935
61,2016-12-16,increase,4.698375870069604,1,2016-12-19,53.53,0.0,0,0.0,0,0.0,0,0.0,0,2.923976608187134,-2.923976608187134,1.461988304093567,-1.461988304093567,1.461988304093567,-1.461988304093567,1.461988304093567,-1.461988304093567
61,2016-12-16,increase,4.698375870069604,2,2016-12-20,54.56,0.0,0,0.0,0,0.0,0,0.0,0,2.923976608187134,-2.923976608187134,1.461988304093567,-1.461988304093567,1.461988304093567,-1.461988304093567,1.461988304093567,-1.461988304093567
61,2016-12-16,increase,4.698375870069604,3,2016-12-21,53.01,0.0,0,0.0,0,0.0,0,0.0,0,2.923976608187134,-2.923976608187134,1.461988304093567,-1.461988304093567,1.461988304093567,-1.461988304093567,1.461988304093567,-1.461988304093567
61,2016-12-16,increase,4.698375870069604,4,2016-12-22,54.04,0.0,0,0.0,0,0.0,0,0.0,0,2.923976608187134,-2.923976608187134,1.461988304093567,-1.461988304093567,1.461988304093567,-1.461988304093567,1.461988304093567,-1.461988304093567
61,2016-12-16,increase,4.698375870069604,5,2016-12-23,53.93,0.0,0,0.0,0,0.0,0,0.0,0,2.923976608187134,-2.923976608187134,1.461988304093567,-1.461988304093567,1.461988304093567,-1.461988304093567,1.461988304093567,-1.461988304093567
62,2017-03-09,decrease,4.971857410881797,-5,2017-03-02,54.16,0.0,0,0.0,0,0.0,0,0.0,0,0.0,0.0,0.0,0.0,0.0,0.0,0.0,0.0
62,2017-03-09,decrease,4.971857410881797,-4,2017-03-03,54.12,0.0,0,0.0,0,0.0,0,0.0,0,0.0,0.0,0.0,0.0,0.0,0.0,0.0,0.0
62,2017-03-09,decrease,4.971857410881797,-3,2017-03-06,54.73,0.0,0,0.0,0,0.0,0,0.0,0,0.0,0.0,0.0,0.0,0.0,0.0,0.0,0.0
62,2017-03-09,decrease,4.971857410881797,-2,2017-03-07,54.61,0.0,0,0.0,0,0.0,0,0.0,0,0.0,0.0,0.0,0.0,0.0,0.0,0.0,0.0
62,2017-03-09,decrease,4.971857410881797,-1,2017-03-08,53.3,0.0,0,0.0,0,0.0,0,0.0,0,0.0,0.0,0.0,0.0,0.0,0.0,0.0,0.0
62,2017-03-09,decrease,4.971857410881797,0,2017-03-09,50.65,5.376344086021506,1,5.376344086021506,1,0.0,0,0.0,0,0.0,5.376344086021506,0.0,5.376344086021506,0.0,0.0,0.0,0.0
62,2017-03-09,decrease,4.971857410881797,1,2017-03-10,50.63,0.0,0,0.0,0,0.0,0,0.0,0,0.0,0.0,0.0,0.0,0.0,0.0,0.0,0.0
62,2017-03-09,decrease,4.971857410881797,2,2017-03-13,50.1,0.0,0,0.0,0,0.0,0,0.0,0,0.0,0.0,0.0,0.0,0.0,0.0,0.0,0.0
62,2017-03-09,decrease,4.971857410881797,3,2017-03-14,49.6,0.0,0,0.0,0,0.0,0,0.0,0,0.0,0.0,0.0,0.0,0.0,0.0,0.0,0.0
62,2017-03-09,decrease,4.971857410881797,4,2017-03-15,50.63,5.847953216374268,1,5.847953216374268,1,0.0,0,0.0,0,0.0,5.847953216374268,0.0,5.847953216374268,0.0,0.0,0.0,0.0
62,2017-03-09,decrease,4.971857410881797,5,2017-03-16,50.56,0.0,0,0.0,0,0.0,0,0.0,0,0.0,0.0,0.0,0.0,0.0,0.0,0.0,0.0
63,2017-06-27,increase,4.7176230437741,-5,2017-06-20,43.98,0.0,0,0.0,0,0.0,0,0.0,0,3.125,-3.125,3.125,-3.125,0.0,0.0,0.0,0.0
63,2017-06-27,increase,4.7176230437741,-4,2017-06-21,44.62,6.944444444444444,1,6.944444444444444,1,0.0,0,0.0,0,3.125,3.8194444444444438,3.125,3.8194444444444438,0.0,0.0,0.0,0.0
63,2017-06-27,increase,4.7176230437741,-3,2017-06-22,44.46,5.555555555555555,1,5.555555555555555,1,0.0,0,0.0,0,3.125,2.4305555555555554,3.125,2.4305555555555554,0.0,0.0,0.0,0.0
63,2017-06-27,increase,4.7176230437741,-2,2017-06-23,44.14,0.0,0,0.0,0,0.0,0,0.0,0,3.125,-3.125,3.125,-3.125,0.0,0.0,0.0,0.0
63,2017-06-27,increase,4.7176230437741,-1,2017-06-26,44.09,0.0,0,0.0,0,0.0,0,0.0,0,3.125,-3.125,3.125,-3.125,0.0,0.0,0.0,0.0
63,2017-06-27,increase,4.7176230437741,0,2017-06-27,46.17,0.0,0,0.0,0,0.0,0,0.0,0,3.125,-3.125,3.125,-3.125,0.0,0.0,0.0,0.0
63,2017-06-27,increase,4.7176230437741,1,2017-06-28,46.45,6.756756756756757,1,6.756756756756757,1,0.0,0,0.0,0,3.125,3.631756756756757,3.125,3.631756756756757,0.0,0.0,0.0,0.0
63,2017-06-27,increase,4.7176230437741,2,2017-06-29,47.02,0.0,0,0.0,0,0.0,0,0.0,0,3.125,-3.125,3.125,-3.125,0.0,0.0,0.0,0.0
63,2017-06-27,increase,4.7176230437741,3,2017-06-30,47.08,0.0,0,0.0,0,0.0,0,0.0,0,3.125,-3.125,3.125,-3.125,0.0,0.0,0.0,0.0
63,2017-06-27,increase,4.7176230437741,4,2017-07-03,49.13,0.0,0,0.0,0,0.0,0,0.0,0,3.125,-3.125,3.125,-3.125,0.0,0.0,0.0,0.0
63,2017-06-27,increase,4.7176230437741,5,2017-07-04,49.15,0.0,0,0.0,0,0.0,0,0.0,0,3.125,-3.125,3.125,-3.125,0.0,0.0,0.0,0.0
64,2017-11-06,increase,4.640182351025723,-5,2017-10-30,60.65,16.129032258064516,2,0.0,0,0.0,0,16.129032258064516,2,4.032258064516129,12.096774193548388,0.0,0.0,0.0,0.0,4.032258064516129,12.096774193548388
64,2017-11-06,increase,4.640182351025723,-4,2017-10-31,61.35,0.0,0,0.0,0,0.0,0,0.0,0,4.032258064516129,-4.032258064516129,0.0,0.0,0.0,0.0,4.032258064516129,-4.032258064516129
64,2017-11-06,increase,4.640182351025723,-3,2017-11-01,60.98,0.0,0,0.0,0,0.0,0,0.0,0,4.032258064516129,-4.032258064516129,0.0,0.0,0.0,0.0,4.032258064516129,-4.032258064516129
64,2017-11-06,increase,4.640182351025723,-2,2017-11-02,60.79,0.0,0,0.0,0,0.0,0,0.0,0,4.032258064516129,-4.032258064516129,0.0,0.0,0.0,0.0,4.032258064516129,-4.032258064516129
64,2017-11-06,increase,4.640182351025723,-1,2017-11-03,61.42,0.0,0,0.0,0,0.0,0,0.0,0,4.032258064516129,-4.032258064516129,0.0,0.0,0.0,0.0,4.032258064516129,-4.032258064516129
64,2017-11-06,increase,4.640182351025723,0,2017-11-06,64.27,0.0,0,0.0,0,0.0,0,0.0,0,4.032258064516129,-4.032258064516129,0.0,0.0,0.0,0.0,4.032258064516129,-4.032258064516129
64,2017-11-06,increase,4.640182351025723,1,2017-11-07,64.36,0.0,0,0.0,0,0.0,0,0.0,0,4.032258064516129,-4.032258064516129,0.0,0.0,0.0,0.0,4.032258064516129,-4.032258064516129
64,2017-11-06,increase,4.640182351025723,2,2017-11-08,63.96,0.0,0,0.0,0,0.0,0,0.0,0,4.032258064516129,-4.032258064516129,0.0,0.0,0.0,0.0,4.032258064516129,-4.032258064516129
64,2017-11-06,increase,4.640182351025723,3,2017-11-09,64.49,0.0,0,0.0,0,0.0,0,0.0,0,4.032258064516129,-4.032258064516129,0.0,0.0,0.0,0.0,4.032258064516129,-4.032258064516129
64,2017-11-06,increase,4.640182351025723,4,2017-11-10,64.35,0.0,0,0.0,0,0.0,0,0.0,0,4.032258064516129,-4.032258064516129,0.0,0.0,0.0,0.0,4.032258064516129,-4.032258064516129
64,2017-11-06,increase,4.640182351025723,5,2017-11-13,62.94,0.0,0,0.0,0,0.0,0,0.0,0,4.032258064516129,-4.032258064516129,0.0,0.0,0.0,0.0,4.032258064516129,-4.032258064516129
65,2018-05-09,increase,4.638619201725991,-5,2018-05-01,74.85,7.462686567164179,1,7.462686567164179,1,0.0,0,0.0,0,1.8656716417910448,5.597014925373134,1.8656716417910448,5.597014925373134,0.0,0.0,0.0,0.0
65,2018-05-09,increase,4.638619201725991,-4,2018-05-02,73.14,0.0,0,0.0,0,0.0,0,0.0,0,1.8656716417910448,-1.8656716417910448,1.8656716417910448,-1.8656716417910448,0.0,0.0,0.0,0.0
65,2018-05-09,increase,4.638619201725991,-3,2018-05-03,73.45,0.0,0,0.0,0,0.0,0,0.0,0,1.8656716417910448,-1.8656716417910448,1.8656716417910448,-1.8656716417910448,0.0,0.0,0.0,0.0
65,2018-05-09,increase,4.638619201725991,-2,2018-05-04,74.75,0.0,0,0.0,0,0.0,0,0.0,0,1.8656716417910448,-1.8656716417910448,1.8656716417910448,-1.8656716417910448,0.0,0.0,0.0,0.0
65,2018-05-09,increase,4.638619201725991,-1,2018-05-08,74.16,0.0,0,0.0,0,0.0,0,0.0,0,1.8656716417910448,-1.8656716417910448,1.8656716417910448,-1.8656716417910448,0.0,0.0,0.0,0.0
65,2018-05-09,increase,4.638619201725991,0,2018-05-09,77.6,0.0,0,0.0,0,0.0,0,0.0,0,1.8656716417910448,-1.8656716417910448,1.8656716417910448,-1.8656716417910448,0.0,0.0,0.0,0.0
65,2018-05-09,increase,4.638619201725991,1,2018-05-10,77.59,6.802721088435374,1,6.802721088435374,1,6.802721088435374,1,0.0,0,1.8656716417910448,4.937049446644329,1.8656716417910448,4.937049446644329,0.0,6.802721088435374,0.0,0.0
65,2018-05-09,increase,4.638619201725991,2,2018-05-11,77.37,0.0,0,0.0,0,0.0,0,0.0,0,1.8656716417910448,-1.8656716417910448,1.8656716417910448,-1.8656716417910448,0.0,0.0,0.0,0.0
65,2018-05-09,increase,4.638619201725991,3,2018-05-14,78.17,0.0,0,0.0,0,0.0,0,0.0,0,1.8656716417910448,-1.8656716417910448,1.8656716417910448,-1.8656716417910448,0.0,0.0,0.0,0.0
65,2018-05-09,increase,4.638619201725991,4,2018-05-15,78.94,24.793388429752067,3,16.528925619834713,2,8.264462809917356,1,0.0,0,1.8656716417910448,22.92771678796102,1.8656716417910448,14.663253978043668,0.0,8.264462809917356,0.0,0.0
65,2018-05-09,increase,4.638619201725991,5,2018-05-16,78.19,0.0,0,0.0,0,0.0,0,0.0,0,1.8656716417910448,-1.8656716417910448,1.8656716417910448,-1.8656716417910448,0.0,0.0,0.0,0.0
66,2019-01-02,increase,6.901324896183514,-5,2018-12-19,55.6,8.474576271186441,1,8.474576271186441,1,0.0,0,0.0,0,4.219484403931064,4.255091867255377,2.1186440677966103,6.3559322033898304,0.0,0.0,2.100840336134454,-2.100840336134454
66,2019-01-02,increase,6.901324896183514,-4,2018-12-20,52.84,8.403361344537815,1,0.0,0,0.0,0,8.403361344537815,1,4.219484403931064,4.183876940606751,2.1186440677966103,-2.1186440677966103,0.0,0.0,2.100840336134454,6.302521008403362
66,2019-01-02,increase,6.901324896183514,-3,2018-12-21,51.93,0.0,0,0.0,0,0.0,0,0.0,0,4.219484403931064,-4.219484403931064,2.1186440677966103,-2.1186440677966103,0.0,0.0,2.100840336134454,-2.100840336134454
66,2019-01-02,increase,6.901324896183514,-2,2018-12-27,51.49,0.0,0,0.0,0,0.0,0,0.0,0,4.219484403931064,-4.219484403931064,2.1186440677966103,-2.1186440677966103,0.0,0.0,2.100840336134454,-2.100840336134454
66,2019-01-02,increase,6.901324896183514,-1,2018-12-28,50.57,0.0,0,0.0,0,0.0,0,0.0,0,4.219484403931064,-4.219484403931064,2.1186440677966103,-2.1186440677966103,0.0,0.0,2.100840336134454,-2.100840336134454
66,2019-01-02,increase,6.901324896183514,0,2019-01-02,54.06,0.0,0,0.0,0,0.0,0,0.0,0,4.219484403931064,-4.219484403931064,2.1186440677966103,-2.1186440677966103,0.0,0.0,2.100840336134454,-2.100840336134454
66,2019-01-02,increase,6.901324896183514,1,2019-01-03,53.23,0.0,0,0.0,0,0.0,0,0.0,0,4.219484403931064,-4.219484403931064,2.1186440677966103,-2.1186440677966103,0.0,0.0,2.100840336134454,-2.100840336134454
66,2019-01-02,increase,6.901324896183514,2,2019-01-04,55.64,0.0,0,0.0,0,0.0,0,0.0,0,4.219484403931064,-4.219484403931064,2.1186440677966103,-2.1186440677966103,0.0,0.0,2.100840336134454,-2.100840336134454
66,2019-01-02,increase,6.901324896183514,3,2019-01-07,57.1,0.0,0,0.0,0,0.0,0,0.0,0,4.219484403931064,-4.219484403931064,2.1186440677966103,-2.1186440677966103,0.0,0.0,2.100840336134454,-2.100840336134454
66,2019-01-02,increase,6.901324896183514,4,2019-01-08,56.91,0.0,0,0.0,0,0.0,0,0.0,0,4.219484403931064,-4.219484403931064,2.1186440677966103,-2.1186440677966103,0.0,0.0,2.100840336134454,-2.100840336134454
66,2019-01-02,increase,6.901324896183514,5,2019-01-09,59.46,0.0,0,0.0,0,0.0,0,0.0,0,4.219484403931064,-4.219484403931064,2.1186440677966103,-2.1186440677966103,0.0,0.0,2.100840336134454,-2.100840336134454
67,2019-04-26,decrease,5.217507339204697,-5,2019-04-18,70.71,8.064516129032258,1,0.0,0,0.0,0,8.064516129032258,1,4.9573055028463,3.1072106261859584,2.941176470588235,-2.941176470588235,2.941176470588235,-2.941176470588235,2.0161290322580645,6.048387096774194
67,2019-04-26,decrease,5.217507339204697,-4,2019-04-22,70.71,0.0,0,0.0,0,0.0,0,0.0,0,4.9573055028463,-4.9573055028463,2.941176470588235,-2.941176470588235,2.941176470588235,-2.941176470588235,2.0161290322580645,-2.0161290322580645
67,2019-04-26,decrease,5.217507339204697,-3,2019-04-23,74.39,11.76470588235294,1,11.76470588235294,1,11.76470588235294,1,0.0,0,4.9573055028463,6.807400379506641,2.941176470588235,8.823529411764705,2.941176470588235,8.823529411764705,2.0161290322580645,-2.0161290322580645
67,2019-04-26,decrease,5.217507339204697,-2,2019-04-24,73.59,0.0,0,0.0,0,0.0,0,0.0,0,4.9573055028463,-4.9573055028463,2.941176470588235,-2.941176470588235,2.941176470588235,-2.941176470588235,2.0161290322580645,-2.0161290322580645
67,2019-04-26,decrease,5.217507339204697,-1,2019-04-25,74.94,0.0,0,0.0,0,0.0,0,0.0,0,4.9573055028463,-4.9573055028463,2.941176470588235,-2.941176470588235,2.941176470588235,-2.941176470588235,2.0161290322580645,-2.0161290322580645
67,2019-04-26,decrease,5.217507339204697,0,2019-04-26,71.03,0.0,0,0.0,0,0.0,0,0.0,0,4.9573055028463,-4.9573055028463,2.941176470588235,-2.941176470588235,2.941176470588235,-2.941176470588235,2.0161290322580645,-2.0161290322580645
67,2019-04-26,decrease,5.217507339204697,1,2019-04-29,71.22,0.0,0,0.0,0,0.0,0,0.0,0,4.9573055028463,-4.9573055028463,2.941176470588235,-2.941176470588235,2.941176470588235,-2.941176470588235,2.0161290322580645,-2.0161290322580645
67,2019-04-26,decrease,5.217507339204697,2,2019-04-30,72.19,0.0,0,0.0,0,0.0,0,0.0,0,4.9573055028463,-4.9573055028463,2.941176470588235,-2.941176470588235,2.941176470588235,-2.941176470588235,2.0161290322580645,-2.0161290322580645
67,2019-04-26,decrease,5.217507339204697,3,2019-05-01,72.01,0.0,0,0.0,0,0.0,0,0.0,0,4.9573055028463,-4.9573055028463,2.941176470588235,-2.941176470588235,2.941176470588235,-2.941176470588235,2.0161290322580645,-2.0161290322580645
67,2019-04-26,decrease,5.217507339204697,4,2019-05-02,70.56,0.0,0,0.0,0,0.0,0,0.0,0,4.9573055028463,-4.9573055028463,2.941176470588235,-2.941176470588235,2.941176470588235,-2.941176470588235,2.0161290322580645,-2.0161290322580645
67,2019-04-26,decrease,5.217507339204697,5,2019-05-03,71.95,0.0,0,0.0,0,0.0,0,0.0,0,4.9573055028463,-4.9573055028463,2.941176470588235,-2.941176470588235,2.941176470588235,-2.941176470588235,2.0161290322580645,-2.0161290322580645
68,2019-06-03,decrease,5.420784666067691,-5,2019-05-24,67.98,0.0,0,0.0,0,0.0,0,0.0,0,0.0,0.0,0.0,0.0,0.0,0.0,0.0,0.0
68,2019-06-03,decrease,5.420784666067691,-4,2019-05-28,70.19,0.0,0,0.0,0,0.0,0,0.0,0,0.0,0.0,0.0,0.0,0.0,0.0,0.0,0.0
68,2019-06-03,decrease,5.420784666067691,-3,2019-05-29,70.64,0.0,0,0.0,0,0.0,0,0.0,0,0.0,0.0,0.0,0.0,0.0,0.0,0.0,0.0
68,2019-06-03,decrease,5.420784666067691,-2,2019-05-30,69.55,0.0,0,0.0,0,0.0,0,0.0,0,0.0,0.0,0.0,0.0,0.0,0.0,0.0,0.0
68,2019-06-03,decrease,5.420784666067691,-1,2019-05-31,66.78,0.0,0,0.0,0,0.0,0,0.0,0,0.0,0.0,0.0,0.0,0.0,0.0,0.0,0.0
68,2019-06-03,decrease,5.420784666067691,0,2019-06-03,63.16,0.0,0,0.0,0,0.0,0,0.0,0,0.0,0.0,0.0,0.0,0.0,0.0,0.0,0.0
68,2019-06-03,decrease,5.420784666067691,1,2019-06-04,63.56,0.0,0,0.0,0,0.0,0,0.0,0,0.0,0.0,0.0,0.0,0.0,0.0,0.0,0.0
68,2019-06-03,decrease,5.420784666067691,2,2019-06-05,62.14,0.0,0,0.0,0,0.0,0,0.0,0,0.0,0.0,0.0,0.0,0.0,0.0,0.0,0.0
68,2019-06-03,decrease,5.420784666067691,3,2019-06-06,62.77,0.0,0,0.0,0,0.0,0,0.0,0,0.0,0.0,0.0,0.0,0.0,0.0,0.0,0.0
68,2019-06-03,decrease,5.420784666067691,4,2019-06-07,64.1,18.18181818181818,2,9.09090909090909,1,9.09090909090909,1,9.09090909090909,1,0.0,18.18181818181818,0.0,9.09090909090909,0.0,9.09090909090909,0.0,9.09090909090909
68,2019-06-03,decrease,5.420784666067691,5,2019-06-10,64.31,0.0,0,0.0,0,0.0,0,0.0,0,0.0,0.0,0.0,0.0,0.0,0.0,0.0,0.0
69,2019-07-18,decrease,4.664677242029214,-5,2019-07-11,67.64,0.0,0,0.0,0,0.0,0,0.0,0,0.0,0.0,0.0,0.0,0.0,0.0,0.0,0.0
69,2019-07-18,decrease,4.664677242029214,-4,2019-07-12,66.65,0.0,0,0.0,0,0.0,0,0.0,0,0.0,0.0,0.0,0.0,0.0,0.0,0.0,0.0
69,2019-07-18,decrease,4.664677242029214,-3,2019-07-15,66.86,0.0,0,0.0,0,0.0,0,0.0,0,0.0,0.0,0.0,0.0,0.0,0.0,0.0,0.0
69,2019-07-18,decrease,4.664677242029214,-2,2019-07-16,65.87,0.0,0,0.0,0,0.0,0,0.0,0,0.0,0.0,0.0,0.0,0.0,0.0,0.0,0.0
69,2019-07-18,decrease,4.664677242029214,-1,2019-07-17,63.67,0.0,0,0.0,0,0.0,0,0.0,0,0.0,0.0,0.0,0.0,0.0,0.0,0.0,0.0
69,2019-07-18,decrease,4.664677242029214,0,2019-07-18,60.7,0.0,0,0.0,0,0.0,0,0.0,0,0.0,0.0,0.0,0.0,0.0,0.0,0.0,0.0
69,2019-07-18,decrease,4.664677242029214,1,2019-07-19,61.04,8.771929824561402,1,0.0,0,8.771929824561402,1,0.0,0,0.0,8.771929824561402,0.0,0.0,0.0,8.771929824561402,0.0,0.0
69,2019-07-18,decrease,4.664677242029214,2,2019-07-22,61.96,0.0,0,0.0,0,0.0,0,0.0,0,0.0,0.0,0.0,0.0,0.0,0.0,0.0,0.0
69,2019-07-18,decrease,4.664677242029214,3,2019-07-23,62.28,0.0,0,0.0,0,0.0,0,0.0,0,0.0,0.0,0.0,0.0,0.0,0.0,0.0,0.0
69,2019-07-18,decrease,4.664677242029214,4,2019-07-24,63.83,0.0,0,0.0,0,0.0,0,0.0,0,0.0,0.0,0.0,0.0,0.0,0.0,0.0,0.0
69,2019-07-18,decrease,4.664677242029214,5,2019-07-25,63.47,0.0,0,0.0,0,0.0,0,0.0,0,0.0,0.0,0.0,0.0,0.0,0.0,0.0,0.0
70,2019-08-07,decrease,6.140201262152489,-5,2019-07-31,64.07,0.0,0,0.0,0,0.0,0,0.0,0,0.0,0.0,0.0,0.0,0.0,0.0,0.0,0.0
70,2019-08-07,decrease,6.140201262152489,-4,2019-08-01,62.9,0.0,0,0.0,0,0.0,0,0.0,0,0.0,0.0,0.0,0.0,0.0,0.0,0.0,0.0
70,2019-08-07,decrease,6.140201262152489,-3,2019-08-02,61.12,0.0,0,0.0,0,0.0,0,0.0,0,0.0,0.0,0.0,0.0,0.0,0.0,0.0,0.0
70,2019-08-07,decrease,6.140201262152489,-2,2019-08-05,59.32,0.0,0,0.0,0,0.0,0,0.0,0,0.0,0.0,0.0,0.0,0.0,0.0,0.0,0.0
70,2019-08-07,decrease,6.140201262152489,-1,2019-08-06,58.63,0.0,0,0.0,0,0.0,0,0.0,0,0.0,0.0,0.0,0.0,0.0,0.0,0.0,0.0
70,2019-08-07,decrease,6.140201262152489,0,2019-08-07,55.03,0.0,0,0.0,0,0.0,0,0.0,0,0.0,0.0,0.0,0.0,0.0,0.0,0.0,0.0
70,2019-08-07,decrease,6.140201262152489,1,2019-08-08,56.29,0.0,0,0.0,0,0.0,0,0.0,0,0.0,0.0,0.0,0.0,0.0,0.0,0.0,0.0
70,2019-08-07,decrease,6.140201262152489,2,2019-08-09,57.37,0.0,0,0.0,0,0.0,0,0.0,0,0.0,0.0,0.0,0.0,0.0,0.0,0.0,0.0
70,2019-08-07,decrease,6.140201262152489,3,2019-08-12,57.13,11.11111111111111,1,0.0,0,11.11111111111111,1,0.0,0,0.0,11.11111111111111,0.0,0.0,0.0,11.11111111111111,0.0,0.0
70,2019-08-07,decrease,6.140201262152489,4,2019-08-13,59.9,0.0,0,0.0,0,0.0,0,0.0,0,0.0,0.0,0.0,0.0,0.0,0.0,0.0,0.0
70,2019-08-07,decrease,6.140201262152489,5,2019-08-14,57.86,0.0,0,0.0,0,0.0,0,0.0,0,0.0,0.0,0.0,0.0,0.0,0.0,0.0,0.0
71,2019-09-16,increase,11.706122448979595,-5,2019-09-09,63.99,0.0,0,0.0,0,0.0,0,0.0,0,0.0,0.0,0.0,0.0,0.0,0.0,0.0,0.0
71,2019-09-16,increase,11.706122448979595,-4,2019-09-10,64.67,0.0,0,0.0,0,0.0,0,0.0,0,0.0,0.0,0.0,0.0,0.0,0.0,0.0,0.0
71,2019-09-16,increase,11.706122448979595,-3,2019-09-11,63.02,0.0,0,0.0,0,0.0,0,0.0,0,0.0,0.0,0.0,0.0,0.0,0.0,0.0,0.0
71,2019-09-16,increase,11.706122448979595,-2,2019-09-12,60.76,0.0,0,0.0,0,0.0,0,0.0,0,0.0,0.0,0.0,0.0,0.0,0.0,0.0,0.0
71,2019-09-16,increase,11.706122448979595,-1,2019-09-13,61.25,0.0,0,0.0,0,0.0,0,0.0,0,0.0,0.0,0.0,0.0,0.0,0.0,0.0,0.0
71,2019-09-16,increase,11.706122448979595,0,2019-09-16,68.42,11.11111111111111,1,11.11111111111111,1,11.11111111111111,1,0.0,0,0.0,11.11111111111111,0.0,11.11111111111111,0.0,11.11111111111111,0.0,0.0
71,2019-09-16,increase,11.706122448979595,1,2019-09-17,65.59,20.202020202020204,2,10.101010101010102,1,10.101010101010102,1,0.0,0,0.0,20.202020202020204,0.0,10.101010101010102,0.0,10.101010101010102,0.0,0.0
71,2019-09-16,increase,11.706122448979595,2,2019-09-18,64.29,29.12621359223301,3,19.41747572815534,2,19.41747572815534,2,0.0,0,0.0,29.12621359223301,0.0,19.41747572815534,0.0,19.41747572815534,0.0,0.0
71,2019-09-16,increase,11.706122448979595,3,2019-09-19,64.25,8.333333333333334,1,0.0,0,8.333333333333334,1,0.0,0,0.0,8.333333333333334,0.0,0.0,0.0,8.333333333333334,0.0,0.0
71,2019-09-16,increase,11.706122448979595,4,2019-09-20,65.23,0.0,0,0.0,0,0.0,0,0.0,0,0.0,0.0,0.0,0.0,0.0,0.0,0.0,0.0
71,2019-09-16,increase,11.706122448979595,5,2019-09-23,64.66,0.0,0,0.0,0,0.0,0,0.0,0,0.0,0.0,0.0,0.0,0.0,0.0,0.0,0.0
72,2020-02-03,decrease,6.525878483642034,-5,2020-01-27,58.54,0.0,0,0.0,0,0.0,0,0.0,0,0.0,0.0,0.0,0.0,0.0,0.0,0.0,0.0
72,2020-02-03,decrease,6.525878483642034,-4,2020-01-28,59.37,0.0,0,0.0,0,0.0,0,0.0,0,0.0,0.0,0.0,0.0,0.0,0.0,0.0,0.0
72,2020-02-03,decrease,6.525878483642034,-3,2020-01-29,59.46,0.0,0,0.0,0,0.0,0,0.0,0,0.0,0.0,0.0,0.0,0.0,0.0,0.0,0.0
72,2020-02-03,decrease,6.525878483642034,-2,2020-01-30,57.72,0.0,0,0.0,0,0.0,0,0.0,0,0.0,0.0,0.0,0.0,0.0,0.0,0.0,0.0
72,2020-02-03,decrease,6.525878483642034,-1,2020-01-31,57.77,0.0,0,0.0,0,0.0,0,0.0,0,0.0,0.0,0.0,0.0,0.0,0.0,0.0,0.0
72,2020-02-03,decrease,6.525878483642034,0,2020-02-03,54.0,0.0,0,0.0,0,0.0,0,0.0,0,0.0,0.0,0.0,0.0,0.0,0.0,0.0,0.0
72,2020-02-03,decrease,6.525878483642034,1,2020-02-04,53.9,0.0,0,0.0,0,0.0,0,0.0,0,0.0,0.0,0.0,0.0,0.0,0.0,0.0,0.0
72,2020-02-03,decrease,6.525878483642034,2,2020-02-05,55.36,0.0,0,0.0,0,0.0,0,0.0,0,0.0,0.0,0.0,0.0,0.0,0.0,0.0,0.0
72,2020-02-03,decrease,6.525878483642034,3,2020-02-06,55.18,0.0,0,0.0,0,0.0,0,0.0,0,0.0,0.0,0.0,0.0,0.0,0.0,0.0,0.0
72,2020-02-03,decrease,6.525878483642034,4,2020-02-07,54.53,0.0,0,0.0,0,0.0,0,0.0,0,0.0,0.0,0.0,0.0,0.0,0.0,0.0,0.0
72,2020-02-03,decrease,6.525878483642034,5,2020-02-10,53.39,0.0,0,0.0,0,0.0,0,0.0,0,0.0,0.0,0.0,0.0,0.0,0.0,0.0,0.0
73,2020-04-22,increase,50.986842105263165,-5,2020-04-15,19.8,0.0,0,0.0,0,0.0,0,0.0,0,2.3584905660377355,-2.3584905660377355,0.0,0.0,0.0,0.0,2.3584905660377355,-2.3584905660377355
73,2020-04-22,increase,50.986842105263165,-4,2020-04-16,18.69,0.0,0,0.0,0,0.0,0,0.0,0,2.3584905660377355,-2.3584905660377355,0.0,0.0,0.0,0.0,2.3584905660377355,-2.3584905660377355
73,2020-04-22,increase,50.986842105263165,-3,2020-04-17,19.75,9.433962264150942,1,0.0,0,0.0,0,9.433962264150942,1,2.3584905660377355,7.075471698113207,0.0,0.0,0.0,0.0,2.3584905660377355,7.075471698113207
73,2020-04-22,increase,50.986842105263165,-2,2020-04-20,17.36,0.0,0,0.0,0,0.0,0,0.0,0,2.3584905660377355,-2.3584905660377355,0.0,0.0,0.0,0.0,2.3584905660377355,-2.3584905660377355
73,2020-04-22,increase,50.986842105263165,-1,2020-04-21,9.12,32.25806451612903,4,24.19354838709677,3,0.0,0,16.129032258064516,2,2.3584905660377355,29.899573950091295,0.0,24.19354838709677,0.0,0.0,2.3584905660377355,13.77054169202678
73,2020-04-22,increase,50.986842105263165,0,2020-04-22,13.77,23.4375,3,23.4375,3,7.8125,1,7.8125,1,2.3584905660377355,21.079009433962263,0.0,23.4375,0.0,7.8125,2.3584905660377355,5.4540094339622645
73,2020-04-22,increase,50.986842105263165,1,2020-04-23,15.06,16.129032258064516,2,16.129032258064516,2,0.0,0,0.0,0,2.3584905660377355,13.77054169202678,0.0,16.129032258064516,0.0,0.0,2.3584905660377355,-2.3584905660377355
73,2020-04-22,increase,50.986842105263165,2,2020-04-24,15.87,7.874015748031496,1,0.0,0,0.0,0,7.874015748031496,1,2.3584905660377355,5.515525181993761,0.0,0.0,0.0,0.0,2.3584905660377355,5.515525181993761
73,2020-04-22,increase,50.986842105263165,3,2020-04-27,15.17,0.0,0,0.0,0,0.0,0,0.0,0,2.3584905660377355,-2.3584905660377355,0.0,0.0,0.0,0.0,2.3584905660377355,-2.3584905660377355
73,2020-04-22,increase,50.986842105263165,4,2020-04-28,15.6,0.0,0,0.0,0,0.0,0,0.0,0,2.3584905660377355,-2.3584905660377355,0.0,0.0,0.0,0.0,2.3584905660377355,-2.3584905660377355
73,2020-04-22,increase,50.986842105263165,5,2020-04-29,17.86,16.0,2,8.0,1,0.0,0,8.0,1,2.3584905660377355,13.641509433962264,0.0,8.0,0.0,0.0,2.3584905660377355,5.6415094339622645
74,2020-09-02,decrease,6.605424321959752,-5,2020-08-25,46.01,0.0,0,0.0,0,0.0,0,0.0,0,0.0,0.0,0.0,0.0,0.0,0.0,0.0,0.0
74,2020-09-02,decrease,6.605424321959752,-4,2020-08-26,45.79,0.0,0,0.0,0,0.0,0,0.0,0,0.0,0.0,0.0,0.0,0.0,0.0,0.0,0.0
74,2020-09-02,decrease,6.605424321959752,-3,2020-08-27,44.84,0.0,0,0.0,0,0.0,0,0.0,0,0.0,0.0,0.0,0.0,0.0,0.0,0.0,0.0
74,2020-09-02,decrease,6.605424321959752,-2,2020-08-28,45.22,0.0,0,0.0,0,0.0,0,0.0,0,0.0,0.0,0.0,0.0,0.0,0.0,0.0,0.0
74,2020-09-02,decrease,6.605424321959752,-1,2020-09-01,45.72,0.0,0,0.0,0,0.0,0,0.0,0,0.0,0.0,0.0,0.0,0.0,0.0,0.0,0.0
74,2020-09-02,decrease,6.605424321959752,0,2020-09-02,42.7,0.0,0,0.0,0,0.0,0,0.0,0,0.0,0.0,0.0,0.0,0.0,0.0,0.0,0.0
74,2020-09-02,decrease,6.605424321959752,1,2020-09-03,42.72,0.0,0,0.0,0,0.0,0,0.0,0,0.0,0.0,0.0,0.0,0.0,0.0,0.0,0.0
74,2020-09-02,decrease,6.605424321959752,2,2020-09-04,41.1,0.0,0,0.0,0,0.0,0,0.0,0,0.0,0.0,0.0,0.0,0.0,0.0,0.0,0.0
74,2020-09-02,decrease,6.605424321959752,3,2020-09-07,40.67,0.0,0,0.0,0,0.0,0,0.0,0,0.0,0.0,0.0,0.0,0.0,0.0,0.0,0.0
74,2020-09-02,decrease,6.605424321959752,4,2020-09-08,38.53,0.0,0,0.0,0,0.0,0,0.0,0,0.0,0.0,0.0,0.0,0.0,0.0,0.0,0.0
74,2020-09-02,decrease,6.605424321959752,5,2020-09-09,39.98,0.0,0,0.0,0,0.0,0,0.0,0,0.0,0.0,0.0,0.0,0.0,0.0,0.0,0.0
75,2020-10-05,increase,4.684210526315802,-5,2020-09-28,41.59,0.0,0,0.0,0,0.0,0,0.0,0,0.0,0.0,0.0,0.0,0.0,0.0,0.0,0.0
75,2020-10-05,increase,4.684210526315802,-4,2020-09-29,40.33,0.0,0,0.0,0,0.0,0,0.0,0,0.0,0.0,0.0,0.0,0.0,0.0,0.0,0.0
75,2020-10-05,increase,4.684210526315802,-3,2020-09-30,40.3,0.0,0,0.0,0,0.0,0,0.0,0,0.0,0.0,0.0,0.0,0.0,0.0,0.0,0.0
75,2020-10-05,increase,4.684210526315802,-2,2020-10-01,39.75,0.0,0,0.0,0,0.0,0,0.0,0,0.0,0.0,0.0,0.0,0.0,0.0,0.0,0.0
75,2020-10-05,increase,4.684210526315802,-1,2020-10-02,38.0,0.0,0,0.0,0,0.0,0,0.0,0,0.0,0.0,0.0,0.0,0.0,0.0,0.0,0.0
75,2020-10-05,increase,4.684210526315802,0,2020-10-05,39.78,0.0,0,0.0,0,0.0,0,0.0,0,0.0,0.0,0.0,0.0,0.0,0.0,0.0,0.0
75,2020-10-05,increase,4.684210526315802,1,2020-10-06,41.27,0.0,0,0.0,0,0.0,0,0.0,0,0.0,0.0,0.0,0.0,0.0,0.0,0.0,0.0
75,2020-10-05,increase,4.684210526315802,2,2020-10-07,40.62,0.0,0,0.0,0,0.0,0,0.0,0,0.0,0.0,0.0,0.0,0.0,0.0,0.0,0.0
75,2020-10-05,increase,4.684210526315802,3,2020-10-08,42.0,0.0,0,0.0,0,0.0,0,0.0,0,0.0,0.0,0.0,0.0,0.0,0.0,0.0,0.0
75,2020-10-05,increase,4.684210526315802,4,2020-10-09,41.63,0.0,0,0.0,0,0.0,0,0.0,0,0.0,0.0,0.0,0.0,0.0,0.0,0.0,0.0
75,2020-10-05,increase,4.684210526315802,5,2020-10-12,40.5,0.0,0,0.0,0,0.0,0,0.0,0,0.0,0.0,0.0,0.0,0.0,0.0,0.0,0.0
76,2020-11-09,increase,7.484243697478998,-5,2020-11-02,37.78,0.0,0,0.0,0,0.0,0,0.0,0,0.0,0.0,0.0,0.0,0.0,0.0,0.0,0.0
76,2020-11-09,increase,7.484243697478998,-4,2020-11-03,38.17,0.0,0,0.0,0,0.0,0,0.0,0,0.0,0.0,0.0,0.0,0.0,0.0,0.0,0.0
76,2020-11-09,increase,7.484243697478998,-3,2020-11-04,39.68,0.0,0,0.0,0,0.0,0,0.0,0,0.0,0.0,0.0,0.0,0.0,0.0,0.0,0.0
76,2020-11-09,increase,7.484243697478998,-2,2020-11-05,39.47,0.0,0,0.0,0,0.0,0,0.0,0,0.0,0.0,0.0,0.0,0.0,0.0,0.0,0.0
76,2020-11-09,increase,7.484243697478998,-1,2020-11-06,38.08,0.0,0,0.0,0,0.0,0,0.0,0,0.0,0.0,0.0,0.0,0.0,0.0,0.0,0.0
76,2020-11-09,increase,7.484243697478998,0,2020-11-09,40.93,0.0,0,0.0,0,0.0,0,0.0,0,0.0,0.0,0.0,0.0,0.0,0.0,0.0,0.0
76,2020-11-09,increase,7.484243697478998,1,2020-11-10,42.25,0.0,0,0.0,0,0.0,0,0.0,0,0.0,0.0,0.0,0.0,0.0,0.0,0.0,0.0
76,2020-11-09,increase,7.484243697478998,2,2020-11-11,42.5,0.0,0,0.0,0,0.0,0,0.0,0,0.0,0.0,0.0,0.0,0.0,0.0,0.0,0.0
76,2020-11-09,increase,7.484243697478998,3,2020-11-12,42.16,0.0,0,0.0,0,0.0,0,0.0,0,0.0,0.0,0.0,0.0,0.0,0.0,0.0,0.0
76,2020-11-09,increase,7.484243697478998,4,2020-11-13,41.51,0.0,0,0.0,0,0.0,0,0.0,0,0.0,0.0,0.0,0.0,0.0,0.0,0.0,0.0
76,2020-11-09,increase,7.484243697478998,5,2020-11-16,42.71,0.0,0,0.0,0,0.0,0,0.0,0,0.0,0.0,0.0,0.0,0.0,0.0,0.0,0.0
77,2021-01-05,increase,5.539011316259668,-5,2020-12-28,50.88,0.0,0,0.0,0,0.0,0,0.0,0,0.0,0.0,0.0,0.0,0.0,0.0,0.0,0.0
77,2021-01-05,increase,5.539011316259668,-4,2020-12-29,50.44,0.0,0,0.0,0,0.0,0,0.0,0,0.0,0.0,0.0,0.0,0.0,0.0,0.0,0.0
77,2021-01-05,increase,5.539011316259668,-3,2020-12-30,50.74,0.0,0,0.0,0,0.0,0,0.0,0,0.0,0.0,0.0,0.0,0.0,0.0,0.0,0.0
77,2021-01-05,increase,5.539011316259668,-2,2020-12-31,51.22,0.0,0,0.0,0,0.0,0,0.0,0,0.0,0.0,0.0,0.0,0.0,0.0,0.0,0.0
77,2021-01-05,increase,5.539011316259668,-1,2021-01-04,50.37,0.0,0,0.0,0,0.0,0,0.0,0,0.0,0.0,0.0,0.0,0.0,0.0,0.0,0.0
77,2021-01-05,increase,5.539011316259668,0,2021-01-05,53.16,0.0,0,0.0,0,0.0,0,0.0,0,0.0,0.0,0.0,0.0,0.0,0.0,0.0,0.0
77,2021-01-05,increase,5.539011316259668,1,2021-01-06,53.8,9.174311926605505,1,0.0,0,0.0,0,9.174311926605505,1,0.0,9.174311926605505,0.0,0.0,0.0,0.0,0.0,9.174311926605505
77,2021-01-05,increase,5.539011316259668,2,2021-01-07,53.7,0.0,0,0.0,0,0.0,0,0.0,0,0.0,0.0,0.0,0.0,0.0,0.0,0.0,0.0
77,2021-01-05,increase,5.539011316259668,3,2021-01-08,55.51,0.0,0,0.0,0,0.0,0,0.0,0,0.0,0.0,0.0,0.0,0.0,0.0,0.0,0.0
77,2021-01-05,increase,5.539011316259668,4,2021-01-11,54.84,0.0,0,0.0,0,0.0,0,0.0,0,0.0,0.0,0.0,0.0,0.0,0.0,0.0,0.0
77,2021-01-05,increase,5.539011316259668,5,2021-01-12,55.98,0.0,0,0.0,0,0.0,0,0.0,0,0.0,0.0,0.0,0.0,0.0,0.0,0.0,0.0
78,2021-03-18,decrease,8.297652443525772,-5,2021-03-11,69.34,0.0,0,0.0,0,0.0,0,0.0,0,0.0,0.0,0.0,0.0,0.0,0.0,0.0,0.0
78,2021-03-18,decrease,8.297652443525772,-4,2021-03-12,68.87,0.0,0,0.0,0,0.0,0,0.0,0,0.0,0.0,0.0,0.0,0.0,0.0,0.0,0.0
78,2021-03-18,decrease,8.297652443525772,-3,2021-03-15,68.78,0.0,0,0.0,0,0.0,0,0.0,0,0.0,0.0,0.0,0.0,0.0,0.0,0.0,0.0
78,2021-03-18,decrease,8.297652443525772,-2,2021-03-16,67.95,0.0,0,0.0,0,0.0,0,0.0,0,0.0,0.0,0.0,0.0,0.0,0.0,0.0,0.0
78,2021-03-18,decrease,8.297652443525772,-1,2021-03-17,67.73,0.0,0,0.0,0,0.0,0,0.0,0,0.0,0.0,0.0,0.0,0.0,0.0,0.0,0.0
78,2021-03-18,decrease,8.297652443525772,0,2021-03-18,62.11,0.0,0,0.0,0,0.0,0,0.0,0,0.0,0.0,0.0,0.0,0.0,0.0,0.0,0.0
78,2021-03-18,decrease,8.297652443525772,1,2021-03-19,64.0,0.0,0,0.0,0,0.0,0,0.0,0,0.0,0.0,0.0,0.0,0.0,0.0,0.0,0.0
78,2021-03-18,decrease,8.297652443525772,2,2021-03-22,63.89,0.0,0,0.0,0,0.0,0,0.0,0,0.0,0.0,0.0,0.0,0.0,0.0,0.0,0.0
78,2021-03-18,decrease,8.297652443525772,3,2021-03-23,59.96,0.0,0,0.0,0,0.0,0,0.0,0,0.0,0.0,0.0,0.0,0.0,0.0,0.0,0.0
78,2021-03-18,decrease,8.297652443525772,4,2021-03-24,63.7,16.666666666666668,1,16.666666666666668,1,0.0,0,0.0,0,0.0,16.666666666666668,0.0,16.666666666666668,0.0,0.0,0.0,0.0
78,2021-03-18,decrease,8.297652443525772,5,2021-03-25,61.21,0.0,0,0.0,0,0.0,0,0.0,0,0.0,0.0,0.0,0.0,0.0,0.0,0.0,0.0
79,2021-04-14,increase,5.220436097405701,-5,2021-04-07,61.86,0.0,0,0.0,0,0.0,0,0.0,0,0.0,0.0,0.0,0.0,0.0,0.0,0.0,0.0
79,2021-04-14,increase,5.220436097405701,-4,2021-04-08,62.09,0.0,0,0.0,0,0.0,0,0.0,0,0.0,0.0,0.0,0.0,0.0,0.0,0.0,0.0
79,2021-04-14,increase,5.220436097405701,-3,2021-04-09,61.89,0.0,0,0.0,0,0.0,0,0.0,0,0.0,0.0,0.0,0.0,0.0,0.0,0.0,0.0
79,2021-04-14,increase,5.220436097405701,-2,2021-04-12,62.38,0.0,0,0.0,0,0.0,0,0.0,0,0.0,0.0,0.0,0.0,0.0,0.0,0.0,0.0
79,2021-04-14,increase,5.220436097405701,-1,2021-04-13,62.83,0.0,0,0.0,0,0.0,0,0.0,0,0.0,0.0,0.0,0.0,0.0,0.0,0.0,0.0
79,2021-04-14,increase,5.220436097405701,0,2021-04-14,66.11,0.0,0,0.0,0,0.0,0,0.0,0,0.0,0.0,0.0,0.0,0.0,0.0,0.0,0.0
79,2021-04-14,increase,5.220436097405701,1,2021-04-15,66.13,0.0,0,0.0,0,0.0,0,0.0,0,0.0,0.0,0.0,0.0,0.0,0.0,0.0,0.0
79,2021-04-14,increase,5.220436097405701,2,2021-04-16,65.98,0.0,0,0.0,0,0.0,0,0.0,0,0.0,0.0,0.0,0.0,0.0,0.0,0.0,0.0
79,2021-04-14,increase,5.220436097405701,3,2021-04-19,66.54,0.0,0,0.0,0,0.0,0,0.0,0,0.0,0.0,0.0,0.0,0.0,0.0,0.0,0.0
79,2021-04-14,increase,5.220436097405701,4,2021-04-20,65.34,0.0,0,0.0,0,0.0,0,0.0,0,0.0,0.0,0.0,0.0,0.0,0.0,0.0,0.0
79,2021-04-14,increase,5.220436097405701,5,2021-04-21,64.02,0.0,0,0.0,0,0.0,0,0.0,0,0.0,0.0,0.0,0.0,0.0,0.0,0.0,0.0
80,2021-07-19,decrease,6.88960515713134,-5,2021-07-12,76.77,0.0,0,0.0,0,0.0,0,0.0,0,0.0,0.0,0.0,0.0,0.0,0.0,0.0,0.0
80,2021-07-19,decrease,6.88960515713134,-4,2021-07-13,77.5,0.0,0,0.0,0,0.0,0,0.0,0,0.0,0.0,0.0,0.0,0.0,0.0,0.0,0.0
80,2021-07-19,decrease,6.88960515713134,-3,2021-07-14,75.74,0.0,0,0.0,0,0.0,0,0.0,0,0.0,0.0,0.0,0.0,0.0,0.0,0.0,0.0
80,2021-07-19,decrease,6.88960515713134,-2,2021-07-15,74.53,0.0,0,0.0,0,0.0,0,0.0,0,0.0,0.0,0.0,0.0,0.0,0.0,0.0,0.0
80,2021-07-19,decrease,6.88960515713134,-1,2021-07-16,74.46,0.0,0,0.0,0,0.0,0,0.0,0,0.0,0.0,0.0,0.0,0.0,0.0,0.0,0.0
80,2021-07-19,decrease,6.88960515713134,0,2021-07-19,69.33,0.0,0,0.0,0,0.0,0,0.0,0,0.0,0.0,0.0,0.0,0.0,0.0,0.0,0.0
80,2021-07-19,decrease,6.88960515713134,1,2021-07-20,70.03,0.0,0,0.0,0,0.0,0,0.0,0,0.0,0.0,0.0,0.0,0.0,0.0,0.0,0.0
80,2021-07-19,decrease,6.88960515713134,2,2021-07-21,72.54,0.0,0,0.0,0,0.0,0,0.0,0,0.0,0.0,0.0,0.0,0.0,0.0,0.0,0.0
80,2021-07-19,decrease,6.88960515713134,3,2021-07-22,74.25,0.0,0,0.0,0,0.0,0,0.0,0,0.0,0.0,0.0,0.0,0.0,0.0,0.0,0.0
80,2021-07-19,decrease,6.88960515713134,4,2021-07-23,74.86,0.0,0,0.0,0,0.0,0,0.0,0,0.0,0.0,0.0,0.0,0.0,0.0,0.0,0.0
80,2021-07-19,decrease,6.88960515713134,5,2021-07-26,74.79,0.0,0,0.0,0,0.0,0,0.0,0,0.0,0.0,0.0,0.0,0.0,0.0,0.0,0.0
81,2021-08-23,increase,5.43428484200883,-5,2021-08-16,70.07,0.0,0,0.0,0,0.0,0,0.0,0,0.0,0.0,0.0,0.0,0.0,0.0,0.0,0.0
81,2021-08-23,increase,5.43428484200883,-4,2021-08-17,69.4,0.0,0,0.0,0,0.0,0,0.0,0,0.0,0.0,0.0,0.0,0.0,0.0,0.0,0.0
81,2021-08-23,increase,5.43428484200883,-3,2021-08-18,68.61,0.0,0,0.0,0,0.0,0,0.0,0,0.0,0.0,0.0,0.0,0.0,0.0,0.0,0.0
81,2021-08-23,increase,5.43428484200883,-2,2021-08-19,66.8,0.0,0,0.0,0,0.0,0,0.0,0,0.0,0.0,0.0,0.0,0.0,0.0,0.0,0.0
81,2021-08-23,increase,5.43428484200883,-1,2021-08-20,65.51,0.0,0,0.0,0,0.0,0,0.0,0,0.0,0.0,0.0,0.0,0.0,0.0,0.0,0.0
81,2021-08-23,increase,5.43428484200883,0,2021-08-23,69.07,0.0,0,0.0,0,0.0,0,0.0,0,0.0,0.0,0.0,0.0,0.0,0.0,0.0,0.0
81,2021-08-23,increase,5.43428484200883,1,2021-08-24,71.21,0.0,0,0.0,0,0.0,0,0.0,0,0.0,0.0,0.0,0.0,0.0,0.0,0.0,0.0
81,2021-08-23,increase,5.43428484200883,2,2021-08-25,72.12,0.0,0,0.0,0,0.0,0,0.0,0,0.0,0.0,0.0,0.0,0.0,0.0,0.0,0.0
81,2021-08-23,increase,5.43428484200883,3,2021-08-26,70.42,0.0,0,0.0,0,0.0,0,0.0,0,0.0,0.0,0.0,0.0,0.0,0.0,0.0,0.0
81,2021-08-23,increase,5.43428484200883,4,2021-08-27,72.26,0.0,0,0.0,0,0.0,0,0.0,0,0.0,0.0,0.0,0.0,0.0,0.0,0.0,0.0
81,2021-08-23,increase,5.43428484200883,5,2021-08-31,73.45,0.0,0,0.0,0,0.0,0,0.0,0,0.0,0.0,0.0,0.0,0.0,0.0,0.0,0.0
82,2021-11-26,decrease,11.79768433881778,-5,2021-11-19,80.24,0.0,0,0.0,0,0.0,0,0.0,0,0.0,0.0,0.0,0.0,0.0,0.0,0.0,0.0
82,2021-11-26,decrease,11.79768433881778,-4,2021-11-22,80.97,0.0,0,0.0,0,0.0,0,0.0,0,0.0,0.0,0.0,0.0,0.0,0.0,0.0,0.0
82,2021-11-26,decrease,11.79768433881778,-3,2021-11-23,83.43,0.0,0,0.0,0,0.0,0,0.0,0,0.0,0.0,0.0,0.0,0.0,0.0,0.0,0.0
82,2021-11-26,decrease,11.79768433881778,-2,2021-11-24,82.37,0.0,0,0.0,0,0.0,0,0.0,0,0.0,0.0,0.0,0.0,0.0,0.0,0.0,0.0
82,2021-11-26,decrease,11.79768433881778,-1,2021-11-25,82.05,0.0,0,0.0,0,0.0,0,0.0,0,0.0,0.0,0.0,0.0,0.0,0.0,0.0,0.0
82,2021-11-26,decrease,11.79768433881778,0,2021-11-26,72.37,0.0,0,0.0,0,0.0,0,0.0,0,0.0,0.0,0.0,0.0,0.0,0.0,0.0,0.0
82,2021-11-26,decrease,11.79768433881778,1,2021-11-29,73.34,0.0,0,0.0,0,0.0,0,0.0,0,0.0,0.0,0.0,0.0,0.0,0.0,0.0,0.0
82,2021-11-26,decrease,11.79768433881778,2,2021-11-30,70.86,0.0,0,0.0,0,0.0,0,0.0,0,0.0,0.0,0.0,0.0,0.0,0.0,0.0,0.0
82,2021-11-26,decrease,11.79768433881778,3,2021-12-01,69.53,0.0,0,0.0,0,0.0,0,0.0,0,0.0,0.0,0.0,0.0,0.0,0.0,0.0,0.0
82,2021-11-26,decrease,11.79768433881778,4,2021-12-02,70.56,0.0,0,0.0,0,0.0,0,0.0,0,0.0,0.0,0.0,0.0,0.0,0.0,0.0,0.0
82,2021-11-26,decrease,11.79768433881778,5,2021-12-03,70.71,0.0,0,0.0,0,0.0,0,0.0,0,0.0,0.0,0.0,0.0,0.0,0.0,0.0,0.0
