date,headline_text,primary_category,categories,is_market_prices,is_supply_geopolitics,is_consumer_fuel,market_match_rule,supply_match_rule,consumer_match_rule,sentiment_compound,sentiment_positive,sentiment_negative,sentiment_neutral,sentiment_label
2003-02-20,fuel price jumps in newcastle,consumer_fuel,consumer_fuel,False,False,True,,,fuel_price_or_cost,0.0,0.0,0.0,1.0,neutral
2003-02-20,oil prices hit new high,market_prices,market_prices,True,False,False,oil_price,,,0.0,0.0,0.0,1.0,neutral
2003-02-21,accc too timid in petrol price investigations,consumer_fuel,consumer_fuel,False,False,True,,,fuel_price_or_cost,-0.25,0.0,0.25,0.75,negative
2003-02-21,claim low oil inventory causing high petrol prices,consumer_fuel,consumer_fuel,False,False,True,,,fuel_price_or_cost,-0.2732,0.0,0.231,0.769,negative
2003-02-21,petrol prices on the rise,consumer_fuel,consumer_fuel,False,False,True,,,fuel_price_or_cost,0.0,0.0,0.0,1.0,neutral
2003-02-22,oil price hikes may weigh on rates decision,market_prices,market_prices,True,False,False,oil_price,,,0.0,0.0,0.0,1.0,neutral
2003-02-22,petrol price hike compared to interest rate rise,consumer_fuel,consumer_fuel,False,False,True,,,fuel_price_or_cost,0.4588,0.3,0.0,0.7,positive
2003-02-23,opec pledges oil will flow despite war,supply_geopolitics,supply_geopolitics,False,True,False,,opec,,0.4847,0.344,0.0,0.656,positive
2003-02-26,claims rising fuel costs to lead to higher freight,consumer_fuel,consumer_fuel,False,False,True,,,fuel_price_or_cost,0.0,0.0,0.0,1.0,neutral
2003-02-26,fuel prices almost doubled in zimbabwe,consumer_fuel,consumer_fuel,False,False,True,,,fuel_price_or_cost,0.0,0.0,0.0,1.0,neutral
2003-02-26,king islanders resigned to high fuel prices,consumer_fuel,consumer_fuel,False,False,True,,,fuel_price_or_cost,-0.25,0.0,0.25,0.75,negative
2003-02-26,mahathir suggests muslim oil strike to stop iraq,supply_geopolitics,supply_geopolitics,False,True,False,,oil_geopolitical_country,,-0.4019,0.0,0.381,0.619,negative
2003-02-27,oil prices hit 12 year high,market_prices,market_prices,True,False,False,oil_price,,,0.0,0.0,0.0,1.0,neutral
2003-02-27,strong dollar should offset oil price ract protests,market_prices,market_prices,True,False,False,oil_price,,,0.34,0.295,0.17,0.536,positive
2003-02-28,fuel prices tipped to jump further,consumer_fuel,consumer_fuel,False,False,True,,,fuel_price_or_cost,0.0,0.0,0.0,1.0,neutral
2003-02-28,oil price approaches usd 40 mark,market_prices,market_prices,True,False,False,oil_price,,,0.0,0.0,0.0,1.0,neutral
2003-02-28,oil prices contribute to massive caltex turnaround,market_prices,market_prices,True,False,False,oil_price,,,0.0,0.0,0.0,1.0,neutral
2003-03-03,qld petrol prices cheaper than nsw survey,consumer_fuel,consumer_fuel,False,False,True,,,fuel_price_or_cost,0.0,0.0,0.0,1.0,neutral
2003-03-04,petrol prices soar in north west victoria,consumer_fuel,consumer_fuel,False,False,True,,,fuel_price_or_cost,0.0,0.0,0.0,1.0,neutral
2003-03-06,traditional owners oil firm continue agreement,supply_geopolitics,supply_geopolitics,False,True,False,,oil_industry_projects,,0.4939,0.39,0.0,0.61,positive
2003-03-08,jordan denies mid east oil deal,supply_geopolitics,supply_geopolitics,False,True,False,,oil_policy,,-0.4215,0.0,0.359,0.641,negative
2003-03-11,oil firm seeks agreement over seismic tests,supply_geopolitics,supply_geopolitics,False,True,False,,oil_industry_projects,,0.4939,0.348,0.0,0.652,positive
2003-03-14,act residents slugged with petrol price hike,consumer_fuel,consumer_fuel,False,False,True,,,fuel_price_or_cost,0.0,0.0,0.0,1.0,neutral
2003-03-19,farmers benefiting from steadying crude oil market,market_prices,market_prices,True,False,False,crude_oil,,,-0.5719,0.0,0.381,0.619,negative
2003-03-19,war tipped to send fuel price higher,consumer_fuel,consumer_fuel,False,False,True,,,fuel_price_or_cost,-0.5994,0.0,0.394,0.606,negative
2003-03-20,cheaper fuel may result from iraq war,consumer_fuel,consumer_fuel,False,False,True,,,fuel_price_level,-0.5994,0.0,0.394,0.606,negative
2003-03-20,deal to fast track oil gas development,supply_geopolitics,supply_geopolitics,False,True,False,,oil_policy,,0.0,0.0,0.0,1.0,neutral
2003-03-20,iraq denies oil well fires near basra,supply_geopolitics,supply_geopolitics,False,True,False,,oil_geopolitical_country,,-0.1779,0.212,0.283,0.505,negative
2003-03-20,oil supply will continue says opec,supply_geopolitics,supply_geopolitics,False,True,False,,opec,,0.0,0.0,0.0,1.0,neutral
2003-03-21,oil prices edging up on possibility of longer war,market_prices,market_prices;supply_geopolitics,True,True,False,oil_price,oil_geopolitical_event,,-0.5994,0.0,0.328,0.672,negative
2003-03-21,us uk say oil fires in southern iraq of unknown,supply_geopolitics,supply_geopolitics,False,True,False,,oil_geopolitical_country,,0.0,0.0,0.0,1.0,neutral
2003-03-22,burning wells may not push oil price up,market_prices,market_prices,True,False,False,oil_price,,,0.25,0.222,0.0,0.778,positive
2003-03-22,oil depot hit by rocket in south west iran,supply_geopolitics,supply_geopolitics,False,True,False,,oil_industry_projects,,0.0,0.0,0.0,1.0,neutral
2003-03-23,iraq lights trenches of oil around baghdad,supply_geopolitics,supply_geopolitics,False,True,False,,oil_geopolitical_country,,0.0,0.0,0.0,1.0,neutral
2003-03-23,iraq war could push petrol prices down,consumer_fuel,consumer_fuel,False,False,True,,,fuel_price_or_cost,-0.5994,0.0,0.394,0.606,negative
2003-03-23,texas team to smother iraq oil fires,supply_geopolitics,supply_geopolitics,False,True,False,,oil_geopolitical_country,,-0.4215,0.0,0.318,0.682,negative
2003-03-23,troops prepare to snuff iraq oil fires,supply_geopolitics,supply_geopolitics,False,True,False,,oil_geopolitical_country,,0.0,0.0,0.0,1.0,neutral
2003-03-24,govt opens new areas for oil exploration,supply_geopolitics,supply_geopolitics,False,True,False,,oil_exploration_drilling,,0.2263,0.241,0.0,0.759,positive
2003-03-24,new areas released for oil and gas exploration,supply_geopolitics,supply_geopolitics,False,True,False,,oil_and_gas_industry,,0.2263,0.213,0.0,0.787,positive
2003-03-24,oil giant shuts down main nigerian terminal,supply_geopolitics,supply_geopolitics,False,True,False,,oil_industry_projects,,0.0,0.0,0.0,1.0,neutral
2003-03-24,oil jumps as war confidence slides,market_prices,market_prices;supply_geopolitics,True,True,False,oil_price_movement,oil_geopolitical_event,,-0.1531,0.295,0.348,0.357,negative
2003-03-25,major hopes for shale oil,supply_geopolitics,supply_geopolitics,False,True,False,,shale_oil,,0.4215,0.412,0.0,0.588,positive
2003-03-25,petrol prices expected to drop,consumer_fuel,consumer_fuel,False,False,True,,,fuel_price_or_cost,-0.2732,0.0,0.344,0.656,negative
2003-03-28,accc drops oil industry investigation,supply_geopolitics,supply_geopolitics,False,True,False,,oil_industry_projects,,0.0,0.0,0.0,1.0,neutral
2003-03-28,oil giants welcome accc backdown,supply_geopolitics,supply_geopolitics,False,True,False,,oil_industry_projects,,0.4588,0.429,0.0,0.571,positive
2003-03-28,oil up as investors consider extended war,supply_geopolitics,supply_geopolitics,False,True,False,,oil_geopolitical_event,,-0.5994,0.0,0.394,0.606,negative
2003-03-28,petrol prices fall in albany,consumer_fuel,consumer_fuel,False,False,True,,,fuel_price_or_cost,0.0,0.0,0.0,1.0,neutral
2003-03-29,analyst predicts lower petrol prices,consumer_fuel,consumer_fuel,False,False,True,,,fuel_price_or_cost,-0.296,0.0,0.355,0.645,negative
2003-03-30,iraq rejects renewed un oil for food resolution,supply_geopolitics,supply_geopolitics,False,True,False,,oil_geopolitical_country,,-0.4939,0.0,0.314,0.686,negative
2003-03-30,oil cartel denies backing us led war,supply_geopolitics,supply_geopolitics,False,True,False,,oil_geopolitical_event,,-0.765,0.093,0.568,0.339,negative
2003-03-30,warplanes cut republican guard fuel supply,supply_geopolitics,supply_geopolitics,False,True,False,,fuel_shortage_security,,-0.2732,0.0,0.296,0.704,negative
2003-03-31,oil firm considers cliff head production,supply_geopolitics,supply_geopolitics,False,True,False,,oil_industry_projects,,0.0,0.0,0.0,1.0,neutral
2003-03-31,racq hopes central qld fuel prices to fall soon,consumer_fuel,consumer_fuel,False,False,True,,,fuel_price_or_cost,0.4215,0.259,0.0,0.741,positive
2003-03-31,us timed launch of war to save iraqi oil wells,supply_geopolitics,supply_geopolitics,False,True,False,,oil_geopolitical_event,,0.0772,0.323,0.242,0.435,positive
2003-04-02,raa predicts drop in country fuel prices,consumer_fuel,consumer_fuel,False,False,True,,,fuel_price_or_cost,-0.2732,0.0,0.259,0.741,negative
2003-04-07,epa hopes to finalise shale oil emissions report,supply_geopolitics,supply_geopolitics,False,True,False,,shale_oil,,0.4215,0.286,0.0,0.714,positive
2003-04-08,port stanvac oil refinery to stop production,supply_geopolitics,supply_geopolitics,False,True,False,,oil_refinery_operations,,-0.296,0.0,0.268,0.732,negative
2003-04-12,rann condemns mobil for sa oil refinery closure,supply_geopolitics,supply_geopolitics,False,True,False,,oil_refinery_operations,,-0.5106,0.0,0.32,0.68,negative
2003-04-15,51m funding boost for shale oil project,supply_geopolitics,supply_geopolitics,False,True,False,,shale_oil,,0.4019,0.31,0.0,0.69,positive
2003-04-16,us shut down oil pipeline to syria,supply_geopolitics,supply_geopolitics,False,True,False,,oil_infrastructure_disruption,,0.0,0.0,0.0,1.0,neutral
2003-04-18,petrol prices no cause for alarm racq,consumer_fuel,consumer_fuel,False,False,True,,,fuel_price_or_cost,-0.5574,0.0,0.479,0.521,negative
2003-04-21,ex general to head iraqs opec delegation,supply_geopolitics,supply_geopolitics,False,True,False,,opec,,0.0,0.0,0.0,1.0,neutral
2003-04-24,oil prices slump,market_prices,market_prices,True,False,False,oil_price,,,0.0,0.0,0.0,1.0,neutral
2003-04-25,opec cuts production to buoy oil prices,market_prices,market_prices;supply_geopolitics,True,True,False,oil_price,opec,,-0.296,0.0,0.268,0.732,negative
2003-05-06,group says no evidence of fuel price fixing,consumer_fuel,consumer_fuel,False,False,True,,,fuel_price_or_cost,-0.296,0.0,0.239,0.761,negative
2003-05-06,shale oil production could meet aust needs spp,supply_geopolitics,supply_geopolitics,False,True,False,,shale_oil,,0.0,0.0,0.0,1.0,neutral
2003-05-08,groups seeking more equitable fuel prices,consumer_fuel,consumer_fuel,False,False,True,,,fuel_price_or_cost,0.0,0.0,0.0,1.0,neutral
2003-05-10,small business being pushed out of oil industry mta,supply_geopolitics,supply_geopolitics,False,True,False,,oil_industry_projects,,0.0,0.0,0.0,1.0,neutral
2003-05-16,orange council to probe fuel prices,consumer_fuel,consumer_fuel,False,False,True,,,fuel_price_or_cost,0.0,0.0,0.0,1.0,neutral
2003-05-22,fuel prices tipped to stabilise,consumer_fuel,consumer_fuel,False,False,True,,,fuel_price_or_cost,0.0,0.0,0.0,1.0,neutral
2003-05-22,iraq ready to resume oil sales once sanctions,supply_geopolitics,supply_geopolitics,False,True,False,,oil_geopolitical_event,,0.3612,0.263,0.0,0.737,positive
2003-05-23,livestock transporters to protest diesel excise,consumer_fuel,consumer_fuel,False,False,True,,,fuel_price_or_cost,-0.25,0.0,0.286,0.714,negative
2003-05-24,oil key to rebuilding iraq us administrator,supply_geopolitics,supply_geopolitics,False,True,False,,oil_geopolitical_country,,0.0,0.0,0.0,1.0,neutral
2003-05-25,iraq ramps up oil production,supply_geopolitics,supply_geopolitics,False,True,False,,oil_core_supply,,0.0,0.0,0.0,1.0,neutral
2003-05-26,spp rejects greenpeace shale oil claims,supply_geopolitics,supply_geopolitics,False,True,False,,shale_oil,,-0.4939,0.0,0.39,0.61,negative
2003-05-28,racv welcomes cheaper fuel plan,consumer_fuel,consumer_fuel,False,False,True,,,fuel_price_level,0.4019,0.403,0.0,0.597,positive
2003-05-29,drivers enjoying lower fuel prices,consumer_fuel,consumer_fuel,False,False,True,,,fuel_price_or_cost,0.296,0.395,0.256,0.349,positive
2003-06-06,racq backs calls for regional fuel price probe,consumer_fuel,consumer_fuel,False,False,True,,,fuel_price_or_cost,-0.0516,0.0,0.146,0.854,negative
2003-06-11,opec keeps oil output steady,supply_geopolitics,supply_geopolitics,False,True,False,,opec,,0.0,0.0,0.0,1.0,neutral
2003-06-12,competition lowering fuel prices ract,consumer_fuel,consumer_fuel,False,False,True,,,fuel_price_or_cost,-0.25,0.0,0.333,0.667,negative
2003-06-13,iraqi oil exports soon to be announced,supply_geopolitics,supply_geopolitics,False,True,False,,oil_core_supply,,0.0,0.0,0.0,1.0,neutral
2003-06-14,gaddafi moves to privatise libyas oil industry,supply_geopolitics,supply_geopolitics,False,True,False,,oil_industry_projects,,0.0,0.0,0.0,1.0,neutral
2003-06-18,zimbabwe allows private oil imports to ease,supply_geopolitics,supply_geopolitics,False,True,False,,oil_core_supply,,0.3612,0.294,0.0,0.706,positive
2003-06-19,iraqi oil exports to start on sunday official,supply_geopolitics,supply_geopolitics,False,True,False,,oil_core_supply,,0.0,0.0,0.0,1.0,neutral
2003-06-21,confusion over resumption of iraq oil exports,supply_geopolitics,supply_geopolitics,False,True,False,,oil_core_supply,,-0.296,0.0,0.268,0.732,negative
2003-06-22,explosion damages iraq oil pipeline,supply_geopolitics,supply_geopolitics,False,True,False,,oil_geopolitical_country,,-0.4404,0.0,0.42,0.58,negative
2003-06-22,iraq to begin selling oil again,supply_geopolitics,supply_geopolitics,False,True,False,,oil_geopolitical_country,,0.0,0.0,0.0,1.0,neutral
2003-06-22,repairs delay iraq oil exports,supply_geopolitics,supply_geopolitics,False,True,False,,oil_core_supply,,-0.3182,0.0,0.365,0.635,negative
2003-06-26,pipeline attacks wont affect iraq oil exports,supply_geopolitics,supply_geopolitics,False,True,False,,oil_core_supply,,-0.4404,0.0,0.326,0.674,negative
2003-06-28,vacc welcomes petrol excise evasion fine,consumer_fuel,consumer_fuel,False,False,True,,,fuel_price_or_cost,0.5423,0.529,0.0,0.471,positive
2003-07-01,truck drivers criticise diesel price hike,consumer_fuel,consumer_fuel,False,False,True,,,fuel_price_or_cost,-0.4404,0.0,0.367,0.633,negative
2003-07-02,brisbane petrol stations switch to low sulphur,consumer_fuel,consumer_fuel,False,False,True,,,fuel_price_level,-0.2732,0.0,0.259,0.741,negative
2003-07-04,farmers to feel fuel price rise impact,consumer_fuel,consumer_fuel,False,False,True,,,fuel_price_or_cost,0.0,0.0,0.0,1.0,neutral
2003-07-08,nigerian unions to call off fuel strike,supply_geopolitics,supply_geopolitics,False,True,False,,fuel_shortage_security,,-0.128,0.0,0.2,0.8,negative
2003-07-10,bendigo fuel price on the rise,consumer_fuel,consumer_fuel,False,False,True,,,fuel_price_or_cost,0.0,0.0,0.0,1.0,neutral
2003-07-14,iran makes giant new oil find report,supply_geopolitics,supply_geopolitics,False,True,False,,oil_geopolitical_country,,0.0,0.0,0.0,1.0,neutral
2003-07-18,oil firms support kyoto measures conference told,supply_geopolitics,supply_geopolitics,False,True,False,,oil_industry_projects,,0.4019,0.31,0.0,0.69,positive
2003-07-19,oil industry welcomes ocean plan,supply_geopolitics,supply_geopolitics,False,True,False,,oil_industry_projects,,0.4019,0.403,0.0,0.597,positive
2003-07-21,yalgoo drivers take advantage of cheaper fuel,consumer_fuel,consumer_fuel,False,False,True,,,fuel_price_level,0.25,0.25,0.0,0.75,positive
2003-07-23,greenpeace oppose shale oil project,supply_geopolitics,supply_geopolitics,False,True,False,,shale_oil,,0.0,0.0,0.0,1.0,neutral
2003-08-01,oil company to stand trial for alleged burma,supply_geopolitics,supply_geopolitics,False,True,False,,oil_industry_projects,,0.0,0.0,0.0,1.0,neutral
2003-08-07,tas petrol prices up almost 3 cents in july,consumer_fuel,consumer_fuel,False,False,True,,,fuel_price_or_cost,0.0,0.0,0.0,1.0,neutral
2003-08-09,oil prices slip,market_prices,market_prices,True,False,False,oil_price,,,0.0,0.0,0.0,1.0,neutral
2003-08-10,navy intercepts alleged iraq oil smugglers,supply_geopolitics,supply_geopolitics,False,True,False,,oil_geopolitical_country,,-0.34,0.0,0.324,0.676,negative
2003-08-16,iraqs key oil pipeline to turkey hit by fire,supply_geopolitics,supply_geopolitics,False,True,False,,oil_infrastructure_disruption,,-0.34,0.0,0.231,0.769,negative
2003-08-17,fire still raging at iraqi oil export pipeline,supply_geopolitics,supply_geopolitics,False,True,False,,oil_core_supply,,-0.7003,0.0,0.492,0.508,negative
2003-08-17,sabotage halts iraqi oil exports,supply_geopolitics,supply_geopolitics,False,True,False,,oil_core_supply,,-0.5267,0.0,0.459,0.541,negative
2003-08-19,coalition hires oil guards in iraq,supply_geopolitics,supply_geopolitics,False,True,False,,oil_geopolitical_country,,0.0,0.0,0.0,1.0,neutral
2003-08-20,racv predicts petrol price spike wont last,consumer_fuel,consumer_fuel,False,False,True,,,fuel_price_or_cost,0.0,0.0,0.0,1.0,neutral
2003-08-21,high oil price pumps woodside profit,market_prices,market_prices,True,False,False,oil_price,,,0.4404,0.367,0.0,0.633,positive
2003-08-25,shale oil impact report to be assessed,supply_geopolitics,supply_geopolitics,False,True,False,,shale_oil,,0.0,0.0,0.0,1.0,neutral
2003-08-26,greenpeace airs shale oil reef concerns,supply_geopolitics,supply_geopolitics,False,True,False,,shale_oil,,0.0,0.0,0.0,1.0,neutral
2003-09-15,iraq oil industry up and running,supply_geopolitics,supply_geopolitics,False,True,False,,oil_industry_projects,,0.0,0.0,0.0,1.0,neutral
2003-09-16,iraq to attend its first post war opec meeting,supply_geopolitics,supply_geopolitics,False,True,False,,opec,,-0.5994,0.0,0.328,0.672,negative
2003-09-17,oil firm tries again to access gas reserve,supply_geopolitics,supply_geopolitics,False,True,False,,oil_industry_projects,,0.0,0.0,0.0,1.0,neutral
2003-09-19,warwick enjoys lowest fuel price,consumer_fuel,consumer_fuel,False,False,True,,,fuel_price_or_cost,0.1779,0.371,0.292,0.337,positive
2003-09-24,oil prices surge on opec cut,market_prices,market_prices;supply_geopolitics,True,True,False,oil_price,opec,,-0.2732,0.0,0.296,0.704,negative
2003-09-25,jet fuel shortage to cause national flight delays,supply_geopolitics,supply_geopolitics,False,True,False,,fuel_shortage_security,,-0.25,0.0,0.222,0.778,negative
2003-09-25,opec oil cut hits share market,market_prices,market_prices;supply_geopolitics,True,True,False,oil_and_financial_market,opec,,0.0258,0.265,0.253,0.482,neutral
2003-09-25,petroleum exploration spending rises in wa,supply_geopolitics,supply_geopolitics,False,True,False,,petroleum_context,,0.2263,0.275,0.0,0.725,positive
2003-09-26,airlines fight fuel shortage,supply_geopolitics,supply_geopolitics,False,True,False,,fuel_shortage_security,,-0.5574,0.0,0.697,0.303,negative
2003-09-26,crude oil prices stay high after opec cut,market_prices,market_prices;supply_geopolitics,True,True,False,crude_oil,opec,,-0.7003,0.0,0.492,0.508,negative
2003-09-26,flights delayed amid fuel shortage,supply_geopolitics,supply_geopolitics,False,True,False,,fuel_shortage_security,,-0.4404,0.0,0.565,0.435,negative
2003-09-26,fuel shortage brings flight delays,supply_geopolitics,supply_geopolitics,False,True,False,,fuel_shortage_security,,-0.25,0.0,0.333,0.667,negative
2003-09-26,jet fuel shortage problems almost over,supply_geopolitics,supply_geopolitics,False,True,False,,fuel_shortage_security,,-0.5719,0.0,0.54,0.46,negative
2003-09-28,virgin tallies cost of jet fuel shortage,supply_geopolitics,supply_geopolitics;consumer_fuel,False,True,True,,fuel_shortage_security,reversed_fuel_price_or_cost,-0.25,0.0,0.25,0.75,negative
2003-09-30,putin under kyoto pressure from oil companies wwf,supply_geopolitics,supply_geopolitics,False,True,False,,oil_industry_projects,,-0.296,0.0,0.239,0.761,negative
2003-09-30,sydney airport fuel shortage under investigation,supply_geopolitics,supply_geopolitics,False,True,False,,fuel_shortage_security,,-0.25,0.0,0.286,0.714,negative
2003-10-05,us snipers to defend iraq oil pipeline,supply_geopolitics,supply_geopolitics,False,True,False,,oil_geopolitical_country,,0.0,0.0,0.0,1.0,neutral
2003-10-06,tasmania warns over high petrol prices,consumer_fuel,consumer_fuel,False,False,True,,,fuel_price_or_cost,-0.1027,0.0,0.219,0.781,negative
2003-10-10,oil company receives environmental award,supply_geopolitics,supply_geopolitics,False,True,False,,oil_industry_projects,,0.5423,0.467,0.0,0.533,positive
2003-10-17,green light for carnarvon basin oil fields work,supply_geopolitics,supply_geopolitics,False,True,False,,oil_industry_projects,,0.0,0.0,0.0,1.0,neutral
2003-10-17,oil company to begin seismic survey,supply_geopolitics,supply_geopolitics,False,True,False,,oil_industry_projects,,0.0,0.0,0.0,1.0,neutral
2003-10-29,fines over shale oil plant dust,supply_geopolitics,supply_geopolitics,False,True,False,,shale_oil,,0.0,0.0,0.0,1.0,neutral
2003-11-01,russian pm criticises freezing of oil shares,market_prices,market_prices,True,False,False,oil_and_financial_market,,,-0.128,0.222,0.374,0.404,negative
2003-11-03,blast rips through oil pipeline in northern iraq,supply_geopolitics,supply_geopolitics,False,True,False,,oil_geopolitical_country,,0.0,0.0,0.0,1.0,neutral
2003-11-04,russian billionaire resigns from oil company,supply_geopolitics,supply_geopolitics,False,True,False,,oil_industry_projects,,-0.3182,0.0,0.315,0.685,negative
2003-11-17,dollar should be reducing diesel prices seafood,consumer_fuel,consumer_fuel,False,False,True,,,fuel_price_or_cost,0.0,0.0,0.0,1.0,neutral
2003-11-18,pipeline explosion closes iraqi oil refinery,supply_geopolitics,supply_geopolitics,False,True,False,,oil_refinery_operations,,0.0,0.0,0.0,1.0,neutral
2003-11-19,dollar offsets soaring oil prices,market_prices,market_prices,True,False,False,oil_price,,,0.0,0.0,0.0,1.0,neutral
2003-11-21,petrol price fixing charges against leahy dropped,consumer_fuel,consumer_fuel,False,False,True,,,fuel_price_or_cost,-0.2732,0.0,0.259,0.741,negative
2003-11-23,rockets fired at iraq oil company three iraqis,supply_geopolitics,supply_geopolitics,False,True,False,,oil_industry_projects,,-0.5574,0.0,0.34,0.66,negative
2003-12-02,shale oil firm falls into receivership,supply_geopolitics,supply_geopolitics,False,True,False,,shale_oil,,0.0,0.0,0.0,1.0,neutral
2003-12-05,opec to maintain production ceiling,supply_geopolitics,supply_geopolitics,False,True,False,,opec,,0.0,0.0,0.0,1.0,neutral
2003-12-06,airline warns of more jet fuel shortages,supply_geopolitics,supply_geopolitics,False,True,False,,fuel_shortage_security,,-0.3102,0.0,0.395,0.605,negative
2003-12-08,iraqi oil ministry talks down fuel shortage,supply_geopolitics,supply_geopolitics,False,True,False,,fuel_shortage_security,,-0.25,0.0,0.25,0.75,negative
2003-12-09,new outlet may fuel lower prices,consumer_fuel,consumer_fuel,False,False,True,,,fuel_cost_proximity,-0.296,0.0,0.306,0.694,negative
2003-12-12,oil firm may have overcharged in iraq,supply_geopolitics,supply_geopolitics,False,True,False,,oil_industry_projects,,0.0,0.0,0.0,1.0,neutral
2003-12-13,fuel companies easing prices up wa watchdog,consumer_fuel,consumer_fuel,False,False,True,,,fuel_cost_proximity,0.25,0.25,0.0,0.75,positive
2003-12-16,pm outlines fuel excise overhaul,consumer_fuel,consumer_fuel,False,False,True,,,fuel_price_or_cost,0.0,0.0,0.0,1.0,neutral
2003-12-16,seafood industry fishes for cheaper fuel,consumer_fuel,consumer_fuel,False,False,True,,,fuel_price_level,0.0,0.0,0.0,1.0,neutral
2003-12-17,diesel shortage limits cfa operations,supply_geopolitics,supply_geopolitics,False,True,False,,fuel_shortage_security,,-0.25,0.0,0.333,0.667,negative
2003-12-17,fed govt releases bio fuel excise policy,consumer_fuel,consumer_fuel,False,False,True,,,fuel_price_or_cost,0.0,0.0,0.0,1.0,neutral
2003-12-18,mp worried about diesel shortage rural impact,supply_geopolitics,supply_geopolitics,False,True,False,,fuel_shortage_security,,-0.4939,0.0,0.457,0.543,negative
2003-12-18,vff seeks good oil on addressing fuel shortage,supply_geopolitics,supply_geopolitics,False,True,False,,fuel_shortage_security,,0.2263,0.266,0.183,0.55,positive
2003-12-23,libya invites us oil companies back,supply_geopolitics,supply_geopolitics,False,True,False,,oil_industry_projects,,0.0,0.0,0.0,1.0,neutral
2003-12-23,shale oil plant report raises health concerns,supply_geopolitics,supply_geopolitics,False,True,False,,shale_oil,,0.0,0.0,0.0,1.0,neutral
2003-12-30,public awaits qld govts shale oil response,supply_geopolitics,supply_geopolitics,False,True,False,,shale_oil,,0.0772,0.178,0.0,0.822,positive
2004-01-02,security alert shuts down key us oil terminal,supply_geopolitics,supply_geopolitics,False,True,False,,oil_infrastructure_disruption,,0.5574,0.434,0.0,0.566,positive
2004-01-09,oil company shares resume trade,market_prices,market_prices;supply_geopolitics,True,True,False,oil_and_financial_market,oil_industry_projects,,0.296,0.355,0.0,0.645,positive
2004-01-13,oil firms accused of ripping off motorists,supply_geopolitics,supply_geopolitics,False,True,False,,oil_industry_projects,,-0.296,0.0,0.268,0.732,negative
2004-01-14,high petrol prices fuel farm group frustration,consumer_fuel,consumer_fuel,False,False,True,,,fuel_price_or_cost,-0.4767,0.0,0.341,0.659,negative
2004-01-21,oil company novus announces profit jump,supply_geopolitics,supply_geopolitics,False,True,False,,oil_industry_projects,,0.4404,0.367,0.0,0.633,positive
2004-01-22,further fuel subsidy changes to come govt,consumer_fuel,consumer_fuel,False,False,True,,,fuel_price_or_cost,0.0,0.0,0.0,1.0,neutral
2004-01-24,oil company cleared of burma rights abuses,supply_geopolitics,supply_geopolitics,False,True,False,,oil_industry_projects,,-0.4939,0.14,0.36,0.5,negative
2004-01-31,megawati quiet on iraq oil voucher claims,supply_geopolitics,supply_geopolitics,False,True,False,,oil_geopolitical_country,,0.0,0.0,0.0,1.0,neutral
2004-02-02,nrma questions petrol prices,consumer_fuel,consumer_fuel,False,False,True,,,fuel_price_or_cost,0.0,0.0,0.0,1.0,neutral
2004-02-03,nrma calls for fuel price investigation,consumer_fuel,consumer_fuel,False,False,True,,,fuel_price_or_cost,0.0,0.0,0.0,1.0,neutral
2004-02-11,opec slashes oil output,supply_geopolitics,supply_geopolitics,False,True,False,,opec,,-0.2023,0.0,0.375,0.625,negative
2004-02-13,us firm buys qld shale oil company,supply_geopolitics,supply_geopolitics,False,True,False,,shale_oil,,0.0,0.0,0.0,1.0,neutral
2004-02-14,us firm buys oil company spp,supply_geopolitics,supply_geopolitics,False,True,False,,oil_industry_projects,,0.0,0.0,0.0,1.0,neutral
2004-02-17,big oil reserves found in surat basin,supply_geopolitics,supply_geopolitics,False,True,False,,oil_core_supply,,0.0,0.0,0.0,1.0,neutral
2004-02-28,supply concerns drive oil prices up,market_prices,market_prices,True,False,False,oil_price,,,0.0,0.0,0.0,1.0,neutral
2004-03-06,oil price hits post iraq war high,market_prices,market_prices;supply_geopolitics,True,True,False,oil_price,oil_geopolitical_event,,-0.5994,0.0,0.394,0.606,negative
2004-03-17,oil price breaks post iraq war high,market_prices,market_prices;supply_geopolitics,True,True,False,oil_price,oil_geopolitical_event,,-0.5994,0.0,0.394,0.606,negative
2004-03-18,us oil surges to 13 year high,market_prices,market_prices,True,False,False,oil_price_movement,,,0.0,0.0,0.0,1.0,neutral
2004-03-18,vibrating pedal saves on the petrol bill,consumer_fuel,consumer_fuel,False,False,True,,,fuel_price_or_cost,0.0,0.0,0.0,1.0,neutral
2004-03-19,oil prices ease from 13 year high,market_prices,market_prices,True,False,False,oil_price,,,0.3612,0.294,0.0,0.706,positive
2004-03-29,australian coast opened up for oil exploration,supply_geopolitics,supply_geopolitics,False,True,False,,oil_exploration_drilling,,0.2263,0.241,0.0,0.759,positive
2004-03-31,govt releases oil exploration areas,supply_geopolitics,supply_geopolitics,False,True,False,,oil_exploration_drilling,,0.2263,0.322,0.0,0.678,positive
2004-03-31,oil price jumps ahead of output cut,market_prices,market_prices,True,False,False,oil_price,,,-0.2732,0.0,0.259,0.741,negative
2004-04-07,petrol price hike expected for easter,consumer_fuel,consumer_fuel,False,False,True,,,fuel_price_or_cost,0.0,0.0,0.0,1.0,neutral
2004-04-10,oppn calls for reduced petrol prices,consumer_fuel,consumer_fuel,False,False,True,,,fuel_price_or_cost,0.0,0.0,0.0,1.0,neutral
2004-04-12,libs call for action on petrol prices,consumer_fuel,consumer_fuel,False,False,True,,,fuel_price_or_cost,0.0,0.0,0.0,1.0,neutral
2004-04-21,aust holiday for un official linked to iraq oil,supply_geopolitics,supply_geopolitics,False,True,False,,oil_geopolitical_country,,0.4019,0.252,0.0,0.748,positive
2004-04-28,class action over shale oil project,supply_geopolitics,supply_geopolitics,False,True,False,,shale_oil,,0.0,0.0,0.0,1.0,neutral
2004-04-28,education health and petrol prices expected to,consumer_fuel,consumer_fuel,False,False,True,,,fuel_price_or_cost,0.0,0.0,0.0,1.0,neutral
2004-05-01,brent oil price hits three year plus high,market_prices,market_prices,True,False,False,brent_market_context,,,0.0,0.0,0.0,1.0,neutral
2004-05-02,oil giant evacuates staff from saudi port after,supply_geopolitics,supply_geopolitics,False,True,False,,oil_industry_projects,,0.0,0.0,0.0,1.0,neutral
2004-05-04,saudi attack pushes oil to 14 year high,supply_geopolitics,supply_geopolitics,False,True,False,,oil_geopolitical_country,,-0.4767,0.0,0.307,0.693,negative
2004-05-05,woolies petrol station tipped to fuel cheaper,consumer_fuel,consumer_fuel,False,False,True,,,fuel_price_level,0.0,0.0,0.0,1.0,neutral
2004-05-07,us markets down over iraq oil and job news,market_prices,market_prices;supply_geopolitics,True,True,False,oil_and_financial_market,oil_geopolitical_country,,0.0,0.0,0.0,1.0,neutral
2004-05-08,oil price hits usd 40,market_prices,market_prices,True,False,False,oil_price,,,0.0,0.0,0.0,1.0,neutral
2004-05-10,fears oil price hike could raise airfares,market_prices,market_prices,True,False,False,oil_price,,,-0.4215,0.0,0.318,0.682,negative
2004-05-10,increasing fuel prices to impact on country,consumer_fuel,consumer_fuel,False,False,True,,,fuel_price_or_cost,0.0,0.0,0.0,1.0,neutral
2004-05-10,petrol prices set to increase,consumer_fuel,consumer_fuel,False,False,True,,,fuel_price_or_cost,0.3182,0.365,0.0,0.635,positive
2004-05-10,pipeline attack halts iraqi oil exports,supply_geopolitics,supply_geopolitics,False,True,False,,oil_core_supply,,-0.4767,0.0,0.383,0.617,negative
2004-05-10,qantas quiet on passenger jet fuel levy,consumer_fuel,consumer_fuel,False,False,True,,,fuel_price_or_cost,0.0,0.0,0.0,1.0,neutral
2004-05-11,qantas opts for fuel surcharge,consumer_fuel,consumer_fuel,False,False,True,,,fuel_price_or_cost,0.0,0.0,0.0,1.0,neutral
2004-05-11,shale oil plants viability still uncertain,supply_geopolitics,supply_geopolitics,False,True,False,,shale_oil,,-0.296,0.0,0.306,0.694,negative
2004-05-12,air nz imposes fuel surcharge on tickets,consumer_fuel,consumer_fuel,False,False,True,,,fuel_price_or_cost,-0.1027,0.0,0.189,0.811,negative
2004-05-12,crude oil breaks usd 40 barrier,market_prices,market_prices,True,False,False,crude_oil,,,-0.6369,0.0,0.565,0.435,negative
2004-05-12,racq concerned over petrol prices,consumer_fuel,consumer_fuel,False,False,True,,,fuel_price_or_cost,0.0,0.0,0.0,1.0,neutral
2004-05-13,regional airline adopts fuel surcharge,consumer_fuel,consumer_fuel,False,False,True,,,fuel_price_or_cost,0.1779,0.298,0.0,0.702,positive
2004-05-13,us oil price soars to record closing high,market_prices,market_prices,True,False,False,oil_price,,,0.0,0.0,0.0,1.0,neutral
2004-05-13,virgin to implement fuel surcharge,consumer_fuel,consumer_fuel,False,False,True,,,fuel_price_or_cost,0.0,0.0,0.0,1.0,neutral
2004-05-13,wall st steady despite oil price hike,market_prices,market_prices,True,False,False,oil_price,,,0.0,0.0,0.0,1.0,neutral
2004-05-14,fuel costs force rex airfare increase,consumer_fuel,consumer_fuel,False,False,True,,,fuel_price_or_cost,0.3182,0.315,0.0,0.685,positive
2004-05-14,fuel costs force riverina airfare increase,consumer_fuel,consumer_fuel,False,False,True,,,fuel_price_or_cost,0.3182,0.315,0.0,0.685,positive
2004-05-14,oil prices surge to record closing high again,market_prices,market_prices,True,False,False,oil_price,,,0.0,0.0,0.0,1.0,neutral
2004-05-14,regional airlines impose fuel surcharges,consumer_fuel,consumer_fuel,False,False,True,,,fuel_price_or_cost,-0.296,0.0,0.355,0.645,negative
2004-05-14,regional airlines threatened by fuel price hike,consumer_fuel,consumer_fuel,False,False,True,,,fuel_price_or_cost,-0.4588,0.0,0.333,0.667,negative
2004-05-14,review into fuel price differences,consumer_fuel,consumer_fuel,False,False,True,,,fuel_price_or_cost,0.0,0.0,0.0,1.0,neutral
2004-05-15,attack fears cause record oil price,market_prices,market_prices,True,False,False,oil_price,,,-0.7096,0.0,0.596,0.404,negative
2004-05-16,first sars now high oil prices threaten asian,market_prices,market_prices,True,False,False,oil_price,,,-0.3818,0.0,0.271,0.729,negative
2004-05-16,govt not to blame for petrol price hike,consumer_fuel,consumer_fuel,False,False,True,,,fuel_price_or_cost,0.2584,0.225,0.0,0.775,positive
2004-05-16,special opec meeting may boost oil output,supply_geopolitics,supply_geopolitics,False,True,False,,opec,,0.6597,0.519,0.0,0.481,positive
2004-05-17,oil price hits all time high,market_prices,market_prices,True,False,False,oil_price,,,0.0,0.0,0.0,1.0,neutral
2004-05-17,racv tips further petrol price rises,consumer_fuel,consumer_fuel,False,False,True,,,fuel_price_or_cost,0.0,0.0,0.0,1.0,neutral
2004-05-18,consumers tipped to feel rising fuel costs,consumer_fuel,consumer_fuel,False,False,True,,,fuel_price_or_cost,0.0,0.0,0.0,1.0,neutral
2004-05-18,fuel excise wont be reduced anderson,consumer_fuel,consumer_fuel,False,False,True,,,fuel_price_or_cost,0.0,0.0,0.0,1.0,neutral
2004-05-18,fuel prices to hurt company profits,consumer_fuel,consumer_fuel,False,False,True,,,fuel_price_or_cost,-0.128,0.282,0.33,0.388,negative
2004-05-18,oil prices turn lower,market_prices,market_prices,True,False,False,oil_price,,,-0.296,0.0,0.423,0.577,negative
2004-05-18,singapore airlines plans fuel surcharge on,consumer_fuel,consumer_fuel,False,False,True,,,fuel_price_or_cost,0.0,0.0,0.0,1.0,neutral
2004-05-19,petrol price hike makes lpg more attractive racv,consumer_fuel,consumer_fuel,False,False,True,,,fuel_price_or_cost,0.4927,0.313,0.0,0.687,positive
2004-05-21,crude oil prices fuel petrol price rise,market_prices,market_prices;consumer_fuel,True,False,True,crude_oil,,fuel_price_or_cost,-0.5719,0.0,0.381,0.619,negative
2004-05-21,local market stronger as oil price dips,market_prices,market_prices,True,False,False,oil_price,,,0.3818,0.302,0.0,0.698,positive
2004-05-21,opec under pressure to boost supply,supply_geopolitics,supply_geopolitics,False,True,False,,opec,,0.128,0.303,0.247,0.449,positive
2004-05-21,trucking companies urged not to pass on fuel costs,consumer_fuel,consumer_fuel,False,False,True,,,fuel_price_or_cost,0.0,0.0,0.0,1.0,neutral
2004-05-22,oil prices dip as saudis promise supply boost,market_prices,market_prices,True,False,False,oil_price,,,0.6124,0.455,0.0,0.545,positive
2004-05-23,opec opts against immediate boost to output,supply_geopolitics,supply_geopolitics,False,True,False,,opec,,0.4019,0.31,0.0,0.69,positive
2004-05-23,opec talks end no decision made,supply_geopolitics,supply_geopolitics,False,True,False,,opec,,-0.296,0.0,0.306,0.694,negative
2004-05-23,rising petrol tax revenue fuels call to boost roads,consumer_fuel,consumer_fuel,False,False,True,,,fuel_price_or_cost,0.4019,0.252,0.0,0.748,positive
2004-05-23,saudi arabia stands firm on opec proposal,supply_geopolitics,supply_geopolitics,False,True,False,,opec,,0.0,0.0,0.0,1.0,neutral
2004-05-24,nff bucks at fuel cost,consumer_fuel,consumer_fuel,False,False,True,,,fuel_price_or_cost,0.0,0.0,0.0,1.0,neutral
2004-05-24,oil price slides after opec talks,market_prices,market_prices;supply_geopolitics,True,True,False,oil_price,opec,,0.0,0.0,0.0,1.0,neutral
2004-05-25,high petrol prices fuels call to shop around,consumer_fuel,consumer_fuel,False,False,True,,,fuel_price_or_cost,0.0,0.0,0.0,1.0,neutral
2004-05-25,oil hits new records despite saudi pledges,supply_geopolitics,supply_geopolitics,False,True,False,,oil_geopolitical_country,,0.0,0.0,0.0,1.0,neutral
2004-05-25,oil price concerns push market down,market_prices,market_prices,True,False,False,oil_price,,,0.0,0.0,0.0,1.0,neutral
2004-05-26,falling oil price eases wall st fears,market_prices,market_prices,True,False,False,oil_price,,,-0.2732,0.215,0.411,0.374,negative
2004-05-26,govt urged to reconsider petrol excise,consumer_fuel,consumer_fuel,False,False,True,,,fuel_price_or_cost,0.0,0.0,0.0,1.0,neutral
2004-05-27,oil prices fall despite tight reserves report,market_prices,market_prices,True,False,False,oil_price,,,0.0,0.0,0.0,1.0,neutral
2004-05-28,oil price slides as dollar strengthens,market_prices,market_prices,True,False,False,oil_price,,,0.4588,0.375,0.0,0.625,positive
2004-05-28,oil prices slip,market_prices,market_prices,True,False,False,oil_price,,,0.0,0.0,0.0,1.0,neutral
2004-05-28,us firm invests in tas oil exploration,supply_geopolitics,supply_geopolitics,False,True,False,,oil_exploration_drilling,,0.2263,0.241,0.0,0.759,positive
2004-05-29,five foreigners die in attack on saudi oil sector,supply_geopolitics,supply_geopolitics,False,True,False,,oil_industry_projects,,-0.7906,0.0,0.5,0.5,negative
2004-05-30,saudi attack pressures oil price,market_prices,market_prices;supply_geopolitics,True,True,False,oil_price,oil_geopolitical_country,,-0.6597,0.0,0.643,0.357,negative
2004-05-31,govt dismisses labor petrol price plan,consumer_fuel,consumer_fuel,False,False,True,,,fuel_price_or_cost,0.0,0.0,0.0,1.0,neutral
2004-05-31,oil market nervous after saudi unrest,market_prices,market_prices;supply_geopolitics,True,True,False,oil_market,oil_geopolitical_country,,-0.2732,0.0,0.296,0.704,negative
2004-06-01,high petrol cost unlikely to fuel tourism slump,consumer_fuel,consumer_fuel,False,False,True,,,fuel_price_or_cost,0.0,0.0,0.0,1.0,neutral
2004-06-01,mackay fears rising fuel prices,consumer_fuel,consumer_fuel,False,False,True,,,fuel_price_or_cost,-0.4215,0.0,0.412,0.588,negative
2004-06-01,markets move slowly amid oil price speculation,market_prices,market_prices,True,False,False,oil_price,,,0.0,0.0,0.0,1.0,neutral
2004-06-01,oil surges after saudi hostage drama,market_prices,market_prices;supply_geopolitics,True,True,False,oil_price_movement,oil_geopolitical_country,,0.0,0.0,0.0,1.0,neutral
2004-06-01,opec to boost oil production minister,supply_geopolitics,supply_geopolitics,False,True,False,,opec,,0.4019,0.351,0.0,0.649,positive
2004-06-01,rising petrol prices fuel tourism fears,consumer_fuel,consumer_fuel,False,False,True,,,fuel_price_or_cost,-0.4215,0.0,0.359,0.641,negative
2004-06-01,sugar industry hopeful oil surge helps sales,market_prices,market_prices,True,False,False,oil_price_movement,,,0.7096,0.541,0.0,0.459,positive
2004-06-02,geraldton fuel prices reach near record,consumer_fuel,consumer_fuel,False,False,True,,,fuel_price_or_cost,0.0258,0.18,0.0,0.82,neutral
2004-06-02,no fuel price respite in sight,consumer_fuel,consumer_fuel,False,False,True,,,fuel_price_or_cost,-0.296,0.0,0.306,0.694,negative
2004-06-02,oil interest rates help australian markets surge,market_prices,market_prices,True,False,False,oil_and_financial_market,,,0.6908,0.533,0.0,0.467,positive
2004-06-02,surging oil price pushes us markets higher,market_prices,market_prices,True,False,False,oil_price,,,0.0,0.0,0.0,1.0,neutral
2004-06-02,treasurer warns of effect of high oil prices,market_prices,market_prices,True,False,False,oil_price,,,0.0258,0.169,0.157,0.674,neutral
2004-06-02,uae saudi arabia open oil taps,supply_geopolitics,supply_geopolitics,False,True,False,,oil_geopolitical_country,,0.0,0.0,0.0,1.0,neutral
2004-06-03,markets weather high oil price,market_prices,market_prices,True,False,False,oil_price,,,0.0,0.0,0.0,1.0,neutral
2004-06-03,oil drops below usd 40,market_prices,market_prices,True,False,False,oil_price_movement,,,0.0,0.0,0.0,1.0,neutral
2004-06-03,opec agrees to increase oil output,supply_geopolitics,supply_geopolitics,False,True,False,,opec,,0.4767,0.506,0.0,0.494,positive
2004-06-03,opec expected to increase oil production,supply_geopolitics,supply_geopolitics,False,True,False,,opec,,0.3182,0.315,0.0,0.685,positive
2004-06-03,vehicle sales high despite fuel costs,consumer_fuel,consumer_fuel,False,False,True,,,fuel_price_or_cost,0.0,0.0,0.0,1.0,neutral
2004-06-04,fuel price jumps in bendigo,consumer_fuel,consumer_fuel,False,False,True,,,fuel_price_or_cost,0.0,0.0,0.0,1.0,neutral
2004-06-04,oil lower but still spooking wall street,market_prices,market_prices,True,False,False,oil_and_financial_market,,,-0.1531,0.0,0.211,0.789,negative
2004-06-05,blast rips through russian oil depot,supply_geopolitics,supply_geopolitics,False,True,False,,oil_industry_projects,,0.0,0.0,0.0,1.0,neutral
2004-06-05,intel jobs data lower oil boost us stocks,market_prices,market_prices,True,False,False,oil_and_financial_market,,,0.128,0.248,0.202,0.55,positive
2004-06-05,oil price slides as tensions ease,market_prices,market_prices;supply_geopolitics,True,True,False,oil_price,oil_geopolitical_event,,-0.0516,0.272,0.293,0.435,negative
2004-06-07,east timor pm accused of taking oil company bribe,supply_geopolitics,supply_geopolitics,False,True,False,,oil_industry_projects,,-0.4588,0.0,0.364,0.636,negative
2004-06-08,stable oil prices drive us market higher,market_prices,market_prices,True,False,False,oil_price,,,0.296,0.268,0.0,0.732,positive
2004-06-09,second attack sabotages iraq oil pipelines,supply_geopolitics,supply_geopolitics,False,True,False,,oil_geopolitical_country,,-0.4767,0.0,0.383,0.617,negative
2004-06-11,poverty no reason to cede oil reserves downer,supply_geopolitics,supply_geopolitics,False,True,False,,oil_core_supply,,-0.6705,0.0,0.478,0.522,negative
2004-06-11,tip off foils new iraq oil sabotage,supply_geopolitics,supply_geopolitics,False,True,False,,oil_geopolitical_country,,-0.5267,0.0,0.362,0.638,negative
2004-06-16,saudi arabia to bump up oil output capacity,supply_geopolitics,supply_geopolitics,False,True,False,,oil_core_supply,,0.0,0.0,0.0,1.0,neutral
2004-06-19,iraq oil exports set to resume,supply_geopolitics,supply_geopolitics,False,True,False,,oil_core_supply,,0.0,0.0,0.0,1.0,neutral
2004-06-21,barrier reef basins listed for oil exploration,supply_geopolitics,supply_geopolitics,False,True,False,,oil_exploration_drilling,,0.1027,0.226,0.179,0.595,positive
2004-06-21,iraq resumes some oil exports after 6 day halt,supply_geopolitics,supply_geopolitics,False,True,False,,oil_core_supply,,0.0,0.0,0.0,1.0,neutral
2004-06-28,costello criticises alps diesel excise plan,consumer_fuel,consumer_fuel,False,False,True,,,fuel_price_or_cost,-0.3182,0.0,0.315,0.685,negative
2004-07-01,survey considers petroleum potential,supply_geopolitics,supply_geopolitics,False,True,False,,petroleum_context,,0.0,0.0,0.0,1.0,neutral
2004-07-03,iraq oil exports ruptured,supply_geopolitics,supply_geopolitics,False,True,False,,oil_core_supply,,0.0,0.0,0.0,1.0,neutral
2004-07-05,iraq oil infrastructure remains under threat,supply_geopolitics,supply_geopolitics,False,True,False,,oil_geopolitical_country,,-0.5267,0.0,0.405,0.595,negative
2004-07-06,clp in petrol price scare campaign mp,consumer_fuel,consumer_fuel,False,False,True,,,fuel_price_or_cost,-0.4939,0.0,0.348,0.652,negative
2004-07-07,central vic fuel prices expected to drop,consumer_fuel,consumer_fuel,False,False,True,,,fuel_price_or_cost,-0.2732,0.0,0.259,0.741,negative
2004-07-07,higher oil dampens markets,market_prices,market_prices,True,False,False,oil_and_financial_market,,,0.0,0.0,0.0,1.0,neutral
2004-07-08,lower fuel prices wont last long racv,consumer_fuel,consumer_fuel,False,False,True,,,fuel_price_or_cost,-0.296,0.0,0.268,0.732,negative
2004-07-08,tax debt results in police raid on russian oil,supply_geopolitics,supply_geopolitics,False,True,False,,oil_policy,,-0.3612,0.0,0.238,0.762,negative
2004-07-09,oil above usd 40 after terror warning,market_prices,market_prices,True,False,False,oil_price_movement,,,-0.7003,0.0,0.537,0.463,negative
2004-07-10,oil prices slip on opec output pledge,market_prices,market_prices;supply_geopolitics,True,True,False,oil_price,opec,,0.0,0.0,0.0,1.0,neutral
2004-07-13,qld govt urged to keep fuel subsidy,consumer_fuel,consumer_fuel,False,False,True,,,fuel_price_or_cost,0.0,0.0,0.0,1.0,neutral
2004-07-15,crude oil prices surge on us markets,market_prices,market_prices,True,False,False,crude_oil,,,-0.5719,0.0,0.381,0.619,negative
2004-07-20,oil nears usd 42 a barrel,market_prices,market_prices,True,False,False,oil_barrel_price,,,0.0,0.0,0.0,1.0,neutral
2004-07-23,govt maintains hope for shale oil plant,supply_geopolitics,supply_geopolitics,False,True,False,,shale_oil,,0.4404,0.326,0.0,0.674,positive
2004-07-24,explosion leaves iraq oil pipeline ablaze,supply_geopolitics,supply_geopolitics,False,True,False,,oil_geopolitical_country,,0.0,0.0,0.0,1.0,neutral
2004-07-29,differing fuel prices highlights competition,consumer_fuel,consumer_fuel,False,False,True,,,fuel_price_or_cost,0.0,0.0,0.0,1.0,neutral
2004-07-29,oil price spike worries us investors,market_prices,market_prices,True,False,False,oil_price,,,-0.4215,0.0,0.359,0.641,negative
2004-07-29,record oil prices as bailiff moves on yukos,market_prices,market_prices,True,False,False,oil_price,,,0.0,0.0,0.0,1.0,neutral
2004-07-30,diesel tax break tipped to affect solar power use,consumer_fuel,consumer_fuel,False,False,True,,,fuel_price_or_cost,0.0,0.0,0.0,1.0,neutral
2004-07-30,new oil exploration licences issued,supply_geopolitics,supply_geopolitics,False,True,False,,oil_exploration_drilling,,0.2263,0.322,0.0,0.678,positive
2004-07-30,oil price eases in volatile trade,market_prices,market_prices,True,False,False,oil_price,,,0.3182,0.315,0.0,0.685,positive
2004-07-30,oil prices hit fresh highs,market_prices,market_prices,True,False,False,oil_price,,,0.3182,0.365,0.0,0.635,positive
2004-08-03,attack halts oil exports from northern iraq,supply_geopolitics,supply_geopolitics,False,True,False,,oil_core_supply,,-0.4767,0.0,0.341,0.659,negative
2004-08-03,markets remain stable as oil price rises,market_prices,market_prices,True,False,False,oil_price,,,0.296,0.268,0.0,0.732,positive
2004-08-04,oil price hits usd 44,market_prices,market_prices,True,False,False,oil_price,,,0.0,0.0,0.0,1.0,neutral
2004-08-04,us markets slide as oil hits new high,market_prices,market_prices,True,False,False,oil_price_movement,,,0.0,0.0,0.0,1.0,neutral
2004-08-05,fuel prices tipped to rise further,consumer_fuel,consumer_fuel,False,False,True,,,fuel_price_or_cost,0.0,0.0,0.0,1.0,neutral
2004-08-05,markets focus on volatile oil prices,market_prices,market_prices,True,False,False,oil_price,,,0.0,0.0,0.0,1.0,neutral
2004-08-05,world oil prices dive,market_prices,market_prices,True,False,False,oil_price,,,0.0,0.0,0.0,1.0,neutral
2004-08-06,crude oil shoots higher,market_prices,market_prices,True,False,False,crude_oil,,,-0.5719,0.0,0.552,0.448,negative
2004-08-06,wall street hit by oil price,market_prices,market_prices,True,False,False,oil_price,,,0.0,0.0,0.0,1.0,neutral
2004-08-07,oil prices yoyo on yukos woes,market_prices,market_prices,True,False,False,oil_price,,,-0.3612,0.169,0.349,0.482,negative
2004-08-08,woodside sets deadline for timor sea oil deal,supply_geopolitics,supply_geopolitics,False,True,False,,oil_policy,,0.0,0.0,0.0,1.0,neutral
2004-08-09,opec may raise oil quotas president,supply_geopolitics,supply_geopolitics,False,True,False,,opec,,0.0,0.0,0.0,1.0,neutral
2004-08-10,oil hits new high after iraq ceases production,market_prices,market_prices;supply_geopolitics,True,True,False,oil_price_movement,oil_geopolitical_country,,0.0,0.0,0.0,1.0,neutral
2004-08-10,wall street sits tight as oil soars,market_prices,market_prices,True,False,False,oil_price_movement,,,0.0,0.0,0.0,1.0,neutral
2004-08-11,lack of competition blamed for petrol price hike,consumer_fuel,consumer_fuel,False,False,True,,,fuel_price_or_cost,-0.6597,0.0,0.474,0.526,negative
2004-08-11,oil market continues irrational exuberance,market_prices,market_prices,True,False,False,oil_market,,,-0.34,0.0,0.375,0.625,negative
2004-08-12,brent crude touches 42 mark,market_prices,market_prices,True,False,False,brent_market_context,,,-0.5719,0.0,0.481,0.519,negative
2004-08-12,militia threaten iraq oil lines if najaf attacked,supply_geopolitics,supply_geopolitics,False,True,False,,oil_geopolitical_country,,-0.6808,0.0,0.483,0.517,negative
2004-08-12,oil production fears trigger market volatility,market_prices,market_prices;supply_geopolitics,True,True,False,oil_and_financial_market,oil_core_supply,,-0.4215,0.0,0.359,0.641,negative
2004-08-12,saudi promise fails to cool oil prices,market_prices,market_prices;supply_geopolitics,True,True,False,oil_price,oil_geopolitical_country,,0.2023,0.404,0.246,0.351,positive
2004-08-13,iraq restores oil flows,supply_geopolitics,supply_geopolitics,False,True,False,,oil_geopolitical_country,,0.296,0.423,0.0,0.577,positive
2004-08-13,markets unsettled as oil price reaches new highs,market_prices,market_prices,True,False,False,oil_price,,,-0.2732,0.126,0.242,0.632,negative
2004-08-13,oil price breaks new record on iraq fears,market_prices,market_prices;supply_geopolitics,True,True,False,oil_price,oil_geopolitical_country,,-0.4215,0.0,0.286,0.714,negative
2004-08-13,oil prices soar,market_prices,market_prices,True,False,False,oil_price,,,0.0,0.0,0.0,1.0,neutral
2004-08-13,petrol prices fuel mp concerns,consumer_fuel,consumer_fuel,False,False,True,,,fuel_price_or_cost,0.0,0.0,0.0,1.0,neutral
2004-08-14,brent ny oil prices soar,market_prices,market_prices,True,False,False,brent_market_context,,,0.0,0.0,0.0,1.0,neutral
2004-08-14,iraq shuts down main oil pipeline,supply_geopolitics,supply_geopolitics,False,True,False,,oil_geopolitical_country,,0.0,0.0,0.0,1.0,neutral
2004-08-14,oil price surges higher,market_prices,market_prices,True,False,False,oil_price,,,0.0,0.0,0.0,1.0,neutral
2004-08-16,oil nears usd 47 a barrel,market_prices,market_prices,True,False,False,oil_barrel_price,,,0.0,0.0,0.0,1.0,neutral
2004-08-16,oil price falls from record highs,market_prices,market_prices,True,False,False,oil_price,,,0.0,0.0,0.0,1.0,neutral
2004-08-16,petrol prices fail to dampen outback tourism,consumer_fuel,consumer_fuel,False,False,True,,,fuel_price_or_cost,-0.5423,0.0,0.368,0.632,negative
2004-08-17,shares leap as oil pressure eases,market_prices,market_prices,True,False,False,oil_and_financial_market,,,0.3182,0.464,0.227,0.309,positive
2004-08-18,fuel price rise no surprise,consumer_fuel,consumer_fuel,False,False,True,,,fuel_price_or_cost,-0.0258,0.288,0.301,0.411,neutral
2004-08-18,oil prices bubble to record high,market_prices,market_prices,True,False,False,oil_price,,,0.0,0.0,0.0,1.0,neutral
2004-08-19,competition helps keep horsham fuel prices down,consumer_fuel,consumer_fuel,False,False,True,,,fuel_price_or_cost,0.3818,0.302,0.0,0.698,positive
2004-08-20,oil at new high over usd 49 as iraq violence escalates,supply_geopolitics,supply_geopolitics,False,True,False,,oil_geopolitical_country,,-0.6249,0.0,0.291,0.709,negative
2004-08-20,oil highs worry wall street,market_prices,market_prices,True,False,False,oil_and_financial_market,,,-0.4404,0.0,0.42,0.58,negative
2004-08-20,oil price forces qantas fare rise,market_prices,market_prices,True,False,False,oil_price,,,0.0,0.0,0.0,1.0,neutral
2004-08-21,oil price drops below 48 a barrel,market_prices,market_prices,True,False,False,oil_price,,,0.0,0.0,0.0,1.0,neutral
2004-08-21,us market gains as oil prices retreat,market_prices,market_prices,True,False,False,oil_price,,,0.4939,0.457,0.0,0.543,positive
2004-08-21,vic motorists warned of record petrol prices,consumer_fuel,consumer_fuel,False,False,True,,,fuel_price_or_cost,-0.2732,0.0,0.259,0.741,negative
2004-08-22,oil exports from southern iraq back to normal,supply_geopolitics,supply_geopolitics,False,True,False,,oil_core_supply,,0.0,0.0,0.0,1.0,neutral
2004-08-22,oil prices will fall says bhp,market_prices,market_prices,True,False,False,oil_price,,,0.0,0.0,0.0,1.0,neutral
2004-08-22,rural economies hit by high oil price,market_prices,market_prices,True,False,False,oil_price,,,0.0,0.0,0.0,1.0,neutral
2004-08-23,drivers tipped to feel higher petrol prices,consumer_fuel,consumer_fuel,False,False,True,,,fuel_price_or_cost,0.0,0.0,0.0,1.0,neutral
2004-08-23,investor confidence returns as oil price eases,market_prices,market_prices,True,False,False,oil_price,,,0.6808,0.528,0.0,0.472,positive
2004-08-23,livestock transporters bow to fuel price pressure,consumer_fuel,consumer_fuel,False,False,True,,,fuel_price_or_cost,-0.296,0.0,0.268,0.732,negative
2004-08-23,rex increases fuel surcharge,consumer_fuel,consumer_fuel,False,False,True,,,fuel_price_or_cost,0.0,0.0,0.0,1.0,neutral
2004-08-24,fuel prices cripple flying doctors,consumer_fuel,consumer_fuel,False,False,True,,,fuel_price_or_cost,0.0,0.0,0.0,1.0,neutral
2004-08-24,oil price drops after iraqi production resumes,market_prices,market_prices,True,False,False,oil_price,,,0.0,0.0,0.0,1.0,neutral
2004-08-24,whale group unhappy with oil exploration plan,supply_geopolitics,supply_geopolitics,False,True,False,,oil_exploration_drilling,,-0.2263,0.196,0.289,0.515,negative
2004-08-25,business group airs fuel price fears,consumer_fuel,consumer_fuel,False,False,True,,,fuel_price_or_cost,-0.4215,0.0,0.359,0.641,negative
2004-08-25,oil price fall lifts markets aust dollar falls,market_prices,market_prices,True,False,False,oil_price,,,0.0,0.0,0.0,1.0,neutral
2004-08-26,costello warns oil price threatens growth,market_prices,market_prices,True,False,False,oil_price,,,-0.1027,0.271,0.417,0.312,negative
2004-08-26,harradine blasts petrol price rip off,consumer_fuel,consumer_fuel,False,False,True,,,fuel_price_or_cost,0.0,0.0,0.0,1.0,neutral
2004-08-26,lower oil price fuels wall st rally,market_prices,market_prices,True,False,False,oil_price,,,-0.296,0.0,0.268,0.732,negative
2004-08-26,oil prices slide,market_prices,market_prices,True,False,False,oil_price,,,0.0,0.0,0.0,1.0,neutral
2004-08-27,oil prices fall despite iraq pipeline attacks,market_prices,market_prices;supply_geopolitics,True,True,False,oil_price,oil_geopolitical_country,,0.3412,0.286,0.0,0.714,positive
2004-08-28,oil prices ease as fears of supply disruption fade,market_prices,market_prices,True,False,False,oil_price,,,-0.4215,0.181,0.384,0.435,negative
2004-08-28,oil prices firm after week of decline,market_prices,market_prices,True,False,False,oil_price,,,0.0,0.0,0.0,1.0,neutral
2004-08-29,high oil prices here to stay analyst says,market_prices,market_prices,True,False,False,oil_price,,,0.0,0.0,0.0,1.0,neutral
2004-08-31,iraqi oil pipeline attacked,supply_geopolitics,supply_geopolitics,False,True,False,,oil_infrastructure_disruption,,-0.4588,0.0,0.5,0.5,negative
2004-09-02,fuel prices continue climb,consumer_fuel,consumer_fuel,False,False,True,,,fuel_price_or_cost,0.0,0.0,0.0,1.0,neutral
2004-09-02,govt ignores exploration funding oil company,supply_geopolitics,supply_geopolitics,False,True,False,,oil_exploration_drilling,,-0.0516,0.237,0.263,0.5,negative
2004-09-02,oil price rise impacts on us share prices,market_prices,market_prices,True,False,False,oil_price,,,0.296,0.239,0.0,0.761,positive
2004-09-02,supply worries prompt jump in oil price,market_prices,market_prices,True,False,False,oil_price,,,-0.4215,0.0,0.318,0.682,negative
2004-09-03,oil prices may increase cost of country petrol,market_prices,market_prices;consumer_fuel,True,False,True,oil_price,,reversed_fuel_price_or_cost,0.3182,0.247,0.0,0.753,positive
2004-09-03,oil prices will push interest rates up wa greens,market_prices,market_prices,True,False,False,oil_price,,,0.4588,0.273,0.0,0.727,positive
2004-09-03,racq calls for fuel price reductions,consumer_fuel,consumer_fuel,False,False,True,,,fuel_price_or_cost,0.0,0.0,0.0,1.0,neutral
2004-09-03,wall st investors relieved as oil prices wind back,market_prices,market_prices,True,False,False,oil_price,,,0.3818,0.245,0.0,0.755,positive
2004-09-04,saboteurs attack oil pipeline,supply_geopolitics,supply_geopolitics,False,True,False,,oil_infrastructure_disruption,,-0.4767,0.0,0.508,0.492,negative
2004-09-05,production boost needed to cap oil prices iea,market_prices,market_prices,True,False,False,oil_price,,,0.4019,0.278,0.0,0.722,positive
2004-09-07,labor warns of fuel security problems,supply_geopolitics,supply_geopolitics,False,True,False,,fuel_shortage_security,,-0.1779,0.253,0.432,0.316,negative
2004-09-09,us urges oil sanctions against sudan,supply_geopolitics,supply_geopolitics,False,True,False,,oil_policy,,0.0,0.0,0.0,1.0,neutral
2004-09-10,sudan oil sanctions divide un,supply_geopolitics,supply_geopolitics,False,True,False,,oil_policy,,0.0,0.0,0.0,1.0,neutral
2004-09-11,falling oil prices boost us stocks,market_prices,market_prices,True,False,False,oil_price,,,0.2732,0.325,0.193,0.482,positive
2004-09-16,drones to guard australian oil reserves,supply_geopolitics,supply_geopolitics,False,True,False,,oil_core_supply,,0.0,0.0,0.0,1.0,neutral
2004-09-16,opec oil pledge fails to satisfy markets,market_prices,market_prices;supply_geopolitics,True,True,False,oil_and_financial_market,opec,,0.0516,0.278,0.259,0.463,positive
2004-09-17,govt urged to take gst off fuel excise,consumer_fuel,consumer_fuel,False,False,True,,,fuel_price_or_cost,0.0,0.0,0.0,1.0,neutral
2004-09-20,oil prices rise as yukos slows exports,market_prices,market_prices,True,False,False,oil_price,,,0.0,0.0,0.0,1.0,neutral
2004-09-21,oil price dampens wall st trading,market_prices,market_prices,True,False,False,oil_price,,,0.0,0.0,0.0,1.0,neutral
2004-09-23,news corp oil price depresses market,market_prices,market_prices,True,False,False,oil_price,,,-0.4939,0.0,0.39,0.61,negative
2004-09-23,rising oil price unnerves us markets,market_prices,market_prices,True,False,False,oil_price,,,0.0,0.0,0.0,1.0,neutral
2004-09-24,dollar climbs as oil price creeps towards record,market_prices,market_prices,True,False,False,oil_price,,,0.0,0.0,0.0,1.0,neutral
2004-09-24,king island fuel prices climb,consumer_fuel,consumer_fuel,False,False,True,,,fuel_price_or_cost,0.0,0.0,0.0,1.0,neutral
2004-09-24,rising oil price sparks stock sell off,market_prices,market_prices,True,False,False,oil_price,,,0.0,0.0,0.0,1.0,neutral
2004-09-27,oil price nears record high,market_prices,market_prices,True,False,False,oil_price,,,0.0,0.0,0.0,1.0,neutral
2004-09-27,security fears boost oil prices,market_prices,market_prices,True,False,False,oil_price,,,0.3182,0.515,0.283,0.202,positive
2004-09-28,oil price breaks usd 50 mark,market_prices,market_prices,True,False,False,oil_price,,,0.0,0.0,0.0,1.0,neutral
2004-09-28,oil price hits usd 50 a barrel,market_prices,market_prices,True,False,False,oil_price,,,0.0,0.0,0.0,1.0,neutral
2004-09-28,oil price spike may hurt economic growth,market_prices,market_prices,True,False,False,oil_price,,,-0.2023,0.236,0.309,0.455,negative
2004-09-28,record oil prices hit us markets,market_prices,market_prices,True,False,False,oil_price,,,0.0,0.0,0.0,1.0,neutral
2004-09-28,saudi arabia to hike oil production capacity,supply_geopolitics,supply_geopolitics,False,True,False,,oil_core_supply,,0.0,0.0,0.0,1.0,neutral
2004-09-28,unrest forces oil prices higher,market_prices,market_prices,True,False,False,oil_price,,,0.0,0.0,0.0,1.0,neutral
2004-09-29,nigerian rebels threaten attacks on oil workers,supply_geopolitics,supply_geopolitics,False,True,False,,oil_geopolitical_event,,-0.743,0.0,0.646,0.354,negative
2004-09-29,wa warned of fuel price rises,consumer_fuel,consumer_fuel,False,False,True,,,fuel_price_or_cost,-0.2732,0.0,0.296,0.704,negative
2004-09-30,oil prices ease on positive news from us nigeria,market_prices,market_prices,True,False,False,oil_price,,,0.7269,0.466,0.0,0.534,positive
2004-09-30,talk of progress as e timor oil talks end,supply_geopolitics,supply_geopolitics,False,True,False,,oil_policy,,0.4215,0.286,0.0,0.714,positive
2004-09-30,us crude reserves calm markets,supply_geopolitics,supply_geopolitics,False,True,False,,oil_core_supply,,-0.34,0.256,0.411,0.333,negative
2004-10-01,oil price climbs back over usd 50,market_prices,market_prices,True,False,False,oil_price,,,0.0,0.0,0.0,1.0,neutral
2004-10-01,supermarket oil company ventures fuel regional,supply_geopolitics,supply_geopolitics,False,True,False,,oil_industry_projects,,0.0,0.0,0.0,1.0,neutral
2004-10-02,g7 mulls plan to ease oil crisis,market_prices,market_prices,True,False,False,oil_crisis_or_fears,,,-0.3818,0.216,0.353,0.431,negative
2004-10-02,oil prices hold above usd 50,market_prices,market_prices,True,False,False,oil_price,,,0.0,0.0,0.0,1.0,neutral
2004-10-03,oil prices threaten global recovery imf,market_prices,market_prices,True,False,False,oil_price,,,-0.3818,0.0,0.342,0.658,negative
2004-10-05,modest gains on wall st as oil price slips,market_prices,market_prices,True,False,False,oil_price,,,0.34,0.231,0.0,0.769,positive
2004-10-05,oil surges to record high,market_prices,market_prices,True,False,False,oil_price_movement,,,0.0,0.0,0.0,1.0,neutral
2004-10-06,oil prices higher on supply worries,market_prices,market_prices,True,False,False,oil_price,,,-0.4215,0.0,0.359,0.641,negative
2004-10-06,oil prices to keep interest rate down,market_prices,market_prices,True,False,False,oil_price,,,0.4588,0.333,0.0,0.667,positive
2004-10-06,oil supply fears weigh heavy on market,market_prices,market_prices;supply_geopolitics,True,True,False,oil_and_financial_market,oil_core_supply,,-0.4215,0.0,0.318,0.682,negative
2004-10-07,fuel price prompts power rethink in outback,consumer_fuel,consumer_fuel,False,False,True,,,fuel_price_or_cost,0.0,0.0,0.0,1.0,neutral
2004-10-07,markets optimistic despite rocketing oil price,market_prices,market_prices,True,False,False,oil_price,,,0.3182,0.315,0.0,0.685,positive
2004-10-07,oil price hits usd 52,market_prices,market_prices,True,False,False,oil_price,,,0.0,0.0,0.0,1.0,neutral
2004-10-08,oil hits usd 53 for first time,market_prices,market_prices,True,False,False,oil_price_movement,,,0.0,0.0,0.0,1.0,neutral
2004-10-08,oil price helps push aussie dollar up,market_prices,market_prices,True,False,False,oil_price,,,0.3818,0.302,0.0,0.698,positive
2004-10-08,oil price rise hits cattle operator,market_prices,market_prices,True,False,False,oil_price,,,0.0,0.0,0.0,1.0,neutral
2004-10-08,strike pushes oil prices to new record,market_prices,market_prices,True,False,False,oil_price,,,-0.128,0.0,0.2,0.8,negative
2004-10-11,brent crude hits usd 50 record,market_prices,market_prices,True,False,False,brent_market_context,,,-0.5719,0.0,0.425,0.575,negative
2004-10-11,govt urged to stop rising fuel prices,consumer_fuel,consumer_fuel,False,False,True,,,fuel_price_or_cost,-0.296,0.0,0.268,0.732,negative
2004-10-11,oil prices set to ease us treasury says,market_prices,market_prices,True,False,False,oil_price,,,0.5106,0.417,0.0,0.583,positive
2004-10-12,high oil price slowing fuel demand growth iea,market_prices,market_prices;consumer_fuel,True,False,True,oil_price,,reversed_fuel_price_or_cost,0.2732,0.257,0.149,0.594,positive
2004-10-12,nigerian unions vow to extend fuel strike,supply_geopolitics,supply_geopolitics,False,True,False,,fuel_shortage_security,,0.0516,0.207,0.183,0.61,positive
2004-10-12,oil price nears usd 54,market_prices,market_prices,True,False,False,oil_price,,,0.0,0.0,0.0,1.0,neutral
2004-10-12,oil prices hold steady at usd 54,market_prices,market_prices,True,False,False,oil_price,,,0.0,0.0,0.0,1.0,neutral
2004-10-12,qantas flags fuel surcharge hike,consumer_fuel,consumer_fuel,False,False,True,,,fuel_price_or_cost,0.0,0.0,0.0,1.0,neutral
2004-10-12,wall st creeps up despite oil fears,market_prices,market_prices,True,False,False,oil_crisis_or_fears,,,0.3252,0.28,0.0,0.72,positive
2004-10-13,markets continue to focus on oil prices,market_prices,market_prices,True,False,False,oil_price,,,0.0,0.0,0.0,1.0,neutral
2004-10-13,regional link assessing oil price impact,market_prices,market_prices,True,False,False,oil_price,,,0.0,0.0,0.0,1.0,neutral
2004-10-14,airline considers response to rising oil prices,market_prices,market_prices,True,False,False,oil_price,,,0.0,0.0,0.0,1.0,neutral
2004-10-14,oil prices increase amid supply fears,market_prices,market_prices,True,False,False,oil_price,,,-0.128,0.253,0.308,0.44,negative
2004-10-14,rising oil price may boost air travel cost,market_prices,market_prices,True,False,False,oil_price,,,0.4019,0.278,0.0,0.722,positive
2004-10-15,markets hit by oil price hike,market_prices,market_prices,True,False,False,oil_price,,,0.0,0.0,0.0,1.0,neutral
2004-10-15,oil price fails to dampen all ords,market_prices,market_prices,True,False,False,oil_price,,,-0.4215,0.0,0.318,0.682,negative
2004-10-15,oil soars towards usd 55,market_prices,market_prices,True,False,False,oil_price_movement,,,0.0,0.0,0.0,1.0,neutral
2004-10-15,qantas increases fuel surcharge,consumer_fuel,consumer_fuel,False,False,True,,,fuel_price_or_cost,0.0,0.0,0.0,1.0,neutral
2004-10-15,rising fuel unlikely to stop caravan trips,consumer_fuel,consumer_fuel,False,False,True,,,fuel_price_level,-0.296,0.0,0.268,0.732,negative
2004-10-15,us agrees to iraq oil use audit,supply_geopolitics,supply_geopolitics,False,True,False,,oil_geopolitical_country,,0.2023,0.231,0.0,0.769,positive
2004-10-15,virgin blue mulls following qantas fuel surcharge,consumer_fuel,consumer_fuel,False,False,True,,,fuel_price_or_cost,0.0,0.0,0.0,1.0,neutral
2004-10-16,greenspan tempers oil shock fears,market_prices,market_prices,True,False,False,oil_crisis_or_fears,,,-0.7717,0.0,0.794,0.206,negative
2004-10-18,air nz tipped to raise fuel surcharge,consumer_fuel,consumer_fuel,False,False,True,,,fuel_price_or_cost,0.0,0.0,0.0,1.0,neutral
2004-10-18,fuel price offers mixed outlook for qld drivers,consumer_fuel,consumer_fuel,False,False,True,,,fuel_price_or_cost,0.0,0.0,0.0,1.0,neutral
2004-10-18,oil prices surge over usd 55,market_prices,market_prices,True,False,False,oil_price,,,0.0,0.0,0.0,1.0,neutral
2004-10-19,oil price dip boosts us markets,market_prices,market_prices,True,False,False,oil_price,,,0.3182,0.315,0.0,0.685,positive
2004-10-19,perth fuel prices remain competitive despite rises,consumer_fuel,consumer_fuel,False,False,True,,,fuel_price_or_cost,0.1779,0.221,0.0,0.779,positive
2004-10-19,rising fuel costs blow bus lines budget,consumer_fuel,consumer_fuel,False,False,True,,,fuel_price_or_cost,0.0,0.0,0.0,1.0,neutral
2004-10-20,air nz increases fuel surcharge,consumer_fuel,consumer_fuel,False,False,True,,,fuel_price_or_cost,0.0,0.0,0.0,1.0,neutral
2004-10-20,conference hears oil price tipped to stabilise,market_prices,market_prices,True,False,False,oil_price,,,0.0,0.0,0.0,1.0,neutral
2004-10-20,high fuel costs blamed for fewer racing nominations,consumer_fuel,consumer_fuel,False,False,True,,,fuel_price_or_cost,-0.4767,0.0,0.307,0.693,negative
2004-10-20,sa truckers defend fuel levy,consumer_fuel,consumer_fuel,False,False,True,,,fuel_price_or_cost,0.0,0.0,0.0,1.0,neutral
2004-10-20,sa trucking companies may charge fuel levy,consumer_fuel,consumer_fuel,False,False,True,,,fuel_price_or_cost,0.0,0.0,0.0,1.0,neutral
2004-10-20,trucking industry feels pinch of oil prices,market_prices,market_prices,True,False,False,oil_price,,,0.0,0.0,0.0,1.0,neutral
2004-10-20,virgin holds fuel surcharge steady,consumer_fuel,consumer_fuel,False,False,True,,,fuel_price_or_cost,0.0,0.0,0.0,1.0,neutral
2004-10-21,oil lacklustre profits subdue wall street,market_prices,market_prices,True,False,False,oil_and_financial_market,,,0.4404,0.367,0.0,0.633,positive
2004-10-21,oil price rises tipped to cut economic growth,market_prices,market_prices,True,False,False,oil_price,,,0.128,0.243,0.196,0.561,positive
2004-10-21,record petrol prices prompt hold off call,consumer_fuel,consumer_fuel,False,False,True,,,fuel_price_or_cost,0.0,0.0,0.0,1.0,neutral
2004-10-23,oil prices surge higher,market_prices,market_prices,True,False,False,oil_price,,,0.0,0.0,0.0,1.0,neutral
2004-10-25,fuel prices spark outback tourism fears,consumer_fuel,consumer_fuel,False,False,True,,,fuel_price_or_cost,-0.2263,0.218,0.322,0.46,negative
2004-10-25,motorists warned of fuel price hike,consumer_fuel,consumer_fuel,False,False,True,,,fuel_price_or_cost,-0.2732,0.0,0.296,0.704,negative
2004-10-25,oil hits new high on norwegian labour dispute,market_prices,market_prices;supply_geopolitics,True,True,False,oil_price_movement,oil_geopolitical_event,,-0.4019,0.0,0.278,0.722,negative
2004-10-25,transport costs fuel smaller grower returns,consumer_fuel,consumer_fuel,False,False,True,,,reversed_fuel_price_or_cost,0.0,0.0,0.0,1.0,neutral
2004-10-25,wall street oil drag asx down,market_prices,market_prices,True,False,False,oil_and_financial_market,,,-0.2263,0.0,0.275,0.725,negative
2004-10-26,oil price pushes perth petrol to record highs,market_prices,market_prices;consumer_fuel,True,False,True,oil_price,,reversed_fuel_price_or_cost,0.0,0.0,0.0,1.0,neutral
2004-10-26,oil project not expected to have big green impact,supply_geopolitics,supply_geopolitics,False,True,False,,oil_industry_projects,,0.0,0.0,0.0,1.0,neutral
2004-10-26,rising diesel cost fuels uncertainty for fishers,consumer_fuel,consumer_fuel,False,False,True,,,fuel_price_or_cost,-0.34,0.0,0.286,0.714,negative
2004-10-26,rising fuel costs to impact on act businesses,consumer_fuel,consumer_fuel,False,False,True,,,fuel_price_or_cost,0.0,0.0,0.0,1.0,neutral
2004-10-26,rising petrol cost fuels tourism fears,consumer_fuel,consumer_fuel,False,False,True,,,fuel_price_or_cost,-0.4215,0.0,0.359,0.641,negative
2004-10-27,deadlock threatens timor sea oil deal,supply_geopolitics,supply_geopolitics,False,True,False,,oil_policy,,-0.6124,0.0,0.556,0.444,negative
2004-10-27,oil price yet to hit inflation costello,market_prices,market_prices,True,False,False,oil_price,,,0.0,0.0,0.0,1.0,neutral
2004-10-27,petrol prices expected to weigh on inflation,consumer_fuel,consumer_fuel,False,False,True,,,fuel_price_or_cost,0.0,0.0,0.0,1.0,neutral
2004-10-28,oil prices plunge in wild trading,market_prices,market_prices,True,False,False,oil_price,,,0.0,0.0,0.0,1.0,neutral
2004-10-28,plunging oil price good news for inflation,market_prices,market_prices,True,False,False,oil_price,,,0.4404,0.326,0.0,0.674,positive
2004-10-29,chinese rates rise saps crude oil price,market_prices,market_prices,True,False,False,crude_oil,,,-0.5719,0.0,0.381,0.619,negative
2004-10-30,iaea offers to guarantee irans nuclear fuel supply,supply_geopolitics,supply_geopolitics,False,True,False,,fuel_shortage_security,,0.25,0.222,0.0,0.778,positive
2004-11-01,nigerians to strike over rising fuel costs,consumer_fuel,consumer_fuel,False,False,True,,,fuel_price_or_cost,-0.128,0.0,0.2,0.8,negative
2004-11-03,vote speculation pulls oil price below usd 50,market_prices,market_prices,True,False,False,oil_price,,,0.0,0.0,0.0,1.0,neutral
2004-11-05,oil price slide resumes,market_prices,market_prices,True,False,False,oil_price,,,0.0,0.0,0.0,1.0,neutral
2004-11-05,us stocks rise as oil price falls,market_prices,market_prices,True,False,False,oil_price,,,0.0,0.0,0.0,1.0,neutral
2004-11-06,russian oil production to hit 460 million tonnes,supply_geopolitics,supply_geopolitics,False,True,False,,oil_core_supply,,0.0,0.0,0.0,1.0,neutral
2004-11-09,oil price fluctuation to continue says bhp chief,market_prices,market_prices,True,False,False,oil_price,,,0.0,0.0,0.0,1.0,neutral
2004-11-10,fears growing diesel costs may affect other goods,consumer_fuel,consumer_fuel,False,False,True,,,fuel_price_or_cost,-0.2732,0.162,0.267,0.571,negative
2004-11-10,grey nomads unfazed by petrol prices,consumer_fuel,consumer_fuel,False,False,True,,,fuel_price_or_cost,0.0516,0.194,0.0,0.806,positive
2004-11-10,lrp phase out to fuel price rise for older cars,consumer_fuel,consumer_fuel,False,False,True,,,fuel_price_or_cost,0.0,0.0,0.0,1.0,neutral
2004-11-10,oil price drop yet to reach adelaide bowsers,market_prices,market_prices,True,False,False,oil_price,,,-0.25,0.12,0.228,0.652,negative
2004-11-10,racq hopes drivers to feel easing oil price,market_prices,market_prices,True,False,False,oil_price,,,0.5859,0.444,0.0,0.556,positive
2004-11-12,oil price loses usd 1 in renewed decline,market_prices,market_prices,True,False,False,oil_price,,,-0.3182,0.0,0.277,0.723,negative
2004-11-13,oil price eases despite us cold snap,market_prices,market_prices,True,False,False,oil_price,,,0.3182,0.277,0.0,0.723,positive
2004-11-16,insurgents attack iraq oil pipeline,supply_geopolitics,supply_geopolitics,False,True,False,,oil_infrastructure_disruption,,-0.4767,0.0,0.437,0.563,negative
2004-11-17,insurgents attack iraqi oil pipeline,supply_geopolitics,supply_geopolitics,False,True,False,,oil_infrastructure_disruption,,-0.4767,0.0,0.437,0.563,negative
2004-11-17,saboteurs behind cuts to iraq oil exports,supply_geopolitics,supply_geopolitics,False,True,False,,oil_core_supply,,-0.296,0.0,0.268,0.732,negative
2004-11-17,seismic testing ban prompts oil firm confusion,supply_geopolitics,supply_geopolitics,False,True,False,,oil_industry_projects,,-0.7003,0.0,0.537,0.463,negative
2004-11-19,racq questions high petrol prices,consumer_fuel,consumer_fuel,False,False,True,,,fuel_price_or_cost,0.0,0.0,0.0,1.0,neutral
2004-11-20,oil prices jump on supply worries,market_prices,market_prices,True,False,False,oil_price,,,-0.4215,0.0,0.359,0.641,negative
2004-11-20,us stocks drop on oil currency movements,market_prices,market_prices,True,False,False,oil_and_financial_market,,,-0.2732,0.0,0.259,0.741,negative
2004-11-24,oil prices surge again,market_prices,market_prices,True,False,False,oil_price,,,0.0,0.0,0.0,1.0,neutral
2004-11-24,petrol companies urged to lower prices,consumer_fuel,consumer_fuel,False,False,True,,,fuel_price_level,-0.296,0.0,0.306,0.694,negative
2004-11-26,backyard oil exploration plan upsets orbost,supply_geopolitics,supply_geopolitics,False,True,False,,oil_exploration_drilling,,-0.1531,0.226,0.298,0.476,negative
2004-11-27,oil prices stabilise but supply fears remain,market_prices,market_prices,True,False,False,oil_price,,,-0.5719,0.0,0.381,0.619,negative
2004-11-30,despite fall oil price remains quite expensive,market_prices,market_prices,True,False,False,oil_price,,,0.0,0.0,0.0,1.0,neutral
2004-12-01,oecd tips limited oil price drop,market_prices,market_prices,True,False,False,oil_price,,,-0.4588,0.0,0.5,0.5,negative
2004-12-02,stocks rise on back of oil price slump,market_prices,market_prices,True,False,False,oil_price,,,0.0,0.0,0.0,1.0,neutral
2004-12-03,no quick relief from fuel prices,consumer_fuel,consumer_fuel,False,False,True,,,fuel_price_or_cost,0.2263,0.333,0.237,0.43,positive
2004-12-03,oil prices tumble as supply fears fade,market_prices,market_prices,True,False,False,oil_price,,,-0.4215,0.0,0.318,0.682,negative
2004-12-04,supermarket petrol pushes price higher ract,consumer_fuel,consumer_fuel,False,False,True,,,fuel_price_level,0.0,0.0,0.0,1.0,neutral
2004-12-07,oil prices rebound on fears of opec output cut,market_prices,market_prices;supply_geopolitics,True,True,False,oil_price,opec,,-0.5994,0.0,0.412,0.588,negative
2004-12-08,energy stocks fall after oil price drop,market_prices,market_prices,True,False,False,oil_price,,,0.0,0.228,0.228,0.543,neutral
2004-12-09,fears holiday season to fuel petrol price rise,consumer_fuel,consumer_fuel,False,False,True,,,fuel_price_or_cost,-0.0258,0.235,0.243,0.522,neutral
2004-12-09,regional petrol stations urged to pass on cheaper,consumer_fuel,consumer_fuel,False,False,True,,,fuel_price_level,0.0,0.0,0.0,1.0,neutral
2004-12-10,tas petrol prices queried in wake of new market,consumer_fuel,consumer_fuel,False,False,True,,,fuel_price_or_cost,0.0,0.0,0.0,1.0,neutral
2004-12-11,oil price drops as traders brush off opec cut,market_prices,market_prices;supply_geopolitics,True,True,False,oil_price,opec,,-0.2732,0.0,0.208,0.792,negative
2004-12-11,opec reassures market of surplus cuts,supply_geopolitics,supply_geopolitics,False,True,False,,opec,,0.0772,0.287,0.253,0.46,positive
2004-12-11,opec to cut excess oil supply,supply_geopolitics,supply_geopolitics,False,True,False,,opec,,-0.2732,0.0,0.296,0.704,negative
2004-12-13,ract asks members to act on petrol prices,consumer_fuel,consumer_fuel,False,False,True,,,fuel_price_or_cost,0.0,0.0,0.0,1.0,neutral
2004-12-15,fresh oil reserves found in bass strait,supply_geopolitics,supply_geopolitics,False,True,False,,oil_core_supply,,0.3182,0.277,0.0,0.723,positive
2004-12-15,petrol prices must come down martin says,consumer_fuel,consumer_fuel,False,False,True,,,fuel_price_or_cost,0.0,0.0,0.0,1.0,neutral
2004-12-16,oil price wall street shares climb,market_prices,market_prices,True,False,False,oil_price,,,0.296,0.306,0.0,0.694,positive
2004-12-18,ract steps up petrol price push,consumer_fuel,consumer_fuel,False,False,True,,,fuel_price_or_cost,0.0,0.0,0.0,1.0,neutral
2004-12-18,wall street slips as oil price leaps,market_prices,market_prices,True,False,False,oil_price,,,0.0,0.0,0.0,1.0,neutral
2004-12-19,iraq oil facilities targeted after bin laden,supply_geopolitics,supply_geopolitics,False,True,False,,oil_geopolitical_country,,0.0,0.0,0.0,1.0,neutral
2004-12-21,fuel prices set to climb further,consumer_fuel,consumer_fuel,False,False,True,,,fuel_price_or_cost,0.0,0.0,0.0,1.0,neutral
2004-12-23,oil companies slammed over lack of lrp info,supply_geopolitics,supply_geopolitics,False,True,False,,oil_industry_projects,,-0.3182,0.0,0.247,0.753,negative
2004-12-24,ract fuels call to back cheaper petrol stations,consumer_fuel,consumer_fuel,False,False,True,,,fuel_price_level,0.0,0.0,0.0,1.0,neutral
2004-12-28,crude oil prices plunge,market_prices,market_prices,True,False,False,crude_oil,,,-0.5719,0.0,0.552,0.448,negative
2004-12-29,racv praises lower petrol prices over christmas,consumer_fuel,consumer_fuel,False,False,True,,,fuel_price_or_cost,0.296,0.321,0.208,0.472,positive
2004-12-30,oil price jumps after riyadh car bombs,market_prices,market_prices,True,False,False,oil_price,,,0.0,0.0,0.0,1.0,neutral
2005-01-02,insurgent war crippling iraqi oil industry,supply_geopolitics,supply_geopolitics,False,True,False,,oil_industry_projects,,-0.5994,0.0,0.438,0.562,negative
2005-01-06,oil price retreats,market_prices,market_prices,True,False,False,oil_price,,,0.0,0.0,0.0,1.0,neutral
2005-01-06,oil prices fall,market_prices,market_prices,True,False,False,oil_price,,,0.0,0.0,0.0,1.0,neutral
2005-01-07,supply fears spark oil price rise,market_prices,market_prices,True,False,False,oil_price,,,-0.2263,0.218,0.322,0.46,negative
2005-01-08,oil prices steady after sharp rise,market_prices,market_prices,True,False,False,oil_price,,,0.0,0.0,0.0,1.0,neutral
2005-01-10,oil companies blamed for high regional petrol,supply_geopolitics,supply_geopolitics,False,True,False,,oil_industry_projects,,-0.4767,0.0,0.341,0.659,negative
2005-01-11,hunter mp hits out at higher country petrol prices,consumer_fuel,consumer_fuel,False,False,True,,,fuel_price_or_cost,0.0,0.0,0.0,1.0,neutral
2005-01-12,accc asked to probe mt gambier fuel prices,consumer_fuel,consumer_fuel,False,False,True,,,fuel_price_or_cost,0.0,0.0,0.0,1.0,neutral
2005-01-12,e timor to set up national oil company,supply_geopolitics,supply_geopolitics,False,True,False,,oil_industry_projects,,0.0,0.0,0.0,1.0,neutral
2005-01-12,oil price bubbles higher,market_prices,market_prices,True,False,False,oil_price,,,0.0,0.0,0.0,1.0,neutral
2005-01-12,santos ends oil exploration empty handed,supply_geopolitics,supply_geopolitics,False,True,False,,oil_exploration_drilling,,0.0258,0.247,0.234,0.519,neutral
2005-01-13,oil prices on the rise,market_prices,market_prices,True,False,False,oil_price,,,0.0,0.0,0.0,1.0,neutral
2005-01-13,racq angered by toowoombas high fuel prices,consumer_fuel,consumer_fuel,False,False,True,,,fuel_price_or_cost,-0.5106,0.0,0.355,0.645,negative
2005-01-14,stocks lose ground as oil price jumps,market_prices,market_prices,True,False,False,oil_price,,,-0.4019,0.0,0.31,0.69,negative
2005-01-15,oil prices rise on supply worries,market_prices,market_prices,True,False,False,oil_price,,,-0.4215,0.0,0.359,0.641,negative
2005-01-18,china asia predicted to increase oil demand,supply_geopolitics,supply_geopolitics,False,True,False,,oil_core_supply,,0.2023,0.261,0.17,0.568,positive
2005-01-19,islanders look to coconuts as oil prices rise,market_prices,market_prices,True,False,False,oil_price,,,0.0,0.0,0.0,1.0,neutral
2005-01-19,woodside benefits from oil price hikes,market_prices,market_prices,True,False,False,oil_price,,,0.3818,0.342,0.0,0.658,positive
2005-01-20,accc keeps close eye on wagga fuel prices,consumer_fuel,consumer_fuel,False,False,True,,,fuel_price_or_cost,0.0,0.0,0.0,1.0,neutral
2005-01-21,santos shares surge after oil discovery,market_prices,market_prices,True,False,False,oil_and_financial_market,,,0.296,0.306,0.0,0.694,positive
2005-01-23,us expands oil exploration in alaska,supply_geopolitics,supply_geopolitics,False,True,False,,oil_exploration_drilling,,0.3182,0.452,0.0,0.548,positive
2005-01-29,opec expected to maintain production levels,supply_geopolitics,supply_geopolitics,False,True,False,,opec,,0.0,0.0,0.0,1.0,neutral
2005-01-30,inquiry to probe high nt petrol prices,consumer_fuel,consumer_fuel,False,False,True,,,fuel_price_or_cost,0.0,0.0,0.0,1.0,neutral
2005-01-30,opec charts no change in oil output limits,supply_geopolitics,supply_geopolitics,False,True,False,,opec,,-0.296,0.0,0.239,0.761,negative
2005-01-30,opec keeps output steady,supply_geopolitics,supply_geopolitics,False,True,False,,opec,,0.0,0.0,0.0,1.0,neutral
2005-01-31,petrol price inquiry a stunt opposition says,consumer_fuel,consumer_fuel,False,False,True,,,fuel_price_or_cost,0.0,0.0,0.0,1.0,neutral
2005-02-02,cheaper fuel prices predicted to dry up,consumer_fuel,consumer_fuel,False,False,True,,,fuel_price_or_cost,0.0,0.0,0.0,1.0,neutral
2005-02-02,oil firm continues multi million dollar gas deal,supply_geopolitics,supply_geopolitics,False,True,False,,oil_industry_projects,,0.0,0.0,0.0,1.0,neutral
2005-02-03,conflicting reasons given for high fuel prices,consumer_fuel,consumer_fuel,False,False,True,,,fuel_price_or_cost,-0.4019,0.0,0.31,0.69,negative
2005-02-05,iraq demands justice in wake of oil for food report,supply_geopolitics,supply_geopolitics,False,True,False,,oil_geopolitical_country,,0.5267,0.274,0.0,0.726,positive
2005-02-15,mps urged to back reef oil ban bill,supply_geopolitics,supply_geopolitics,False,True,False,,oil_policy,,-0.5574,0.0,0.34,0.66,negative
2005-02-16,santos shares slump after oil revelation,market_prices,market_prices,True,False,False,oil_and_financial_market,,,0.296,0.306,0.0,0.694,positive
2005-02-17,east timor moves toward independent oil industry,supply_geopolitics,supply_geopolitics,False,True,False,,oil_industry_projects,,0.0,0.0,0.0,1.0,neutral
2005-02-21,us oil exports will stop if bush kills me chavez,supply_geopolitics,supply_geopolitics,False,True,False,,oil_core_supply,,-0.6908,0.0,0.416,0.584,negative
2005-02-22,venezuela sees us dirty war but says oil safe,supply_geopolitics,supply_geopolitics,False,True,False,,oil_geopolitical_event,,0.1154,0.27,0.309,0.421,positive
2005-02-23,high oil price fuels santos profit jump,market_prices,market_prices,True,False,False,oil_price,,,0.4404,0.326,0.0,0.674,positive
2005-02-23,oil surge pushes dollar to 12 month high,market_prices,market_prices,True,False,False,oil_price_movement,,,0.0,0.0,0.0,1.0,neutral
2005-02-23,us markets knocked down by oil price,market_prices,market_prices,True,False,False,oil_price,,,0.0,0.0,0.0,1.0,neutral
2005-03-01,fuel price hikes spark indonesian protests,consumer_fuel,consumer_fuel,False,False,True,,,fuel_price_or_cost,0.0,0.244,0.244,0.513,neutral
2005-03-01,sealink defends fuel surcharge,consumer_fuel,consumer_fuel,False,False,True,,,fuel_price_or_cost,0.0,0.0,0.0,1.0,neutral
2005-03-02,indonesian students protest fuel price rise,consumer_fuel,consumer_fuel,False,False,True,,,fuel_price_or_cost,-0.25,0.0,0.286,0.714,negative
2005-03-04,wall st rallies despite oil price hit,market_prices,market_prices,True,False,False,oil_price,,,0.0,0.0,0.0,1.0,neutral
2005-03-05,iran warns of oil crisis over nuclear issue,market_prices,market_prices;supply_geopolitics,True,True,False,oil_crisis_or_fears,oil_geopolitical_country,,-0.6705,0.0,0.478,0.522,negative
2005-03-07,drivers face higher petrol price,consumer_fuel,consumer_fuel,False,False,True,,,fuel_price_or_cost,0.0,0.0,0.0,1.0,neutral
2005-03-07,oil price rises concern opec,market_prices,market_prices;supply_geopolitics,True,True,False,oil_price,opec,,0.0,0.0,0.0,1.0,neutral
2005-03-10,bush urges oil production in wildlife reserve,supply_geopolitics,supply_geopolitics,False,True,False,,oil_core_supply,,0.0,0.0,0.0,1.0,neutral
2005-03-10,oil price hits new highs,market_prices,market_prices,True,False,False,oil_price,,,0.0,0.0,0.0,1.0,neutral
2005-03-10,oil worries hit us stocks,market_prices,market_prices,True,False,False,oil_and_financial_market,,,-0.4215,0.0,0.412,0.588,negative
2005-03-11,iea predicts higher than expected oil demand,supply_geopolitics,supply_geopolitics,False,True,False,,oil_core_supply,,-0.128,0.0,0.2,0.8,negative
2005-03-15,truck industry asks govt to relax fuel excise,consumer_fuel,consumer_fuel,False,False,True,,,fuel_price_or_cost,0.4404,0.293,0.0,0.707,positive
2005-03-16,opec boosts production,supply_geopolitics,supply_geopolitics,False,True,False,,opec,,0.3182,0.535,0.0,0.465,positive
2005-03-17,oil prices hit record as markets ignore opec,market_prices,market_prices;supply_geopolitics,True,True,False,oil_price,opec,,-0.3612,0.0,0.263,0.737,negative
2005-03-17,petrol price hike tipped after oil surge,market_prices,market_prices;consumer_fuel,True,False,True,oil_price_movement,,fuel_price_or_cost,0.0,0.0,0.0,1.0,neutral
2005-03-17,record high oil prices hit us stocks,market_prices,market_prices,True,False,False,oil_price,,,0.0,0.0,0.0,1.0,neutral
2005-03-17,us senate backs oil exploration in alaskan,supply_geopolitics,supply_geopolitics,False,True,False,,oil_exploration_drilling,,0.1779,0.235,0.148,0.617,positive
2005-03-18,drivers warned of rising regional fuel prices,consumer_fuel,consumer_fuel,False,False,True,,,fuel_price_or_cost,-0.2732,0.0,0.259,0.741,negative
2005-03-19,oil prices hover near record high,market_prices,market_prices,True,False,False,oil_price,,,0.0,0.0,0.0,1.0,neutral
2005-03-20,imf sees two years of high oil prices,market_prices,market_prices,True,False,False,oil_price,,,0.0,0.0,0.0,1.0,neutral
2005-03-21,higher diesel fuel prices predicted,consumer_fuel,consumer_fuel,False,False,True,,,fuel_price_or_cost,0.0,0.0,0.0,1.0,neutral
2005-03-21,oil fuels record high on stock market,market_prices,market_prices,True,False,False,oil_and_financial_market,,,0.0,0.0,0.0,1.0,neutral
2005-03-21,oil prices tipped to boost stocks,market_prices,market_prices,True,False,False,oil_price,,,0.4019,0.351,0.0,0.649,positive
2005-03-21,racq airs northern fuel price concerns,consumer_fuel,consumer_fuel,False,False,True,,,fuel_price_or_cost,0.0,0.0,0.0,1.0,neutral
2005-03-22,climbing fuel price may curb easter getaways,consumer_fuel,consumer_fuel,False,False,True,,,fuel_price_or_cost,0.0,0.0,0.0,1.0,neutral
2005-03-22,indonesian parliament split over fuel subsidy cuts,consumer_fuel,consumer_fuel,False,False,True,,,fuel_price_or_cost,-0.296,0.0,0.268,0.732,negative
2005-03-22,mp pleads for cut to fuel tax,consumer_fuel,consumer_fuel,False,False,True,,,fuel_price_or_cost,-0.2732,0.0,0.259,0.741,negative
2005-03-23,tourism industry not expecting petrol prices to,consumer_fuel,consumer_fuel,False,False,True,,,fuel_price_or_cost,0.0,0.0,0.0,1.0,neutral
2005-03-24,oil prices dip before blast triggers rise,market_prices,market_prices,True,False,False,oil_price,,,0.0,0.0,0.0,1.0,neutral
2005-03-29,oil prices ease as us dollar firms,market_prices,market_prices,True,False,False,oil_price,,,0.3612,0.294,0.0,0.706,positive
2005-03-29,us stocks higher as oil falls,market_prices,market_prices,True,False,False,oil_price_movement,,,0.0,0.0,0.0,1.0,neutral
2005-04-01,mp wants diesel prices displayed,consumer_fuel,consumer_fuel,False,False,True,,,fuel_price_or_cost,0.0,0.0,0.0,1.0,neutral
2005-04-01,oil price surge boosts market,market_prices,market_prices,True,False,False,oil_price,,,0.3182,0.365,0.0,0.635,positive
2005-04-02,crude oil hits new high,market_prices,market_prices,True,False,False,crude_oil,,,-0.5719,0.0,0.481,0.519,negative
2005-04-04,oil prices hit new high,market_prices,market_prices,True,False,False,oil_price,,,0.0,0.0,0.0,1.0,neutral
2005-04-05,doubling of petrol price unlikely auto group says,consumer_fuel,consumer_fuel,False,False,True,,,fuel_price_or_cost,0.0,0.0,0.0,1.0,neutral
2005-04-05,pm sees petrol prices as rates factor,consumer_fuel,consumer_fuel,False,False,True,,,fuel_price_or_cost,0.0,0.0,0.0,1.0,neutral
2005-04-05,us oil giant plans usd 18 billion takeover,supply_geopolitics,supply_geopolitics,False,True,False,,oil_industry_projects,,0.0,0.0,0.0,1.0,neutral
2005-04-06,air nz increases fuel surcharge,consumer_fuel,consumer_fuel,False,False,True,,,fuel_price_or_cost,0.0,0.0,0.0,1.0,neutral
2005-04-07,qantas urged to show restraint on fuel levy,consumer_fuel,consumer_fuel,False,False,True,,,fuel_price_or_cost,0.0,0.0,0.0,1.0,neutral
2005-04-07,virgin lifts fuel surcharge 90pc,consumer_fuel,consumer_fuel,False,False,True,,,fuel_price_or_cost,0.0,0.0,0.0,1.0,neutral
2005-04-08,fears rising fuel prices may curb air travel,consumer_fuel,consumer_fuel,False,False,True,,,fuel_price_or_cost,-0.4215,0.0,0.286,0.714,negative
2005-04-08,fuel surcharge hikes will cut passenger numbers,consumer_fuel,consumer_fuel,False,False,True,,,fuel_price_or_cost,-0.2732,0.0,0.259,0.741,negative
2005-04-08,qantas confirms fuel surcharge hike,consumer_fuel,consumer_fuel,False,False,True,,,fuel_price_or_cost,0.0,0.0,0.0,1.0,neutral
2005-04-09,costello hopes timor sea reserves will cut oil,supply_geopolitics,supply_geopolitics,False,True,False,,oil_policy,,0.1779,0.257,0.193,0.55,positive
2005-04-09,falling oil price fails to sustain dow jones rally,market_prices,market_prices,True,False,False,oil_price,,,-0.5267,0.0,0.386,0.614,negative
2005-04-10,fear blamed for high oil prices,market_prices,market_prices,True,False,False,oil_price,,,-0.743,0.0,0.612,0.388,negative
2005-04-10,govt urged to stimulate oil exploration,supply_geopolitics,supply_geopolitics,False,True,False,,oil_exploration_drilling,,0.4215,0.487,0.0,0.513,positive
2005-04-10,melbourne petrol prices hit record high,consumer_fuel,consumer_fuel,False,False,True,,,fuel_price_or_cost,0.0,0.0,0.0,1.0,neutral
2005-04-10,opec considers us50 oil price ceiling,market_prices,market_prices;supply_geopolitics,True,True,False,oil_price,opec,,0.0,0.0,0.0,1.0,neutral
2005-04-10,petrol prices hit record highs,consumer_fuel,consumer_fuel,False,False,True,,,fuel_price_or_cost,0.0,0.0,0.0,1.0,neutral
2005-04-11,fuel prices may delay crop planting,consumer_fuel,consumer_fuel,False,False,True,,,fuel_price_or_cost,-0.3182,0.0,0.315,0.685,negative
2005-04-11,fuel prices tipped to stay high,consumer_fuel,consumer_fuel,False,False,True,,,fuel_price_or_cost,0.0,0.0,0.0,1.0,neutral
2005-04-11,petroleum association wont speculate on fuel prices,consumer_fuel,consumer_fuel,False,False,True,,,fuel_price_or_cost,0.0,0.0,0.0,1.0,neutral
2005-04-11,rex raises fuel surcharge,consumer_fuel,consumer_fuel,False,False,True,,,fuel_price_or_cost,0.0,0.0,0.0,1.0,neutral
2005-04-12,cheap fares to stay despite fuel levy,consumer_fuel,consumer_fuel,False,False,True,,,fuel_price_or_cost,0.0,0.0,0.0,1.0,neutral
2005-04-12,fuel price prompts rex to seek review of industry,consumer_fuel,consumer_fuel,False,False,True,,,fuel_price_or_cost,0.0,0.0,0.0,1.0,neutral
2005-04-12,low volume diesel sales blamed for high prices,consumer_fuel,consumer_fuel,False,False,True,,,fuel_price_level,-0.6369,0.0,0.464,0.536,negative
2005-04-12,offshore areas opened for oil and gas exploration,supply_geopolitics,supply_geopolitics,False,True,False,,oil_and_gas_industry,,0.2263,0.213,0.0,0.787,positive
2005-04-13,bass strait oil production tipped to halve,supply_geopolitics,supply_geopolitics,False,True,False,,oil_core_supply,,0.0,0.0,0.0,1.0,neutral
2005-04-13,conference told oil reserves may be healthy,supply_geopolitics,supply_geopolitics,False,True,False,,oil_core_supply,,0.4019,0.31,0.0,0.69,positive
2005-04-13,licences granted for oil gas exploration,supply_geopolitics,supply_geopolitics,False,True,False,,oil_exploration_drilling,,0.4404,0.494,0.0,0.506,positive
2005-04-13,regional wa warned high fuel price will continue,consumer_fuel,consumer_fuel,False,False,True,,,fuel_price_or_cost,-0.2732,0.0,0.231,0.769,negative
2005-04-15,mp fears continued rising fuel costs,consumer_fuel,consumer_fuel,False,False,True,,,fuel_price_or_cost,-0.4215,0.0,0.359,0.641,negative
2005-04-17,labor to review petrol price policies,consumer_fuel,consumer_fuel,False,False,True,,,fuel_price_or_cost,0.0,0.0,0.0,1.0,neutral
2005-04-19,accc asked to probe regional fuel prices,consumer_fuel,consumer_fuel,False,False,True,,,fuel_price_or_cost,0.0,0.0,0.0,1.0,neutral
2005-04-19,retailers cautious of raising prices despite fuel,consumer_fuel,consumer_fuel,False,False,True,,,reversed_fuel_price_or_cost,-0.1027,0.0,0.189,0.811,negative
2005-04-22,nsw feels petrol taxes impact,consumer_fuel,consumer_fuel,False,False,True,,,fuel_price_or_cost,0.0,0.0,0.0,1.0,neutral
2005-04-22,singapore airlines to hike fuel surcharge,consumer_fuel,consumer_fuel,False,False,True,,,fuel_price_or_cost,0.0,0.0,0.0,1.0,neutral
2005-04-25,oil prices rise on comments from saudi arabia,market_prices,market_prices;supply_geopolitics,True,True,False,oil_price,oil_geopolitical_country,,0.0,0.0,0.0,1.0,neutral
2005-04-26,oil prices fall on saudi arabian comments,market_prices,market_prices;supply_geopolitics,True,True,False,oil_price,oil_geopolitical_country,,0.0,0.0,0.0,1.0,neutral
2005-04-27,oil prices fall ahead of us inventories data,market_prices,market_prices,True,False,False,oil_price,,,0.0,0.0,0.0,1.0,neutral
2005-04-28,commonwealth fuel firms blamed for rising petrol,consumer_fuel,consumer_fuel,False,False,True,,,fuel_price_level,-0.4767,0.0,0.341,0.659,negative
2005-04-28,oil prices continue fall as supply worries ease,market_prices,market_prices,True,False,False,oil_price,,,-0.0772,0.221,0.248,0.531,negative
2005-04-30,oil drops below us50,market_prices,market_prices,True,False,False,oil_price_movement,,,0.0,0.0,0.0,1.0,neutral
2005-05-05,oil prices tipped to stay put until 2006,market_prices,market_prices,True,False,False,oil_price,,,0.0,0.0,0.0,1.0,neutral
2005-05-06,fuel cost puts brakes on grey nomads,consumer_fuel,consumer_fuel,False,False,True,,,fuel_price_or_cost,0.0516,0.167,0.0,0.833,positive
2005-05-08,iraqs new oil minister wants to boost crude exports,supply_geopolitics,supply_geopolitics,False,True,False,,oil_core_supply,,-0.25,0.201,0.276,0.522,negative
2005-05-09,big potential for shale oil mine,supply_geopolitics,supply_geopolitics,False,True,False,,shale_oil,,0.0,0.0,0.0,1.0,neutral
2005-05-11,high oil prices lead to slow demand growth iea,market_prices,market_prices,True,False,False,oil_price,,,0.2732,0.234,0.135,0.631,positive
2005-05-11,oil price hedge fund fears hit us stocks,market_prices,market_prices,True,False,False,oil_price,,,-0.4215,0.0,0.286,0.714,negative
2005-05-12,us probe links govt ministers to iraq oil scandal,supply_geopolitics,supply_geopolitics,False,True,False,,oil_geopolitical_country,,-0.4404,0.0,0.266,0.734,negative
2005-05-17,us stocks rally as oil drops,market_prices,market_prices,True,False,False,oil_price_movement,,,0.0,0.0,0.0,1.0,neutral
2005-05-18,high petrol prices fuel tough april for coast,consumer_fuel,consumer_fuel,False,False,True,,,fuel_price_or_cost,-0.128,0.0,0.176,0.824,negative
2005-05-19,oil prices reach three month low,market_prices,market_prices,True,False,False,oil_price,,,-0.25,0.153,0.292,0.556,negative
2005-05-20,anderson fears for oil reserves,supply_geopolitics,supply_geopolitics,False,True,False,,oil_core_supply,,-0.4215,0.0,0.412,0.588,negative
2005-05-23,indonesia readies iraq oil exploration deal,supply_geopolitics,supply_geopolitics,False,True,False,,oil_exploration_drilling,,0.2263,0.275,0.0,0.725,positive
2005-05-30,australia nears east timor oil deal downer says,supply_geopolitics,supply_geopolitics,False,True,False,,oil_policy,,0.0,0.0,0.0,1.0,neutral
2005-05-30,inquiry finds nt fuel prices are reasonable,consumer_fuel,consumer_fuel,False,False,True,,,fuel_price_or_cost,0.0,0.0,0.0,1.0,neutral
2005-05-30,martin defends cost of fuel inquiry,consumer_fuel,consumer_fuel,False,False,True,,,reversed_fuel_price_or_cost,0.0,0.0,0.0,1.0,neutral
2005-06-02,supply fears boost oil prices 5pc,market_prices,market_prices,True,False,False,oil_price,,,-0.0258,0.284,0.295,0.421,neutral
2005-06-03,refinery stockpile news pushes oil price down,market_prices,market_prices,True,False,False,oil_price,,,0.0,0.0,0.0,1.0,neutral
2005-06-04,weak job figures high oil prices hit us stocks,market_prices,market_prices,True,False,False,oil_price,,,-0.4404,0.0,0.266,0.734,negative
2005-06-07,cane harvesters introduce fuel surcharge,consumer_fuel,consumer_fuel,False,False,True,,,fuel_price_or_cost,0.0,0.0,0.0,1.0,neutral
2005-06-10,security fuel costs push ferry fares for cars,consumer_fuel,consumer_fuel,False,False,True,,,fuel_price_or_cost,0.34,0.255,0.0,0.745,positive
2005-06-14,world oil prices on the rise,market_prices,market_prices,True,False,False,oil_price,,,0.0,0.0,0.0,1.0,neutral
2005-06-16,grim outlook for fuel prices,consumer_fuel,consumer_fuel,False,False,True,,,fuel_price_or_cost,-0.5719,0.0,0.481,0.519,negative
2005-06-16,surging oil demand pushes fuel prices up,supply_geopolitics,supply_geopolitics;consumer_fuel,False,True,True,,oil_core_supply,fuel_price_or_cost,-0.128,0.0,0.2,0.8,negative
2005-06-16,tanker raided at iraq oil terminal,supply_geopolitics,supply_geopolitics,False,True,False,,oil_geopolitical_country,,0.0,0.0,0.0,1.0,neutral
2005-06-18,us stocks resist oil price pressure,market_prices,market_prices,True,False,False,oil_price,,,-0.296,0.0,0.306,0.694,negative
2005-06-20,diesel prices push to record highs,consumer_fuel,consumer_fuel,False,False,True,,,fuel_price_or_cost,0.0,0.0,0.0,1.0,neutral
2005-06-20,racv predicts fuel price rise,consumer_fuel,consumer_fuel,False,False,True,,,fuel_price_or_cost,0.0,0.0,0.0,1.0,neutral
2005-06-20,strong commodities demand pushes up oil price,market_prices,market_prices,True,False,False,oil_price,,,0.4215,0.337,0.153,0.51,positive
2005-06-21,drivers warned of looming fuel price rise,consumer_fuel,consumer_fuel,False,False,True,,,fuel_price_or_cost,-0.3818,0.0,0.419,0.581,negative
2005-06-21,oil price hits us markets,market_prices,market_prices,True,False,False,oil_price,,,0.0,0.0,0.0,1.0,neutral
2005-06-21,oil price tipped to continue to rise,market_prices,market_prices,True,False,False,oil_price,,,0.0,0.0,0.0,1.0,neutral
2005-06-21,south australians to face higher fuel prices,consumer_fuel,consumer_fuel,False,False,True,,,fuel_price_or_cost,0.0,0.0,0.0,1.0,neutral
2005-06-22,senate allows us to sue opec for oil price fixing,market_prices,market_prices;supply_geopolitics,True,True,False,oil_price,opec,,0.0,0.0,0.0,1.0,neutral
2005-06-22,us markets mixed after oil price jitters,market_prices,market_prices,True,False,False,oil_price,,,0.0,0.0,0.0,1.0,neutral
2005-06-24,soaring oil price produces asx slump,market_prices,market_prices,True,False,False,oil_price,,,0.0,0.0,0.0,1.0,neutral
2005-06-24,stocks dip as oil hits us60 a barrel,market_prices,market_prices,True,False,False,oil_price_movement,,,0.0,0.0,0.0,1.0,neutral
2005-06-25,high oil prices prompt fuel levy reform call,market_prices,market_prices;consumer_fuel,True,False,True,oil_price,,fuel_price_or_cost,0.0,0.0,0.0,1.0,neutral
2005-06-25,high petrol price good news for mortgages analyst,consumer_fuel,consumer_fuel,False,False,True,,,fuel_price_or_cost,0.4404,0.293,0.0,0.707,positive
2005-06-25,oil price hits us market,market_prices,market_prices,True,False,False,oil_price,,,0.0,0.0,0.0,1.0,neutral
2005-06-25,oil price nears us60,market_prices,market_prices,True,False,False,oil_price,,,0.0,0.0,0.0,1.0,neutral
2005-06-25,petrol prices cancel out govt tax relief says labor,consumer_fuel,consumer_fuel,False,False,True,,,fuel_price_or_cost,0.2732,0.256,0.165,0.579,positive
2005-06-25,pm concerned about rising world oil prices impact,market_prices,market_prices,True,False,False,oil_price,,,0.0,0.0,0.0,1.0,neutral
2005-06-25,us stocks fall on concern over rising oil prices,market_prices,market_prices,True,False,False,oil_price,,,0.0,0.0,0.0,1.0,neutral
2005-06-26,beazley seeks tax cuts to offset petrol price,consumer_fuel,consumer_fuel,False,False,True,,,fuel_price_or_cost,-0.296,0.0,0.239,0.761,negative
2005-06-26,qantas holds off on higher fuel levy,consumer_fuel,consumer_fuel,False,False,True,,,fuel_price_or_cost,0.0,0.0,0.0,1.0,neutral
2005-06-27,central bankers expect oil price to remain high,market_prices,market_prices,True,False,False,oil_price,,,0.0,0.0,0.0,1.0,neutral
2005-06-27,oil jumps above us60,market_prices,market_prices,True,False,False,oil_price_movement,,,0.0,0.0,0.0,1.0,neutral
2005-06-28,fuel seller says price fluctuations normal,consumer_fuel,consumer_fuel,False,False,True,,,fuel_cost_proximity,0.0,0.0,0.0,1.0,neutral
2005-06-28,high oil price hits us shares,market_prices,market_prices,True,False,False,oil_price,,,0.296,0.306,0.0,0.694,positive
2005-06-28,rising fuel prices linked to higher freight rates,consumer_fuel,consumer_fuel,False,False,True,,,fuel_price_or_cost,0.0,0.0,0.0,1.0,neutral
2005-06-29,higher fuel prices forecast for regional drivers,consumer_fuel,consumer_fuel,False,False,True,,,fuel_price_or_cost,0.0,0.0,0.0,1.0,neutral
2005-06-29,stocks rally following oil price drop,market_prices,market_prices,True,False,False,oil_price,,,-0.2732,0.0,0.296,0.704,negative
2005-06-30,venezuela outlines discount oil plan,supply_geopolitics,supply_geopolitics,False,True,False,,oil_geopolitical_country,,0.0,0.0,0.0,1.0,neutral
2005-07-04,petrol prices fuel inflation rate rise,consumer_fuel,consumer_fuel,False,False,True,,,fuel_price_or_cost,0.0,0.0,0.0,1.0,neutral
2005-07-06,china us face off over oil company takeover bid,supply_geopolitics,supply_geopolitics,False,True,False,,oil_industry_projects,,0.0,0.0,0.0,1.0,neutral
2005-07-06,tropical storms push oil price higher,market_prices,market_prices,True,False,False,oil_price,,,0.0,0.0,0.0,1.0,neutral
2005-07-07,high oil price drags us stocks lower,market_prices,market_prices,True,False,False,oil_price,,,-0.4404,0.0,0.438,0.562,negative
2005-07-07,oil price scales record high in asia,market_prices,market_prices,True,False,False,oil_price,,,0.0,0.0,0.0,1.0,neutral
2005-07-07,soaring oil prices push markets down,market_prices,market_prices,True,False,False,oil_price,,,0.0,0.0,0.0,1.0,neutral
2005-07-07,storms push oil prices to record highs,market_prices,market_prices,True,False,False,oil_price,,,0.0,0.0,0.0,1.0,neutral
2005-07-12,drivers urged to shop around for cheaper fuel,consumer_fuel,consumer_fuel,False,False,True,,,fuel_price_level,0.0,0.0,0.0,1.0,neutral
2005-07-12,high petrol prices not justified says fuelwatch,consumer_fuel,consumer_fuel,False,False,True,,,fuel_price_or_cost,-0.3089,0.0,0.273,0.727,negative
2005-07-12,record oil prices hit live cattle trade,market_prices,market_prices,True,False,False,oil_price,,,0.0,0.0,0.0,1.0,neutral
2005-07-13,hurricane concerns push up oil prices,market_prices,market_prices,True,False,False,oil_price,,,0.0,0.0,0.0,1.0,neutral
2005-07-16,petrol prices up as refinery remains shut,supply_geopolitics,supply_geopolitics;consumer_fuel,False,True,True,,oil_refinery_operations,fuel_price_or_cost,0.0,0.0,0.0,1.0,neutral
2005-07-18,diesel prices predicted to climb further,consumer_fuel,consumer_fuel,False,False,True,,,fuel_price_or_cost,0.0,0.0,0.0,1.0,neutral
2005-07-18,racv forecasts record high fuel prices,consumer_fuel,consumer_fuel,False,False,True,,,fuel_price_or_cost,0.0,0.0,0.0,1.0,neutral
2005-07-19,minister worried about cost of ethanol blended fuel,consumer_fuel,consumer_fuel,False,False,True,,,reversed_fuel_price_or_cost,-0.296,0.0,0.239,0.761,negative
2005-07-20,eight killed in yemen riots over fuel price rise,consumer_fuel,consumer_fuel,False,False,True,,,fuel_price_or_cost,-0.8316,0.0,0.527,0.473,negative
2005-07-20,higher oil price hits live cattle exporters,market_prices,market_prices,True,False,False,oil_price,,,0.0,0.0,0.0,1.0,neutral
2005-07-21,woodside projects boosts oil production,supply_geopolitics,supply_geopolitics,False,True,False,,oil_core_supply,,0.3182,0.365,0.0,0.635,positive
2005-07-22,39 killed in yemen clashes over fuel price hikes,consumer_fuel,consumer_fuel,False,False,True,,,fuel_price_or_cost,-0.6705,0.0,0.36,0.64,negative
2005-07-22,new petroleum exploration permits for carnarvon,supply_geopolitics,supply_geopolitics,False,True,False,,petroleum_context,,0.2263,0.275,0.0,0.725,positive
2005-07-23,dow jones closes up as crude price jumps,market_prices,market_prices,True,False,False,crude_oil,,,-0.5719,0.0,0.346,0.654,negative
2005-07-25,higher petrol price may boost bus ticket prices,consumer_fuel,consumer_fuel,False,False,True,,,fuel_price_or_cost,0.4019,0.278,0.0,0.722,positive
2005-07-25,oil price rises yet to hit consumer goods,market_prices,market_prices,True,False,False,oil_price,,,0.0,0.0,0.0,1.0,neutral
2005-07-30,high oil prices put us stocks off,market_prices,market_prices,True,False,False,oil_price,,,0.0,0.0,0.0,1.0,neutral
2005-08-01,higher oil prices affect ravensthorpe roads,market_prices,market_prices,True,False,False,oil_price,,,0.0,0.0,0.0,1.0,neutral
2005-08-02,surging oil price hits dow,market_prices,market_prices,True,False,False,oil_price,,,0.0,0.0,0.0,1.0,neutral
2005-08-04,rising oil prices to hit rural businesses,market_prices,market_prices,True,False,False,oil_price,,,0.0,0.0,0.0,1.0,neutral
2005-08-08,motorists buy smaller cars as petrol prices rise,consumer_fuel,consumer_fuel,False,False,True,,,fuel_price_or_cost,0.0,0.0,0.0,1.0,neutral
2005-08-08,oil prices hit record highs,market_prices,market_prices,True,False,False,oil_price,,,0.0,0.0,0.0,1.0,neutral
2005-08-09,sa govt urged to act on fuel prices,consumer_fuel,consumer_fuel,False,False,True,,,fuel_price_or_cost,0.0,0.0,0.0,1.0,neutral
2005-08-10,qantas mulls fuel surcharge hike,consumer_fuel,consumer_fuel,False,False,True,,,fuel_price_or_cost,0.0,0.0,0.0,1.0,neutral
2005-08-11,wall street falls as oil soars,market_prices,market_prices,True,False,False,oil_price_movement,,,0.0,0.0,0.0,1.0,neutral
2005-08-12,oil price breaks through us66 a barrel,market_prices,market_prices,True,False,False,oil_price,,,0.0,0.0,0.0,1.0,neutral
2005-08-12,qld govt urged to extend petrol subsidy to non,consumer_fuel,consumer_fuel,False,False,True,,,fuel_price_or_cost,0.1779,0.175,0.0,0.825,positive
2005-08-13,us stocks take a hit on record oil,market_prices,market_prices,True,False,False,oil_and_financial_market,,,0.0,0.0,0.0,1.0,neutral
2005-08-15,high oil prices fail to boost wool market,market_prices,market_prices,True,False,False,oil_price,,,-0.2023,0.221,0.287,0.492,negative
2005-08-15,higher fuel prices drive demand for gas conversion,consumer_fuel,consumer_fuel,False,False,True,,,fuel_price_or_cost,-0.128,0.0,0.176,0.824,negative
2005-08-15,regional drivers warned of rising fuel prices,consumer_fuel,consumer_fuel,False,False,True,,,fuel_price_or_cost,-0.2732,0.0,0.259,0.741,negative
2005-08-16,higher fuel prices prompts gas switch,consumer_fuel,consumer_fuel,False,False,True,,,fuel_price_or_cost,0.0,0.0,0.0,1.0,neutral
2005-08-17,court overturns ballarat petrol price fixing ruling,consumer_fuel,consumer_fuel,False,False,True,,,fuel_price_or_cost,0.0,0.0,0.0,1.0,neutral
2005-08-17,tas govt urged to offset rising petrol price costs,consumer_fuel,consumer_fuel,False,False,True,,,fuel_price_or_cost,0.0,0.0,0.0,1.0,neutral
2005-08-18,fuel prices cutting into airline profits,consumer_fuel,consumer_fuel,False,False,True,,,fuel_price_or_cost,0.34,0.345,0.179,0.476,positive
2005-08-18,oil giant plans expansion in victoria,supply_geopolitics,supply_geopolitics,False,True,False,,oil_industry_projects,,0.0,0.0,0.0,1.0,neutral
2005-08-18,qantas ponders fuel levy increase despite profit,consumer_fuel,consumer_fuel,False,False,True,,,fuel_price_or_cost,-0.0274,0.237,0.248,0.515,neutral
2005-08-19,analyst expects oil price downturn,market_prices,market_prices,True,False,False,oil_price,,,0.0,0.0,0.0,1.0,neutral
2005-08-20,ecuador defence minister quits amid oil crisis,market_prices,market_prices,True,False,False,oil_crisis_or_fears,,,-0.5719,0.133,0.39,0.476,negative
2005-08-22,fears fuel costs may finish some farmers,consumer_fuel,consumer_fuel,False,False,True,,,fuel_price_or_cost,-0.4215,0.0,0.318,0.682,negative
2005-08-23,mergers help us stocks fend off oil fears,market_prices,market_prices,True,False,False,oil_crisis_or_fears,,,-0.0258,0.235,0.243,0.522,neutral
2005-08-23,qantas increases fuel surcharge,consumer_fuel,consumer_fuel,False,False,True,,,fuel_price_or_cost,0.0,0.0,0.0,1.0,neutral
2005-08-24,higher fuel prices may put brakes on self drive,consumer_fuel,consumer_fuel,False,False,True,,,fuel_price_or_cost,0.0,0.0,0.0,1.0,neutral
2005-08-27,fuel shortage to hit sydney flights,supply_geopolitics,supply_geopolitics,False,True,False,,fuel_shortage_security,,-0.25,0.0,0.286,0.714,negative
2005-08-27,oil prices slide as hurricane fears ease,market_prices,market_prices,True,False,False,oil_price,,,-0.0772,0.243,0.272,0.485,negative
2005-08-27,rising fuel prices hit business hard,consumer_fuel,consumer_fuel,False,False,True,,,fuel_price_or_cost,-0.1027,0.0,0.219,0.781,negative
2005-08-28,fuel shortage sees flights cancelled,supply_geopolitics,supply_geopolitics,False,True,False,,fuel_shortage_security,,-0.4588,0.0,0.571,0.429,negative
2005-08-29,investigations continue into jet fuel supply,supply_geopolitics,supply_geopolitics,False,True,False,,fuel_shortage_security,,0.0,0.0,0.0,1.0,neutral
2005-08-29,rising oil prices shake asx,market_prices,market_prices,True,False,False,oil_price,,,-0.1779,0.0,0.298,0.702,negative
2005-08-29,us oil surges to record on hurricane fears,market_prices,market_prices,True,False,False,oil_price_movement,,,-0.4215,0.0,0.286,0.714,negative
2005-08-30,agreement paves way for desert oil drilling,supply_geopolitics,supply_geopolitics,False,True,False,,oil_exploration_drilling,,0.4939,0.348,0.0,0.652,positive
2005-08-30,market recovers as oil prices drop,market_prices,market_prices,True,False,False,oil_price,,,-0.2732,0.0,0.296,0.704,negative
2005-08-30,opec chief concerned by oil price rise,market_prices,market_prices;supply_geopolitics,True,True,False,oil_price,opec,,0.0,0.0,0.0,1.0,neutral
2005-08-30,record fuel prices to influence homebuyers,consumer_fuel,consumer_fuel,False,False,True,,,fuel_price_or_cost,0.0,0.0,0.0,1.0,neutral
2005-08-30,us considers using emergency oil reserves,supply_geopolitics,supply_geopolitics,False,True,False,,oil_core_supply,,-0.3818,0.0,0.342,0.658,negative
2005-08-31,costello warns over high oil price,market_prices,market_prices,True,False,False,oil_price,,,-0.1027,0.0,0.219,0.781,negative
2005-08-31,forbes delegates mull over rising oil prices,market_prices,market_prices,True,False,False,oil_price,,,0.0,0.0,0.0,1.0,neutral
2005-08-31,market higher despite surging oil prices,market_prices,market_prices,True,False,False,oil_price,,,0.0,0.0,0.0,1.0,neutral
2005-08-31,oil price hits high after hurricane katrina,market_prices,market_prices,True,False,False,oil_price,,,0.0,0.0,0.0,1.0,neutral
2005-08-31,us stocks fall as oil price rises,market_prices,market_prices,True,False,False,oil_price,,,0.0,0.0,0.0,1.0,neutral
2005-08-31,us to release oil from strategic petroleum reserve,supply_geopolitics,supply_geopolitics,False,True,False,,petroleum_context,,0.0,0.0,0.0,1.0,neutral
2005-09-01,bus service to use rising fuel prices in ad,consumer_fuel,consumer_fuel,False,False,True,,,fuel_price_or_cost,0.0,0.0,0.0,1.0,neutral
2005-09-01,gulf country petrol prices alarm locals,consumer_fuel,consumer_fuel,False,False,True,,,fuel_price_or_cost,-0.34,0.0,0.324,0.676,negative
2005-09-01,joyce backs ethanol blend petrol as fuel price,consumer_fuel,consumer_fuel,False,False,True,,,fuel_price_or_cost,-0.0516,0.0,0.146,0.854,negative
2005-09-01,petrol prices set to stay high for some time,consumer_fuel,consumer_fuel,False,False,True,,,fuel_price_or_cost,0.0,0.0,0.0,1.0,neutral
2005-09-01,venezuela offers oil aid to hurricane battered us,supply_geopolitics,supply_geopolitics,False,True,False,,oil_geopolitical_country,,0.0,0.0,0.0,1.0,neutral
2005-09-02,fuel price climbs to 134 a litre,consumer_fuel,consumer_fuel,False,False,True,,,fuel_price_or_cost,0.0,0.0,0.0,1.0,neutral
2005-09-02,high fuel costs boost commuter numbers,consumer_fuel,consumer_fuel,False,False,True,,,fuel_price_or_cost,0.4019,0.351,0.0,0.649,positive
2005-09-02,rising petrol prices pressure rural patients,consumer_fuel,consumer_fuel,False,False,True,,,fuel_price_or_cost,-0.296,0.0,0.306,0.694,negative
2005-09-02,sydney airport fuel shortage ends,supply_geopolitics,supply_geopolitics,False,True,False,,fuel_shortage_security,,-0.25,0.0,0.333,0.667,negative
2005-09-03,european aid promises suppress oil price,market_prices,market_prices,True,False,False,oil_price,,,0.3818,0.342,0.0,0.658,positive
2005-09-04,service stations seek petrol price cap,consumer_fuel,consumer_fuel,False,False,True,,,fuel_price_or_cost,0.0,0.0,0.0,1.0,neutral
2005-09-05,business encouraged to budget for fuel price rises,consumer_fuel,consumer_fuel,False,False,True,,,fuel_price_or_cost,0.3612,0.263,0.0,0.737,positive
2005-09-05,costello to push indonesia for lower oil prices,market_prices,market_prices,True,False,False,oil_price,,,-0.296,0.0,0.239,0.761,negative
2005-09-05,fears fuel price hike will hit charities,consumer_fuel,consumer_fuel,False,False,True,,,fuel_price_or_cost,0.1027,0.291,0.255,0.455,positive
2005-09-05,fuel costs hitting patient transport,consumer_fuel,consumer_fuel,False,False,True,,,fuel_price_or_cost,0.0,0.0,0.0,1.0,neutral
2005-09-05,high fuel prices force changes to helicopter,consumer_fuel,consumer_fuel,False,False,True,,,fuel_price_or_cost,0.0,0.0,0.0,1.0,neutral
2005-09-05,rescue chopper service worried about fuel costs,consumer_fuel,consumer_fuel,False,False,True,,,fuel_price_or_cost,0.2732,0.314,0.21,0.476,positive
2005-09-06,no end in sight to high petrol prices,consumer_fuel,consumer_fuel,False,False,True,,,fuel_price_or_cost,-0.296,0.0,0.239,0.761,negative
2005-09-07,fears fuel costs will force country drivers off,consumer_fuel,consumer_fuel,False,False,True,,,fuel_price_or_cost,-0.4215,0.0,0.286,0.714,negative
2005-09-07,fuel costs threaten swap meet,consumer_fuel,consumer_fuel,False,False,True,,,fuel_price_or_cost,-0.3818,0.0,0.394,0.606,negative
2005-09-07,graziers to bear brunt of higher fuel prices,consumer_fuel,consumer_fuel,False,False,True,,,fuel_price_or_cost,0.0,0.0,0.0,1.0,neutral
2005-09-07,nationals want gst revenue to cut petrol price,consumer_fuel,consumer_fuel,False,False,True,,,fuel_price_or_cost,-0.2023,0.138,0.223,0.638,negative
2005-09-07,outback businesses lament petrol prices,consumer_fuel,consumer_fuel,False,False,True,,,fuel_price_or_cost,-0.4588,0.0,0.429,0.571,negative
2005-09-07,perth petrol prices reach new highs,consumer_fuel,consumer_fuel,False,False,True,,,fuel_price_or_cost,0.0258,0.18,0.0,0.82,neutral
2005-09-08,accc confident fuel prices will fall,consumer_fuel,consumer_fuel,False,False,True,,,fuel_price_or_cost,0.4939,0.39,0.0,0.61,positive
2005-09-08,drivers switch to lpg as petrol prices soar,consumer_fuel,consumer_fuel,False,False,True,,,fuel_price_or_cost,0.0,0.0,0.0,1.0,neutral
2005-09-08,falling oil prices boost markets,market_prices,market_prices,True,False,False,oil_price,,,0.2732,0.37,0.219,0.411,positive
2005-09-08,fuel prices will stay high economist says,consumer_fuel,consumer_fuel,False,False,True,,,fuel_price_or_cost,0.0,0.0,0.0,1.0,neutral
2005-09-08,inquiry wouldnt bring petrol price down pm,consumer_fuel,consumer_fuel,False,False,True,,,fuel_price_or_cost,0.0,0.0,0.0,1.0,neutral
2005-09-08,oil prices dominate apec finance ministers meeting,market_prices,market_prices,True,False,False,oil_price,,,-0.128,0.0,0.2,0.8,negative
2005-09-09,freight company worried about rising fuel costs,consumer_fuel,consumer_fuel,False,False,True,,,fuel_price_or_cost,-0.296,0.0,0.268,0.732,negative
2005-09-09,fuel prices putting communities at risk says,consumer_fuel,consumer_fuel,False,False,True,,,fuel_price_or_cost,-0.2732,0.0,0.259,0.741,negative
2005-09-09,govt rules out fuel tax cut,consumer_fuel,consumer_fuel,False,False,True,,,fuel_price_or_cost,-0.2732,0.0,0.296,0.704,negative
2005-09-09,high fuel prices could wipe out farmers profits,consumer_fuel,consumer_fuel,False,False,True,,,fuel_price_or_cost,0.4404,0.293,0.0,0.707,positive
2005-09-09,pm rules out petrol excise cut,consumer_fuel,consumer_fuel,False,False,True,,,fuel_price_or_cost,-0.2732,0.0,0.296,0.704,negative
2005-09-10,drought hit farmers feeling fuel price pinch,consumer_fuel,consumer_fuel,False,False,True,,,fuel_price_or_cost,0.128,0.2,0.0,0.8,positive
2005-09-11,petrol price tipped to peak at 145,consumer_fuel,consumer_fuel,False,False,True,,,fuel_price_or_cost,0.0,0.0,0.0,1.0,neutral
2005-09-11,rising petrol prices sound death knell for road,consumer_fuel,consumer_fuel,False,False,True,,,fuel_price_or_cost,-0.5994,0.0,0.358,0.642,negative
2005-09-12,awb denies wrongdoing in iraq oil for food program,supply_geopolitics,supply_geopolitics,False,True,False,,oil_geopolitical_country,,-0.4215,0.0,0.259,0.741,negative
2005-09-12,caltex defends high petrol prices,consumer_fuel,consumer_fuel,False,False,True,,,fuel_price_or_cost,0.0,0.0,0.0,1.0,neutral
2005-09-12,caltex says its not sorry for high petrol prices,consumer_fuel,consumer_fuel,False,False,True,,,fuel_price_or_cost,0.0572,0.133,0.0,0.867,positive
2005-09-12,high fuel prices impacting on regional aged care,consumer_fuel,consumer_fuel,False,False,True,,,fuel_price_or_cost,0.4939,0.314,0.0,0.686,positive
2005-09-12,national party promises to slash nz petrol prices,consumer_fuel,consumer_fuel,False,False,True,,,fuel_price_or_cost,0.4939,0.427,0.169,0.403,positive
2005-09-12,rising fuel prices may cut floriade attendances,consumer_fuel,consumer_fuel,False,False,True,,,fuel_price_or_cost,-0.2732,0.0,0.259,0.741,negative
2005-09-13,farmers feeling impact of rising fuel prices,consumer_fuel,consumer_fuel,False,False,True,,,fuel_price_or_cost,0.128,0.2,0.0,0.8,positive
2005-09-13,fuel price to be considered in taxi fares review,consumer_fuel,consumer_fuel,False,False,True,,,fuel_price_or_cost,0.0,0.0,0.0,1.0,neutral
2005-09-13,mining up but nab warns of oil price effects,market_prices,market_prices,True,False,False,oil_price,,,-0.1531,0.0,0.167,0.833,negative
2005-09-13,racq calls on petrol companies to lower prices,consumer_fuel,consumer_fuel,False,False,True,,,fuel_price_level,-0.296,0.0,0.239,0.761,negative
2005-09-13,racv predicts easing fuel price,consumer_fuel,consumer_fuel,False,False,True,,,fuel_price_or_cost,0.25,0.333,0.0,0.667,positive
2005-09-14,fuel shortage hampers aid deliveries in sudan,supply_geopolitics,supply_geopolitics,False,True,False,,fuel_shortage_security,,-0.25,0.0,0.25,0.75,negative
2005-09-14,petrol price tops list of aussie woes,consumer_fuel,consumer_fuel,False,False,True,,,fuel_price_or_cost,0.1027,0.295,0.259,0.446,positive
2005-09-14,petrol prices drive drop in confidence,consumer_fuel,consumer_fuel,False,False,True,,,fuel_price_or_cost,0.296,0.351,0.223,0.426,positive
2005-09-14,thousands of nigerians protest fuel prices,consumer_fuel,consumer_fuel,False,False,True,,,fuel_price_or_cost,-0.25,0.0,0.286,0.714,negative
2005-09-14,tourism industry hopes for fuel price relief,consumer_fuel,consumer_fuel,False,False,True,,,fuel_price_or_cost,0.7096,0.541,0.0,0.459,positive
2005-09-14,wall street takes hit from oil katrina,market_prices,market_prices,True,False,False,oil_and_financial_market,,,0.0,0.0,0.0,1.0,neutral
2005-09-15,oil price soars wall street slides,market_prices,market_prices,True,False,False,oil_price,,,0.0,0.0,0.0,1.0,neutral
2005-09-15,sa govt urged to adopt petrol subsidy,consumer_fuel,consumer_fuel,False,False,True,,,fuel_price_or_cost,0.1779,0.221,0.0,0.779,positive
2005-09-16,employers should offset petrol price hikes union,consumer_fuel,consumer_fuel,False,False,True,,,fuel_price_or_cost,0.0,0.0,0.0,1.0,neutral
2005-09-16,high fuel price worries tourism industry,consumer_fuel,consumer_fuel,False,False,True,,,fuel_price_or_cost,-0.4215,0.0,0.359,0.641,negative
2005-09-16,market on the rise as oil price drops,market_prices,market_prices,True,False,False,oil_price,,,0.0,0.0,0.0,1.0,neutral
2005-09-16,vff wants fuel excise reforms fast tracked,consumer_fuel,consumer_fuel,False,False,True,,,fuel_price_or_cost,0.0,0.0,0.0,1.0,neutral
2005-09-16,workers look to employers for fuel cost compo,consumer_fuel,consumer_fuel,False,False,True,,,fuel_price_or_cost,0.0,0.0,0.0,1.0,neutral
2005-09-17,upgrades oil prices bolster us market,market_prices,market_prices,True,False,False,oil_price,,,0.0,0.0,0.0,1.0,neutral
2005-09-18,opec wants to stabilise oil prices president says,market_prices,market_prices;supply_geopolitics,True,True,False,oil_price,opec,,0.0,0.0,0.0,1.0,neutral
2005-09-19,accc must investigate petrol price hikes beazley,consumer_fuel,consumer_fuel,False,False,True,,,fuel_price_or_cost,0.0,0.0,0.0,1.0,neutral
2005-09-19,charity feels pinch as fuel prices rise,consumer_fuel,consumer_fuel,False,False,True,,,fuel_price_or_cost,0.4215,0.318,0.0,0.682,positive
2005-09-19,fuel prices prompt call for taxi fare hike,consumer_fuel,consumer_fuel,False,False,True,,,fuel_price_or_cost,0.0,0.0,0.0,1.0,neutral
2005-09-19,oil price rise affects sugar prices,market_prices,market_prices,True,False,False,oil_price,,,0.0,0.0,0.0,1.0,neutral
2005-09-19,wa govt under pressure to offer fuel price relief,consumer_fuel,consumer_fuel,False,False,True,,,fuel_price_or_cost,0.2263,0.252,0.179,0.569,positive
2005-09-20,bendigo families feeling higher fuel price,consumer_fuel,consumer_fuel,False,False,True,,,fuel_price_or_cost,0.128,0.231,0.0,0.769,positive
2005-09-20,fuel excise to increase petrol price burden,consumer_fuel,consumer_fuel,False,False,True,,,fuel_price_or_cost,-0.1531,0.225,0.284,0.49,negative
2005-09-20,govt scraps fuel tax plan,consumer_fuel,consumer_fuel,False,False,True,,,fuel_price_or_cost,0.0,0.0,0.0,1.0,neutral
2005-09-20,mp urges accc to probe rising fuel prices,consumer_fuel,consumer_fuel,False,False,True,,,fuel_price_or_cost,0.0,0.0,0.0,1.0,neutral
2005-09-20,oil price surge depresses us market,market_prices,market_prices,True,False,False,oil_price,,,-0.4939,0.0,0.39,0.61,negative
2005-09-20,opec to hold back spare oil capacity,supply_geopolitics,supply_geopolitics,False,True,False,,opec,,0.0,0.0,0.0,1.0,neutral
2005-09-20,petrol excise increase under review,consumer_fuel,consumer_fuel,False,False,True,,,fuel_price_or_cost,0.3182,0.365,0.0,0.635,positive
2005-09-20,planned government fuel excise increase being,consumer_fuel,consumer_fuel,False,False,True,,,fuel_price_or_cost,0.3182,0.315,0.0,0.685,positive
2005-09-20,rising petrol price fuels tourism concerns,consumer_fuel,consumer_fuel,False,False,True,,,fuel_price_or_cost,0.0,0.0,0.0,1.0,neutral
2005-09-21,excise decision wont cut petrol prices rac,consumer_fuel,consumer_fuel,False,False,True,,,fuel_price_or_cost,0.2057,0.232,0.0,0.768,positive
2005-09-21,fuel prices bite into 4wd car sales,consumer_fuel,consumer_fuel,False,False,True,,,fuel_price_or_cost,0.0,0.0,0.0,1.0,neutral
2005-09-21,higher petrol price fuels fishing concerns,consumer_fuel,consumer_fuel,False,False,True,,,fuel_price_or_cost,0.0,0.0,0.0,1.0,neutral
2005-09-21,no magic solution to fuel prices pm,consumer_fuel,consumer_fuel,False,False,True,,,fuel_price_or_cost,0.0258,0.242,0.232,0.526,neutral
2005-09-21,opec suspends quota system,supply_geopolitics,supply_geopolitics,False,True,False,,opec,,0.0,0.0,0.0,1.0,neutral
2005-09-22,businesses to pass on fuel costs,consumer_fuel,consumer_fuel,False,False,True,,,fuel_price_or_cost,0.0,0.0,0.0,1.0,neutral
2005-09-22,call for accc to regulate fuel prices as summit,consumer_fuel,consumer_fuel,False,False,True,,,fuel_price_or_cost,0.0,0.0,0.0,1.0,neutral
2005-09-22,farm group seeks more fuel cost respite,consumer_fuel,consumer_fuel,False,False,True,,,fuel_price_or_cost,0.0,0.0,0.0,1.0,neutral
2005-09-22,fuel summit to discuss oil company profit margins,supply_geopolitics,supply_geopolitics,False,True,False,,oil_industry_projects,,0.4404,0.293,0.0,0.707,positive
2005-09-22,pm flags fuel price discussion with oil groups,consumer_fuel,consumer_fuel,False,False,True,,,fuel_price_or_cost,0.0,0.0,0.0,1.0,neutral
2005-09-22,rising fuel price may boost air ticket costs,consumer_fuel,consumer_fuel,False,False,True,,,fuel_price_or_cost,0.4019,0.278,0.0,0.722,positive
2005-09-22,summit urges watchdog to monitor fuel prices,consumer_fuel,consumer_fuel,False,False,True,,,fuel_price_or_cost,0.0,0.0,0.0,1.0,neutral
2005-09-22,wimmera mallee drivers feel rising fuel price,consumer_fuel,consumer_fuel,False,False,True,,,fuel_price_or_cost,0.0,0.0,0.0,1.0,neutral
2005-09-23,bendigo drivers feel cost of rising fuel price,consumer_fuel,consumer_fuel,False,False,True,,,fuel_price_or_cost,0.0,0.0,0.0,1.0,neutral
2005-09-23,farmers cut deliveries as fuel price rises,consumer_fuel,consumer_fuel,False,False,True,,,fuel_price_or_cost,-0.2732,0.0,0.259,0.741,negative
2005-09-23,fuel prices blamed for bega valley tourism slump,consumer_fuel,consumer_fuel,False,False,True,,,fuel_price_or_cost,-0.4767,0.0,0.307,0.693,negative
2005-09-23,oil companies need to be investigated minister,supply_geopolitics,supply_geopolitics,False,True,False,,oil_industry_projects,,0.0,0.0,0.0,1.0,neutral
2005-09-23,petrol prices could force rates up,consumer_fuel,consumer_fuel,False,False,True,,,fuel_price_or_cost,0.0,0.0,0.0,1.0,neutral
2005-09-23,pm admits petrol prices could affect inflation,consumer_fuel,consumer_fuel,False,False,True,,,fuel_price_or_cost,0.296,0.268,0.0,0.732,positive
2005-09-23,trucking firms suffer as fuel prices rise,consumer_fuel,consumer_fuel,False,False,True,,,fuel_price_or_cost,-0.5423,0.0,0.368,0.632,negative
2005-09-24,abandon diesel excise increase labor urges,consumer_fuel,consumer_fuel,False,False,True,,,fuel_price_or_cost,-0.1531,0.25,0.315,0.435,negative
2005-09-24,g7 calls for crude output increase,supply_geopolitics,supply_geopolitics,False,True,False,,oil_core_supply,,-0.34,0.23,0.37,0.4,negative
2005-09-24,oil prices slide as gulf production halts,market_prices,market_prices,True,False,False,oil_price,,,0.0,0.0,0.0,1.0,neutral
2005-09-25,mp calls for petrol price rise warnings,consumer_fuel,consumer_fuel,False,False,True,,,fuel_price_or_cost,-0.296,0.0,0.268,0.732,negative
2005-09-26,accc to educate motorists about petrol prices,consumer_fuel,consumer_fuel,False,False,True,,,fuel_price_or_cost,0.0,0.0,0.0,1.0,neutral
2005-09-26,keeping petrol prices low not our job accc,consumer_fuel,consumer_fuel,False,False,True,,,fuel_price_or_cost,-0.2732,0.0,0.231,0.769,negative
2005-09-26,oil price falls after rita passes,market_prices,market_prices,True,False,False,oil_price,,,0.0,0.0,0.0,1.0,neutral
2005-09-26,retailers likely to feel higher fuel prices impact,consumer_fuel,consumer_fuel,False,False,True,,,fuel_price_or_cost,0.0,0.0,0.0,1.0,neutral
2005-09-27,bundaberg yet to feel fuel price drop,consumer_fuel,consumer_fuel,False,False,True,,,fuel_price_or_cost,-0.2732,0.0,0.259,0.741,negative
2005-09-27,oil prices forecast to hit virgin blue profit,market_prices,market_prices,True,False,False,oil_price,,,0.4404,0.293,0.0,0.707,positive
2005-09-27,oil prices will ease costello,market_prices,market_prices,True,False,False,oil_price,,,0.3612,0.385,0.0,0.615,positive
2005-09-28,drivers urged to protest high fuel prices,consumer_fuel,consumer_fuel,False,False,True,,,fuel_price_or_cost,-0.25,0.0,0.25,0.75,negative
2005-09-28,fuel price fails to discourage albany visitors,consumer_fuel,consumer_fuel,False,False,True,,,fuel_price_or_cost,-0.6808,0.0,0.528,0.472,negative
2005-09-28,shell boss blames fuel prices on global pressures,consumer_fuel,consumer_fuel,False,False,True,,,fuel_price_or_cost,-0.6124,0.0,0.455,0.545,negative
2005-09-28,world oil prices to blame,market_prices,market_prices,True,False,False,oil_price,,,-0.34,0.0,0.375,0.625,negative
2005-09-29,exporters suffering soaring diesel prices,consumer_fuel,consumer_fuel,False,False,True,,,fuel_price_or_cost,-0.4767,0.0,0.437,0.563,negative
2005-09-29,high petrol prices prompt rise in fuel thefts,consumer_fuel,consumer_fuel,False,False,True,,,fuel_price_or_cost,0.0,0.0,0.0,1.0,neutral
2005-09-30,consumers ignore fuel price hikes,consumer_fuel,consumer_fuel,False,False,True,,,fuel_price_or_cost,-0.3612,0.0,0.385,0.615,negative
2005-09-30,fuel price drops as accc launches snapshot,consumer_fuel,consumer_fuel,False,False,True,,,fuel_price_or_cost,0.0,0.0,0.0,1.0,neutral
2005-09-30,retail sales defy petrol price pressure,consumer_fuel,consumer_fuel,False,False,True,,,fuel_price_or_cost,-0.296,0.0,0.306,0.694,negative
2005-09-30,warning shots fired on fuel price protesters,consumer_fuel,consumer_fuel,False,False,True,,,fuel_price_or_cost,-0.7845,0.0,0.664,0.336,negative
2005-10-01,fuel prices eat into queenslanders spending,consumer_fuel,consumer_fuel,False,False,True,,,fuel_price_or_cost,0.0,0.0,0.0,1.0,neutral
2005-10-01,hundreds rally in indonesia against fuel price hike,consumer_fuel,consumer_fuel,False,False,True,,,fuel_price_or_cost,0.0,0.0,0.0,1.0,neutral
2005-10-02,iran denies oil threat,supply_geopolitics,supply_geopolitics,False,True,False,,oil_geopolitical_country,,-0.7351,0.0,0.756,0.244,negative
2005-10-02,iran threatens to withhold oil,supply_geopolitics,supply_geopolitics,False,True,False,,oil_geopolitical_country,,-0.3818,0.0,0.394,0.606,negative
2005-10-03,family first seeks fuel excise cut,consumer_fuel,consumer_fuel,False,False,True,,,fuel_price_or_cost,-0.2732,0.0,0.296,0.704,negative
2005-10-04,indonesias fuel price rise hits cattle demand,consumer_fuel,consumer_fuel,False,False,True,,,fuel_price_or_cost,-0.128,0.0,0.2,0.8,negative
2005-10-05,drivers warned no fuel price respite soon,consumer_fuel,consumer_fuel,False,False,True,,,fuel_price_or_cost,-0.5106,0.0,0.462,0.538,negative
2005-10-05,fuel price committee to inspect ethanol plant,consumer_fuel,consumer_fuel,False,False,True,,,fuel_price_or_cost,0.0,0.0,0.0,1.0,neutral
2005-10-05,greens seek inquiry into oil supply,supply_geopolitics,supply_geopolitics,False,True,False,,oil_core_supply,,0.0,0.0,0.0,1.0,neutral
2005-10-05,late tanker jeopardises sa fuel supply,supply_geopolitics,supply_geopolitics,False,True,False,,fuel_shortage_security,,0.0,0.0,0.0,1.0,neutral
2005-10-05,sa govt urged to offer fuel price respite,consumer_fuel,consumer_fuel,False,False,True,,,fuel_price_or_cost,0.0,0.0,0.0,1.0,neutral
2005-10-07,crude oil drops on cooler us demand,market_prices,market_prices,True,False,False,crude_oil,,,-0.6369,0.0,0.51,0.49,negative
2005-10-07,howard sees no inflation threat from fuel prices,consumer_fuel,consumer_fuel,False,False,True,,,fuel_price_or_cost,-0.6808,0.0,0.483,0.517,negative
2005-10-10,higher fuel price takes toll on uralla tourism,consumer_fuel,consumer_fuel,False,False,True,,,fuel_price_or_cost,0.0,0.0,0.0,1.0,neutral
2005-10-10,minister accused of ignoring fuel supply report,supply_geopolitics,supply_geopolitics,False,True,False,,fuel_shortage_security,,-0.5994,0.0,0.495,0.505,negative
2005-10-10,sa considers fuel supply laws,supply_geopolitics,supply_geopolitics,False,True,False,,fuel_shortage_security,,0.0,0.0,0.0,1.0,neutral
2005-10-11,rba spells out oil price risks,market_prices,market_prices,True,False,False,oil_price,,,-0.2732,0.0,0.296,0.704,negative
2005-10-12,authorities urged to explain fuel price disparity,consumer_fuel,consumer_fuel,False,False,True,,,fuel_price_or_cost,0.0,0.0,0.0,1.0,neutral
2005-10-12,regional fuel price worries racq,consumer_fuel,consumer_fuel,False,False,True,,,fuel_price_or_cost,-0.4215,0.0,0.412,0.588,negative
2005-10-12,retail price of oil should reflect wholesale cost,market_prices,market_prices,True,False,False,oil_price,,,0.0,0.0,0.0,1.0,neutral
2005-10-13,public urged to have say on fuel prices,consumer_fuel,consumer_fuel,False,False,True,,,fuel_price_or_cost,0.0,0.0,0.0,1.0,neutral
2005-10-16,g20 countries call for stable oil prices,market_prices,market_prices,True,False,False,oil_price,,,0.296,0.268,0.0,0.732,positive
2005-10-17,rising fuel prices costing region thousands,consumer_fuel,consumer_fuel,False,False,True,,,fuel_price_or_cost,0.0,0.0,0.0,1.0,neutral
2005-10-18,greenspan tips moderate oil price toll,market_prices,market_prices,True,False,False,oil_price,,,0.0,0.0,0.0,1.0,neutral
2005-10-18,oil prices make businesses nervous nab,market_prices,market_prices,True,False,False,oil_price,,,-0.2732,0.0,0.296,0.704,negative
2005-10-18,rising petrol price fuels call for business costs,consumer_fuel,consumer_fuel,False,False,True,,,fuel_price_or_cost,0.0,0.0,0.0,1.0,neutral
2005-10-18,taxi fares rise to cover fuel costs,consumer_fuel,consumer_fuel,False,False,True,,,fuel_price_or_cost,0.0,0.0,0.0,1.0,neutral
2005-10-26,fuel prices drive up inflation,consumer_fuel,consumer_fuel,False,False,True,,,fuel_price_or_cost,0.0,0.0,0.0,1.0,neutral
2005-10-26,oil gold price jumps as weather worries hit markets,market_prices,market_prices,True,False,False,oil_and_financial_market,,,-0.4215,0.0,0.259,0.741,negative
2005-10-31,abare forecast talks down oil price impact,market_prices,market_prices;supply_geopolitics,True,True,False,oil_price,oil_policy,,0.0,0.0,0.0,1.0,neutral
2005-11-01,fuel costs push rfds to seek extra funding,consumer_fuel,consumer_fuel,False,False,True,,,fuel_price_or_cost,0.0,0.0,0.0,1.0,neutral
2005-11-01,oil prices slide on forecasts of warming us weather,market_prices,market_prices,True,False,False,oil_price,,,0.1531,0.167,0.0,0.833,positive
2005-11-01,petrol price hike fuels indonesian inflation,consumer_fuel,consumer_fuel,False,False,True,,,fuel_price_or_cost,0.0,0.0,0.0,1.0,neutral
2005-11-03,petrol price disparity between city and country,consumer_fuel,consumer_fuel,False,False,True,,,fuel_price_or_cost,0.0,0.0,0.0,1.0,neutral
2005-11-03,regional petrol price gap hits all time high,consumer_fuel,consumer_fuel,False,False,True,,,fuel_price_or_cost,0.0,0.0,0.0,1.0,neutral
2005-11-03,residents to voice fuel price concerns at public,consumer_fuel,consumer_fuel,False,False,True,,,fuel_price_or_cost,0.0,0.0,0.0,1.0,neutral
2005-11-04,city country fuel price divide reaches new high,consumer_fuel,consumer_fuel,False,False,True,,,fuel_price_or_cost,0.0516,0.146,0.0,0.854,positive
2005-11-04,more oil exploration off mid west coast,supply_geopolitics,supply_geopolitics,False,True,False,,oil_exploration_drilling,,0.2911,0.266,0.0,0.734,positive
2005-11-04,oil firms asked to explain city rural price,supply_geopolitics,supply_geopolitics,False,True,False,,oil_industry_projects,,0.0,0.0,0.0,1.0,neutral
2005-11-08,oil price fall boosts us market,market_prices,market_prices,True,False,False,oil_price,,,0.3182,0.315,0.0,0.685,positive
2005-11-09,fuel price expected to drop further,consumer_fuel,consumer_fuel,False,False,True,,,fuel_price_or_cost,-0.2732,0.0,0.296,0.704,negative
2005-11-10,local takes petrol prices to accc fair trading,consumer_fuel,consumer_fuel,False,False,True,,,fuel_price_or_cost,0.3182,0.247,0.0,0.753,positive
2005-11-12,bp defends delay in going public over fuel shortage,supply_geopolitics,supply_geopolitics,False,True,False,,fuel_shortage_security,,-0.5106,0.0,0.381,0.619,negative
2005-11-17,oil gold prices drive market,market_prices,market_prices,True,False,False,oil_and_financial_market,,,0.0,0.0,0.0,1.0,neutral
2005-11-19,stocks boosted as crude oil price drops,market_prices,market_prices,True,False,False,crude_oil,,,-0.296,0.223,0.33,0.446,negative
2005-11-20,no production cuts on opec agenda,supply_geopolitics,supply_geopolitics,False,True,False,,opec,,-0.5267,0.0,0.524,0.476,negative
2005-11-22,oil firm looks to make 350m from gippsland drilling,supply_geopolitics,supply_geopolitics,False,True,False,,oil_industry_projects,,0.0,0.0,0.0,1.0,neutral
2005-11-23,iran mps reject third oil minister nominee,supply_geopolitics,supply_geopolitics,False,True,False,,oil_geopolitical_country,,-0.4019,0.0,0.31,0.69,negative
2005-11-24,mp highlights fuel price disparity,consumer_fuel,consumer_fuel,False,False,True,,,fuel_price_or_cost,0.0,0.0,0.0,1.0,neutral
2005-11-25,woodside bhp green light 800m oil field,supply_geopolitics,supply_geopolitics,False,True,False,,oil_industry_projects,,0.0,0.0,0.0,1.0,neutral
2005-11-29,fuel costs prompt regional business concern,consumer_fuel,consumer_fuel,False,False,True,,,fuel_price_or_cost,0.0,0.0,0.0,1.0,neutral
2005-11-29,mp happy with publics fuel price probe input,consumer_fuel,consumer_fuel,False,False,True,,,fuel_price_or_cost,0.5719,0.346,0.0,0.654,positive
2005-12-05,oil production better than expected,supply_geopolitics,supply_geopolitics,False,True,False,,oil_core_supply,,0.4404,0.42,0.0,0.58,positive
2005-12-06,fuel price takes toll on volunteers,consumer_fuel,consumer_fuel,False,False,True,,,fuel_price_or_cost,0.0,0.0,0.0,1.0,neutral
2005-12-10,opec to maintain production quota,supply_geopolitics,supply_geopolitics,False,True,False,,opec,,0.0,0.0,0.0,1.0,neutral
2005-12-12,petrol price gap widens between town and country,consumer_fuel,consumer_fuel,False,False,True,,,fuel_price_or_cost,0.0,0.0,0.0,1.0,neutral
2005-12-13,firefighters extinguishing uk oil depot inferno,supply_geopolitics,supply_geopolitics,False,True,False,,oil_industry_projects,,0.0,0.0,0.0,1.0,neutral
2005-12-20,fuel shortage claims misleading mobil,supply_geopolitics,supply_geopolitics,False,True,False,,fuel_shortage_security,,-0.5719,0.0,0.61,0.39,negative
2005-12-20,govts asked for fuel price please explain,consumer_fuel,consumer_fuel,False,False,True,,,fuel_price_or_cost,0.3182,0.277,0.0,0.723,positive
2005-12-20,mp wants fuel subsidy matched,consumer_fuel,consumer_fuel,False,False,True,,,fuel_price_or_cost,0.0,0.0,0.0,1.0,neutral
2005-12-21,8 killed as gunmen attack nigerian oil pipeline,supply_geopolitics,supply_geopolitics,False,True,False,,oil_infrastructure_disruption,,-0.8225,0.0,0.603,0.397,negative
2005-12-22,us democrats block arctic oil drilling legislation,supply_geopolitics,supply_geopolitics,False,True,False,,oil_exploration_drilling,,-0.4404,0.0,0.326,0.674,negative
2005-12-26,fuel price rises hurt poor suburbs most,consumer_fuel,consumer_fuel,False,False,True,,,fuel_price_or_cost,-0.7579,0.0,0.565,0.435,negative
2005-12-28,falling oil price depresses us stocks,market_prices,market_prices,True,False,False,oil_price,,,-0.5859,0.0,0.545,0.455,negative
2005-12-31,minister steps aside amid iraq oil crisis,market_prices,market_prices;supply_geopolitics,True,True,False,oil_crisis_or_fears,oil_geopolitical_country,,-0.6249,0.0,0.406,0.594,negative
2006-01-03,no end in sight for high petrol prices,consumer_fuel,consumer_fuel,False,False,True,,,fuel_price_or_cost,-0.296,0.0,0.239,0.761,negative
2006-01-06,diesel prices predicted to rise,consumer_fuel,consumer_fuel,False,False,True,,,fuel_price_or_cost,0.0,0.0,0.0,1.0,neutral
2006-01-06,petrol prices set to drop as demand picks up after,consumer_fuel,consumer_fuel,False,False,True,,,fuel_price_or_cost,-0.3818,0.0,0.31,0.69,negative
2006-01-11,cheaper fuel gives gold coast tourism edge racq,consumer_fuel,consumer_fuel,False,False,True,,,fuel_price_level,0.0,0.0,0.0,1.0,neutral
2006-01-12,cheaper petrol may fuel warwick tourism,consumer_fuel,consumer_fuel,False,False,True,,,fuel_price_level,0.0,0.0,0.0,1.0,neutral
2006-01-12,racq worried about fuel subsidy scheme future,consumer_fuel,consumer_fuel,False,False,True,,,fuel_price_or_cost,-0.296,0.0,0.268,0.732,negative
2006-01-12,survey highlights high far north fuel costs,consumer_fuel,consumer_fuel,False,False,True,,,fuel_price_or_cost,0.0,0.0,0.0,1.0,neutral
2006-01-13,fuel subsidy scheme to stay in place,consumer_fuel,consumer_fuel,False,False,True,,,fuel_price_or_cost,0.0,0.0,0.0,1.0,neutral
2006-01-13,iran oil jitters strain markets,market_prices,market_prices;supply_geopolitics,True,True,False,oil_and_financial_market,oil_geopolitical_country,,-0.0516,0.0,0.231,0.769,negative
2006-01-16,five injured in nigerian oil field attack,supply_geopolitics,supply_geopolitics,False,True,False,,oil_infrastructure_disruption,,-0.7003,0.0,0.537,0.463,negative
2006-01-18,motorists to feel pinch as oil prices climb,market_prices,market_prices,True,False,False,oil_price,,,0.0,0.0,0.0,1.0,neutral
2006-01-18,oil price hike concerns market,market_prices,market_prices,True,False,False,oil_price,,,0.0,0.0,0.0,1.0,neutral
2006-01-19,oil price japanese internet scandal hits markets,market_prices,market_prices,True,False,False,oil_price,,,-0.4404,0.0,0.326,0.674,negative
2006-01-19,partnership to tap tas oil reserves,supply_geopolitics,supply_geopolitics,False,True,False,,oil_core_supply,,0.0,0.0,0.0,1.0,neutral
2006-01-22,iranian tensions may hit opec,supply_geopolitics,supply_geopolitics,False,True,False,,opec,,-0.4019,0.0,0.403,0.597,negative
2006-01-23,inquiry told of oil firms saddam payments,supply_geopolitics,supply_geopolitics,False,True,False,,oil_industry_projects,,0.0,0.0,0.0,1.0,neutral
2006-01-24,s korean charged over iraq oil for food scandal,supply_geopolitics,supply_geopolitics,False,True,False,,oil_geopolitical_country,,-0.5719,0.0,0.439,0.561,negative
2006-01-29,iraq to boost oil exports,supply_geopolitics,supply_geopolitics,False,True,False,,oil_core_supply,,0.4019,0.403,0.0,0.597,positive
2006-01-31,fuel price weather blamed for hike in fresh food,consumer_fuel,consumer_fuel,False,False,True,,,fuel_price_or_cost,-0.2023,0.185,0.25,0.565,negative
2006-02-01,oil prices show slight fall amid iranian comments,market_prices,market_prices,True,False,False,oil_price,,,0.0,0.0,0.0,1.0,neutral
2006-02-02,positive boeing profits oil prices make for strong,market_prices,market_prices,True,False,False,oil_price,,,0.8689,0.662,0.0,0.338,positive
2006-02-06,no deal for aust mauritania for oil contracts,supply_geopolitics,supply_geopolitics,False,True,False,,oil_policy,,-0.296,0.0,0.239,0.761,negative
2006-02-07,high oil prices make markets nervous,market_prices,market_prices,True,False,False,oil_price,,,-0.2732,0.0,0.296,0.704,negative
2006-02-07,oil wheat scandal drag market down,market_prices,market_prices,True,False,False,oil_and_financial_market,,,-0.5859,0.0,0.545,0.455,negative
2006-02-07,regional fuel prices tipped to fall,consumer_fuel,consumer_fuel,False,False,True,,,fuel_price_or_cost,0.0,0.0,0.0,1.0,neutral
2006-02-08,consumer confidence overcomes fuel prices,consumer_fuel,consumer_fuel,False,False,True,,,fuel_price_or_cost,0.5106,0.452,0.0,0.548,positive
2006-02-08,oil price drop hit gold prices,market_prices,market_prices,True,False,False,oil_price,,,-0.2732,0.0,0.296,0.704,negative
2006-02-09,website to allow drivers to compare fuel prices,consumer_fuel,consumer_fuel,False,False,True,,,fuel_price_or_cost,0.2263,0.213,0.0,0.787,positive
2006-02-10,racv calls for more fuel price equality,consumer_fuel,consumer_fuel,False,False,True,,,fuel_price_or_cost,0.0,0.0,0.0,1.0,neutral
2006-02-11,wall street lifted by crude oil retreat,market_prices,market_prices,True,False,False,crude_oil,,,-0.4404,0.171,0.352,0.476,negative
2006-02-14,local petroleum production surges,supply_geopolitics,supply_geopolitics,False,True,False,,petroleum_context,,0.0,0.0,0.0,1.0,neutral
2006-02-14,refinery closure increased fuel prices report,supply_geopolitics,supply_geopolitics;consumer_fuel,False,True,True,,oil_refinery_operations,fuel_price_or_cost,0.2732,0.296,0.0,0.704,positive
2006-02-16,job cuts fuel prices hit qantas bottom line,consumer_fuel,consumer_fuel,False,False,True,,,fuel_price_or_cost,-0.296,0.0,0.239,0.761,negative
2006-02-17,market slips despite higher oil gold,market_prices,market_prices,True,False,False,oil_and_financial_market,,,0.0,0.0,0.0,1.0,neutral
2006-02-19,shell evacuates oil field following attack in,supply_geopolitics,supply_geopolitics,False,True,False,,oil_infrastructure_disruption,,-0.4767,0.0,0.341,0.659,negative
2006-02-22,petrol price soars in coober pedy,consumer_fuel,consumer_fuel,False,False,True,,,fuel_price_or_cost,0.0,0.0,0.0,1.0,neutral
2006-02-22,regional drivers still feeling high fuel prices,consumer_fuel,consumer_fuel,False,False,True,,,fuel_price_or_cost,0.128,0.2,0.0,0.8,positive
2006-02-23,oil price fuels record santos profit,market_prices,market_prices,True,False,False,oil_price,,,0.4404,0.367,0.0,0.633,positive
2006-02-24,interest rates outweigh petrol price for homeowners,consumer_fuel,consumer_fuel,False,False,True,,,fuel_price_or_cost,0.4588,0.333,0.0,0.667,positive
2006-02-25,al qaeda claims foiled saudi oil plant attack,supply_geopolitics,supply_geopolitics,False,True,False,,oil_geopolitical_country,,-0.4767,0.0,0.307,0.693,negative
2006-02-25,saudi attack drives up oil price,market_prices,market_prices;supply_geopolitics,True,True,False,oil_price,oil_geopolitical_country,,-0.4767,0.0,0.383,0.617,negative
2006-02-25,saudi forces thwart attack on oil installation,supply_geopolitics,supply_geopolitics,False,True,False,,oil_geopolitical_country,,-0.4767,0.0,0.341,0.659,negative
2006-02-25,saudis claim oil refinery attack foiled,supply_geopolitics,supply_geopolitics,False,True,False,,oil_geopolitical_event,,-0.4767,0.0,0.383,0.617,negative
2006-02-27,mp to raise fuel price disparity concerns,consumer_fuel,consumer_fuel,False,False,True,,,fuel_price_or_cost,0.0,0.0,0.0,1.0,neutral
2006-02-27,oil price surge company results boost market,market_prices,market_prices,True,False,False,oil_price,,,0.4019,0.31,0.0,0.69,positive
2006-02-28,new device could cut fuel bill by 10 percent,consumer_fuel,consumer_fuel,False,False,True,,,fuel_price_or_cost,-0.2732,0.0,0.208,0.792,negative
2006-03-02,consumers shrug off petrol price hikes,consumer_fuel,consumer_fuel,False,False,True,,,fuel_price_or_cost,0.0,0.0,0.0,1.0,neutral
2006-03-03,hunter residents feel high fuel prices impact,consumer_fuel,consumer_fuel,False,False,True,,,fuel_price_or_cost,0.0,0.0,0.0,1.0,neutral
2006-03-14,mergers oil price influence foreign markets,market_prices,market_prices,True,False,False,oil_price,,,0.0,0.0,0.0,1.0,neutral
2006-03-14,us extends oil sanctions against iran,supply_geopolitics,supply_geopolitics,False,True,False,,oil_policy,,0.128,0.231,0.0,0.769,positive
2006-03-29,fuel prices take toll on central west tourism,consumer_fuel,consumer_fuel,False,False,True,,,fuel_price_or_cost,0.0,0.0,0.0,1.0,neutral
2006-03-29,motorists warned of petrol price hike,consumer_fuel,consumer_fuel,False,False,True,,,fuel_price_or_cost,-0.2732,0.0,0.296,0.704,negative
2006-03-30,fuel prices set to rise,consumer_fuel,consumer_fuel,False,False,True,,,fuel_price_or_cost,0.0,0.0,0.0,1.0,neutral
2006-03-30,petrol price hike expected says ract,consumer_fuel,consumer_fuel,False,False,True,,,fuel_price_or_cost,0.0,0.0,0.0,1.0,neutral
2006-03-30,regional fuel prices tipped to rise,consumer_fuel,consumer_fuel,False,False,True,,,fuel_price_or_cost,0.0,0.0,0.0,1.0,neutral
2006-04-01,oil shares pull down us stocks,market_prices,market_prices,True,False,False,oil_and_financial_market,,,0.296,0.306,0.0,0.694,positive
2006-04-01,woodside secures mauritanian oil projects,supply_geopolitics,supply_geopolitics,False,True,False,,oil_industry_projects,,0.3182,0.365,0.0,0.635,positive
2006-04-03,drivers warned of rising fuel prices,consumer_fuel,consumer_fuel,False,False,True,,,fuel_price_or_cost,-0.2732,0.0,0.296,0.704,negative
2006-04-05,oil exploration to begin in tas,supply_geopolitics,supply_geopolitics,False,True,False,,oil_exploration_drilling,,0.2263,0.275,0.0,0.725,positive
2006-04-07,easter travellers face high petrol price,consumer_fuel,consumer_fuel,False,False,True,,,fuel_price_or_cost,0.0,0.0,0.0,1.0,neutral
2006-04-07,petrol prices to be investigated by accc,consumer_fuel,consumer_fuel,False,False,True,,,fuel_price_or_cost,0.0,0.0,0.0,1.0,neutral
2006-04-07,pm sets watchdog on easter petrol price hike,consumer_fuel,consumer_fuel,False,False,True,,,fuel_price_or_cost,0.0,0.0,0.0,1.0,neutral
2006-04-07,rising world oil prices to blame for high petrol,market_prices,market_prices;consumer_fuel,True,False,True,oil_price,,reversed_fuel_price_or_cost,-0.34,0.0,0.231,0.769,negative
2006-04-08,accc rejects expanding petrol price regulation,consumer_fuel,consumer_fuel,False,False,True,,,fuel_price_or_cost,-0.4939,0.0,0.39,0.61,negative
2006-04-08,extra regulation wont lower petrol prices accc,consumer_fuel,consumer_fuel,False,False,True,,,fuel_price_or_cost,0.2235,0.239,0.0,0.761,positive
2006-04-08,reinstate accc powers over petrol prices nrma says,consumer_fuel,consumer_fuel,False,False,True,,,fuel_price_or_cost,0.0,0.0,0.0,1.0,neutral
2006-04-11,fuel prices more worrying than child abuse,consumer_fuel,consumer_fuel,False,False,True,,,fuel_price_or_cost,-0.7841,0.0,0.58,0.42,negative
2006-04-11,high petrol price deterring outback visitors,consumer_fuel,consumer_fuel,False,False,True,,,fuel_price_or_cost,0.0,0.0,0.0,1.0,neutral
2006-04-11,oil prices boost us market,market_prices,market_prices,True,False,False,oil_price,,,0.4019,0.403,0.0,0.597,positive
2006-04-11,petrol prices head higher,consumer_fuel,consumer_fuel,False,False,True,,,fuel_price_or_cost,0.0,0.0,0.0,1.0,neutral
2006-04-12,accc blamed for petrol price hike,consumer_fuel,consumer_fuel,False,False,True,,,fuel_price_or_cost,-0.4767,0.0,0.383,0.617,negative
2006-04-12,accc steers clear of petrol price debate,consumer_fuel,consumer_fuel,False,False,True,,,fuel_price_or_cost,0.3818,0.302,0.0,0.698,positive
2006-04-12,consumers unfazed by petrol price hikes,consumer_fuel,consumer_fuel,False,False,True,,,fuel_price_or_cost,0.0,0.0,0.0,1.0,neutral
2006-04-12,costello fears oil prices will push inflation up,market_prices,market_prices,True,False,False,oil_price,,,-0.4215,0.0,0.286,0.714,negative
2006-04-12,high oil prices drive market down,market_prices,market_prices,True,False,False,oil_price,,,0.0,0.0,0.0,1.0,neutral
2006-04-12,rising fuel cost tipped to hurt outback tourism,consumer_fuel,consumer_fuel,False,False,True,,,fuel_price_or_cost,-0.5267,0.0,0.327,0.673,negative
2006-04-12,truckies feel impact of rising fuel cost,consumer_fuel,consumer_fuel,False,False,True,,,fuel_price_or_cost,0.0,0.0,0.0,1.0,neutral
2006-04-13,fuel price tipped to hurt bega valley tourism,consumer_fuel,consumer_fuel,False,False,True,,,fuel_price_or_cost,-0.5267,0.0,0.327,0.673,negative
2006-04-14,oil to blame for petrol price hikes costello,consumer_fuel,consumer_fuel,False,False,True,,,fuel_price_or_cost,-0.34,0.0,0.255,0.745,negative
2006-04-18,beattie rules out reef oil drilling,supply_geopolitics,supply_geopolitics,False,True,False,,oil_exploration_drilling,,0.0,0.0,0.0,1.0,neutral
2006-04-18,global oil prices continue rising,market_prices,market_prices,True,False,False,oil_price,,,0.0,0.0,0.0,1.0,neutral
2006-04-18,oil price hike to push petrol inflation up,market_prices,market_prices;consumer_fuel,True,False,True,oil_price,,reversed_fuel_price_or_cost,0.0,0.0,0.0,1.0,neutral
2006-04-18,petrol prices expected to rise,consumer_fuel,consumer_fuel,False,False,True,,,fuel_price_or_cost,0.0,0.0,0.0,1.0,neutral
2006-04-19,competition seen as keeping fuel prices lower,consumer_fuel,consumer_fuel,False,False,True,,,fuel_price_or_cost,-0.296,0.0,0.268,0.732,negative
2006-04-19,cotton farmers feeling diesel price pinch,consumer_fuel,consumer_fuel,False,False,True,,,fuel_price_or_cost,0.128,0.231,0.0,0.769,positive
2006-04-19,inflation can be contained in face of oil crisis,market_prices,market_prices,True,False,False,oil_crisis_or_fears,,,-0.6249,0.0,0.339,0.661,negative
2006-04-19,market hits record high despite soaring oil prices,market_prices,market_prices,True,False,False,oil_price,,,0.0,0.0,0.0,1.0,neutral
2006-04-19,oil price rise felt at bowser,market_prices,market_prices,True,False,False,oil_price,,,0.0,0.0,0.0,1.0,neutral
2006-04-19,petrol prices fail to deter tourists,consumer_fuel,consumer_fuel,False,False,True,,,fuel_price_or_cost,-0.5423,0.0,0.412,0.588,negative
2006-04-20,high fuel price boosts demand for lpg conversions,consumer_fuel,consumer_fuel,False,False,True,,,fuel_price_or_cost,0.2023,0.235,0.153,0.612,positive
2006-04-20,howard powerless to lower petrol prices,consumer_fuel,consumer_fuel,False,False,True,,,fuel_price_or_cost,-0.6597,0.0,0.574,0.426,negative
2006-04-20,latrobe valley fuel price hits 141 a litre,consumer_fuel,consumer_fuel,False,False,True,,,fuel_price_or_cost,0.0,0.0,0.0,1.0,neutral
2006-04-20,no sign of petrol prices dropping,consumer_fuel,consumer_fuel,False,False,True,,,fuel_price_or_cost,-0.296,0.0,0.306,0.694,negative
2006-04-20,oil price concerns pull market back,market_prices,market_prices,True,False,False,oil_price,,,0.0,0.0,0.0,1.0,neutral
2006-04-21,fashion brand braces for soaring oil prices,market_prices,market_prices,True,False,False,oil_price,,,0.0,0.0,0.0,1.0,neutral
2006-04-21,labor wants tax cuts to offset rising fuel costs,consumer_fuel,consumer_fuel,False,False,True,,,fuel_price_or_cost,-0.296,0.0,0.216,0.784,negative
2006-04-21,oil price rise to affect key tourism areas,market_prices,market_prices,True,False,False,oil_price,,,0.0,0.0,0.0,1.0,neutral
2006-04-21,pm rules out petrol tax relief,consumer_fuel,consumer_fuel,False,False,True,,,fuel_price_or_cost,0.4767,0.383,0.0,0.617,positive
2006-04-21,raa to monitor regional fuel prices,consumer_fuel,consumer_fuel,False,False,True,,,fuel_price_or_cost,0.0,0.0,0.0,1.0,neutral
2006-04-22,oil price hits 75 barrel,market_prices,market_prices,True,False,False,oil_price,,,0.0,0.0,0.0,1.0,neutral
2006-04-22,petrol prices tipped to soar,consumer_fuel,consumer_fuel,False,False,True,,,fuel_price_or_cost,0.0,0.0,0.0,1.0,neutral
2006-04-24,pm defends govts petrol excise,consumer_fuel,consumer_fuel,False,False,True,,,fuel_price_or_cost,0.0,0.0,0.0,1.0,neutral
2006-04-24,regional victoria feeling high fuel prices impact,consumer_fuel,consumer_fuel,False,False,True,,,fuel_price_or_cost,0.128,0.2,0.0,0.8,positive
2006-04-24,rex not planning fuel surcharge rise yet,consumer_fuel,consumer_fuel,False,False,True,,,fuel_price_or_cost,0.0,0.0,0.0,1.0,neutral
2006-04-25,falling oil price hits energy stocks,market_prices,market_prices,True,False,False,oil_price,,,0.128,0.273,0.208,0.519,positive
2006-04-25,truckies promise another fuel price protest,consumer_fuel,consumer_fuel,False,False,True,,,fuel_price_or_cost,0.0772,0.277,0.241,0.482,positive
2006-04-26,bush announces petrol price inquiry,consumer_fuel,consumer_fuel,False,False,True,,,fuel_price_or_cost,0.0,0.0,0.0,1.0,neutral
2006-04-26,melbourne fuel prices hit new high,consumer_fuel,consumer_fuel,False,False,True,,,fuel_price_or_cost,0.0,0.0,0.0,1.0,neutral
2006-04-26,rising fuel prices force qantas air fares up,consumer_fuel,consumer_fuel,False,False,True,,,fuel_price_or_cost,0.0,0.0,0.0,1.0,neutral
2006-04-27,average fuel price heads for record,consumer_fuel,consumer_fuel,False,False,True,,,fuel_price_or_cost,0.0,0.0,0.0,1.0,neutral
2006-04-27,call for rego relief to offset fuel prices,consumer_fuel,consumer_fuel,False,False,True,,,fuel_price_or_cost,0.4767,0.307,0.0,0.693,positive
2006-04-27,community groups feel pinch as petrol prices climb,consumer_fuel,consumer_fuel,False,False,True,,,fuel_price_or_cost,0.0,0.0,0.0,1.0,neutral
2006-04-27,govt faces political pressure over petrol prices,consumer_fuel,consumer_fuel,False,False,True,,,fuel_price_or_cost,-0.296,0.0,0.268,0.732,negative
2006-04-28,fears fuel price may climb to 2 a litre,consumer_fuel,consumer_fuel,False,False,True,,,fuel_price_or_cost,-0.4215,0.0,0.318,0.682,negative
2006-04-28,fed chief warns of oil prices impact,market_prices,market_prices,True,False,False,oil_price,,,-0.1027,0.0,0.189,0.811,negative
2006-04-29,use gst to ease petrol prices liberals,consumer_fuel,consumer_fuel,False,False,True,,,fuel_price_or_cost,0.3612,0.294,0.0,0.706,positive
2006-04-30,costello cautioned against fuel price predictions,consumer_fuel,consumer_fuel,False,False,True,,,fuel_price_or_cost,0.0,0.0,0.0,1.0,neutral
2006-04-30,costello warns of higher petrol prices,consumer_fuel,consumer_fuel,False,False,True,,,fuel_price_or_cost,-0.1027,0.0,0.219,0.781,negative
2006-04-30,motorists warned of potential petrol price rise,consumer_fuel,consumer_fuel,False,False,True,,,fuel_price_or_cost,-0.2732,0.0,0.259,0.741,negative
2006-04-30,petrol prices hit domestic tourism,consumer_fuel,consumer_fuel,False,False,True,,,fuel_price_or_cost,0.0,0.0,0.0,1.0,neutral
2006-05-01,high petrol prices here to stay,consumer_fuel,consumer_fuel,False,False,True,,,fuel_price_or_cost,0.0,0.0,0.0,1.0,neutral
2006-05-01,no rise in virgin blue fuel surcharge,consumer_fuel,consumer_fuel,False,False,True,,,fuel_price_or_cost,-0.296,0.0,0.268,0.732,negative
2006-05-01,oil and gold lift market,market_prices,market_prices,True,False,False,oil_and_financial_market,,,0.0,0.0,0.0,1.0,neutral
2006-05-01,trucking companies to pass on increased fuel costs,consumer_fuel,consumer_fuel,False,False,True,,,fuel_price_or_cost,0.2732,0.231,0.0,0.769,positive
2006-05-02,canola growers may benefit from high oil price,market_prices,market_prices,True,False,False,oil_price,,,0.4588,0.3,0.0,0.7,positive
2006-05-02,extra fuel subsidy urged for sugar farmers,consumer_fuel,consumer_fuel,False,False,True,,,fuel_price_or_cost,0.0,0.0,0.0,1.0,neutral
2006-05-02,farmer confidence falls as oil prices rise,market_prices,market_prices,True,False,False,oil_price,,,0.5106,0.355,0.0,0.645,positive
2006-05-02,oil prices fed comments boost us dollar,market_prices,market_prices,True,False,False,oil_price,,,0.4019,0.31,0.0,0.69,positive
2006-05-03,govt offers diesel price rise assurance,consumer_fuel,consumer_fuel,False,False,True,,,fuel_price_or_cost,0.34,0.324,0.0,0.676,positive
2006-05-05,higher fuel cost hurting remote dialysis patients,consumer_fuel,consumer_fuel,False,False,True,,,fuel_price_or_cost,-0.4019,0.0,0.31,0.69,negative
2006-05-05,higher petrol costs force dairy prices up,consumer_fuel,consumer_fuel,False,False,True,,,fuel_price_or_cost,0.0,0.0,0.0,1.0,neutral
2006-05-05,nsw govt lobbies against axing fuel subsidy scheme,consumer_fuel,consumer_fuel,False,False,True,,,fuel_price_or_cost,0.0,0.0,0.0,1.0,neutral
2006-05-08,oil industry looks to boost local production,supply_geopolitics,supply_geopolitics,False,True,False,,oil_industry_projects,,0.4019,0.31,0.0,0.69,positive
2006-05-08,oil price seen above usd 100 a barrel,market_prices,market_prices,True,False,False,oil_price,,,0.0,0.0,0.0,1.0,neutral
2006-05-08,petrol prices force showmen to change circuit,consumer_fuel,consumer_fuel,False,False,True,,,fuel_price_or_cost,0.0,0.0,0.0,1.0,neutral
2006-05-10,fuel price cuts virgin blue profit,consumer_fuel,consumer_fuel,False,False,True,,,fuel_price_or_cost,0.1779,0.319,0.242,0.44,positive
2006-05-11,govt releases new areas for petroleum exploration,supply_geopolitics,supply_geopolitics,False,True,False,,petroleum_context,,0.2263,0.241,0.0,0.759,positive
2006-05-11,oil giant accused of bribery,supply_geopolitics,supply_geopolitics,False,True,False,,oil_industry_projects,,-0.296,0.0,0.355,0.645,negative
2006-05-14,petrol excise cut bad policy minchin,consumer_fuel,consumer_fuel,False,False,True,,,fuel_price_or_cost,-0.6808,0.0,0.583,0.417,negative
2006-05-15,strong interest expected in oil exploration licence,supply_geopolitics,supply_geopolitics,False,True,False,,oil_exploration_drilling,,0.802,0.672,0.0,0.328,positive
2006-05-17,nationals see regional disadvantage in fuel tax,consumer_fuel,consumer_fuel,False,False,True,,,fuel_price_or_cost,-0.4215,0.0,0.318,0.682,negative
2006-05-18,drought fuel costs take toll on landcare,consumer_fuel,consumer_fuel,False,False,True,,,fuel_price_or_cost,0.0,0.0,0.0,1.0,neutral
2006-05-18,mp warns of looming higher fuel prices,consumer_fuel,consumer_fuel,False,False,True,,,fuel_price_or_cost,-0.2263,0.0,0.367,0.633,negative
2006-05-22,petrol prices blamed for 4wd sales decrease,consumer_fuel,consumer_fuel,False,False,True,,,fuel_price_or_cost,-0.4767,0.0,0.341,0.659,negative
2006-05-25,metal oil forces market down,market_prices,market_prices,True,False,False,oil_and_financial_market,,,0.0,0.0,0.0,1.0,neutral
2006-05-30,fielding frustrated with petrol excise brickwall,consumer_fuel,consumer_fuel,False,False,True,,,fuel_price_or_cost,-0.5267,0.0,0.405,0.595,negative
2006-05-30,travellers undeterred by fuel prices,consumer_fuel,consumer_fuel,False,False,True,,,fuel_price_or_cost,0.0,0.0,0.0,1.0,neutral
2006-05-31,fuel price pressure on qld charities,consumer_fuel,consumer_fuel,False,False,True,,,fuel_price_or_cost,0.25,0.34,0.234,0.426,positive
2006-06-02,tax plans fuel ethanol industry concerns,consumer_fuel,consumer_fuel,False,False,True,,,reversed_fuel_price_or_cost,0.0,0.0,0.0,1.0,neutral
2006-06-05,higher fuel costs put brakes on driving holidays,consumer_fuel,consumer_fuel,False,False,True,,,fuel_price_or_cost,0.3818,0.271,0.0,0.729,positive
2006-06-05,iran may curb oil supplies amid nuclear row,supply_geopolitics,supply_geopolitics,False,True,False,,oil_geopolitical_country,,0.0,0.0,0.0,1.0,neutral
2006-06-05,iran may disrupt oil supply over nuclear row,supply_geopolitics,supply_geopolitics,False,True,False,,oil_core_supply,,0.0,0.0,0.0,1.0,neutral
2006-06-06,fuel subsidy extension to help concrete firm,consumer_fuel,consumer_fuel,False,False,True,,,fuel_price_or_cost,0.4019,0.31,0.0,0.69,positive
2006-06-08,accc to monitor petrol prices,consumer_fuel,consumer_fuel,False,False,True,,,fuel_price_or_cost,0.0,0.0,0.0,1.0,neutral
2006-06-08,concerns raised over petrol prices,consumer_fuel,consumer_fuel,False,False,True,,,fuel_price_or_cost,0.0,0.0,0.0,1.0,neutral
2006-06-08,fuel price expected to cut long weekend visitor,consumer_fuel,consumer_fuel,False,False,True,,,fuel_price_or_cost,-0.2732,0.0,0.231,0.769,negative
2006-06-08,fuel prices more urgent than nuclear power say,consumer_fuel,consumer_fuel,False,False,True,,,fuel_price_or_cost,0.2716,0.23,0.0,0.77,positive
2006-06-08,howard orders holiday petrol price monitoring,consumer_fuel,consumer_fuel,False,False,True,,,fuel_price_or_cost,0.4019,0.351,0.0,0.649,positive
2006-06-08,oil falls on rising us fuel inventory,market_prices,market_prices,True,False,False,oil_price_movement,,,0.0,0.0,0.0,1.0,neutral
2006-06-08,petrol prices continues to rise in tas,consumer_fuel,consumer_fuel,False,False,True,,,fuel_price_or_cost,0.0,0.0,0.0,1.0,neutral
2006-06-09,petrol price rises show need for ethanol senator,consumer_fuel,consumer_fuel,False,False,True,,,fuel_price_or_cost,0.0,0.0,0.0,1.0,neutral
2006-06-12,higher fuel price not stopping visitors to,consumer_fuel,consumer_fuel,False,False,True,,,fuel_price_or_cost,0.1139,0.194,0.0,0.806,positive
2006-06-12,oil prices to stay high for now bp boss says,market_prices,market_prices,True,False,False,oil_price,,,0.0,0.0,0.0,1.0,neutral
2006-06-13,broken hill endures long weekend fuel price spike,consumer_fuel,consumer_fuel,False,False,True,,,fuel_price_or_cost,-0.4767,0.0,0.307,0.693,negative
2006-06-16,mp says fuel taxes could discourage biofuel use,consumer_fuel,consumer_fuel,False,False,True,,,fuel_price_or_cost,-0.4215,0.0,0.286,0.714,negative
2006-06-18,nrma applauds scrutiny of fuel price differences,consumer_fuel,consumer_fuel,False,False,True,,,fuel_price_or_cost,0.34,0.286,0.0,0.714,positive
2006-06-18,nrma welcomes fuel price scrutiny plan,consumer_fuel,consumer_fuel,False,False,True,,,fuel_price_or_cost,0.4019,0.351,0.0,0.649,positive
2006-06-22,skyrocketing fuel prices prompt qantas review,consumer_fuel,consumer_fuel,False,False,True,,,fuel_price_or_cost,0.0,0.0,0.0,1.0,neutral
2006-06-23,fuel tax bill expected to negatively impact on,consumer_fuel,consumer_fuel,False,False,True,,,fuel_price_or_cost,0.0,0.0,0.0,1.0,neutral
2006-06-23,high fuel cost threatens manufacturing union says,consumer_fuel,consumer_fuel,False,False,True,,,fuel_price_or_cost,-0.3818,0.0,0.302,0.698,negative
2006-06-23,lower petrol prices not expected from senate,consumer_fuel,consumer_fuel,False,False,True,,,fuel_price_or_cost,-0.296,0.0,0.268,0.732,negative
2006-06-23,petrol price inquiry should look at oil companies,supply_geopolitics,supply_geopolitics;consumer_fuel,False,True,True,,oil_industry_projects,fuel_price_or_cost,0.0,0.0,0.0,1.0,neutral
2006-06-25,howards fuel price monitoring questioned,consumer_fuel,consumer_fuel,False,False,True,,,fuel_price_or_cost,-0.1027,0.0,0.259,0.741,negative
2006-06-25,pm dismisses ministers outburst over fuel prices,consumer_fuel,consumer_fuel,False,False,True,,,fuel_price_or_cost,0.0,0.0,0.0,1.0,neutral
2006-06-27,public may get chance to air petrol price views,consumer_fuel,consumer_fuel,False,False,True,,,fuel_price_or_cost,0.25,0.2,0.0,0.8,positive
2006-06-27,russian company to work with iran on oil and gas,supply_geopolitics,supply_geopolitics,False,True,False,,oil_geopolitical_country,,0.0,0.0,0.0,1.0,neutral
2006-06-27,wa nationals criticise fuel tax bill,consumer_fuel,consumer_fuel,False,False,True,,,fuel_price_or_cost,-0.4404,0.0,0.367,0.633,negative
2006-06-30,tourism operators feel impact of higher petrol,consumer_fuel,consumer_fuel,False,False,True,,,fuel_price_level,0.0,0.0,0.0,1.0,neutral
2006-07-03,north coast fuel prices rise again,consumer_fuel,consumer_fuel,False,False,True,,,fuel_price_or_cost,0.0,0.0,0.0,1.0,neutral
2006-07-04,high petrol prices prompt fuel theft spike,consumer_fuel,consumer_fuel,False,False,True,,,fuel_price_or_cost,0.0,0.0,0.0,1.0,neutral
2006-07-05,higher petrol prices fuel rail return,consumer_fuel,consumer_fuel,False,False,True,,,fuel_price_or_cost,0.0,0.0,0.0,1.0,neutral
2006-07-06,missile launch raises oil prices,market_prices,market_prices,True,False,False,oil_price,,,0.0,0.0,0.0,1.0,neutral
2006-07-06,regional drivers urged to wait for fuel price drop,consumer_fuel,consumer_fuel,False,False,True,,,fuel_price_or_cost,-0.2732,0.0,0.208,0.792,negative
2006-07-07,motorists warned of petrol price squeeze,consumer_fuel,consumer_fuel,False,False,True,,,fuel_price_or_cost,-0.2732,0.0,0.296,0.704,negative
2006-07-07,nrma says oil companies exploiting north korea missile,supply_geopolitics,supply_geopolitics,False,True,False,,oil_industry_projects,,-0.4404,0.0,0.293,0.707,negative
2006-07-07,raa wants fuel price disparity explanation,consumer_fuel,consumer_fuel,False,False,True,,,fuel_price_or_cost,0.0,0.0,0.0,1.0,neutral
2006-07-09,fuel tax changes threaten biodiesel industry,consumer_fuel,consumer_fuel,False,False,True,,,fuel_price_or_cost,-0.3818,0.0,0.342,0.658,negative
2006-07-10,business jitters on the rise amid soaring fuel,consumer_fuel,consumer_fuel,False,False,True,,,fuel_price_level,0.0,0.0,0.0,1.0,neutral
2006-07-10,ghan fuel surcharge only temporary,consumer_fuel,consumer_fuel,False,False,True,,,fuel_price_or_cost,0.0,0.0,0.0,1.0,neutral
2006-07-10,oil production limit reached expert,supply_geopolitics,supply_geopolitics,False,True,False,,oil_core_supply,,0.1027,0.259,0.0,0.741,positive
2006-07-11,govt urged to rework fuel tax bill,consumer_fuel,consumer_fuel,False,False,True,,,fuel_price_or_cost,0.0,0.0,0.0,1.0,neutral
2006-07-11,rail commuters face fuel surcharge,consumer_fuel,consumer_fuel,False,False,True,,,fuel_price_or_cost,0.0,0.0,0.0,1.0,neutral
2006-07-12,fuel costs push up rail prices,consumer_fuel,consumer_fuel,False,False,True,,,fuel_price_or_cost,0.0,0.0,0.0,1.0,neutral
2006-07-13,fuel prices changing rural lifestyles,consumer_fuel,consumer_fuel,False,False,True,,,fuel_price_or_cost,0.0,0.0,0.0,1.0,neutral
2006-07-14,figures highlight regional fuel price struggle,consumer_fuel,consumer_fuel,False,False,True,,,fuel_price_or_cost,0.0258,0.276,0.264,0.46,neutral
2006-07-14,high petrol price fuels downturn in kimberley,consumer_fuel,consumer_fuel,False,False,True,,,fuel_price_or_cost,0.0,0.0,0.0,1.0,neutral
2006-07-14,oil prices soar,market_prices,market_prices,True,False,False,oil_price,,,0.0,0.0,0.0,1.0,neutral
2006-07-14,petrol prices keep economy in check pm,consumer_fuel,consumer_fuel,False,False,True,,,fuel_price_or_cost,0.0,0.0,0.0,1.0,neutral
2006-07-15,mid east conflict to raise petrol prices,consumer_fuel,consumer_fuel,False,False,True,,,fuel_price_or_cost,-0.3182,0.0,0.277,0.723,negative
2006-07-17,petrol prices lift nz inflation rate,consumer_fuel,consumer_fuel,False,False,True,,,fuel_price_or_cost,0.0,0.0,0.0,1.0,neutral
2006-07-17,truss dismisses fears oil prices will soar past,market_prices,market_prices,True,False,False,oil_price,,,-0.4215,0.0,0.286,0.714,negative
2006-07-18,petrol theft increases as prices climb higher,consumer_fuel,consumer_fuel,False,False,True,,,fuel_price_level,0.0,0.0,0.0,1.0,neutral
2006-07-19,caltex chief predicts rising petrol costs,consumer_fuel,consumer_fuel,False,False,True,,,fuel_price_or_cost,0.0,0.0,0.0,1.0,neutral
2006-07-19,transport industry fears higher fuel costs amid,consumer_fuel,consumer_fuel,False,False,True,,,fuel_price_or_cost,-0.4215,0.0,0.318,0.682,negative
2006-07-21,fuel cost spin off may be lost in higher freight,consumer_fuel,consumer_fuel,False,False,True,,,fuel_price_or_cost,-0.3182,0.0,0.204,0.796,negative
2006-07-21,govt to release more oil exploration sites,supply_geopolitics,supply_geopolitics,False,True,False,,oil_exploration_drilling,,0.2911,0.266,0.0,0.734,positive
2006-07-21,higher fuel price forces up chopper fees,consumer_fuel,consumer_fuel,False,False,True,,,fuel_price_or_cost,0.0,0.0,0.0,1.0,neutral
2006-07-22,accc asked to probe ethanol fuel prices,consumer_fuel,consumer_fuel,False,False,True,,,fuel_price_or_cost,0.0,0.0,0.0,1.0,neutral
2006-07-23,nrma backs accc watch on ethanol fuel prices,consumer_fuel,consumer_fuel,False,False,True,,,fuel_price_or_cost,-0.0516,0.0,0.146,0.854,negative
2006-07-24,fuel prices force taxi fare increase,consumer_fuel,consumer_fuel,False,False,True,,,fuel_price_or_cost,0.3182,0.315,0.0,0.685,positive
2006-07-24,opec wants to avoid high oil prices,market_prices,market_prices;supply_geopolitics,True,True,False,oil_price,opec,,-0.296,0.0,0.268,0.732,negative
2006-07-25,cliff head oil production wells completed,supply_geopolitics,supply_geopolitics,False,True,False,,oil_core_supply,,0.25,0.286,0.0,0.714,positive
2006-07-25,victoria renews petrol price inquiry call,consumer_fuel,consumer_fuel,False,False,True,,,fuel_price_or_cost,0.0,0.0,0.0,1.0,neutral
2006-07-27,costello cant see any relief in petrol prices,consumer_fuel,consumer_fuel,False,False,True,,,fuel_price_or_cost,-0.3724,0.0,0.267,0.733,negative
2006-07-31,high petrol price hits south west tourism,consumer_fuel,consumer_fuel,False,False,True,,,fuel_price_or_cost,0.0,0.0,0.0,1.0,neutral
2006-08-01,howard admits petrol price threat,consumer_fuel,consumer_fuel,False,False,True,,,fuel_price_or_cost,-0.296,0.256,0.395,0.349,negative
2006-08-03,no petrol price relief in sight pm,consumer_fuel,consumer_fuel,False,False,True,,,fuel_price_or_cost,0.2263,0.301,0.214,0.485,positive
2006-08-03,petrol price inquiry begins,consumer_fuel,consumer_fuel,False,False,True,,,fuel_price_or_cost,0.0,0.0,0.0,1.0,neutral
2006-08-03,petrol price similarities are collusion joyce,consumer_fuel,consumer_fuel,False,False,True,,,fuel_price_or_cost,0.0,0.0,0.0,1.0,neutral
2006-08-03,petrol price similarities not necessarily,consumer_fuel,consumer_fuel,False,False,True,,,fuel_price_or_cost,0.0,0.0,0.0,1.0,neutral
2006-08-03,supermarkets keep fuel prices down accc,consumer_fuel,consumer_fuel,False,False,True,,,fuel_price_or_cost,0.0,0.0,0.0,1.0,neutral
2006-08-03,transport minister calls for equity in fuel tax,consumer_fuel,consumer_fuel,False,False,True,,,fuel_price_or_cost,0.0,0.0,0.0,1.0,neutral
2006-08-06,era of low petrol prices gone howard,consumer_fuel,consumer_fuel,False,False,True,,,fuel_price_or_cost,-0.2732,0.0,0.259,0.741,negative
2006-08-06,pm flags end of low petrol prices,consumer_fuel,consumer_fuel,False,False,True,,,fuel_price_or_cost,-0.2732,0.0,0.259,0.741,negative
2006-08-06,pm to face backbencher anger over petrol prices,consumer_fuel,consumer_fuel,False,False,True,,,fuel_price_or_cost,-0.5719,0.0,0.346,0.654,negative
2006-08-07,coalition rules out cutting petrol excise,consumer_fuel,consumer_fuel,False,False,True,,,fuel_price_or_cost,-0.128,0.0,0.231,0.769,negative
2006-08-07,farmers want govt rethink on fuel tax,consumer_fuel,consumer_fuel,False,False,True,,,fuel_price_or_cost,0.0772,0.178,0.0,0.822,positive
2006-08-07,fuel costs to dominate coalition meeting,consumer_fuel,consumer_fuel,False,False,True,,,fuel_price_or_cost,-0.128,0.0,0.231,0.769,negative
2006-08-07,no oil price drop on horizon economist,market_prices,market_prices,True,False,False,oil_price,,,-0.5106,0.0,0.462,0.538,negative
2006-08-08,banks oil firms lift market,market_prices,market_prices;supply_geopolitics,True,True,False,oil_and_financial_market,oil_industry_projects,,0.0,0.0,0.0,1.0,neutral
2006-08-08,govt considers petrol price relief,consumer_fuel,consumer_fuel,False,False,True,,,fuel_price_or_cost,0.4767,0.437,0.0,0.563,positive
2006-08-08,howard under pressure over petrol prices,consumer_fuel,consumer_fuel,False,False,True,,,fuel_price_or_cost,-0.296,0.0,0.306,0.694,negative
2006-08-08,pipeline leak pushes oil prices higher,market_prices,market_prices,True,False,False,oil_price,,,-0.34,0.0,0.324,0.676,negative
2006-08-08,regional areas brace for petrol price hike,consumer_fuel,consumer_fuel,False,False,True,,,fuel_price_or_cost,0.0,0.0,0.0,1.0,neutral
2006-08-09,petrol price hits 265 in torres strait,consumer_fuel,consumer_fuel,False,False,True,,,fuel_price_or_cost,0.0,0.0,0.0,1.0,neutral
2006-08-09,petrol price hits electricity costs,consumer_fuel,consumer_fuel,False,False,True,,,fuel_price_or_cost,0.0,0.0,0.0,1.0,neutral
2006-08-10,perth rail feels fuel price pressure,consumer_fuel,consumer_fuel,False,False,True,,,fuel_price_or_cost,-0.296,0.0,0.306,0.694,negative
2006-08-11,senate hears oil price drop could cause problems,market_prices,market_prices,True,False,False,oil_price,,,-0.5859,0.0,0.444,0.556,negative
2006-08-14,fuel prices hurting govt poll,consumer_fuel,consumer_fuel,False,False,True,,,fuel_price_or_cost,-0.4019,0.0,0.403,0.597,negative
2006-08-15,middle east cease fire lowers oil price,market_prices,market_prices;supply_geopolitics,True,True,False,oil_price,oil_geopolitical_country,,-0.4404,0.0,0.438,0.562,negative
2006-08-17,beattie promises cheaper fuel with ethanol plan,consumer_fuel,consumer_fuel,False,False,True,,,fuel_price_level,0.3818,0.302,0.0,0.698,positive
2006-08-17,fuel bill keeps qantas profits down,consumer_fuel,consumer_fuel,False,False,True,,,fuel_price_or_cost,0.4404,0.367,0.0,0.633,positive
2006-08-17,rising fuel prices prompt droving revival,consumer_fuel,consumer_fuel,False,False,True,,,fuel_price_or_cost,0.0,0.0,0.0,1.0,neutral
2006-08-18,nt tas may miss out on fuel price relief,consumer_fuel,consumer_fuel,False,False,True,,,fuel_price_or_cost,0.3612,0.265,0.137,0.598,positive
2006-08-18,qantas increases fuel surcharge,consumer_fuel,consumer_fuel,False,False,True,,,fuel_price_or_cost,0.0,0.0,0.0,1.0,neutral
2006-08-20,nepalese protest fuel price hikes,consumer_fuel,consumer_fuel,False,False,True,,,fuel_price_or_cost,-0.25,0.0,0.333,0.667,negative
2006-08-21,petrol prices force motoring innovation expert,consumer_fuel,consumer_fuel,False,False,True,,,fuel_price_or_cost,0.3818,0.342,0.0,0.658,positive
2006-08-21,push for national approach on fuel price,consumer_fuel,consumer_fuel,False,False,True,,,fuel_price_or_cost,0.0,0.0,0.0,1.0,neutral
2006-08-22,oil price tipped to boost wool market,market_prices,market_prices,True,False,False,oil_price,,,0.4019,0.31,0.0,0.69,positive
2006-08-22,rising fuel costs affect regional tourism qld,consumer_fuel,consumer_fuel,False,False,True,,,fuel_price_or_cost,0.0,0.0,0.0,1.0,neutral
2006-08-23,oil exploration causes diver shortage,supply_geopolitics,supply_geopolitics,False,True,False,,oil_exploration_drilling,,-0.0258,0.275,0.29,0.435,neutral
2006-08-23,virgin blue profit rises despite fuel costs,consumer_fuel,consumer_fuel,False,False,True,,,fuel_price_or_cost,0.4404,0.326,0.0,0.674,positive
2006-08-25,world economy can absorb oil price rises macfarlane,market_prices,market_prices,True,False,False,oil_price,,,0.0,0.0,0.0,1.0,neutral
2006-08-28,motorists advised to seek out cheaper petrol,consumer_fuel,consumer_fuel,False,False,True,,,fuel_price_level,0.0,0.0,0.0,1.0,neutral
2006-08-29,us stocks rally as oil price drops 26pc,market_prices,market_prices,True,False,False,oil_price,,,0.0,0.0,0.0,1.0,neutral
2006-08-31,fuel price increases hit flight centre profits,consumer_fuel,consumer_fuel,False,False,True,,,fuel_price_or_cost,0.4404,0.326,0.0,0.674,positive
2006-09-13,lower petrol costs fuel spending,consumer_fuel,consumer_fuel,False,False,True,,,fuel_price_or_cost,-0.296,0.0,0.355,0.645,negative
2006-09-15,watchdog hits out at pace of regional fuel price,consumer_fuel,consumer_fuel,False,False,True,,,fuel_price_or_cost,0.0,0.0,0.0,1.0,neutral
2006-09-17,oil prices fall as demand forecasts lowered,market_prices,market_prices,True,False,False,oil_price,,,-0.25,0.0,0.375,0.625,negative
2006-09-18,rising prices renew interest in nt oil reserves,supply_geopolitics,supply_geopolitics,False,True,False,,oil_core_supply,,0.4588,0.3,0.0,0.7,positive
2006-09-19,experts predict petrol price drop,consumer_fuel,consumer_fuel,False,False,True,,,fuel_price_or_cost,-0.2732,0.0,0.344,0.656,negative
2006-09-19,fuel prices changing outback tourism says mayor,consumer_fuel,consumer_fuel,False,False,True,,,fuel_price_or_cost,0.0,0.0,0.0,1.0,neutral
2006-09-19,petroleum exploration permits criticised,supply_geopolitics,supply_geopolitics,False,True,False,,petroleum_context,,-0.2263,0.284,0.418,0.299,negative
2006-09-19,racq questions wide bay petrol price disparity,consumer_fuel,consumer_fuel,False,False,True,,,fuel_price_or_cost,0.0,0.0,0.0,1.0,neutral
2006-09-20,regional motorists hit with higher petrol prices,consumer_fuel,consumer_fuel,False,False,True,,,fuel_price_or_cost,0.0,0.0,0.0,1.0,neutral
2006-09-23,oil company denies fate of port stanvac refinery,supply_geopolitics,supply_geopolitics,False,True,False,,oil_industry_projects,,-0.4215,0.0,0.286,0.714,negative
2006-09-24,fuel price hike in perth unjustified,consumer_fuel,consumer_fuel,False,False,True,,,fuel_price_or_cost,0.0,0.0,0.0,1.0,neutral
2006-09-26,british company to takeover perth oil exploration,supply_geopolitics,supply_geopolitics,False,True,False,,oil_exploration_drilling,,0.2263,0.241,0.0,0.759,positive
2006-09-26,raa calls for lower mt gambier petrol prices,consumer_fuel,consumer_fuel,False,False,True,,,fuel_price_or_cost,-0.296,0.0,0.239,0.761,negative
2006-09-28,nrma accuses oil companies of unfair practice,supply_geopolitics,supply_geopolitics,False,True,False,,oil_industry_projects,,-0.6705,0.0,0.524,0.476,negative
2006-10-19,drought petrol prices strain kangaroo harvest,consumer_fuel,consumer_fuel,False,False,True,,,fuel_price_or_cost,-0.0516,0.0,0.194,0.806,negative
2006-10-20,opec agrees to surprise 12m bpd cut in oil output,supply_geopolitics,supply_geopolitics,False,True,False,,opec,,0.2023,0.3,0.162,0.538,positive
2006-10-20,opec cuts oil production,supply_geopolitics,supply_geopolitics,False,True,False,,opec,,-0.296,0.0,0.423,0.577,negative
2006-10-21,oil price falls to 2006 low,market_prices,market_prices,True,False,False,oil_price,,,-0.2732,0.0,0.296,0.704,negative
2006-10-23,virgin flags dropping fuel surcharge,consumer_fuel,consumer_fuel,False,False,True,,,fuel_price_or_cost,0.0,0.0,0.0,1.0,neutral
2006-11-14,oil exploration project to benefit nt,supply_geopolitics,supply_geopolitics,False,True,False,,oil_exploration_drilling,,0.5994,0.551,0.0,0.449,positive
2006-11-14,regional drivers enjoy lower fuel price,consumer_fuel,consumer_fuel,False,False,True,,,fuel_price_or_cost,0.25,0.34,0.234,0.426,positive
2006-11-15,biodiesel club to produce cheaper fuel,consumer_fuel,consumer_fuel,False,False,True,,,fuel_price_level,0.0,0.0,0.0,1.0,neutral
2006-11-16,gas and oil exploration announced for tasmania,supply_geopolitics,supply_geopolitics,False,True,False,,oil_exploration_drilling,,0.2263,0.241,0.0,0.759,positive
2006-11-20,investigation of sabotage at bendigo oil depot,supply_geopolitics,supply_geopolitics,False,True,False,,oil_industry_projects,,-0.5267,0.0,0.362,0.638,negative
2006-11-25,albany to host petrol price meeting,consumer_fuel,consumer_fuel,False,False,True,,,fuel_price_or_cost,0.0,0.0,0.0,1.0,neutral
2006-11-30,petrol price fall boosts retail spending,consumer_fuel,consumer_fuel,False,False,True,,,fuel_price_or_cost,0.3182,0.315,0.0,0.685,positive
2006-12-01,big fuel price changes not expected,consumer_fuel,consumer_fuel,False,False,True,,,fuel_price_or_cost,0.0,0.0,0.0,1.0,neutral
2006-12-08,report on petrol prices,consumer_fuel,consumer_fuel,False,False,True,,,fuel_price_or_cost,0.0,0.0,0.0,1.0,neutral
2006-12-21,price rises linked to petrol theft,consumer_fuel,consumer_fuel,False,False,True,,,reversed_fuel_price_or_cost,0.0,0.0,0.0,1.0,neutral
2007-01-03,fuel shortages wont affect summernats car festival,supply_geopolitics,supply_geopolitics,False,True,False,,fuel_shortage_security,,0.3818,0.327,0.163,0.51,positive
2007-01-10,oil price drags us stocks down,market_prices,market_prices,True,False,False,oil_price,,,-0.1779,0.0,0.254,0.746,negative
2007-01-12,petrol prices not reflecting oil plunge says,market_prices,market_prices;consumer_fuel,True,False,True,oil_price_movement,,fuel_price_or_cost,0.0,0.0,0.0,1.0,neutral
2007-01-15,concern oil price fall not passed on,market_prices,market_prices,True,False,False,oil_price,,,0.0,0.0,0.0,1.0,neutral
2007-01-15,fuel price competition welcomed in alice springs,consumer_fuel,consumer_fuel,False,False,True,,,fuel_price_or_cost,0.34,0.286,0.0,0.714,positive
2007-01-16,accc demands drop in petrol prices,consumer_fuel,consumer_fuel,False,False,True,,,fuel_price_or_cost,-0.2732,0.0,0.296,0.704,negative
2007-01-16,accc demands lower petrol prices,consumer_fuel,consumer_fuel,False,False,True,,,fuel_price_or_cost,-0.296,0.0,0.355,0.645,negative
2007-01-16,caltex denies petrol prices too high,consumer_fuel,consumer_fuel,False,False,True,,,fuel_price_or_cost,-0.4215,0.0,0.359,0.641,negative
2007-01-16,nrma joins petrol price attack on oil companies,supply_geopolitics,supply_geopolitics;consumer_fuel,False,True,True,,oil_industry_projects,fuel_price_or_cost,-0.4767,0.0,0.307,0.693,negative
2007-01-16,oil companies pressed on fuel prices,supply_geopolitics,supply_geopolitics;consumer_fuel,False,True,True,,oil_industry_projects,fuel_price_or_cost,0.0,0.0,0.0,1.0,neutral
2007-01-16,oil companies under pricing pressure,supply_geopolitics,supply_geopolitics,False,True,False,,oil_industry_projects,,-0.296,0.0,0.355,0.645,negative
2007-01-16,qantas to lower fuel surcharge,consumer_fuel,consumer_fuel,False,False,True,,,fuel_price_or_cost,-0.296,0.0,0.355,0.645,negative
2007-01-16,racq wants answers on petrol price disparity,consumer_fuel,consumer_fuel,False,False,True,,,fuel_price_or_cost,0.0,0.0,0.0,1.0,neutral
2007-01-16,racv urges accc to be patient on fuel price change,consumer_fuel,consumer_fuel,False,False,True,,,fuel_price_or_cost,0.0,0.0,0.0,1.0,neutral
2007-01-17,oil price drop fails to boost markets,market_prices,market_prices,True,False,False,oil_price,,,-0.296,0.233,0.422,0.345,negative
2007-01-17,regional fuel price set to drop,consumer_fuel,consumer_fuel,False,False,True,,,fuel_price_or_cost,-0.2732,0.0,0.296,0.704,negative
2007-01-17,rex cuts fuel surcharge,consumer_fuel,consumer_fuel,False,False,True,,,fuel_price_or_cost,-0.296,0.0,0.423,0.577,negative
2007-01-18,accc urged to get tougher on oil companies,supply_geopolitics,supply_geopolitics,False,True,False,,oil_industry_projects,,0.1779,0.195,0.0,0.805,positive
2007-01-18,petrol prices impacting trucking industry union,consumer_fuel,consumer_fuel,False,False,True,,,fuel_price_or_cost,0.0,0.0,0.0,1.0,neutral
2007-01-19,adelaide petrol prices predicted to fall,consumer_fuel,consumer_fuel,False,False,True,,,fuel_price_or_cost,0.0,0.0,0.0,1.0,neutral
2007-01-19,boulia hopes fuel shortage not deterring tourists,supply_geopolitics,supply_geopolitics,False,True,False,,fuel_shortage_security,,0.2023,0.286,0.204,0.51,positive
2007-01-19,far north fuel prices remain high while south east,consumer_fuel,consumer_fuel,False,False,True,,,fuel_price_or_cost,0.0,0.0,0.0,1.0,neutral
2007-01-19,further drop in petrol prices forecast,consumer_fuel,consumer_fuel,False,False,True,,,fuel_price_or_cost,-0.2732,0.0,0.296,0.704,negative
2007-01-19,govt welcomes petrol price falls,consumer_fuel,consumer_fuel,False,False,True,,,fuel_price_or_cost,0.4019,0.403,0.0,0.597,positive
2007-01-19,motoring industry questions fuel price drop,consumer_fuel,consumer_fuel,False,False,True,,,fuel_price_or_cost,-0.2732,0.0,0.296,0.704,negative
2007-01-19,oil price drops below us50,market_prices,market_prices,True,False,False,oil_price,,,0.0,0.0,0.0,1.0,neutral
2007-01-19,petrol drops to lowest level in months,consumer_fuel,consumer_fuel,False,False,True,,,fuel_price_movement,-0.3818,0.0,0.302,0.698,negative
2007-01-22,interest in nt oil surges govt,market_prices,market_prices,True,False,False,oil_price_movement,,,0.4588,0.375,0.0,0.625,positive
2007-01-23,accc urged to investigate diesel prices,consumer_fuel,consumer_fuel,False,False,True,,,fuel_price_or_cost,0.0,0.0,0.0,1.0,neutral
2007-01-23,stirling urges accc to act on nt petrol prices,consumer_fuel,consumer_fuel,False,False,True,,,fuel_price_or_cost,0.0,0.0,0.0,1.0,neutral
2007-01-24,accc stays out of nt petrol price debate,consumer_fuel,consumer_fuel,False,False,True,,,fuel_price_or_cost,0.0,0.0,0.0,1.0,neutral
2007-01-25,mps urged to help cut high wagga fuel prices,consumer_fuel,consumer_fuel,False,False,True,,,fuel_price_or_cost,0.1531,0.229,0.178,0.593,positive
2007-01-25,oil companies collaborating on petrol prices nrma,supply_geopolitics,supply_geopolitics;consumer_fuel,False,True,True,,oil_industry_projects,fuel_price_or_cost,0.0,0.0,0.0,1.0,neutral
2007-01-25,regional fuel price hard to reduce stoner,consumer_fuel,consumer_fuel,False,False,True,,,fuel_price_or_cost,-0.1027,0.0,0.189,0.811,negative
2007-01-29,racv understands delay in fuel price drop,consumer_fuel,consumer_fuel,False,False,True,,,fuel_price_or_cost,-0.5267,0.0,0.468,0.532,negative
2007-01-30,airfares jump despite oil price drop,market_prices,market_prices,True,False,False,oil_price,,,0.2057,0.266,0.0,0.734,positive
2007-02-01,petrol price rise ripping off canberrans,consumer_fuel,consumer_fuel,False,False,True,,,fuel_price_or_cost,0.0,0.0,0.0,1.0,neutral
2007-02-03,anger over perus plan to bring oil firms to amazon,supply_geopolitics,supply_geopolitics,False,True,False,,oil_industry_projects,,-0.4588,0.127,0.276,0.597,negative
2007-02-20,e timor approves aust oil deal,supply_geopolitics,supply_geopolitics,False,True,False,,oil_policy,,0.4019,0.403,0.0,0.597,positive
2007-02-20,where have the petrol taxes been going,consumer_fuel,consumer_fuel,False,False,True,,,fuel_price_or_cost,0.0,0.0,0.0,1.0,neutral
2007-02-23,rising oil prices spark inflation jitters,market_prices,market_prices,True,False,False,oil_price,,,0.2263,0.275,0.0,0.725,positive
2007-02-27,petrol prices expected to rise,consumer_fuel,consumer_fuel,False,False,True,,,fuel_price_or_cost,0.0,0.0,0.0,1.0,neutral
2007-03-08,petrol price hike prompts probe call,consumer_fuel,consumer_fuel,False,False,True,,,fuel_price_or_cost,0.0,0.0,0.0,1.0,neutral
2007-03-08,regions warned of looming fuel price rise,consumer_fuel,consumer_fuel,False,False,True,,,fuel_price_or_cost,-0.3818,0.0,0.419,0.581,negative
2007-03-13,fuel price rises in port hedland after cyclone,consumer_fuel,consumer_fuel,False,False,True,,,fuel_price_or_cost,0.0,0.0,0.0,1.0,neutral
2007-03-16,greens question plants fuel supply,supply_geopolitics,supply_geopolitics,False,True,False,,fuel_shortage_security,,0.0,0.0,0.0,1.0,neutral
2007-03-16,russia set to build crucial oil pipeline,supply_geopolitics,supply_geopolitics,False,True,False,,oil_geopolitical_country,,0.0,0.0,0.0,1.0,neutral
2007-03-19,regional drivers warned of fuel price rise,consumer_fuel,consumer_fuel,False,False,True,,,fuel_price_or_cost,-0.2732,0.0,0.259,0.741,negative
2007-03-21,mp demands accc look at petrol price gouging,consumer_fuel,consumer_fuel,False,False,True,,,fuel_price_or_cost,0.0,0.0,0.0,1.0,neutral
2007-03-22,opposition renews call for petrol price monitoring,consumer_fuel,consumer_fuel,False,False,True,,,fuel_price_or_cost,0.0,0.0,0.0,1.0,neutral
2007-03-23,accc to investigate mackay region petrol prices,consumer_fuel,consumer_fuel,False,False,True,,,fuel_price_or_cost,0.0,0.0,0.0,1.0,neutral
2007-03-27,price of unleaded petrol expected to rise,consumer_fuel,consumer_fuel,False,False,True,,,reversed_fuel_price_or_cost,0.0,0.0,0.0,1.0,neutral
2007-03-28,caltex predicts petrol price gouging claims,consumer_fuel,consumer_fuel,False,False,True,,,fuel_price_or_cost,0.0,0.0,0.0,1.0,neutral
2007-03-28,rumours to blame for spike in oil futures,market_prices,market_prices,True,False,False,oil_market,,,-0.34,0.0,0.255,0.745,negative
2007-03-30,watchdog to monitor petrol prices,consumer_fuel,consumer_fuel,False,False,True,,,fuel_price_or_cost,0.0,0.0,0.0,1.0,neutral
2007-04-04,petrol price spike could be last straw for truck,consumer_fuel,consumer_fuel,False,False,True,,,fuel_price_or_cost,0.0,0.0,0.0,1.0,neutral
2007-04-05,holiday fuel price spikes hurt small businesses,consumer_fuel,consumer_fuel,False,False,True,,,fuel_price_or_cost,-0.1779,0.243,0.306,0.45,negative
2007-04-05,oil companies accused of easter rip off,supply_geopolitics,supply_geopolitics,False,True,False,,oil_industry_projects,,-0.296,0.0,0.268,0.732,negative
2007-04-07,nrma welcomes steady canberra fuel prices,consumer_fuel,consumer_fuel,False,False,True,,,fuel_price_or_cost,0.4019,0.351,0.0,0.649,positive
2007-04-14,canberra fuel prices soar,consumer_fuel,consumer_fuel,False,False,True,,,fuel_price_or_cost,0.0,0.0,0.0,1.0,neutral
2007-04-19,oil and gas projects vital for australia,supply_geopolitics,supply_geopolitics,False,True,False,,oil_and_gas_industry,,0.296,0.268,0.0,0.732,positive
2007-04-19,rockhampton feels impact of rising fuel price,consumer_fuel,consumer_fuel,False,False,True,,,fuel_price_or_cost,0.0,0.0,0.0,1.0,neutral
2007-04-26,petrol price skyrockets in tasmania,consumer_fuel,consumer_fuel,False,False,True,,,fuel_price_or_cost,0.0,0.0,0.0,1.0,neutral
2007-04-26,removing state fuel tax not on agenda minister,consumer_fuel,consumer_fuel,False,False,True,,,fuel_price_or_cost,0.0,0.0,0.0,1.0,neutral
2007-04-27,petrol stations say prices have been too low,consumer_fuel,consumer_fuel,False,False,True,,,fuel_price_level,-0.2732,0.0,0.231,0.769,negative
2007-05-01,electric cars wont kill off oil industry,supply_geopolitics,supply_geopolitics,False,True,False,,oil_industry_projects,,0.5773,0.384,0.0,0.616,positive
2007-05-03,supermarket chains to blame for high petrol prices,consumer_fuel,consumer_fuel,False,False,True,,,fuel_price_or_cost,-0.34,0.0,0.255,0.745,negative
2007-05-11,regional drivers warned of looming fuel price rise,consumer_fuel,consumer_fuel,False,False,True,,,fuel_price_or_cost,-0.3818,0.0,0.375,0.625,negative
2007-05-18,falling oil production blamed for fuel prices,supply_geopolitics,supply_geopolitics;consumer_fuel,False,True,True,,oil_core_supply,fuel_price_or_cost,-0.5719,0.0,0.485,0.515,negative
2007-05-21,global supply problems lift petrol prices,consumer_fuel,consumer_fuel,False,False,True,,,fuel_price_or_cost,-0.4019,0.0,0.351,0.649,negative
2007-05-23,farmers feel impact of rising fuel prices,consumer_fuel,consumer_fuel,False,False,True,,,fuel_price_or_cost,0.0,0.0,0.0,1.0,neutral
2007-05-25,motorists dont want fuel price regulation says accc,consumer_fuel,consumer_fuel,False,False,True,,,fuel_price_or_cost,-0.0572,0.0,0.149,0.851,negative
2007-05-28,firms announce major oil pipeline,supply_geopolitics,supply_geopolitics,False,True,False,,oil_infrastructure_disruption,,0.0,0.0,0.0,1.0,neutral
2007-05-30,gippsland fuel prices reach near record high,consumer_fuel,consumer_fuel,False,False,True,,,fuel_price_or_cost,0.0258,0.155,0.0,0.845,neutral
2007-05-30,levy on petrol guzzlers to hit battlers says racq,consumer_fuel,consumer_fuel,False,False,True,,,reversed_fuel_price_or_cost,-0.0516,0.0,0.13,0.87,negative
2007-05-31,long weekend petrol prices up early nrma,consumer_fuel,consumer_fuel,False,False,True,,,fuel_price_or_cost,0.0,0.0,0.0,1.0,neutral
2007-06-01,power petrol prices to rise if emissions drop task,consumer_fuel,consumer_fuel,False,False,True,,,fuel_price_or_cost,-0.2732,0.0,0.208,0.792,negative
2007-06-08,local petrol prices in line with global pricing bp,consumer_fuel,consumer_fuel,False,False,True,,,fuel_price_or_cost,0.0,0.0,0.0,1.0,neutral
2007-06-08,oil companies face extra monitoring on petrol,supply_geopolitics,supply_geopolitics,False,True,False,,oil_industry_projects,,0.0,0.0,0.0,1.0,neutral
2007-06-08,petrol price too high state and federal watchdogs,consumer_fuel,consumer_fuel,False,False,True,,,fuel_price_or_cost,0.0,0.0,0.0,1.0,neutral
2007-06-11,overseas oil price drop should have local effect,market_prices,market_prices,True,False,False,oil_price,,,-0.2732,0.0,0.231,0.769,negative
2007-06-12,call for better petrol price monitoring,consumer_fuel,consumer_fuel,False,False,True,,,fuel_price_or_cost,0.4404,0.367,0.0,0.633,positive
2007-06-12,send petrol price fixers to jail govt told,consumer_fuel,consumer_fuel,False,False,True,,,fuel_price_or_cost,0.0,0.0,0.0,1.0,neutral
2007-06-13,us warns oil firms against trading with iran,supply_geopolitics,supply_geopolitics,False,True,False,,oil_industry_projects,,-0.1027,0.0,0.167,0.833,negative
2007-06-14,pilbara towns feel impact of diesel shortage,supply_geopolitics,supply_geopolitics,False,True,False,,fuel_shortage_security,,-0.25,0.0,0.25,0.75,negative
2007-06-15,costello announces petrol price inquiry,consumer_fuel,consumer_fuel,False,False,True,,,fuel_price_or_cost,0.0,0.0,0.0,1.0,neutral
2007-06-15,howard announces petrol price inquiry,consumer_fuel,consumer_fuel,False,False,True,,,fuel_price_or_cost,0.0,0.0,0.0,1.0,neutral
2007-06-15,petrol price inquiry an election stunt swan,consumer_fuel,consumer_fuel,False,False,True,,,fuel_price_or_cost,0.0,0.0,0.0,1.0,neutral
2007-06-15,pm announces petrol price inquiry,consumer_fuel,consumer_fuel,False,False,True,,,fuel_price_or_cost,0.0,0.0,0.0,1.0,neutral
2007-06-18,acting on petrol prices,consumer_fuel,consumer_fuel,False,False,True,,,fuel_price_or_cost,0.0,0.0,0.0,1.0,neutral
2007-06-18,israel cuts gaza fuel supply,supply_geopolitics,supply_geopolitics,False,True,False,,fuel_shortage_security,,-0.296,0.0,0.355,0.645,negative
2007-06-19,accc dumps petrol price fixing appeal,consumer_fuel,consumer_fuel,False,False,True,,,fuel_price_or_cost,-0.4019,0.0,0.351,0.649,negative
2007-06-19,accc rues petrol price fixing dismissal,consumer_fuel,consumer_fuel,False,False,True,,,fuel_price_or_cost,0.0,0.0,0.0,1.0,neutral
2007-06-22,call for aviation fuel subsidy for flinders island,consumer_fuel,consumer_fuel,False,False,True,,,fuel_price_or_cost,0.0,0.0,0.0,1.0,neutral
2007-06-22,troops storm nigerian oil depot,supply_geopolitics,supply_geopolitics,False,True,False,,oil_industry_projects,,0.0,0.0,0.0,1.0,neutral
2007-06-23,petrol prices blamed for taxi fare hike,consumer_fuel,consumer_fuel,False,False,True,,,fuel_price_or_cost,-0.4767,0.0,0.341,0.659,negative
2007-06-25,jail time no silver bullet to stop petrol price,consumer_fuel,consumer_fuel,False,False,True,,,fuel_price_or_cost,-0.5267,0.0,0.386,0.614,negative
2007-06-25,nigerians back at work after fuel price promise,consumer_fuel,consumer_fuel,False,False,True,,,fuel_price_or_cost,0.3182,0.247,0.0,0.753,positive
2007-06-25,petrol prices predicted to get cheaper,consumer_fuel,consumer_fuel,False,False,True,,,fuel_price_or_cost,0.0,0.0,0.0,1.0,neutral
2007-07-05,govt splits on iraq war oil link,supply_geopolitics,supply_geopolitics,False,True,False,,oil_geopolitical_event,,-0.5994,0.0,0.394,0.606,negative
2007-07-05,iraq oil admission exposes hypocrisy,supply_geopolitics,supply_geopolitics,False,True,False,,oil_geopolitical_country,,-0.128,0.0,0.273,0.727,negative
2007-07-05,oil a factor for keeping troops in iraq nelson,supply_geopolitics,supply_geopolitics,False,True,False,,oil_geopolitical_country,,0.0,0.0,0.0,1.0,neutral
2007-07-05,oil cited as reason to stay in iraq,supply_geopolitics,supply_geopolitics,False,True,False,,oil_geopolitical_country,,0.0,0.0,0.0,1.0,neutral
2007-07-05,oil security reason for iraq involvement govt,supply_geopolitics,supply_geopolitics,False,True,False,,oil_geopolitical_country,,0.34,0.286,0.0,0.714,positive
2007-07-06,iraq never about oil nelson,supply_geopolitics,supply_geopolitics,False,True,False,,oil_geopolitical_country,,0.0,0.0,0.0,1.0,neutral
2007-07-08,aust troops not in iraq for petrol prices costello,consumer_fuel,consumer_fuel,False,False,True,,,fuel_price_or_cost,0.0,0.0,0.0,1.0,neutral
2007-07-09,oil and iraq,supply_geopolitics,supply_geopolitics,False,True,False,,oil_geopolitical_country,,0.0,0.0,0.0,1.0,neutral
2007-07-09,petrol prices drop to 10 week low,consumer_fuel,consumer_fuel,False,False,True,,,fuel_price_or_cost,-0.4939,0.0,0.457,0.543,negative
2007-07-10,iea predicts global oil crisis,market_prices,market_prices,True,False,False,oil_crisis_or_fears,,,-0.6249,0.0,0.506,0.494,negative
2007-07-13,iea predicts easier 2008 oil market,market_prices,market_prices,True,False,False,oil_market,,,0.4215,0.359,0.0,0.641,positive
2007-07-25,cost of living jumps as petrol prices rise,consumer_fuel,consumer_fuel,False,False,True,,,fuel_price_or_cost,0.0,0.0,0.0,1.0,neutral
2007-07-30,senator in gippsland to lobby for fuel prices,consumer_fuel,consumer_fuel,False,False,True,,,fuel_price_or_cost,0.0258,0.136,0.0,0.864,neutral
2007-08-01,fuel cost prompts qantas international fare,consumer_fuel,consumer_fuel,False,False,True,,,fuel_price_or_cost,0.0,0.0,0.0,1.0,neutral
2007-08-02,exploration firm awaits oil results,supply_geopolitics,supply_geopolitics,False,True,False,,oil_exploration_drilling,,0.296,0.516,0.0,0.484,positive
2007-08-02,permits awarded for basin petroleum exploration,supply_geopolitics,supply_geopolitics,False,True,False,,petroleum_context,,0.5574,0.535,0.0,0.465,positive
2007-08-08,watchdog supports riverina fuel price hearing,consumer_fuel,consumer_fuel,False,False,True,,,fuel_price_or_cost,0.3612,0.333,0.0,0.667,positive
2007-08-09,tas liberals accused of inaction on petrol prices,consumer_fuel,consumer_fuel,False,False,True,,,fuel_price_or_cost,-0.4939,0.0,0.412,0.588,negative
2007-08-14,gibbons backs inquiry into petrol prices,consumer_fuel,consumer_fuel,False,False,True,,,fuel_price_or_cost,-0.0516,0.0,0.194,0.806,negative
2007-08-14,petrol prices lowest for two years,consumer_fuel,consumer_fuel,False,False,True,,,fuel_price_or_cost,-0.3818,0.0,0.342,0.658,negative
2007-08-16,pilbara region in need of greater fuel supply,supply_geopolitics,supply_geopolitics,False,True,False,,fuel_shortage_security,,0.3612,0.263,0.0,0.737,positive
2007-08-20,fuel price hearing to sit in wagga,consumer_fuel,consumer_fuel,False,False,True,,,fuel_price_or_cost,0.0,0.0,0.0,1.0,neutral
2007-08-21,qld launches inquiry into petrol prices,consumer_fuel,consumer_fuel,False,False,True,,,fuel_price_or_cost,0.0,0.0,0.0,1.0,neutral
2007-08-22,independent wholesaler says local petrol cheaper,consumer_fuel,consumer_fuel,False,False,True,,,fuel_price_level,0.0,0.0,0.0,1.0,neutral
2007-08-26,junta arrests burmese fuel price activist,consumer_fuel,consumer_fuel,False,False,True,,,fuel_price_or_cost,-0.4404,0.0,0.367,0.633,negative
2007-08-27,drivers group hopes for petrol price transparency,consumer_fuel,consumer_fuel,False,False,True,,,fuel_price_or_cost,0.4215,0.318,0.0,0.682,positive
2007-08-27,noonkanbah signs oil and gas exploration deal,supply_geopolitics,supply_geopolitics,False,True,False,,oil_and_gas_industry,,0.2263,0.241,0.0,0.759,positive
2007-09-03,oil companies are ripping consumers off nrma,supply_geopolitics,supply_geopolitics,False,True,False,,oil_industry_projects,,0.0,0.0,0.0,1.0,neutral
2007-09-04,caltex admits trying to push petrol price up,consumer_fuel,consumer_fuel,False,False,True,,,fuel_price_or_cost,0.296,0.239,0.0,0.761,positive
2007-09-04,caltex tried to lift petrol prices boss,consumer_fuel,consumer_fuel,False,False,True,,,fuel_price_or_cost,0.0,0.0,0.0,1.0,neutral
2007-09-07,coles rejects allegations of petrol price,consumer_fuel,consumer_fuel,False,False,True,,,fuel_price_or_cost,-0.4939,0.0,0.39,0.61,negative
2007-09-07,community urged to attend accc fuel price hearing,consumer_fuel,consumer_fuel,False,False,True,,,fuel_price_or_cost,0.0,0.0,0.0,1.0,neutral
2007-09-08,bush backs austrian troops at opec,supply_geopolitics,supply_geopolitics,False,True,False,,opec,,-0.0516,0.0,0.194,0.806,negative
2007-09-13,motorists insulated from oil price spike fueltrac,market_prices,market_prices,True,False,False,oil_price,,,0.0,0.0,0.0,1.0,neutral
2007-09-13,new refinery could make petrol cheaper,consumer_fuel,consumer_fuel,False,False,True,,,fuel_price_level,0.0,0.0,0.0,1.0,neutral
2007-09-13,onshore oil drilling could lead to economic boom,supply_geopolitics,supply_geopolitics,False,True,False,,oil_exploration_drilling,,0.0,0.0,0.0,1.0,neutral
2007-09-13,petrol prices likely to rise,consumer_fuel,consumer_fuel,False,False,True,,,fuel_price_or_cost,0.0,0.0,0.0,1.0,neutral
2007-09-13,strong oil stocks drive market gains,market_prices,market_prices,True,False,False,oil_market,,,0.6908,0.588,0.0,0.412,positive
2007-09-13,tom price fuel shortage nearly over stephens,supply_geopolitics,supply_geopolitics;consumer_fuel,False,True,True,,fuel_shortage_security,reversed_fuel_price_or_cost,-0.25,0.0,0.25,0.75,negative
2007-09-14,central qld fuel price rise under investigation,consumer_fuel,consumer_fuel,False,False,True,,,fuel_price_or_cost,0.0,0.0,0.0,1.0,neutral
2007-09-14,mcgauran reveals high latrobe valley fuel prices,consumer_fuel,consumer_fuel,False,False,True,,,fuel_price_or_cost,0.0,0.0,0.0,1.0,neutral
2007-09-14,record oil prices to put pressure on inflation,market_prices,market_prices,True,False,False,oil_price,,,-0.296,0.0,0.239,0.761,negative
2007-09-17,iraq war about oil greenspan,supply_geopolitics,supply_geopolitics,False,True,False,,oil_geopolitical_event,,-0.5994,0.0,0.494,0.506,negative
2007-09-17,war in iraq over oil greenspan,supply_geopolitics,supply_geopolitics,False,True,False,,oil_geopolitical_event,,-0.5994,0.0,0.438,0.562,negative
2007-09-21,accc moves fuel price probe to ballarat,consumer_fuel,consumer_fuel,False,False,True,,,fuel_price_or_cost,0.0,0.0,0.0,1.0,neutral
2007-09-24,qld opposition backs bligh on petrol price cap,consumer_fuel,consumer_fuel,False,False,True,,,fuel_price_or_cost,-0.0516,0.0,0.146,0.854,negative
2007-09-25,servo assoc rejects petrol price capping,consumer_fuel,consumer_fuel,False,False,True,,,fuel_price_or_cost,-0.4939,0.0,0.39,0.61,negative
2007-09-26,concern over petrol price,consumer_fuel,consumer_fuel,False,False,True,,,fuel_price_or_cost,0.0,0.0,0.0,1.0,neutral
2007-09-27,fuel cost top issue racv,consumer_fuel,consumer_fuel,False,False,True,,,fuel_price_or_cost,0.2023,0.31,0.0,0.69,positive
2007-09-28,accc inquiry scrutinises diesel prices,consumer_fuel,consumer_fuel,False,False,True,,,fuel_price_or_cost,0.0,0.0,0.0,1.0,neutral
2007-09-28,fears oil companies fixing diesel prices,supply_geopolitics,supply_geopolitics;consumer_fuel,False,True,True,,oil_industry_projects,fuel_price_or_cost,-0.4215,0.0,0.359,0.641,negative
2007-10-01,steady petrol price predicted,consumer_fuel,consumer_fuel,False,False,True,,,fuel_price_or_cost,0.0,0.0,0.0,1.0,neutral
2007-10-02,fair dinkum fuel prices,consumer_fuel,consumer_fuel,False,False,True,,,fuel_price_or_cost,0.3182,0.434,0.0,0.566,positive
2007-10-03,motorists suspicious of petrol price fluctuations,consumer_fuel,consumer_fuel,False,False,True,,,fuel_price_or_cost,-0.3612,0.0,0.333,0.667,negative
2007-10-14,ecuador back in opec next month,supply_geopolitics,supply_geopolitics,False,True,False,,opec,,0.0,0.0,0.0,1.0,neutral
2007-10-15,fuel price probe sits in cairns,consumer_fuel,consumer_fuel,False,False,True,,,fuel_price_or_cost,0.0,0.0,0.0,1.0,neutral
2007-10-15,opposition criticises oil pipeline shutdown,supply_geopolitics,supply_geopolitics,False,True,False,,oil_infrastructure_disruption,,-0.3182,0.0,0.365,0.635,negative
2007-10-16,inquiry told small independents setting fuel price,consumer_fuel,consumer_fuel,False,False,True,,,fuel_price_or_cost,0.0,0.0,0.0,1.0,neutral
2007-10-16,middle east tensions push up world oil prices,market_prices,market_prices;supply_geopolitics,True,True,False,oil_price,oil_geopolitical_event,,-0.4019,0.0,0.278,0.722,negative
2007-10-16,turkey iraq tensions push up world oil prices,market_prices,market_prices;supply_geopolitics,True,True,False,oil_price,oil_geopolitical_event,,-0.4019,0.0,0.278,0.722,negative
2007-10-17,international tensions put pressure on oil markets,market_prices,market_prices;supply_geopolitics,True,True,False,oil_market,oil_geopolitical_event,,-0.5994,0.0,0.495,0.505,negative
2007-10-19,oil price weighs on local market,market_prices,market_prices,True,False,False,oil_price,,,0.0,0.0,0.0,1.0,neutral
2007-10-19,refinery problems cause diesel shortage,supply_geopolitics,supply_geopolitics,False,True,False,,fuel_shortage_security,,-0.5719,0.0,0.61,0.39,negative
2007-10-23,diesel fuel shortage worsening,supply_geopolitics,supply_geopolitics,False,True,False,,fuel_shortage_security,,-0.6124,0.0,0.714,0.286,negative
2007-10-24,oil prices may raise virgin blue fuel surcharge,market_prices,market_prices;consumer_fuel,True,False,True,oil_price,,fuel_price_or_cost,0.0,0.0,0.0,1.0,neutral
2007-10-27,oil price soars on global uncertainty,market_prices,market_prices,True,False,False,oil_price,,,-0.34,0.0,0.324,0.676,negative
2007-10-27,oil prices reach new highs,market_prices,market_prices,True,False,False,oil_price,,,0.0258,0.216,0.0,0.784,neutral
2007-10-29,fuel prices at 3 month high,consumer_fuel,consumer_fuel,False,False,True,,,fuel_price_or_cost,0.0,0.0,0.0,1.0,neutral
2007-10-29,oil metal prices push market to record high,market_prices,market_prices,True,False,False,oil_and_financial_market,,,0.0,0.0,0.0,1.0,neutral
2007-10-30,oil price pushes into record ground,market_prices,market_prices,True,False,False,oil_price,,,0.0,0.0,0.0,1.0,neutral
2007-10-31,regional drivers warned of looming fuel price rise,consumer_fuel,consumer_fuel,False,False,True,,,fuel_price_or_cost,-0.3818,0.0,0.375,0.625,negative
2007-11-01,oil prices continue to climb,market_prices,market_prices,True,False,False,oil_price,,,0.0,0.0,0.0,1.0,neutral
2007-11-06,chinese oil giant becomes worlds most valuable,supply_geopolitics,supply_geopolitics,False,True,False,,oil_industry_projects,,0.5256,0.361,0.0,0.639,positive
2007-11-08,oil price rise adds to us recession fears,market_prices,market_prices,True,False,False,oil_price,,,-0.6808,0.0,0.483,0.517,negative
2007-11-09,family first candidate proposes fuel tax cuts,consumer_fuel,consumer_fuel,False,False,True,,,fuel_price_or_cost,-0.296,0.0,0.268,0.732,negative
2007-11-17,oil prices lower than real value ahmadinejad,market_prices,market_prices,True,False,False,oil_price,,,0.0516,0.25,0.229,0.521,positive
2007-11-18,indonesia proposes opec oil for forests fund,supply_geopolitics,supply_geopolitics,False,True,False,,opec,,0.0,0.0,0.0,1.0,neutral
2007-11-18,opec summit starts with usd 200 oil warning,supply_geopolitics,supply_geopolitics,False,True,False,,opec,,-0.34,0.0,0.255,0.745,negative
2007-11-19,oil demand sends petrol price to 5 month high,supply_geopolitics,supply_geopolitics;consumer_fuel,False,True,True,,oil_core_supply,fuel_price_or_cost,-0.128,0.0,0.176,0.824,negative
2007-11-20,higher dollar keeping fuel price in check,consumer_fuel,consumer_fuel,False,False,True,,,fuel_price_or_cost,0.0,0.0,0.0,1.0,neutral
2007-11-21,govt ignores recommendation to scrap fuel subsidy,consumer_fuel,consumer_fuel,False,False,True,,,fuel_price_or_cost,-0.2732,0.0,0.259,0.741,negative
2007-11-25,oil prices to keep rising as demand grows,market_prices,market_prices,True,False,False,oil_price,,,-0.128,0.0,0.176,0.824,negative
2007-11-27,thai oil company to invest in austs natural gas,supply_geopolitics,supply_geopolitics,False,True,False,,oil_industry_projects,,0.3612,0.238,0.0,0.762,positive
2007-11-28,base metals oil pull market lower,market_prices,market_prices,True,False,False,oil_and_financial_market,,,-0.296,0.0,0.306,0.694,negative
2007-11-28,rural fuel prices jump,consumer_fuel,consumer_fuel,False,False,True,,,fuel_price_or_cost,0.0,0.0,0.0,1.0,neutral
2007-11-28,saudi minister sees mismatch in oil prices,market_prices,market_prices;supply_geopolitics,True,True,False,oil_price,oil_geopolitical_country,,0.0,0.0,0.0,1.0,neutral
2007-12-01,chavez threatens to cut oil exports to us,supply_geopolitics,supply_geopolitics,False,True,False,,oil_core_supply,,-0.5719,0.0,0.439,0.561,negative
2007-12-01,election blamed for high petrol prices,consumer_fuel,consumer_fuel,False,False,True,,,fuel_price_or_cost,-0.4767,0.0,0.383,0.617,negative
2007-12-01,election suppressed petrol prices nrma,consumer_fuel,consumer_fuel,False,False,True,,,fuel_price_or_cost,0.0,0.0,0.0,1.0,neutral
2007-12-02,motorists warned of another petrol price rise,consumer_fuel,consumer_fuel,False,False,True,,,fuel_price_or_cost,-0.2732,0.0,0.259,0.741,negative
2007-12-04,record high diesel prices worry companies,consumer_fuel,consumer_fuel,False,False,True,,,fuel_price_or_cost,-0.4404,0.0,0.367,0.633,negative
2007-12-17,govt tax cuts could fuel inflation,consumer_fuel,consumer_fuel,False,False,True,,,reversed_fuel_price_or_cost,-0.296,0.0,0.306,0.694,negative
2007-12-17,tax cuts could fuel interest rates economists,consumer_fuel,consumer_fuel,False,False,True,,,reversed_fuel_price_or_cost,0.2023,0.294,0.216,0.49,positive
2007-12-18,accc finds no sign of petrol price fixing,consumer_fuel,consumer_fuel,False,False,True,,,fuel_price_or_cost,-0.296,0.0,0.239,0.761,negative
2007-12-18,accc report rules out petrol price fixing,consumer_fuel,consumer_fuel,False,False,True,,,fuel_price_or_cost,0.0,0.0,0.0,1.0,neutral
2007-12-18,no evidence of petrol price fixing accc,consumer_fuel,consumer_fuel,False,False,True,,,fuel_price_or_cost,-0.296,0.0,0.268,0.732,negative
2007-12-18,petrol price fixing,consumer_fuel,consumer_fuel,False,False,True,,,fuel_price_or_cost,0.0,0.0,0.0,1.0,neutral
2007-12-18,watching market best way to find low petrol price,consumer_fuel,consumer_fuel,False,False,True,,,fuel_price_or_cost,0.4767,0.316,0.158,0.526,positive
2007-12-22,accc puts oil companies on notice,supply_geopolitics,supply_geopolitics,False,True,False,,oil_industry_projects,,0.0,0.0,0.0,1.0,neutral
2007-12-23,nrma accc criticise greedy petrol price hike,consumer_fuel,consumer_fuel,False,False,True,,,fuel_price_or_cost,-0.6369,0.0,0.51,0.49,negative
2007-12-23,petrol prices too high accc nrma,consumer_fuel,consumer_fuel,False,False,True,,,fuel_price_or_cost,0.0,0.0,0.0,1.0,neutral
2007-12-26,accc continues attack on oil companies,supply_geopolitics,supply_geopolitics,False,True,False,,oil_industry_projects,,-0.4767,0.0,0.383,0.617,negative
2007-12-26,accc demands petrol price cuts,consumer_fuel,consumer_fuel,False,False,True,,,fuel_price_or_cost,-0.296,0.0,0.355,0.645,negative
2007-12-27,outrage over petrol price cuts,consumer_fuel,consumer_fuel,False,False,True,,,fuel_price_or_cost,-0.6705,0.0,0.647,0.353,negative
2007-12-27,virgin blue to increase fuel surcharge,consumer_fuel,consumer_fuel,False,False,True,,,fuel_price_or_cost,0.3182,0.315,0.0,0.685,positive
2007-12-28,oil metal boost aust market,market_prices,market_prices,True,False,False,oil_and_financial_market,,,0.4019,0.403,0.0,0.597,positive
2007-12-30,bin laden accuses us of iraq oil takeover,supply_geopolitics,supply_geopolitics,False,True,False,,oil_geopolitical_country,,-0.34,0.0,0.255,0.745,negative
2008-01-03,international demand driving fuel prices higher,consumer_fuel,consumer_fuel,False,False,True,,,fuel_price_or_cost,-0.128,0.0,0.231,0.769,negative
2008-01-03,local market dips as oil price surges,market_prices,market_prices,True,False,False,oil_price,,,0.0,0.0,0.0,1.0,neutral
2008-01-03,market hit by oil price surge,market_prices,market_prices,True,False,False,oil_price,,,0.0,0.0,0.0,1.0,neutral
2008-01-03,motorists getting caught out on petrol prices,consumer_fuel,consumer_fuel,False,False,True,,,fuel_price_or_cost,0.0,0.0,0.0,1.0,neutral
2008-01-03,no relief from diesel price hikes racq,consumer_fuel,consumer_fuel,False,False,True,,,fuel_price_or_cost,0.2263,0.301,0.214,0.485,positive
2008-01-03,ract predicts petrol price rise in 10 days,consumer_fuel,consumer_fuel,False,False,True,,,fuel_price_or_cost,0.0,0.0,0.0,1.0,neutral
2008-01-03,soaring oil prices wont make financial difference,market_prices,market_prices,True,False,False,oil_price,,,0.0,0.0,0.0,1.0,neutral
2008-01-04,govt working to ease petrol price pain swan,consumer_fuel,consumer_fuel,False,False,True,,,fuel_price_or_cost,-0.2023,0.212,0.28,0.508,negative
2008-01-04,oil metal boost local market,market_prices,market_prices,True,False,False,oil_and_financial_market,,,0.4019,0.403,0.0,0.597,positive
2008-01-04,oil price hike sign of things to come,market_prices,market_prices,True,False,False,oil_price,,,0.0,0.0,0.0,1.0,neutral
2008-01-04,oil price hype motoring group,market_prices,market_prices,True,False,False,oil_price,,,0.0,0.0,0.0,1.0,neutral
2008-01-04,transport costs dont justify higher fuel prices,consumer_fuel,consumer_fuel,False,False,True,,,fuel_price_or_cost,0.0,0.0,0.0,1.0,neutral
2008-01-05,oil prices slide after usd 100 spike,market_prices,market_prices,True,False,False,oil_price,,,0.0,0.0,0.0,1.0,neutral
2008-01-07,petrol price incentives,consumer_fuel,consumer_fuel,False,False,True,,,fuel_price_or_cost,0.3182,0.535,0.0,0.465,positive
2008-01-07,qantas raises international fuel surcharges,consumer_fuel,consumer_fuel,False,False,True,,,fuel_price_or_cost,0.0,0.0,0.0,1.0,neutral
2008-01-07,trucking firms may pass rising fuel costs to,consumer_fuel,consumer_fuel,False,False,True,,,fuel_price_or_cost,0.0,0.0,0.0,1.0,neutral
2008-01-08,petrol prices encouraging holidayers overseas,consumer_fuel,consumer_fuel,False,False,True,,,fuel_price_or_cost,0.5267,0.459,0.0,0.541,positive
2008-01-08,us oil prices push petrol prices closer to 150 a,market_prices,market_prices;consumer_fuel,True,False,True,oil_price,,fuel_price_or_cost,0.0,0.0,0.0,1.0,neutral
2008-01-09,petrol prices set to hit 150 this week,consumer_fuel,consumer_fuel,False,False,True,,,fuel_price_or_cost,0.0,0.0,0.0,1.0,neutral
2008-01-16,bush oil price begging is pathetic clinton,market_prices,market_prices,True,False,False,oil_price,,,-0.5719,0.0,0.381,0.619,negative
2008-01-20,nigerian oil rebels want george clooneys help,supply_geopolitics,supply_geopolitics,False,True,False,,oil_geopolitical_event,,0.296,0.408,0.184,0.408,positive
2008-01-20,us saudi agree on need for oil market stability,market_prices,market_prices;supply_geopolitics,True,True,False,oil_market,oil_geopolitical_country,,0.3612,0.238,0.0,0.762,positive
2008-01-24,oil companies accused of keeping regional fuel,supply_geopolitics,supply_geopolitics,False,True,False,,oil_industry_projects,,-0.296,0.0,0.268,0.732,negative
2008-01-25,accc urged to probe diesel price,consumer_fuel,consumer_fuel,False,False,True,,,fuel_price_or_cost,0.0,0.0,0.0,1.0,neutral
2008-01-25,diesel prices too high raa,consumer_fuel,consumer_fuel,False,False,True,,,fuel_price_or_cost,0.0,0.0,0.0,1.0,neutral
2008-01-27,massive crude oil deposit found in argentina,market_prices,market_prices,True,False,False,crude_oil,,,-0.5719,0.0,0.381,0.619,negative
2008-01-28,oil giants deny price gouging,supply_geopolitics,supply_geopolitics,False,True,False,,oil_industry_projects,,-0.34,0.0,0.375,0.625,negative
2008-01-31,iraq govt to reap 19b in oil revenue report,supply_geopolitics,supply_geopolitics,False,True,False,,oil_geopolitical_country,,0.0,0.0,0.0,1.0,neutral
2008-02-01,oil output unchanged as opec rejects consumer calls,supply_geopolitics,supply_geopolitics,False,True,False,,opec,,-0.4939,0.0,0.314,0.686,negative
2008-02-04,cut petrol tax to fight rate rise family first,consumer_fuel,consumer_fuel,False,False,True,,,fuel_price_or_cost,-0.5719,0.0,0.402,0.598,negative
2008-02-08,static fuel prices puzzle raa,consumer_fuel,consumer_fuel,False,False,True,,,fuel_price_or_cost,0.0,0.0,0.0,1.0,neutral
2008-02-08,tas petrol price predicted to fall within days,consumer_fuel,consumer_fuel,False,False,True,,,fuel_price_or_cost,0.0,0.0,0.0,1.0,neutral
2008-02-13,venezuelan company cuts off exxon oil,supply_geopolitics,supply_geopolitics,False,True,False,,oil_policy,,-0.296,0.0,0.306,0.694,negative
2008-02-14,rising fuel costs worry agribusinesses survey,consumer_fuel,consumer_fuel,False,False,True,,,fuel_price_or_cost,-0.4404,0.0,0.367,0.633,negative
2008-02-17,petrol commissioner could lead to lower prices raa,consumer_fuel,consumer_fuel,False,False,True,,,fuel_price_level,-0.296,0.0,0.239,0.761,negative
2008-02-17,wholesale market the key to cheaper petrol service,consumer_fuel,consumer_fuel,False,False,True,,,fuel_price_level,0.0,0.0,0.0,1.0,neutral
2008-02-21,raa plays down fuel price concerns,consumer_fuel,consumer_fuel,False,False,True,,,fuel_price_or_cost,0.25,0.286,0.0,0.714,positive
2008-02-22,mobile drilling rig begins oil search off,supply_geopolitics,supply_geopolitics,False,True,False,,oil_exploration_drilling,,-0.128,0.0,0.2,0.8,negative
2008-02-22,petrol price database close to illegal accc,consumer_fuel,consumer_fuel,False,False,True,,,fuel_price_or_cost,-0.5574,0.0,0.375,0.625,negative
2008-02-24,iran says it will back opec output cut,supply_geopolitics,supply_geopolitics,False,True,False,,opec,,-0.2732,0.0,0.231,0.769,negative
2008-02-28,mount gambier petrol prices below cost fuel,consumer_fuel,consumer_fuel,False,False,True,,,fuel_price_or_cost,0.0,0.0,0.0,1.0,neutral
2008-02-29,bligh urges calm over petrol shortage fears,supply_geopolitics,supply_geopolitics,False,True,False,,fuel_shortage_security,,-0.3612,0.207,0.432,0.36,negative
2008-03-03,exploration expert non committal on oil gas,supply_geopolitics,supply_geopolitics,False,True,False,,oil_exploration_drilling,,0.2263,0.241,0.0,0.759,positive
2008-03-05,opec ministers agree on steady output,supply_geopolitics,supply_geopolitics,False,True,False,,opec,,0.3612,0.333,0.0,0.667,positive
2008-03-06,oil gold prices soar on inflation fears,market_prices,market_prices,True,False,False,oil_and_financial_market,,,-0.4215,0.0,0.318,0.682,negative
2008-03-06,oil price hits new record high,market_prices,market_prices,True,False,False,oil_price,,,0.0,0.0,0.0,1.0,neutral
2008-03-07,nz oil exports outstrip lamb,supply_geopolitics,supply_geopolitics,False,True,False,,oil_core_supply,,0.0,0.0,0.0,1.0,neutral
2008-03-08,oil price eases after usd 106 record,market_prices,market_prices,True,False,False,oil_price,,,0.3182,0.277,0.0,0.723,positive
2008-03-11,nrma to track sydney petrol prices,consumer_fuel,consumer_fuel,False,False,True,,,fuel_price_or_cost,0.0,0.0,0.0,1.0,neutral
2008-03-11,us fuel prices push public transport numbers to 50,consumer_fuel,consumer_fuel,False,False,True,,,fuel_price_or_cost,0.0,0.0,0.0,1.0,neutral
2008-03-12,petrol theft oil companies dragging heels,supply_geopolitics,supply_geopolitics,False,True,False,,oil_industry_projects,,0.0,0.0,0.0,1.0,neutral
2008-03-13,rising oil price to hit motorists,market_prices,market_prices,True,False,False,oil_price,,,0.0,0.0,0.0,1.0,neutral
2008-03-15,keep petrol prices fair over easter warns accc,consumer_fuel,consumer_fuel,False,False,True,,,fuel_price_or_cost,0.2263,0.237,0.144,0.619,positive
2008-03-17,air nz price hike blamed on fuel costs,consumer_fuel,consumer_fuel,False,False,True,,,fuel_price_or_cost,-0.4767,0.0,0.307,0.693,negative
2008-03-20,caltexs richard beattie discusses the petrol price,consumer_fuel,consumer_fuel,False,False,True,,,fuel_price_or_cost,0.0,0.0,0.0,1.0,neutral
2008-03-20,no easter price hike in petrol samuel,consumer_fuel,consumer_fuel,False,False,True,,,reversed_fuel_price_or_cost,-0.296,0.0,0.268,0.732,negative
2008-03-20,qld to watch petrol prices over easter bligh,consumer_fuel,consumer_fuel,False,False,True,,,fuel_price_or_cost,0.0,0.0,0.0,1.0,neutral
2008-03-20,tas petrol prices stable,consumer_fuel,consumer_fuel,False,False,True,,,fuel_price_or_cost,0.296,0.423,0.0,0.577,positive
2008-03-20,tuesday shortages spark petrol probe,supply_geopolitics,supply_geopolitics,False,True,False,,fuel_shortage_security,,0.0772,0.292,0.246,0.462,positive
2008-03-21,cheney saudi king to hold oil talks us official,supply_geopolitics,supply_geopolitics,False,True,False,,oil_policy,,0.0,0.0,0.0,1.0,neutral
2008-03-21,russia denies oil arrest linked to britain row,supply_geopolitics,supply_geopolitics,False,True,False,,oil_geopolitical_country,,-0.6369,0.0,0.464,0.536,negative
2008-03-21,russian oil giant denies espionage claims,supply_geopolitics,supply_geopolitics,False,True,False,,oil_industry_projects,,-0.4215,0.0,0.359,0.641,negative
2008-03-22,cheney saudi king share common views on oil,market_prices,market_prices;supply_geopolitics,True,True,False,oil_and_financial_market,oil_geopolitical_country,,0.296,0.239,0.0,0.761,positive
2008-03-25,oil falls below usd 100,market_prices,market_prices,True,False,False,oil_price_movement,,,0.0,0.0,0.0,1.0,neutral
2008-03-27,iraqi oil export pipe sabotaged,supply_geopolitics,supply_geopolitics,False,True,False,,oil_core_supply,,0.0,0.0,0.0,1.0,neutral
2008-03-30,nrma backs national fuel price watch system,consumer_fuel,consumer_fuel,False,False,True,,,fuel_price_or_cost,-0.0516,0.0,0.167,0.833,negative
2008-04-01,gold oil price dip takes shine off asx,market_prices,market_prices,True,False,False,oil_price,,,0.0,0.0,0.0,1.0,neutral
2008-04-03,new car sales surviving petrol prices rates rises,consumer_fuel,consumer_fuel,False,False,True,,,fuel_price_or_cost,0.296,0.239,0.0,0.761,positive
2008-04-06,opec chief rejects calls for output hike,supply_geopolitics,supply_geopolitics,False,True,False,,opec,,-0.4939,0.0,0.348,0.652,negative
2008-04-07,rex to lift fuel surcharge,consumer_fuel,consumer_fuel,False,False,True,,,fuel_price_or_cost,0.0,0.0,0.0,1.0,neutral
2008-04-08,petrol price set to jump sharply,consumer_fuel,consumer_fuel,False,False,True,,,fuel_price_or_cost,0.0,0.0,0.0,1.0,neutral
2008-04-08,premium unleaded prices rise amid shortage,consumer_fuel,consumer_fuel,False,False,True,,,fuel_price_or_cost,-0.25,0.0,0.286,0.714,negative
2008-04-09,brisbane fuel prices hit record high,consumer_fuel,consumer_fuel,False,False,True,,,fuel_price_or_cost,0.0,0.0,0.0,1.0,neutral
2008-04-09,country fuel prices tipped to jump,consumer_fuel,consumer_fuel,False,False,True,,,fuel_price_or_cost,0.0,0.0,0.0,1.0,neutral
2008-04-09,environmentalists oppose proserpine shale oil,supply_geopolitics,supply_geopolitics,False,True,False,,shale_oil,,0.0,0.0,0.0,1.0,neutral
2008-04-10,brisbane fuel prices hit record average fueltrac,consumer_fuel,consumer_fuel,False,False,True,,,fuel_price_or_cost,0.0,0.0,0.0,1.0,neutral
2008-04-10,petrol costs peak in adelaide,consumer_fuel,consumer_fuel,False,False,True,,,fuel_price_or_cost,0.0,0.0,0.0,1.0,neutral
2008-04-10,record oil prices to hit bowsers,market_prices,market_prices,True,False,False,oil_price,,,0.0,0.0,0.0,1.0,neutral
2008-04-12,gaza fuel shortage may prompt blackout official,supply_geopolitics,supply_geopolitics,False,True,False,,fuel_shortage_security,,-0.25,0.0,0.25,0.75,negative
2008-04-15,local market higher on oil price,market_prices,market_prices,True,False,False,oil_price,,,0.0,0.0,0.0,1.0,neutral
2008-04-15,nsw govt welcomes fed fuel price checks,consumer_fuel,consumer_fuel,False,False,True,,,fuel_price_or_cost,0.4019,0.31,0.0,0.69,positive
2008-04-16,airlines steel themselves for fuel price turbulence,consumer_fuel,consumer_fuel,False,False,True,,,fuel_price_or_cost,0.0,0.0,0.0,1.0,neutral
2008-04-16,petrol reaches 2 in remote nt,consumer_fuel,consumer_fuel,False,False,True,,,fuel_price_level,0.0516,0.231,0.0,0.769,positive
2008-04-17,fuel watchdog demands diesel price explanation,consumer_fuel,consumer_fuel,False,False,True,,,fuel_price_or_cost,0.0,0.0,0.0,1.0,neutral
2008-04-19,oil hits record usd 117 a barrel,market_prices,market_prices,True,False,False,oil_price_movement,,,0.0,0.0,0.0,1.0,neutral
2008-04-21,higher producer price index figures to fuel,consumer_fuel,consumer_fuel,False,False,True,,,reversed_fuel_price_or_cost,0.0,0.0,0.0,1.0,neutral
2008-04-21,mine industry backs expanded fuel tax credit scheme,consumer_fuel,consumer_fuel,False,False,True,,,fuel_price_or_cost,0.34,0.265,0.122,0.612,positive
2008-04-22,rising fuel costs force up skywest ticket prices,consumer_fuel,consumer_fuel,False,False,True,,,fuel_price_or_cost,0.0,0.0,0.0,1.0,neutral
2008-04-23,brisbane sees another petrol record,consumer_fuel,consumer_fuel,False,False,True,,,fuel_price_level,0.0,0.0,0.0,1.0,neutral
2008-04-23,rising petrol prices will hit country hard vcoss,consumer_fuel,consumer_fuel,False,False,True,,,fuel_price_or_cost,-0.1027,0.0,0.167,0.833,negative
2008-04-24,caltex may reduce oil production,supply_geopolitics,supply_geopolitics,False,True,False,,oil_core_supply,,0.0,0.0,0.0,1.0,neutral
2008-04-24,truckie raises fuel levy to cope with soaring costs,consumer_fuel,consumer_fuel,False,False,True,,,fuel_price_or_cost,0.0,0.0,0.0,1.0,neutral
2008-04-25,expect oil prices to rise caltex ceo,market_prices,market_prices,True,False,False,oil_price,,,0.0,0.0,0.0,1.0,neutral
2008-04-25,oil rises to usd 118 on nigeria output cut,market_prices,market_prices,True,False,False,oil_price_movement,,,-0.2732,0.0,0.208,0.792,negative
2008-04-25,the hidden impact of fuel taxes,consumer_fuel,consumer_fuel,False,False,True,,,fuel_price_or_cost,0.0,0.0,0.0,1.0,neutral
2008-04-26,oil climbs as us stocks stage late comeback,market_prices,market_prices,True,False,False,oil_price_movement,,,0.0,0.0,0.0,1.0,neutral
2008-04-27,bp shutting down major british oil pipeline,supply_geopolitics,supply_geopolitics,False,True,False,,oil_infrastructure_disruption,,0.0,0.0,0.0,1.0,neutral
2008-04-27,strike hits key british oil refinery,supply_geopolitics,supply_geopolitics,False,True,False,,oil_refinery_operations,,-0.128,0.0,0.231,0.769,negative
2008-04-28,british refinery strike pushes oil price to new,market_prices,market_prices;supply_geopolitics,True,True,False,oil_price,oil_refinery_operations,,-0.128,0.0,0.176,0.824,negative
2008-04-28,high diesel price prompts farm thefts,consumer_fuel,consumer_fuel,False,False,True,,,fuel_price_or_cost,0.0,0.0,0.0,1.0,neutral
2008-04-28,rising petrol costs prompt bus boost for brisbane,consumer_fuel,consumer_fuel,False,False,True,,,fuel_price_or_cost,0.4019,0.278,0.0,0.722,positive
2008-04-29,anti hoon laws petrol prices reducing speeding,consumer_fuel,consumer_fuel,False,False,True,,,fuel_price_or_cost,-0.3182,0.0,0.277,0.723,negative
2008-04-29,petrol prices threaten grey nomads territory travel,consumer_fuel,consumer_fuel,False,False,True,,,fuel_price_or_cost,-0.34,0.136,0.295,0.568,negative
2008-05-05,30000 petition end to fossil fuel subsidies,consumer_fuel,consumer_fuel,False,False,True,,,fuel_price_or_cost,0.0,0.0,0.0,1.0,neutral
2008-05-06,us oil price hits new high,market_prices,market_prices,True,False,False,oil_price,,,0.0,0.0,0.0,1.0,neutral
2008-05-07,coles petrol singled out as most expensive,consumer_fuel,consumer_fuel,False,False,True,,,fuel_price_level,0.0,0.0,0.0,1.0,neutral
2008-05-08,accc needs to take more action on fuel prices nrma,consumer_fuel,consumer_fuel,False,False,True,,,fuel_price_or_cost,0.0,0.0,0.0,1.0,neutral
2008-05-10,oil climbs above 126 to fresh high,market_prices,market_prices,True,False,False,oil_price_movement,,,0.3182,0.277,0.0,0.723,positive
2008-05-10,oil hits yet another record high,market_prices,market_prices,True,False,False,oil_price_movement,,,0.0,0.0,0.0,1.0,neutral
2008-05-10,us stocks slump amid record oil price,market_prices,market_prices,True,False,False,oil_price,,,0.0,0.0,0.0,1.0,neutral
2008-05-11,fuel shortage blacks out gaza strip,supply_geopolitics,supply_geopolitics,False,True,False,,fuel_shortage_security,,-0.25,0.0,0.286,0.714,negative
2008-05-12,rex fuel surcharge rises,consumer_fuel,consumer_fuel,False,False,True,,,fuel_price_or_cost,0.0,0.0,0.0,1.0,neutral
2008-05-13,agency predicts global oil demand will ease,supply_geopolitics,supply_geopolitics,False,True,False,,oil_core_supply,,0.25,0.278,0.167,0.556,positive
2008-05-14,another petrol record set,consumer_fuel,consumer_fuel,False,False,True,,,fuel_price_level,0.0,0.0,0.0,1.0,neutral
2008-05-14,bike makers ride high on surging oil prices,market_prices,market_prices,True,False,False,oil_price,,,0.0,0.0,0.0,1.0,neutral
2008-05-15,first cut nelson proposes fuel excise reduction,consumer_fuel,consumer_fuel,False,False,True,,,fuel_price_or_cost,-0.2732,0.0,0.259,0.741,negative
2008-05-15,new oil tax wont push up petrol prices govt,supply_geopolitics,supply_geopolitics;consumer_fuel,False,True,True,,oil_policy,fuel_price_or_cost,0.0,0.0,0.0,1.0,neutral
2008-05-16,drivers wont benefit from cut to fuel excise,consumer_fuel,consumer_fuel,False,False,True,,,fuel_price_or_cost,-0.1695,0.176,0.241,0.583,negative
2008-05-16,oil price jumps to new record,market_prices,market_prices,True,False,False,oil_price,,,0.0,0.0,0.0,1.0,neutral
2008-05-16,record fuel prices in tasmania,consumer_fuel,consumer_fuel,False,False,True,,,fuel_price_or_cost,0.0,0.0,0.0,1.0,neutral
2008-05-17,price of oil soars again,market_prices,market_prices,True,False,False,oil_price,,,0.0,0.0,0.0,1.0,neutral
2008-05-17,saudi oil output boost doesnt solve problem bush,supply_geopolitics,supply_geopolitics,False,True,False,,oil_core_supply,,0.5213,0.429,0.138,0.433,positive
2008-05-18,oil fuel prices add to airline turbulence,consumer_fuel,consumer_fuel,False,False,True,,,fuel_price_or_cost,0.0,0.0,0.0,1.0,neutral
2008-05-18,oppn doesnt need to cost fuel fund plan,consumer_fuel,consumer_fuel,False,False,True,,,reversed_fuel_price_or_cost,0.0,0.0,0.0,1.0,neutral
2008-05-19,liberals split over fuel excise,consumer_fuel,consumer_fuel,False,False,True,,,fuel_price_or_cost,0.0,0.0,0.0,1.0,neutral
2008-05-19,opposition split on fuel excise,consumer_fuel,consumer_fuel,False,False,True,,,fuel_price_or_cost,0.0,0.0,0.0,1.0,neutral
2008-05-19,ract suggests user pays petrol tax,consumer_fuel,consumer_fuel,False,False,True,,,fuel_price_or_cost,0.0,0.0,0.0,1.0,neutral
2008-05-19,turnbull pledges support for petrol tax cut plan,consumer_fuel,consumer_fuel,False,False,True,,,fuel_price_or_cost,0.1531,0.25,0.194,0.556,positive
2008-05-21,diesel prices soar,consumer_fuel,consumer_fuel,False,False,True,,,fuel_price_or_cost,0.0,0.0,0.0,1.0,neutral
2008-05-21,first cut rudd challenges turnbull on petrol excise,consumer_fuel,consumer_fuel,False,False,True,,,fuel_price_or_cost,-0.2023,0.138,0.223,0.638,negative
2008-05-21,fuel watch scheme could cut rising fuel prices,consumer_fuel,consumer_fuel,False,False,True,,,fuel_price_or_cost,-0.2732,0.0,0.231,0.769,negative
2008-05-21,record petrol price for adelaide,consumer_fuel,consumer_fuel,False,False,True,,,fuel_price_or_cost,0.0,0.0,0.0,1.0,neutral
2008-05-21,rudd challenges turnbull on petrol excise,consumer_fuel,consumer_fuel,False,False,True,,,fuel_price_or_cost,0.0772,0.206,0.0,0.794,positive
2008-05-22,diesel prices heading up racv,consumer_fuel,consumer_fuel,False,False,True,,,fuel_price_or_cost,0.0,0.0,0.0,1.0,neutral
2008-05-22,fuel cost prompts qantas to lift fares,consumer_fuel,consumer_fuel,False,False,True,,,fuel_price_or_cost,0.0,0.0,0.0,1.0,neutral
2008-05-22,fuel excise fallacy,consumer_fuel,consumer_fuel,False,False,True,,,fuel_price_or_cost,0.0,0.0,0.0,1.0,neutral
2008-05-22,local market falls as oil price rises,market_prices,market_prices,True,False,False,oil_price,,,0.0,0.0,0.0,1.0,neutral
2008-05-22,oil price hikes scare global markets,market_prices,market_prices,True,False,False,oil_price,,,-0.4939,0.0,0.39,0.61,negative
2008-05-22,perth fuel prices to hit 160 within a week,consumer_fuel,consumer_fuel,False,False,True,,,fuel_price_or_cost,0.0,0.0,0.0,1.0,neutral
2008-05-22,record petrol prices highlight need for fuelwatch,consumer_fuel,consumer_fuel,False,False,True,,,fuel_price_or_cost,0.34,0.286,0.0,0.714,positive
2008-05-22,retail prices tipped to follow petrol costs up,consumer_fuel,consumer_fuel,False,False,True,,,fuel_price_or_cost,0.0,0.0,0.0,1.0,neutral
2008-05-23,saudi arabia celebrates 75 years of oil,supply_geopolitics,supply_geopolitics,False,True,False,,oil_geopolitical_country,,0.5719,0.381,0.0,0.619,positive
2008-05-24,fuel prices putting truckies lives at risk union,consumer_fuel,consumer_fuel,False,False,True,,,fuel_price_or_cost,-0.2732,0.0,0.231,0.769,negative
2008-05-24,indonesia lifts petrol price by 30pc,consumer_fuel,consumer_fuel,False,False,True,,,fuel_price_or_cost,0.0,0.0,0.0,1.0,neutral
2008-05-24,oil spike weak housing hurts stocks ahead of,market_prices,market_prices,True,False,False,oil_and_financial_market,,,-0.7184,0.0,0.5,0.5,negative
2008-05-25,govt to review fuel excise gst,consumer_fuel,consumer_fuel,False,False,True,,,fuel_price_or_cost,0.0,0.0,0.0,1.0,neutral
2008-05-25,minchin plays down opposition fuel tax row,consumer_fuel,consumer_fuel,False,False,True,,,fuel_price_or_cost,0.25,0.25,0.0,0.75,positive
2008-05-25,petrol prices threatening rural dialysis patients,consumer_fuel,consumer_fuel,False,False,True,,,fuel_price_or_cost,-0.5267,0.0,0.405,0.595,negative
2008-05-25,petrol will always be cheaper under coalition,consumer_fuel,consumer_fuel,False,False,True,,,fuel_price_level,0.0,0.0,0.0,1.0,neutral
2008-05-25,remote area patients struggling to meet fuel costs,consumer_fuel,consumer_fuel,False,False,True,,,fuel_price_or_cost,-0.4215,0.0,0.286,0.714,negative
2008-05-26,diesel prices rising faster than unleaded accc,consumer_fuel,consumer_fuel,False,False,True,,,fuel_price_or_cost,0.0,0.0,0.0,1.0,neutral
2008-05-26,indonesian govt stands by fuel price hike,consumer_fuel,consumer_fuel,False,False,True,,,fuel_price_or_cost,0.0,0.0,0.0,1.0,neutral
2008-05-26,mayor urges fuel excise gst removal,consumer_fuel,consumer_fuel,False,False,True,,,fuel_price_or_cost,0.0,0.0,0.0,1.0,neutral
2008-05-26,opposition attacks govt over petrol excise,consumer_fuel,consumer_fuel,False,False,True,,,fuel_price_or_cost,-0.4404,0.0,0.367,0.633,negative
2008-05-26,pm under pump over petrol tax,consumer_fuel,consumer_fuel,False,False,True,,,fuel_price_or_cost,0.0,0.0,0.0,1.0,neutral
2008-05-26,rudd under pressure over fuel tax,consumer_fuel,consumer_fuel,False,False,True,,,fuel_price_or_cost,-0.296,0.0,0.306,0.694,negative
2008-05-26,scrapping gst on petrol excise would cost state,consumer_fuel,consumer_fuel,False,False,True,,,fuel_price_or_cost,0.0,0.0,0.0,1.0,neutral
2008-05-27,oppn takes aim at pm over petrol prices,consumer_fuel,consumer_fuel,False,False,True,,,fuel_price_or_cost,0.0,0.0,0.0,1.0,neutral
2008-05-27,rudd wont make irresponsible fuel price guarantee,consumer_fuel,consumer_fuel,False,False,True,,,fuel_price_or_cost,0.5277,0.468,0.0,0.532,positive
2008-05-28,fishermen struggle with rising fuel costs,consumer_fuel,consumer_fuel,False,False,True,,,fuel_price_or_cost,-0.3182,0.0,0.315,0.685,negative
2008-05-28,fuel costs hit transport industry,consumer_fuel,consumer_fuel,False,False,True,,,fuel_price_or_cost,0.0,0.0,0.0,1.0,neutral
2008-05-28,indonesia to withdraw from opec,supply_geopolitics,supply_geopolitics,False,True,False,,opec,,0.0,0.0,0.0,1.0,neutral
2008-05-28,petrol price hikes hurting kidney patients,consumer_fuel,consumer_fuel,False,False,True,,,fuel_price_or_cost,-0.4019,0.0,0.351,0.649,negative
2008-05-28,qantas cuts jobs services due to fuel costs,consumer_fuel,consumer_fuel,False,False,True,,,fuel_price_or_cost,-0.296,0.0,0.239,0.761,negative
2008-05-28,raa wants fuel tax review,consumer_fuel,consumer_fuel,False,False,True,,,fuel_price_or_cost,0.0,0.0,0.0,1.0,neutral
2008-05-28,transport industry buckles under fuel costs,consumer_fuel,consumer_fuel,False,False,True,,,fuel_price_or_cost,0.0,0.0,0.0,1.0,neutral
2008-05-29,fuel prices tipped to improve nt mining prospects,consumer_fuel,consumer_fuel,False,False,True,,,fuel_price_or_cost,0.6249,0.459,0.0,0.541,positive
2008-05-29,fuel subsidy scheme urged for sa budget,consumer_fuel,consumer_fuel,False,False,True,,,fuel_price_or_cost,0.0,0.0,0.0,1.0,neutral
2008-05-29,hull hopes opposition pressure eases fuel costs,consumer_fuel,consumer_fuel,False,False,True,,,fuel_price_or_cost,0.4404,0.451,0.195,0.354,positive
2008-05-29,market lifts as oil price surges again,market_prices,market_prices,True,False,False,oil_price,,,0.0,0.0,0.0,1.0,neutral
2008-05-29,peace activist blames iraq war for high fuel costs,consumer_fuel,consumer_fuel,False,False,True,,,fuel_price_or_cost,-0.4767,0.217,0.41,0.373,negative
2008-05-29,ride operators suffer under surging fuel costs,consumer_fuel,consumer_fuel,False,False,True,,,fuel_price_or_cost,-0.5423,0.0,0.368,0.632,negative
2008-05-29,rising fuel prices hurting transport workers health,consumer_fuel,consumer_fuel,False,False,True,,,fuel_price_or_cost,-0.4019,0.0,0.31,0.69,negative
2008-05-30,diesel price skyrockets,consumer_fuel,consumer_fuel,False,False,True,,,fuel_price_or_cost,0.0,0.0,0.0,1.0,neutral
2008-05-30,indonesias poor crippled by soaring fuel prices,consumer_fuel,consumer_fuel,False,False,True,,,fuel_price_or_cost,-0.4767,0.0,0.341,0.659,negative
2008-05-30,spanish fishermen protest against fuel costs,consumer_fuel,consumer_fuel,False,False,True,,,fuel_price_or_cost,-0.25,0.0,0.286,0.714,negative
2008-05-31,fuel prices threaten livelihoods across europe,consumer_fuel,consumer_fuel,False,False,True,,,fuel_price_or_cost,-0.1779,0.224,0.306,0.471,negative
2008-06-02,coalition pushes to keep focus on fuel prices,consumer_fuel,consumer_fuel,False,False,True,,,fuel_price_or_cost,0.0,0.0,0.0,1.0,neutral
2008-06-02,fears rising fuel price affecting torres strait,consumer_fuel,consumer_fuel,False,False,True,,,fuel_price_or_cost,-0.4215,0.0,0.318,0.682,negative
2008-06-02,higher fuel costs tipped to boost egg price,consumer_fuel,consumer_fuel,False,False,True,,,fuel_price_or_cost,0.4019,0.278,0.0,0.722,positive
2008-06-02,nsw border to miss out on qld fuel subsidy,consumer_fuel,consumer_fuel,False,False,True,,,fuel_price_or_cost,-0.1531,0.0,0.167,0.833,negative
2008-06-02,qld govt to revamp fuel subsidy scheme,consumer_fuel,consumer_fuel,False,False,True,,,fuel_price_or_cost,0.0,0.0,0.0,1.0,neutral
2008-06-03,fuel price blamed for mortgage issues,consumer_fuel,consumer_fuel,False,False,True,,,fuel_price_or_cost,-0.4767,0.0,0.383,0.617,negative
2008-06-04,higher fuel costs sees more drivers switch to lpg,consumer_fuel,consumer_fuel,False,False,True,,,fuel_price_or_cost,0.0,0.0,0.0,1.0,neutral
2008-06-04,petrol prices to be catalyst for green cars,consumer_fuel,consumer_fuel,False,False,True,,,fuel_price_or_cost,0.0,0.0,0.0,1.0,neutral
2008-06-06,oil price surge pushes energy stocks up,market_prices,market_prices,True,False,False,oil_price,,,0.2732,0.259,0.0,0.741,positive
2008-06-07,fuel prices keep qlders inside on long weekend,consumer_fuel,consumer_fuel,False,False,True,,,fuel_price_or_cost,0.0,0.0,0.0,1.0,neutral
2008-06-07,fuelwatch will keep long weekend fuel prices down,consumer_fuel,consumer_fuel,False,False,True,,,fuel_price_or_cost,0.0,0.0,0.0,1.0,neutral
2008-06-07,oil hits usd 139 a barrel,market_prices,market_prices,True,False,False,oil_price_movement,,,0.0,0.0,0.0,1.0,neutral
2008-06-07,oil price makes record jump ahead of energy talks,market_prices,market_prices,True,False,False,oil_price,,,0.2732,0.208,0.0,0.792,positive
2008-06-07,oil surges as us woes mount,market_prices,market_prices,True,False,False,oil_price_movement,,,-0.4404,0.0,0.367,0.633,negative
2008-06-07,oil surges to record high,market_prices,market_prices,True,False,False,oil_price_movement,,,0.0,0.0,0.0,1.0,neutral
2008-06-07,petrol prices set to soar,consumer_fuel,consumer_fuel,False,False,True,,,fuel_price_or_cost,0.0,0.0,0.0,1.0,neutral
2008-06-07,world powers voice serious concern over oil price,market_prices,market_prices,True,False,False,oil_price,,,-0.0772,0.0,0.157,0.843,negative
2008-06-08,boost oil supply to ease fuel prices rudd,supply_geopolitics,supply_geopolitics;consumer_fuel,False,True,True,,oil_core_supply,fuel_price_or_cost,0.6369,0.464,0.0,0.536,positive
2008-06-08,g8 asian powers urge oil production hike,supply_geopolitics,supply_geopolitics,False,True,False,,oil_core_supply,,0.0,0.0,0.0,1.0,neutral
2008-06-08,indonesian students stitch lips in fuel price,consumer_fuel,consumer_fuel,False,False,True,,,fuel_price_or_cost,0.0,0.0,0.0,1.0,neutral
2008-06-09,fuel prices hitting hip pockets tourism body,consumer_fuel,consumer_fuel,False,False,True,,,fuel_price_or_cost,0.0,0.0,0.0,1.0,neutral
2008-06-09,g8 to focus on petrol prices,consumer_fuel,consumer_fuel,False,False,True,,,fuel_price_or_cost,0.0,0.0,0.0,1.0,neutral
2008-06-09,natural gas ignored despite rising petrol prices,consumer_fuel,consumer_fuel,False,False,True,,,fuel_price_or_cost,0.0516,0.255,0.235,0.51,positive
2008-06-09,oil price hike will help fuel mining boom,market_prices,market_prices;consumer_fuel,True,False,True,oil_price,,reversed_fuel_price_or_cost,0.4019,0.278,0.0,0.722,positive
2008-06-09,oil surge puts pressure on rudd,market_prices,market_prices,True,False,False,oil_price_movement,,,-0.296,0.0,0.306,0.694,negative
2008-06-09,rising fuel costs may help fight obesity health,consumer_fuel,consumer_fuel,False,False,True,,,fuel_price_or_cost,0.0258,0.239,0.23,0.531,neutral
2008-06-09,rudd repeats opec oil supply calls,supply_geopolitics,supply_geopolitics,False,True,False,,opec,,0.0,0.0,0.0,1.0,neutral
2008-06-10,aust market hurting after oil price rise,market_prices,market_prices,True,False,False,oil_price,,,-0.4019,0.0,0.31,0.69,negative
2008-06-10,fuel costs add to fraser coast tourism woes,consumer_fuel,consumer_fuel,False,False,True,,,fuel_price_or_cost,-0.4404,0.0,0.293,0.707,negative
2008-06-10,fuel costs hitting gulf tourism industry,consumer_fuel,consumer_fuel,False,False,True,,,fuel_price_or_cost,0.0,0.0,0.0,1.0,neutral
2008-06-10,higher fuel prices may boost ballarat tourism,consumer_fuel,consumer_fuel,False,False,True,,,fuel_price_or_cost,0.4019,0.31,0.0,0.69,positive
2008-06-10,speculators not opec causing oil price spike,market_prices,market_prices;supply_geopolitics,True,True,False,oil_price,opec,,0.0,0.0,0.0,1.0,neutral
2008-06-10,world grapples with sky high oil prices,market_prices,market_prices,True,False,False,oil_price,,,0.0,0.0,0.0,1.0,neutral
2008-06-11,bendigo tourism surviving amidst high fuel prices,consumer_fuel,consumer_fuel,False,False,True,,,fuel_price_or_cost,0.296,0.268,0.0,0.732,positive
2008-06-11,melbourne petrol prices soar,consumer_fuel,consumer_fuel,False,False,True,,,fuel_price_or_cost,0.0,0.0,0.0,1.0,neutral
2008-06-12,claim diesel costs killing business,consumer_fuel,consumer_fuel,False,False,True,,,fuel_price_or_cost,-0.6597,0.0,0.524,0.476,negative
2008-06-12,escalating fuel prices could ground air fiji,consumer_fuel,consumer_fuel,False,False,True,,,fuel_price_or_cost,0.0,0.0,0.0,1.0,neutral
2008-06-12,motorists continue to feel bite of high fuel prices,consumer_fuel,consumer_fuel,False,False,True,,,fuel_price_or_cost,0.0,0.0,0.0,1.0,neutral
2008-06-13,rescue choppers straining under soaring fuel costs,consumer_fuel,consumer_fuel,False,False,True,,,fuel_price_or_cost,0.25,0.311,0.217,0.472,positive
2008-06-13,rising fuel costs spark maryborough rail line call,consumer_fuel,consumer_fuel,False,False,True,,,fuel_price_or_cost,0.2263,0.213,0.0,0.787,positive
2008-06-14,dollar oil speculators feed g8 inflation fears,market_prices,market_prices,True,False,False,oil_and_financial_market,,,-0.4215,0.0,0.318,0.682,negative
2008-06-14,petrol prices rates cause retail slowdown,consumer_fuel,consumer_fuel,False,False,True,,,fuel_price_or_cost,0.0,0.0,0.0,1.0,neutral
2008-06-14,saudi arabia to increase oil production,supply_geopolitics,supply_geopolitics,False,True,False,,oil_core_supply,,0.3182,0.315,0.0,0.685,positive
2008-06-14,steep oil prices may stunt growth g8,market_prices,market_prices,True,False,False,oil_price,,,0.3818,0.302,0.0,0.698,positive
2008-06-15,govt to pressure asia to cut fuel subsidies,consumer_fuel,consumer_fuel,False,False,True,,,fuel_price_or_cost,-0.5106,0.0,0.417,0.583,negative
2008-06-15,push to lower asian petrol subsidies,consumer_fuel,consumer_fuel,False,False,True,,,fuel_price_or_cost,-0.296,0.0,0.306,0.694,negative
2008-06-15,saudi king agrees on need to tackle rising oil,supply_geopolitics,supply_geopolitics,False,True,False,,oil_geopolitical_country,,0.2023,0.184,0.0,0.816,positive
2008-06-15,saudis willing to act to bring oil prices down un,market_prices,market_prices,True,False,False,oil_price,,,0.0,0.0,0.0,1.0,neutral
2008-06-16,australia going to opec meeting rudd,supply_geopolitics,supply_geopolitics,False,True,False,,opec,,0.0,0.0,0.0,1.0,neutral
2008-06-16,ferguson to attend opec summit,supply_geopolitics,supply_geopolitics,False,True,False,,opec,,0.0,0.0,0.0,1.0,neutral
2008-06-16,financial sector and oil price weigh on market,market_prices,market_prices,True,False,False,oil_price,,,0.0,0.0,0.0,1.0,neutral
2008-06-16,hong kong proposes new oil futures market,market_prices,market_prices,True,False,False,oil_market,,,0.0,0.0,0.0,1.0,neutral
2008-06-16,mp fears diesel supply woes to continue,supply_geopolitics,supply_geopolitics,False,True,False,,fuel_shortage_security,,-0.6908,0.0,0.533,0.467,negative
2008-06-16,oil hits record high despite saudi pledge,market_prices,market_prices;supply_geopolitics,True,True,False,oil_price_movement,oil_geopolitical_country,,0.0,0.0,0.0,1.0,neutral
2008-06-16,oil price drops as saudis pledge more production,market_prices,market_prices,True,False,False,oil_price,,,0.0,0.0,0.0,1.0,neutral
2008-06-16,petrol rises equivalent of rate hike analysts,consumer_fuel,consumer_fuel,False,False,True,,,fuel_price_movement,0.0,0.0,0.0,1.0,neutral
2008-06-17,qantas cost cuts nothing to do with oil price union,market_prices,market_prices;supply_geopolitics,True,True,False,oil_price,oil_policy,,-0.296,0.0,0.196,0.804,negative
2008-06-18,melbourne petrol price climbs past 170,consumer_fuel,consumer_fuel,False,False,True,,,fuel_price_or_cost,0.0,0.0,0.0,1.0,neutral
2008-06-18,oil imports fall as drivers change road behaviour,supply_geopolitics,supply_geopolitics,False,True,False,,oil_core_supply,,0.0,0.0,0.0,1.0,neutral
2008-06-18,record petrol prices in adelaide,consumer_fuel,consumer_fuel,False,False,True,,,fuel_price_or_cost,0.0,0.0,0.0,1.0,neutral
2008-06-19,greens label fuel price debate populist nonsense,consumer_fuel,consumer_fuel,False,False,True,,,fuel_price_or_cost,-0.4019,0.0,0.31,0.69,negative
2008-06-19,high petrol prices damage regional tourism,consumer_fuel,consumer_fuel,False,False,True,,,fuel_price_or_cost,-0.4939,0.0,0.39,0.61,negative
2008-06-19,more canberrans catching buses as petrol prices,consumer_fuel,consumer_fuel,False,False,True,,,fuel_price_or_cost,0.0,0.0,0.0,1.0,neutral
2008-06-19,motorists playing poker with petrol prices,consumer_fuel,consumer_fuel,False,False,True,,,fuel_price_or_cost,0.2023,0.265,0.0,0.735,positive
2008-06-19,shell halts production at nigerian oil field after,supply_geopolitics,supply_geopolitics,False,True,False,,oil_infrastructure_disruption,,0.0,0.0,0.0,1.0,neutral
2008-06-19,soaring petrol prices spark oil hunt down under,consumer_fuel,consumer_fuel,False,False,True,,,fuel_price_or_cost,0.2263,0.213,0.0,0.787,positive
2008-06-19,soaring prices fuel excise debate,consumer_fuel,consumer_fuel,False,False,True,,,fuel_price_or_cost,0.0,0.0,0.0,1.0,neutral
2008-06-20,iraq oil fields set to replenish world supply,supply_geopolitics,supply_geopolitics,False,True,False,,oil_geopolitical_country,,0.0,0.0,0.0,1.0,neutral
2008-06-21,global shares hit by falling oil credit woes,market_prices,market_prices,True,False,False,oil_and_financial_market,,,0.0772,0.361,0.338,0.301,positive
2008-06-22,aust in middle east mission to lower petrol prices,consumer_fuel,consumer_fuel,False,False,True,,,fuel_price_or_cost,-0.296,0.0,0.216,0.784,negative
2008-06-22,ferguson powerless at saudi oil meeting,supply_geopolitics,supply_geopolitics,False,True,False,,oil_geopolitical_country,,-0.4939,0.0,0.39,0.61,negative
2008-06-22,ferguson will have to clean up opec mess bishop,supply_geopolitics,supply_geopolitics,False,True,False,,opec,,0.0516,0.221,0.205,0.574,positive
2008-06-22,oil price under review,market_prices,market_prices,True,False,False,oil_price,,,0.0,0.0,0.0,1.0,neutral
2008-06-22,opec divided on saudi summit and production boost,supply_geopolitics,supply_geopolitics,False,True,False,,opec,,0.4019,0.278,0.0,0.722,positive
2008-06-22,some opec states may lift output at jeddah oil meet,supply_geopolitics,supply_geopolitics,False,True,False,,opec,,0.0,0.0,0.0,1.0,neutral
2008-06-23,fuel costs hit new car sales,consumer_fuel,consumer_fuel,False,False,True,,,fuel_price_or_cost,0.0,0.0,0.0,1.0,neutral
2008-06-23,saudi summit makes plans to meet oil demands,supply_geopolitics,supply_geopolitics,False,True,False,,oil_geopolitical_country,,0.0,0.0,0.0,1.0,neutral
2008-06-23,tasmanian petroleum wells could be worth billions,supply_geopolitics,supply_geopolitics,False,True,False,,petroleum_context,,0.4404,0.438,0.0,0.562,positive
2008-06-24,fuel prices a bigger problem than sep 11 or sars,consumer_fuel,consumer_fuel,False,False,True,,,fuel_price_or_cost,-0.4019,0.0,0.252,0.748,negative
2008-06-24,indonesian police protesters clash over fuel price,consumer_fuel,consumer_fuel,False,False,True,,,fuel_price_or_cost,-0.2263,0.0,0.241,0.759,negative
2008-06-24,oil prices wont fall opec president,market_prices,market_prices;supply_geopolitics,True,True,False,oil_price,opec,,0.0,0.0,0.0,1.0,neutral
2008-06-25,fuel price spikes killing truck industry union,consumer_fuel,consumer_fuel,False,False,True,,,fuel_price_or_cost,-0.6597,0.0,0.423,0.577,negative
2008-06-25,fuel prices could rise under carbon trading scheme,consumer_fuel,consumer_fuel,False,False,True,,,fuel_price_or_cost,0.0,0.0,0.0,1.0,neutral
2008-06-25,rescue chopper struggles with higher fuel costs,consumer_fuel,consumer_fuel,False,False,True,,,fuel_price_or_cost,0.2023,0.306,0.231,0.463,positive
2008-06-26,high fuel prices blamed for taxi fare increases,consumer_fuel,consumer_fuel,False,False,True,,,fuel_price_or_cost,-0.4767,0.0,0.307,0.693,negative
2008-06-27,oil jumps to record usd 142,market_prices,market_prices,True,False,False,oil_price_movement,,,0.0,0.0,0.0,1.0,neutral
2008-06-27,rex to push up fuel surcharge,consumer_fuel,consumer_fuel,False,False,True,,,fuel_price_or_cost,0.0,0.0,0.0,1.0,neutral
2008-06-28,oil surge continues,market_prices,market_prices,True,False,False,oil_price_movement,,,0.0,0.0,0.0,1.0,neutral
2008-06-28,oil surge continues global stocks fall,market_prices,market_prices,True,False,False,oil_price_movement,,,0.0,0.0,0.0,1.0,neutral
2008-06-28,rex announces fuel surcharge hike,consumer_fuel,consumer_fuel,False,False,True,,,fuel_price_or_cost,0.0,0.0,0.0,1.0,neutral
2008-06-30,oil hits record usd 143 a barrel,market_prices,market_prices,True,False,False,oil_price_movement,,,0.6369,0.457,0.0,0.543,positive
2008-07-01,fears fuel costs will drive unemployment,consumer_fuel,consumer_fuel,False,False,True,,,fuel_price_or_cost,-0.6908,0.0,0.588,0.412,negative
2008-07-03,extra onshore petroleum licence area up for grabs,supply_geopolitics,supply_geopolitics,False,True,False,,petroleum_context,,0.0,0.0,0.0,1.0,neutral
2008-07-04,rex lifts fuel surcharge,consumer_fuel,consumer_fuel,False,False,True,,,fuel_price_or_cost,0.0,0.0,0.0,1.0,neutral
2008-07-08,darwin hotels still full despite petrol prices,consumer_fuel,consumer_fuel,False,False,True,,,fuel_price_or_cost,0.0,0.0,0.0,1.0,neutral
2008-07-08,rising fuel costs hurting tweed tourism,consumer_fuel,consumer_fuel,False,False,True,,,fuel_price_or_cost,-0.4019,0.0,0.351,0.649,negative
2008-07-09,adelaide petrol prices rise,consumer_fuel,consumer_fuel,False,False,True,,,fuel_price_or_cost,0.0,0.0,0.0,1.0,neutral
2008-07-09,local market buoyed by oil prices,market_prices,market_prices,True,False,False,oil_price,,,0.0,0.0,0.0,1.0,neutral
2008-07-10,nrma worried about bega fuel costs,consumer_fuel,consumer_fuel,False,False,True,,,fuel_price_or_cost,-0.296,0.0,0.306,0.694,negative
2008-07-11,garnaut rules out emissions trading petrol price,consumer_fuel,consumer_fuel,False,False,True,,,fuel_price_or_cost,0.0,0.0,0.0,1.0,neutral
2008-07-11,grey nomad numbers dwindle as fuel prices rise,consumer_fuel,consumer_fuel,False,False,True,,,fuel_price_or_cost,0.0516,0.146,0.0,0.854,positive
2008-07-11,high oil prices may be good for film industry,market_prices,market_prices,True,False,False,oil_price,,,0.4404,0.266,0.0,0.734,positive
2008-07-11,petrol price hikes will have severe consequences,consumer_fuel,consumer_fuel,False,False,True,,,fuel_price_or_cost,-0.3818,0.0,0.302,0.698,negative
2008-07-12,oil hits record high as supply fears intensify,market_prices,market_prices,True,False,False,oil_price_movement,,,-0.4215,0.0,0.286,0.714,negative
2008-07-12,oil surges to fresh high,market_prices,market_prices,True,False,False,oil_price_movement,,,0.3182,0.365,0.0,0.635,positive
2008-07-14,no oil shortage iran says,supply_geopolitics,supply_geopolitics,False,True,False,,oil_geopolitical_country,,-0.4939,0.0,0.583,0.417,negative
2008-07-16,diesel prices continue to climb,consumer_fuel,consumer_fuel,False,False,True,,,fuel_price_or_cost,0.0,0.0,0.0,1.0,neutral
2008-07-16,rudd stands by fuel excise cut,consumer_fuel,consumer_fuel,False,False,True,,,fuel_price_or_cost,-0.2732,0.0,0.296,0.704,negative
2008-07-18,qantas blames oil prices for jobs cut,market_prices,market_prices,True,False,False,oil_price,,,-0.5859,0.0,0.49,0.51,negative
2008-07-18,shale oil mine decision not emotional mp,supply_geopolitics,supply_geopolitics,False,True,False,,shale_oil,,-0.1139,0.0,0.194,0.806,negative
2008-07-19,fueltrac predicts fuel price cuts,consumer_fuel,consumer_fuel,False,False,True,,,fuel_price_or_cost,-0.296,0.0,0.355,0.645,negative
2008-07-21,activists protest against nq shale oil plan,supply_geopolitics,supply_geopolitics,False,True,False,,shale_oil,,-0.25,0.0,0.25,0.75,negative
2008-07-21,commsec tips 10c fall in petrol price,consumer_fuel,consumer_fuel,False,False,True,,,fuel_price_or_cost,0.0,0.0,0.0,1.0,neutral
2008-07-21,fuel prices put pressure on south coast fishermen,consumer_fuel,consumer_fuel,False,False,True,,,fuel_price_or_cost,-0.296,0.0,0.239,0.761,negative
2008-07-21,rising fuel costs spark rail freight resurgence,consumer_fuel,consumer_fuel,False,False,True,,,fuel_price_or_cost,0.2263,0.241,0.0,0.759,positive
2008-07-22,petrol sellers under pump to lower prices,consumer_fuel,consumer_fuel,False,False,True,,,fuel_price_level,-0.296,0.0,0.268,0.732,negative
2008-07-22,tasmanian gas and oil drilling about to start,supply_geopolitics,supply_geopolitics,False,True,False,,oil_exploration_drilling,,0.0,0.0,0.0,1.0,neutral
2008-07-23,diesel still too high raa,consumer_fuel,consumer_fuel,False,False,True,,,fuel_price_level,0.0,0.0,0.0,1.0,neutral
2008-07-23,market up 1pc after oil price slumps,market_prices,market_prices,True,False,False,oil_price,,,0.0,0.0,0.0,1.0,neutral
2008-07-24,oil slump drags miners lower,market_prices,market_prices,True,False,False,oil_price_movement,,,-0.4404,0.0,0.565,0.435,negative
2008-07-25,truck drivers already assisted by fuel levies,consumer_fuel,consumer_fuel,False,False,True,,,fuel_price_or_cost,0.0,0.0,0.0,1.0,neutral
2008-07-25,woolworths rejects twus fuel levy claim,consumer_fuel,consumer_fuel,False,False,True,,,fuel_price_or_cost,-0.4939,0.0,0.39,0.61,negative
2008-07-27,safer pipeline lets iraq oil exports flow us,supply_geopolitics,supply_geopolitics,False,True,False,,oil_core_supply,,0.4215,0.286,0.0,0.714,positive
2008-07-28,fuel prices not slowing upper hunter tourism,consumer_fuel,consumer_fuel,False,False,True,,,fuel_price_or_cost,0.0,0.0,0.0,1.0,neutral
2008-07-28,racv calls for lower rural petrol prices,consumer_fuel,consumer_fuel,False,False,True,,,fuel_price_or_cost,-0.296,0.0,0.268,0.732,negative
2008-07-28,racv demands country fuel price drop,consumer_fuel,consumer_fuel,False,False,True,,,fuel_price_or_cost,-0.2732,0.0,0.296,0.704,negative
2008-07-29,government looking at help on petrol costs,consumer_fuel,consumer_fuel,False,False,True,,,fuel_price_or_cost,0.4019,0.31,0.0,0.69,positive
2008-07-30,market rises on oil price fall,market_prices,market_prices,True,False,False,oil_price,,,0.0,0.0,0.0,1.0,neutral
2008-07-30,petrol prices hurt regional tourism committee,consumer_fuel,consumer_fuel,False,False,True,,,fuel_price_or_cost,-0.5267,0.0,0.405,0.595,negative
2008-07-31,energy stocks rise on strong oil prices,market_prices,market_prices,True,False,False,oil_price,,,0.6597,0.519,0.0,0.481,positive
2008-07-31,fueltrac predicts drop in diesel prices,consumer_fuel,consumer_fuel,False,False,True,,,fuel_price_or_cost,-0.2732,0.0,0.296,0.704,negative
2008-08-02,australian researchers pioneer cheaper fuel cells,consumer_fuel,consumer_fuel,False,False,True,,,fuel_price_level,0.0,0.0,0.0,1.0,neutral
2008-08-02,general motors hit hard by fuel costs,consumer_fuel,consumer_fuel,False,False,True,,,fuel_price_or_cost,-0.1027,0.0,0.189,0.811,negative
2008-08-04,national petrol prices fall,consumer_fuel,consumer_fuel,False,False,True,,,fuel_price_or_cost,0.0,0.0,0.0,1.0,neutral
2008-08-04,questions will be asked if fuel prices dont drop,consumer_fuel,consumer_fuel,False,False,True,,,fuel_price_or_cost,0.2057,0.185,0.0,0.815,positive
2008-08-05,fuelling anger over petrol prices,consumer_fuel,consumer_fuel,False,False,True,,,fuel_price_or_cost,-0.5719,0.0,0.481,0.519,negative
2008-08-05,road trip dream dying as petrol prices soar,consumer_fuel,consumer_fuel,False,False,True,,,fuel_price_or_cost,0.25,0.222,0.0,0.778,positive
2008-08-07,high fuel prices keeping some farmers away from,consumer_fuel,consumer_fuel,False,False,True,,,fuel_price_or_cost,0.0,0.0,0.0,1.0,neutral
2008-08-07,nrma wants fairer country fuel price,consumer_fuel,consumer_fuel,False,False,True,,,fuel_price_or_cost,0.0,0.0,0.0,1.0,neutral
2008-08-08,anger over lack of interest in fuel price hearing,consumer_fuel,consumer_fuel,False,False,True,,,fuel_price_or_cost,-0.4588,0.2,0.4,0.4,negative
2008-08-08,falling dollar to cancel oil price drop raa,market_prices,market_prices,True,False,False,oil_price,,,-0.5719,0.0,0.533,0.467,negative
2008-08-09,drop in oil price pushes us shares up,market_prices,market_prices,True,False,False,oil_price,,,0.0258,0.214,0.204,0.583,neutral
2008-08-10,oil prices risk new rises on supply shocks,market_prices,market_prices,True,False,False,oil_price,,,-0.5719,0.0,0.439,0.561,negative
2008-08-11,fears georgia unrest could fuel oil price hike,market_prices,market_prices;consumer_fuel,True,False,True,oil_price,,fuel_cost_proximity,-0.4215,0.0,0.286,0.714,negative
2008-08-11,ract backs fuel price watchdog,consumer_fuel,consumer_fuel,False,False,True,,,fuel_price_or_cost,-0.0516,0.0,0.231,0.769,negative
2008-08-12,oil giants accelerate plans for domestic gas plant,supply_geopolitics,supply_geopolitics,False,True,False,,oil_industry_projects,,0.0,0.0,0.0,1.0,neutral
2008-08-14,fiji fuel prices to drop after government move,consumer_fuel,consumer_fuel,False,False,True,,,fuel_price_or_cost,-0.2732,0.0,0.231,0.769,negative
2008-08-20,seair to introduce fuel levy,consumer_fuel,consumer_fuel,False,False,True,,,fuel_price_or_cost,0.0,0.0,0.0,1.0,neutral
2008-08-20,twu lobbies for truck fuel levy,consumer_fuel,consumer_fuel,False,False,True,,,fuel_price_or_cost,0.0,0.0,0.0,1.0,neutral
2008-08-21,timor sea oil field development likely,supply_geopolitics,supply_geopolitics,False,True,False,,oil_industry_projects,,0.0,0.0,0.0,1.0,neutral
2008-08-23,concern over petrol prices,consumer_fuel,consumer_fuel,False,False,True,,,fuel_price_or_cost,0.0,0.0,0.0,1.0,neutral
2008-08-24,bligh bans whitsundays shale oil mining,supply_geopolitics,supply_geopolitics,False,True,False,,shale_oil,,0.0,0.0,0.0,1.0,neutral
2008-08-24,qer calls for govt meeting over shale oil mine ban,supply_geopolitics,supply_geopolitics,False,True,False,,shale_oil,,-0.5574,0.0,0.286,0.714,negative
2008-08-25,hard to fathom why petrol is cheaper in canberra,consumer_fuel,consumer_fuel,False,False,True,,,fuel_price_level,-0.1027,0.0,0.149,0.851,negative
2008-08-25,qld govt puts 20 year ban on shale oil mining,supply_geopolitics,supply_geopolitics,False,True,False,,shale_oil,,-0.5574,0.0,0.286,0.714,negative
2008-08-26,woolworths profit up despite fuel price subsidy,consumer_fuel,consumer_fuel,False,False,True,,,fuel_price_or_cost,0.4404,0.326,0.0,0.674,positive
2008-08-27,qld on the road to cheaper fuel,consumer_fuel,consumer_fuel,False,False,True,,,fuel_price_level,0.0,0.0,0.0,1.0,neutral
2008-09-01,price pressures remain despite fall in petrol,consumer_fuel,consumer_fuel,False,False,True,,,reversed_fuel_price_or_cost,-0.3182,0.0,0.277,0.723,negative
2008-09-04,call for ideas on bringing down fuel costs,consumer_fuel,consumer_fuel,False,False,True,,,fuel_price_or_cost,0.0,0.0,0.0,1.0,neutral
2008-09-09,oil falls as opec expected to maintain targets,market_prices,market_prices;supply_geopolitics,True,True,False,oil_price_movement,opec,,0.0,0.0,0.0,1.0,neutral
2008-09-09,oil market fairly well balanced saudi oil minister,market_prices,market_prices;supply_geopolitics,True,True,False,oil_market,oil_geopolitical_country,,0.2732,0.231,0.0,0.769,positive
2008-09-10,opec announces oil production cut,supply_geopolitics,supply_geopolitics,False,True,False,,opec,,-0.2732,0.0,0.344,0.656,negative
2008-09-10,opec production cut boosts oil prices,market_prices,market_prices;supply_geopolitics,True,True,False,oil_price,opec,,0.0516,0.274,0.25,0.476,positive
2008-09-14,nigerian militants declare oil war in delta,supply_geopolitics,supply_geopolitics,False,True,False,,oil_geopolitical_event,,-0.5994,0.0,0.394,0.606,negative
2008-09-16,oil companies ripping off motorists,supply_geopolitics,supply_geopolitics,False,True,False,,oil_industry_projects,,0.0,0.0,0.0,1.0,neutral
2008-09-16,oil price drops below usd 100,market_prices,market_prices,True,False,False,oil_price,,,0.0,0.0,0.0,1.0,neutral
2008-09-17,expect fuel prices to keep falling at the pump,consumer_fuel,consumer_fuel,False,False,True,,,fuel_price_or_cost,-0.1531,0.0,0.167,0.833,negative
2008-09-17,fuel prices to keep falling raa,consumer_fuel,consumer_fuel,False,False,True,,,fuel_price_or_cost,-0.1531,0.0,0.242,0.758,negative
2008-09-17,motorists unhappy as petrol prices stay high,consumer_fuel,consumer_fuel,False,False,True,,,fuel_price_or_cost,-0.4215,0.0,0.318,0.682,negative
2008-09-17,us lifts oil drilling ban,supply_geopolitics,supply_geopolitics,False,True,False,,oil_exploration_drilling,,-0.5574,0.0,0.474,0.526,negative
2008-09-23,motorists to feel pain of surging oil prices,market_prices,market_prices,True,False,False,oil_price,,,-0.5106,0.0,0.32,0.68,negative
2008-09-23,oil price to hit consumers raa,market_prices,market_prices,True,False,False,oil_price,,,0.0,0.0,0.0,1.0,neutral
2008-09-23,the raas matthew hanton says increased crude oil,market_prices,market_prices,True,False,False,crude_oil,,,-0.3818,0.178,0.314,0.508,negative
2008-10-01,fuel costs predicted to change tourist demographic,consumer_fuel,consumer_fuel,False,False,True,,,fuel_price_or_cost,0.0,0.0,0.0,1.0,neutral
2008-10-04,ract scratching its head over diesel prices,consumer_fuel,consumer_fuel,False,False,True,,,fuel_price_or_cost,0.0,0.0,0.0,1.0,neutral
2008-10-08,raising fuel costs,consumer_fuel,consumer_fuel,False,False,True,,,fuel_price_or_cost,0.0,0.0,0.0,1.0,neutral
2008-10-08,virgin wont follow qantas fuel surcharge drop,consumer_fuel,consumer_fuel,False,False,True,,,fuel_price_or_cost,-0.2732,0.0,0.259,0.741,negative
2008-10-09,lower dollar blamed for slowing fuel price falls,consumer_fuel,consumer_fuel,False,False,True,,,fuel_price_or_cost,-0.6486,0.0,0.469,0.531,negative
2008-10-18,drivers ripped off as oil price falls expert,market_prices,market_prices,True,False,False,oil_price,,,0.0,0.0,0.0,1.0,neutral
2008-10-20,us oil giant chevron says it may shelve two gas,supply_geopolitics,supply_geopolitics,False,True,False,,oil_industry_projects,,0.0,0.0,0.0,1.0,neutral
2008-10-23,petrol prices to drop further,consumer_fuel,consumer_fuel,False,False,True,,,fuel_price_or_cost,-0.2732,0.0,0.344,0.656,negative
2008-10-24,oil prices on the way up,market_prices,market_prices,True,False,False,oil_price,,,0.0,0.0,0.0,1.0,neutral
2008-10-24,opec holds oil production crisis talks,supply_geopolitics,supply_geopolitics,False,True,False,,opec,,-0.6249,0.0,0.451,0.549,negative
2008-10-24,opec slashes output to halt free falling prices,supply_geopolitics,supply_geopolitics,False,True,False,,opec,,0.2263,0.282,0.291,0.427,positive
2008-10-25,opec leaders cut oil production,supply_geopolitics,supply_geopolitics,False,True,False,,opec,,-0.2732,0.0,0.344,0.656,negative
2008-10-25,us criticises opec production cut,supply_geopolitics,supply_geopolitics,False,True,False,,opec,,-0.5267,0.0,0.595,0.405,negative
2008-10-28,petrol prices set to fall racv,consumer_fuel,consumer_fuel,False,False,True,,,fuel_price_or_cost,0.0,0.0,0.0,1.0,neutral
2008-10-30,petrol prices expected to drop in two weeks,consumer_fuel,consumer_fuel,False,False,True,,,fuel_price_or_cost,-0.2732,0.0,0.231,0.769,negative
2008-10-31,green group happy with shale oil ban,supply_geopolitics,supply_geopolitics,False,True,False,,shale_oil,,0.0258,0.301,0.293,0.407,neutral
2008-10-31,oil prices tumble on us economic gloom,market_prices,market_prices,True,False,False,oil_price,,,-0.5574,0.0,0.375,0.625,negative
2008-10-31,racv wants wholesale fuel price drops passed on,consumer_fuel,consumer_fuel,False,False,True,,,fuel_price_or_cost,0.0,0.0,0.0,1.0,neutral
2008-11-01,oil prices rebound on wall st rally,market_prices,market_prices,True,False,False,oil_price,,,0.0,0.0,0.0,1.0,neutral
2008-11-03,racv wants fuel price drop passed on,consumer_fuel,consumer_fuel,False,False,True,,,fuel_price_or_cost,-0.2732,0.0,0.259,0.741,negative
2008-11-04,further falls expected for petrol prices,consumer_fuel,consumer_fuel,False,False,True,,,fuel_price_or_cost,0.0,0.0,0.0,1.0,neutral
2008-11-04,petrol prices to keep dropping,consumer_fuel,consumer_fuel,False,False,True,,,fuel_price_or_cost,0.0,0.0,0.0,1.0,neutral
2008-11-04,sa petrol prices drop,consumer_fuel,consumer_fuel,False,False,True,,,fuel_price_or_cost,-0.2732,0.0,0.412,0.588,negative
2008-11-06,city fuel price drop not reaching regions,consumer_fuel,consumer_fuel,False,False,True,,,fuel_price_or_cost,-0.4003,0.0,0.425,0.575,negative
2008-11-11,airasia scraps fuel surcharge,consumer_fuel,consumer_fuel,False,False,True,,,fuel_price_or_cost,0.0,0.0,0.0,1.0,neutral
2008-11-11,close eye kept on shale oil mine pit,supply_geopolitics,supply_geopolitics,False,True,False,,shale_oil,,0.0,0.0,0.0,1.0,neutral
2008-11-11,petrol prices at unexpected low,consumer_fuel,consumer_fuel,False,False,True,,,fuel_price_or_cost,-0.2732,0.0,0.344,0.656,negative
2008-11-11,the raas matthew hanton says the price of unleaded,consumer_fuel,consumer_fuel,False,False,True,,,reversed_fuel_price_or_cost,0.0,0.0,0.0,1.0,neutral
2008-11-11,virgin blue slashes fuel surcharge,consumer_fuel,consumer_fuel,False,False,True,,,fuel_price_or_cost,-0.2023,0.0,0.31,0.69,negative
2008-11-13,aaa wants fuel tax scrapped,consumer_fuel,consumer_fuel,False,False,True,,,fuel_price_or_cost,0.0,0.0,0.0,1.0,neutral
2008-11-13,soaring apy fuel price tipped to fall,consumer_fuel,consumer_fuel,False,False,True,,,fuel_price_or_cost,0.0,0.0,0.0,1.0,neutral
2008-11-18,hijacked oil tanker off somali coast,supply_geopolitics,supply_geopolitics,False,True,False,,strategic_oil_tanker,,0.0,0.0,0.0,1.0,neutral
2008-11-20,pirates demand 40m ransom for oil tanker,supply_geopolitics,supply_geopolitics,False,True,False,,strategic_oil_tanker,,-0.128,0.0,0.2,0.8,negative
2008-11-25,regional fuel price drop to take time fuelwatch,consumer_fuel,consumer_fuel,False,False,True,,,fuel_price_or_cost,-0.2732,0.0,0.231,0.769,negative
2008-11-26,country drivers told not to expect city fuel prices,consumer_fuel,consumer_fuel,False,False,True,,,fuel_price_or_cost,0.0,0.0,0.0,1.0,neutral
2008-11-27,servo group considers newcastle sydney fuel price,consumer_fuel,consumer_fuel,False,False,True,,,fuel_price_or_cost,0.0,0.0,0.0,1.0,neutral
2008-11-29,opec may defer third output cut ministers say,supply_geopolitics,supply_geopolitics,False,True,False,,opec,,-0.5106,0.0,0.417,0.583,negative
2008-11-29,us75 a fair price for oil saudi arabia,supply_geopolitics,supply_geopolitics,False,True,False,,oil_geopolitical_country,,0.3182,0.277,0.0,0.723,positive
2008-11-30,recession will dampen oil prices opec,market_prices,market_prices;supply_geopolitics,True,True,False,oil_price,opec,,-0.4215,0.0,0.359,0.641,negative
2008-12-02,darwin petrol prices too high expert,consumer_fuel,consumer_fuel,False,False,True,,,fuel_price_or_cost,0.0,0.0,0.0,1.0,neutral
2008-12-02,supermarkets on notice to explain petrol prices,consumer_fuel,consumer_fuel,False,False,True,,,fuel_price_or_cost,0.0,0.0,0.0,1.0,neutral
2008-12-03,enjoy lower petrol prices while you can,consumer_fuel,consumer_fuel,False,False,True,,,fuel_price_or_cost,0.25,0.308,0.212,0.481,positive
2008-12-08,fuel prices to fall,consumer_fuel,consumer_fuel,False,False,True,,,fuel_price_or_cost,0.0,0.0,0.0,1.0,neutral
2008-12-09,falling fuel prices not helping qld truckies,consumer_fuel,consumer_fuel,False,False,True,,,fuel_price_or_cost,-0.3586,0.0,0.411,0.589,negative
2008-12-10,hope for fuel price drop to boost mackay tourism,consumer_fuel,consumer_fuel,False,False,True,,,fuel_price_or_cost,0.5423,0.409,0.153,0.438,positive
2008-12-12,diesel shortage no cause for panic,supply_geopolitics,supply_geopolitics,False,True,False,,fuel_shortage_security,,-0.7579,0.0,0.714,0.286,negative
2008-12-17,farmer fury over diesel price,consumer_fuel,consumer_fuel,False,False,True,,,fuel_price_or_cost,-0.5719,0.0,0.481,0.519,negative
2008-12-17,opec to make record cut in production,supply_geopolitics,supply_geopolitics,False,True,False,,opec,,-0.2732,0.0,0.259,0.741,negative
2008-12-17,queues form as petrol price drops below 1 a litre,consumer_fuel,consumer_fuel,False,False,True,,,fuel_price_or_cost,0.0,0.0,0.0,1.0,neutral
2008-12-18,analysts skeptical of opec oil cut,supply_geopolitics,supply_geopolitics,False,True,False,,opec,,-0.5267,0.0,0.524,0.476,negative
2008-12-18,cheaper fuel to cushion slump in tourism,consumer_fuel,consumer_fuel,False,False,True,,,fuel_price_level,0.0,0.0,0.0,1.0,neutral
2008-12-19,fears allayed over christmas fuel shortage,supply_geopolitics,supply_geopolitics,False,True,False,,fuel_shortage_security,,-0.5859,0.0,0.545,0.455,negative
2008-12-19,fuel shortages no problem for freight services,supply_geopolitics,supply_geopolitics,False,True,False,,fuel_shortage_security,,-0.6705,0.0,0.619,0.381,negative
2008-12-19,joyce xenophon call for fuel price scrutiny,consumer_fuel,consumer_fuel,False,False,True,,,fuel_price_or_cost,0.0,0.0,0.0,1.0,neutral
2008-12-20,oil price falls further on weak demand outlook,market_prices,market_prices,True,False,False,oil_price,,,-0.5267,0.0,0.423,0.577,negative
2008-12-22,qantas cuts fuel surcharge again,consumer_fuel,consumer_fuel,False,False,True,,,fuel_price_or_cost,-0.296,0.0,0.355,0.645,negative
2008-12-22,racq says bundaberg fuel shortage temporary,supply_geopolitics,supply_geopolitics,False,True,False,,fuel_shortage_security,,-0.25,0.0,0.286,0.714,negative
2008-12-23,dont panic about petrol shortages says racq,supply_geopolitics,supply_geopolitics,False,True,False,,fuel_shortage_security,,0.2737,0.29,0.172,0.538,positive
2008-12-23,fuel prices tipped to rise for christmas,consumer_fuel,consumer_fuel,False,False,True,,,fuel_price_or_cost,0.0,0.0,0.0,1.0,neutral
2008-12-23,servos warned not to cash in on holiday fuel prices,consumer_fuel,consumer_fuel,False,False,True,,,fuel_price_or_cost,0.1531,0.211,0.164,0.625,positive
2008-12-24,virgin drops domestic fuel surcharge,consumer_fuel,consumer_fuel,False,False,True,,,fuel_price_or_cost,0.0,0.0,0.0,1.0,neutral
2008-12-30,aust stocks close higher boosted by oil and gold,market_prices,market_prices,True,False,False,oil_and_financial_market,,,0.3612,0.238,0.0,0.762,positive
2008-12-30,gaza violence driving oil prices up,market_prices,market_prices,True,False,False,oil_price,,,-0.6249,0.0,0.451,0.549,negative
2008-12-30,qantas drops domestic fuel surcharge,consumer_fuel,consumer_fuel,False,False,True,,,fuel_price_or_cost,0.0,0.0,0.0,1.0,neutral
2009-01-04,petrol station robbery ends with high speed police,consumer_fuel,consumer_fuel,False,False,True,,,fuel_price_level,0.0,0.0,0.0,1.0,neutral
2009-01-05,petrol plan to fuel food price hike farmers,consumer_fuel,consumer_fuel,False,False,True,,,fuel_cost_proximity,0.0,0.0,0.0,1.0,neutral
2009-01-07,late shipment blamed for petrol shortages,supply_geopolitics,supply_geopolitics,False,True,False,,fuel_shortage_security,,-0.5719,0.0,0.54,0.46,negative
2009-01-14,sydney servos slash fuel prices to 50c a litre,consumer_fuel,consumer_fuel,False,False,True,,,fuel_price_or_cost,-0.2732,0.0,0.231,0.769,negative
2009-01-16,govt criticised for unleaded fuel shortage,supply_geopolitics,supply_geopolitics,False,True,False,,fuel_shortage_security,,-0.5859,0.0,0.545,0.455,negative
2009-01-20,oil falls towards us34 on gas deal gaza ceasefire,market_prices,market_prices,True,False,False,oil_price_movement,,,0.0,0.0,0.0,1.0,neutral
2009-01-21,raa expects further regional fuel price rise,consumer_fuel,consumer_fuel,False,False,True,,,fuel_price_or_cost,0.0,0.0,0.0,1.0,neutral
2009-01-22,petrol price hike passed on to consumers racq,consumer_fuel,consumer_fuel,False,False,True,,,fuel_price_or_cost,0.0,0.0,0.0,1.0,neutral
2009-01-23,catlex works to overcome fuel shortages,supply_geopolitics,supply_geopolitics,False,True,False,,fuel_shortage_security,,-0.1531,0.0,0.242,0.758,negative
2009-01-24,bolivia seizes control of oil company,supply_geopolitics,supply_geopolitics,False,True,False,,oil_industry_projects,,0.0,0.0,0.0,1.0,neutral
2009-01-27,racq not surprised by petrol price jump,consumer_fuel,consumer_fuel,False,False,True,,,fuel_price_or_cost,-0.1695,0.0,0.217,0.783,negative
2009-01-28,petrol prices fuel inflation fall,consumer_fuel,consumer_fuel,False,False,True,,,fuel_price_or_cost,0.0,0.0,0.0,1.0,neutral
2009-01-28,santos oil reserves pass 134 million barrels,supply_geopolitics,supply_geopolitics,False,True,False,,oil_core_supply,,0.0,0.0,0.0,1.0,neutral
2009-02-14,oil price climbs towards us36,market_prices,market_prices,True,False,False,oil_price,,,0.0,0.0,0.0,1.0,neutral
2009-02-16,petrol prices at 2 month high,consumer_fuel,consumer_fuel,False,False,True,,,fuel_price_or_cost,0.0,0.0,0.0,1.0,neutral
2009-02-16,research aims to prolong oil reserves,supply_geopolitics,supply_geopolitics,False,True,False,,oil_core_supply,,0.0,0.0,0.0,1.0,neutral
2009-03-02,diesel prices drop below unleaded,consumer_fuel,consumer_fuel,False,False,True,,,fuel_price_or_cost,-0.2732,0.0,0.344,0.656,negative
2009-03-02,iraq navy trains to defend gulf oil platforms,supply_geopolitics,supply_geopolitics,False,True,False,,oil_geopolitical_country,,0.0,0.0,0.0,1.0,neutral
2009-03-02,petrol prices spike inflation gauge,consumer_fuel,consumer_fuel,False,False,True,,,fuel_price_or_cost,0.0,0.0,0.0,1.0,neutral
2009-03-02,qantas cuts international fuel surcharge,consumer_fuel,consumer_fuel,False,False,True,,,fuel_price_or_cost,-0.296,0.0,0.355,0.645,negative
2009-03-15,opec faces vital output meet algeria calls for,supply_geopolitics,supply_geopolitics,False,True,False,,opec,,0.296,0.239,0.0,0.761,positive
2009-03-16,fuel prices likely to keep falling economists,consumer_fuel,consumer_fuel,False,False,True,,,fuel_price_or_cost,-0.1531,0.0,0.211,0.789,negative
2009-03-24,fears nano will drive up oil price fuel pollution,market_prices,market_prices;consumer_fuel,True,False,True,oil_price,,reversed_fuel_price_or_cost,-0.4215,0.0,0.259,0.741,negative
2009-03-24,no reason to investigate petrol price gap accc,consumer_fuel,consumer_fuel,False,False,True,,,fuel_price_or_cost,-0.296,0.0,0.239,0.761,negative
2009-04-17,import prices lower on petroleum price dip,supply_geopolitics,supply_geopolitics,False,True,False,,petroleum_context,,-0.296,0.0,0.268,0.732,negative
2009-04-28,swine flu fears could drive petrol prices lower,consumer_fuel,consumer_fuel,False,False,True,,,fuel_price_or_cost,-0.765,0.0,0.603,0.397,negative
2009-04-30,accc urged to probe rockhampton fuel prices,consumer_fuel,consumer_fuel,False,False,True,,,fuel_price_or_cost,0.0,0.0,0.0,1.0,neutral
2009-04-30,forestry industry singled out on fuel tax,consumer_fuel,consumer_fuel,False,False,True,,,fuel_price_or_cost,0.0,0.0,0.0,1.0,neutral
2009-05-09,chavez tightens stranglehold on oil industry,supply_geopolitics,supply_geopolitics,False,True,False,,oil_industry_projects,,0.0,0.0,0.0,1.0,neutral
2009-05-17,bligh considers scrapping fuel subsidy,consumer_fuel,consumer_fuel,False,False,True,,,fuel_price_or_cost,0.0,0.0,0.0,1.0,neutral
2009-05-18,consumers to pay for fuel subsidy cut,consumer_fuel,consumer_fuel,False,False,True,,,fuel_price_or_cost,-0.3612,0.0,0.412,0.588,negative
2009-05-18,cutting fuel subsidy will hurt regional qld,consumer_fuel,consumer_fuel,False,False,True,,,fuel_price_or_cost,-0.5994,0.0,0.495,0.505,negative
2009-05-18,petrol price jump ahead raa,consumer_fuel,consumer_fuel,False,False,True,,,fuel_price_or_cost,0.0,0.0,0.0,1.0,neutral
2009-05-20,govt refuses to rule out dumping qlds fuel subsidy,consumer_fuel,consumer_fuel,False,False,True,,,fuel_price_or_cost,-0.3182,0.0,0.223,0.777,negative
2009-06-01,bight a new frontier for petroleum exploration,supply_geopolitics,supply_geopolitics,False,True,False,,petroleum_context,,0.2263,0.275,0.0,0.725,positive
2009-06-02,axed fuel subsidy means higher grocery prices racq,consumer_fuel,consumer_fuel,False,False,True,,,fuel_price_or_cost,-0.3182,0.0,0.247,0.753,negative
2009-06-02,bligh announces scrapping fuel subsidy asset sell,consumer_fuel,consumer_fuel,False,False,True,,,fuel_price_or_cost,0.3612,0.294,0.0,0.706,positive
2009-06-02,fuel price hike,consumer_fuel,consumer_fuel,False,False,True,,,fuel_price_or_cost,0.0,0.0,0.0,1.0,neutral
2009-06-02,qld scraps fuel subsidy reveals asset sell off,consumer_fuel,consumer_fuel,False,False,True,,,fuel_price_or_cost,0.3612,0.263,0.0,0.737,positive
2009-06-02,scrapping qld fuel subsidy bad policy,consumer_fuel,consumer_fuel,False,False,True,,,fuel_price_or_cost,-0.5423,0.0,0.412,0.588,negative
2009-06-03,fuel subsidy cut will hurt gold coast council,consumer_fuel,consumer_fuel,False,False,True,,,fuel_price_or_cost,-0.6705,0.0,0.478,0.522,negative
2009-06-05,world oil supply has peaked expert,supply_geopolitics,supply_geopolitics,False,True,False,,oil_core_supply,,0.0,0.0,0.0,1.0,neutral
2009-06-07,petrol prices set to rise,consumer_fuel,consumer_fuel,False,False,True,,,fuel_price_or_cost,0.0,0.0,0.0,1.0,neutral
2009-06-11,oil demand drops for first time in decade,supply_geopolitics,supply_geopolitics,False,True,False,,oil_core_supply,,-0.128,0.0,0.176,0.824,negative
2009-06-11,scrapped fuel subsidy will cost jobs opposition,consumer_fuel,consumer_fuel,False,False,True,,,fuel_price_or_cost,0.0,0.0,0.0,1.0,neutral
2009-06-22,drilling reveals significant gippsland oil flow,supply_geopolitics,supply_geopolitics,False,True,False,,oil_exploration_drilling,,0.2023,0.265,0.0,0.735,positive
2009-06-24,xenophon joyce combine on petrol price competition,consumer_fuel,consumer_fuel,False,False,True,,,fuel_price_or_cost,0.0,0.0,0.0,1.0,neutral
2009-06-27,lack of competition behind canberra petrol price,consumer_fuel,consumer_fuel,False,False,True,,,fuel_price_or_cost,-0.3182,0.0,0.277,0.723,negative
2009-06-29,bligh warns against profiteering as fuel subsidy,consumer_fuel,consumer_fuel,False,False,True,,,fuel_price_or_cost,-0.25,0.0,0.375,0.625,negative
2009-07-01,fuel subsidy cut wont impact tourism,consumer_fuel,consumer_fuel,False,False,True,,,fuel_price_or_cost,-0.2732,0.0,0.296,0.704,negative
2009-07-01,fuel subsidy end to hurt central qld,consumer_fuel,consumer_fuel,False,False,True,,,fuel_price_or_cost,-0.5267,0.0,0.362,0.638,negative
2009-07-01,no excuse for excessive petrol price rises fraser,consumer_fuel,consumer_fuel,False,False,True,,,fuel_price_or_cost,-0.2263,0.137,0.232,0.632,negative
2009-07-02,fair trading investigates petrol price profiteering,consumer_fuel,consumer_fuel,False,False,True,,,fuel_price_or_cost,0.1779,0.291,0.203,0.506,positive
2009-07-13,supermarket giants in petrol price war,consumer_fuel,consumer_fuel,False,False,True,,,fuel_price_or_cost,-0.5994,0.0,0.438,0.562,negative
2009-07-14,oil jetty attacked by nigerian rebels,supply_geopolitics,supply_geopolitics,False,True,False,,oil_geopolitical_event,,-0.5859,0.0,0.545,0.455,negative
2009-07-18,truckies feeling pinch of fuel subsidy scrapping,consumer_fuel,consumer_fuel,False,False,True,,,fuel_price_or_cost,0.128,0.2,0.0,0.8,positive
2009-07-19,lnp will bring back fuel subsidy,consumer_fuel,consumer_fuel,False,False,True,,,fuel_price_or_cost,0.0,0.0,0.0,1.0,neutral
2009-08-17,federal govt urged not to boost fuel cost,consumer_fuel,consumer_fuel,False,False,True,,,fuel_price_or_cost,-0.3089,0.0,0.244,0.756,negative
2009-08-17,petrol prices hit 9 month high,consumer_fuel,consumer_fuel,False,False,True,,,fuel_price_or_cost,0.0,0.0,0.0,1.0,neutral
2009-09-03,caltex deal may push petrol prices up,consumer_fuel,consumer_fuel,False,False,True,,,fuel_price_or_cost,0.0,0.0,0.0,1.0,neutral
2009-09-06,gabon oil firm moves staff amid riots,supply_geopolitics,supply_geopolitics,False,True,False,,oil_industry_projects,,-0.5106,0.0,0.355,0.645,negative
2009-09-07,power and waters 300m fuel bill,consumer_fuel,consumer_fuel,False,False,True,,,fuel_price_or_cost,0.0,0.0,0.0,1.0,neutral
2009-09-22,dont expect petrol any lower commissioner,consumer_fuel,consumer_fuel,False,False,True,,,fuel_price_level,-0.296,0.0,0.306,0.694,negative
2009-09-29,premium petrol prices to be probed,consumer_fuel,consumer_fuel,False,False,True,,,fuel_price_or_cost,0.0,0.0,0.0,1.0,neutral
2009-10-03,ferguson approves offshore petroleum exploration,supply_geopolitics,supply_geopolitics,False,True,False,,petroleum_context,,0.5574,0.605,0.0,0.395,positive
2009-10-05,rudd hints at broome oil industry future,supply_geopolitics,supply_geopolitics,False,True,False,,oil_industry_projects,,0.0,0.0,0.0,1.0,neutral
2009-10-20,economist warns petrol prices will rise,consumer_fuel,consumer_fuel,False,False,True,,,fuel_price_or_cost,-0.1027,0.0,0.219,0.781,negative
2009-10-22,cheaper fuel at groote airport,consumer_fuel,consumer_fuel,False,False,True,,,fuel_price_level,0.0,0.0,0.0,1.0,neutral
2009-11-05,fishermen demand new rules on oil drilling,supply_geopolitics,supply_geopolitics,False,True,False,,oil_exploration_drilling,,-0.128,0.0,0.2,0.8,negative
2009-11-11,petrol pump price unfair on motorists,consumer_fuel,consumer_fuel,False,False,True,,,pump_prices,-0.4767,0.0,0.383,0.617,negative
2009-11-12,diesel supply returns to paraburdoo,supply_geopolitics,supply_geopolitics,False,True,False,,fuel_shortage_security,,0.0,0.0,0.0,1.0,neutral
2009-11-23,laws altered for oil and gas exploration in nt,supply_geopolitics,supply_geopolitics,False,True,False,,oil_and_gas_industry,,0.2263,0.192,0.0,0.808,positive
2009-11-25,ract issues petrol price please explain,consumer_fuel,consumer_fuel,False,False,True,,,fuel_price_or_cost,0.3182,0.315,0.0,0.685,positive
2009-12-01,oil and gas industry hit by more industrial action,supply_geopolitics,supply_geopolitics,False,True,False,,oil_and_gas_industry,,0.0,0.0,0.0,1.0,neutral
2009-12-02,accc to probe petrol price cycle,consumer_fuel,consumer_fuel,False,False,True,,,fuel_price_or_cost,0.0,0.0,0.0,1.0,neutral
2009-12-03,finance reporter sue lannin talks petrol prices,consumer_fuel,consumer_fuel,False,False,True,,,fuel_price_or_cost,0.0,0.0,0.0,1.0,neutral
2009-12-13,untapped oil fields auctioned in iraq,supply_geopolitics,supply_geopolitics,False,True,False,,oil_geopolitical_country,,0.0,0.0,0.0,1.0,neutral
2009-12-15,raa says fuel prices should ease,consumer_fuel,consumer_fuel,False,False,True,,,fuel_price_or_cost,0.3612,0.333,0.0,0.667,positive
2009-12-18,big firms coordinating petrol prices,consumer_fuel,consumer_fuel,False,False,True,,,fuel_price_or_cost,0.0,0.0,0.0,1.0,neutral
2009-12-19,nigerian oil pipeline attack breaks truce,supply_geopolitics,supply_geopolitics,False,True,False,,oil_infrastructure_disruption,,-0.4767,0.0,0.383,0.617,negative
2009-12-24,christmas petrol price hike,consumer_fuel,consumer_fuel,False,False,True,,,fuel_price_or_cost,0.0,0.0,0.0,1.0,neutral
2009-12-24,fuel prices set to rise accc,consumer_fuel,consumer_fuel,False,False,True,,,fuel_price_or_cost,0.0,0.0,0.0,1.0,neutral
2009-12-24,petrol prices set to rise,consumer_fuel,consumer_fuel,False,False,True,,,fuel_price_or_cost,0.0,0.0,0.0,1.0,neutral
2009-12-29,dispute threatens european oil supply,supply_geopolitics,supply_geopolitics,False,True,False,,oil_core_supply,,-0.6486,0.0,0.639,0.361,negative
2009-12-30,fuel subsidies for mining wasted says union,consumer_fuel,consumer_fuel,False,False,True,,,fuel_price_or_cost,-0.4939,0.0,0.348,0.652,negative
2009-12-31,fuel prices soar,consumer_fuel,consumer_fuel,False,False,True,,,fuel_price_or_cost,0.0,0.0,0.0,1.0,neutral
2010-01-03,siphon more fuel tax cash to roads nrma,consumer_fuel,consumer_fuel,False,False,True,,,fuel_price_or_cost,0.0,0.0,0.0,1.0,neutral
2010-01-04,higher petrol prices on the way,consumer_fuel,consumer_fuel,False,False,True,,,fuel_price_or_cost,0.0,0.0,0.0,1.0,neutral
2010-01-13,motorists hit with petrol price rise,consumer_fuel,consumer_fuel,False,False,True,,,fuel_price_or_cost,0.0,0.0,0.0,1.0,neutral
2010-01-18,petrol near five month high economist,consumer_fuel,consumer_fuel,False,False,True,,,fuel_price_level,0.0,0.0,0.0,1.0,neutral
2010-02-08,falling dollar to drive petrol prices higher,consumer_fuel,consumer_fuel,False,False,True,,,fuel_price_or_cost,-0.1531,0.0,0.211,0.789,negative
2010-02-11,shale oil demonstration plant nearly ready,supply_geopolitics,supply_geopolitics,False,True,False,,shale_oil,,0.4404,0.494,0.0,0.506,positive
2010-02-17,apache oil production underway,supply_geopolitics,supply_geopolitics,False,True,False,,oil_core_supply,,0.0,0.0,0.0,1.0,neutral
2010-02-18,racq wants an investigation into petrol prices,consumer_fuel,consumer_fuel,False,False,True,,,fuel_price_or_cost,0.0,0.0,0.0,1.0,neutral
2010-03-15,petrol prices to keep rising,consumer_fuel,consumer_fuel,False,False,True,,,fuel_price_or_cost,0.0,0.0,0.0,1.0,neutral
2010-04-13,ferguson tight lipped on oil exploration,supply_geopolitics,supply_geopolitics,False,True,False,,oil_exploration_drilling,,0.2263,0.275,0.0,0.725,positive
2010-04-25,accc concerned over petrol price service,consumer_fuel,consumer_fuel,False,False,True,,,fuel_price_or_cost,0.0,0.0,0.0,1.0,neutral
2010-04-28,petrol supply safe,supply_geopolitics,supply_geopolitics,False,True,False,,fuel_shortage_security,,0.4404,0.592,0.0,0.408,positive
2010-05-03,surging house prices fuel rate rise speculation,consumer_fuel,consumer_fuel,False,False,True,,,reversed_fuel_price_or_cost,0.0,0.0,0.0,1.0,neutral
2010-05-04,more queries over petrol prices,consumer_fuel,consumer_fuel,False,False,True,,,fuel_price_or_cost,0.0,0.0,0.0,1.0,neutral
2010-05-10,petrol price relief on the way,consumer_fuel,consumer_fuel,False,False,True,,,fuel_price_or_cost,0.4767,0.383,0.0,0.617,positive
2010-05-17,australia to open up seabed for oil exploration,supply_geopolitics,supply_geopolitics,False,True,False,,oil_exploration_drilling,,0.2263,0.213,0.0,0.787,positive
2010-05-18,green groups want oil exploration ban,supply_geopolitics,supply_geopolitics,False,True,False,,oil_exploration_drilling,,-0.34,0.327,0.367,0.306,negative
2010-05-18,oil exploration off margaret river a long process,supply_geopolitics,supply_geopolitics,False,True,False,,oil_exploration_drilling,,0.2263,0.241,0.0,0.759,positive
2010-05-19,big variation in kimberley fuel prices,consumer_fuel,consumer_fuel,False,False,True,,,fuel_price_or_cost,0.0,0.0,0.0,1.0,neutral
2010-05-19,green group fears oil exploration risk,supply_geopolitics,supply_geopolitics,False,True,False,,oil_exploration_drilling,,-0.4588,0.194,0.5,0.306,negative
2010-05-20,whales at risk from oil exploration plan marine,supply_geopolitics,supply_geopolitics,False,True,False,,oil_exploration_drilling,,-0.0516,0.19,0.21,0.6,negative
2010-05-27,mining tax to hit pilbara oil gas project,supply_geopolitics,supply_geopolitics,False,True,False,,oil_policy,,0.0,0.0,0.0,1.0,neutral
2010-05-27,obama to extend oil drilling ban,supply_geopolitics,supply_geopolitics,False,True,False,,oil_exploration_drilling,,-0.4404,0.183,0.387,0.43,negative
2010-06-02,oil company on trial over toxic waste dump,supply_geopolitics,supply_geopolitics,False,True,False,,oil_industry_projects,,-0.6597,0.0,0.474,0.526,negative
2010-06-03,lobster fishers fear petroleum exploration impact,supply_geopolitics,supply_geopolitics,False,True,False,,petroleum_context,,-0.3182,0.209,0.352,0.44,negative
2010-06-04,obama calls off australia trip to deal with oil,supply_geopolitics,supply_geopolitics,False,True,False,,oil_policy,,0.0,0.0,0.0,1.0,neutral
2010-06-09,govt asked to reveal petroleum exploration studies,supply_geopolitics,supply_geopolitics,False,True,False,,petroleum_context,,0.2263,0.241,0.0,0.759,positive
2010-06-17,local voices to be heard on oil drilling,supply_geopolitics,supply_geopolitics,False,True,False,,oil_exploration_drilling,,0.0,0.0,0.0,1.0,neutral
2010-07-02,calls for government to explain oil lease,supply_geopolitics,supply_geopolitics,False,True,False,,oil_exploration_drilling,,0.0,0.0,0.0,1.0,neutral
2010-07-05,oil giant welcomes revised resource tax,supply_geopolitics,supply_geopolitics,False,True,False,,oil_industry_projects,,0.4019,0.351,0.0,0.649,positive
2010-07-06,millions strike over fuel price hike,consumer_fuel,consumer_fuel,False,False,True,,,fuel_price_or_cost,-0.128,0.0,0.231,0.769,negative
2010-07-13,port hedland has countrys most expensive fuel,consumer_fuel,consumer_fuel,False,False,True,,,fuel_price_level,0.0,0.0,0.0,1.0,neutral
2010-07-21,petroleum exploration submissions under review,supply_geopolitics,supply_geopolitics,False,True,False,,petroleum_context,,0.2263,0.322,0.0,0.678,positive
2010-08-02,bushfire report could fuel house price rise hia,consumer_fuel,consumer_fuel,False,False,True,,,fuel_cost_proximity,0.0,0.0,0.0,1.0,neutral
2010-08-06,oil tanker blast a terrorist attack,supply_geopolitics,supply_geopolitics,False,True,False,,strategic_oil_tanker,,-0.8316,0.0,0.722,0.278,negative
2010-08-11,lnp would reinstate qld fuel subsidy,consumer_fuel,consumer_fuel,False,False,True,,,fuel_price_or_cost,0.0,0.0,0.0,1.0,neutral
2010-08-27,fate of biofuel depends on oil price stability,market_prices,market_prices,True,False,False,oil_price,,,0.0,0.0,0.0,1.0,neutral
2010-09-09,petrol prices blatantly unjust ract,consumer_fuel,consumer_fuel,False,False,True,,,fuel_price_or_cost,-0.5106,0.0,0.452,0.548,negative
2010-09-10,bartlett under the pump to curb petrol prices,consumer_fuel,consumer_fuel,False,False,True,,,fuel_price_or_cost,0.0,0.0,0.0,1.0,neutral
2010-09-13,petrol prices near 11 month low,consumer_fuel,consumer_fuel,False,False,True,,,fuel_price_or_cost,-0.2732,0.0,0.296,0.704,negative
2010-09-20,raa keeps close eye on rural fuel prices,consumer_fuel,consumer_fuel,False,False,True,,,fuel_price_or_cost,0.0,0.0,0.0,1.0,neutral
2010-09-21,green light for high risk oil drilling,supply_geopolitics,supply_geopolitics,False,True,False,,oil_exploration_drilling,,-0.2732,0.0,0.259,0.741,negative
2010-10-11,government not likely to restore fuel subsidy,consumer_fuel,consumer_fuel,False,False,True,,,fuel_price_or_cost,-0.2235,0.0,0.239,0.761,negative
2010-10-18,petrol prices tipped to rise despite strong dollar,consumer_fuel,consumer_fuel,False,False,True,,,fuel_price_or_cost,-0.4023,0.0,0.278,0.722,negative
2010-10-22,french police break oil refinery blockade,supply_geopolitics,supply_geopolitics,False,True,False,,oil_geopolitical_event,,0.0,0.0,0.0,1.0,neutral
2010-10-29,mango shortage tipped to fuel price hike,supply_geopolitics,supply_geopolitics;consumer_fuel,False,True,True,,fuel_shortage_security,fuel_price_or_cost,-0.25,0.0,0.25,0.75,negative
2010-11-09,petrol price likely to rise racq,consumer_fuel,consumer_fuel,False,False,True,,,fuel_price_or_cost,0.0,0.0,0.0,1.0,neutral
2010-11-10,impact of cyclones on oil and gas projects,supply_geopolitics,supply_geopolitics,False,True,False,,oil_and_gas_industry,,0.0,0.0,0.0,1.0,neutral
2010-11-22,alice has 2nd highest fuel prices in country,consumer_fuel,consumer_fuel,False,False,True,,,fuel_price_or_cost,0.0,0.0,0.0,1.0,neutral
2010-12-20,dollar offers protection from soaring petrol prices,consumer_fuel,consumer_fuel,False,False,True,,,fuel_price_or_cost,0.0,0.0,0.0,1.0,neutral
2010-12-23,victorian petrol prices set to soar,consumer_fuel,consumer_fuel,False,False,True,,,fuel_price_or_cost,0.0,0.0,0.0,1.0,neutral
2010-12-29,local competition keeping petrol prices down,consumer_fuel,consumer_fuel,False,False,True,,,fuel_price_or_cost,0.0,0.0,0.0,1.0,neutral
2011-01-07,pakistan pm reverses petrol price hike,consumer_fuel,consumer_fuel,False,False,True,,,fuel_price_or_cost,0.0,0.0,0.0,1.0,neutral
2011-01-15,bp signs deal with russian oil giant,supply_geopolitics,supply_geopolitics,False,True,False,,oil_industry_projects,,0.0,0.0,0.0,1.0,neutral
2011-01-18,rural fuel prices on the rise,consumer_fuel,consumer_fuel,False,False,True,,,fuel_price_or_cost,0.0,0.0,0.0,1.0,neutral
2011-01-24,food and fuel shortages on christmas island,supply_geopolitics,supply_geopolitics,False,True,False,,fuel_shortage_security,,-0.1531,0.0,0.211,0.789,negative
2011-02-01,egypt chaos pushes oil prices up,market_prices,market_prices,True,False,False,oil_price,,,-0.5719,0.0,0.425,0.575,negative
2011-02-01,egypt unrest to send petrol prices up,consumer_fuel,consumer_fuel,False,False,True,,,fuel_price_or_cost,0.0,0.0,0.0,1.0,neutral
2011-02-03,oil prices push up qantas airfares,market_prices,market_prices,True,False,False,oil_price,,,0.0,0.0,0.0,1.0,neutral
2011-02-16,brisbane scores most expensive fuel prices in,consumer_fuel,consumer_fuel,False,False,True,,,fuel_price_or_cost,0.0,0.0,0.0,1.0,neutral
2011-02-22,fear of contagion drives oil price surge,market_prices,market_prices,True,False,False,oil_price,,,-0.7351,0.0,0.554,0.446,negative
2011-02-22,green group fears oil drilling to override marine,supply_geopolitics,supply_geopolitics,False,True,False,,oil_exploration_drilling,,-0.4215,0.0,0.286,0.714,negative
2011-02-22,oil soars on libyan unrest,market_prices,market_prices,True,False,False,oil_price_movement,,,0.0,0.0,0.0,1.0,neutral
2011-02-23,christmas island diesel supplies running low,consumer_fuel,consumer_fuel,False,False,True,,,fuel_price_level,-0.2732,0.0,0.296,0.704,negative
2011-02-23,gaddafi orders forces to sabotage oil production,supply_geopolitics,supply_geopolitics,False,True,False,,oil_core_supply,,-0.5267,0.0,0.362,0.638,negative
2011-02-24,oil prices drive fourth straight share slide,market_prices,market_prices,True,False,False,oil_price,,,0.4767,0.451,0.0,0.549,positive
2011-02-24,share market slides on rising oil prices,market_prices,market_prices,True,False,False,oil_price,,,0.296,0.268,0.0,0.732,positive
2011-02-25,fuel prices expected to jump 20 cents,consumer_fuel,consumer_fuel,False,False,True,,,fuel_price_or_cost,0.0,0.0,0.0,1.0,neutral
2011-02-27,bombing shuts down iraqs largest oil refinery,supply_geopolitics,supply_geopolitics,False,True,False,,oil_refinery_operations,,0.0,0.0,0.0,1.0,neutral
2011-02-27,consumers told to brace for petrol price spike,consumer_fuel,consumer_fuel,False,False,True,,,fuel_price_or_cost,0.0,0.0,0.0,1.0,neutral
2011-03-07,market hits five week low on oil concerns,market_prices,market_prices,True,False,False,oil_and_financial_market,,,-0.2732,0.0,0.231,0.769,negative
2011-03-07,petrol prices at 29 month high,consumer_fuel,consumer_fuel,False,False,True,,,fuel_price_or_cost,0.0,0.0,0.0,1.0,neutral
2011-03-09,consumer confidence down on tax petrol fears,consumer_fuel,consumer_fuel,False,False,True,,,reversed_fuel_price_or_cost,0.128,0.297,0.252,0.45,positive
2011-03-09,fuel costs force qantas to lift fares again,consumer_fuel,consumer_fuel,False,False,True,,,fuel_price_or_cost,0.0,0.0,0.0,1.0,neutral
2011-03-15,canberra fuel price tops 150,consumer_fuel,consumer_fuel,False,False,True,,,fuel_price_or_cost,0.5106,0.452,0.0,0.548,positive
2011-03-15,cold weather and fuel shortages challenging,supply_geopolitics,supply_geopolitics,False,True,False,,fuel_shortage_security,,0.0,0.222,0.222,0.556,neutral
2011-03-15,japan aid hampered by cold fuel shortages,supply_geopolitics,supply_geopolitics,False,True,False,,fuel_shortage_security,,-0.1531,0.0,0.211,0.789,negative
2011-03-16,fuel shortages leave thousands of tsunami,supply_geopolitics,supply_geopolitics,False,True,False,,fuel_shortage_security,,-0.2023,0.0,0.412,0.588,negative
2011-03-21,share market down on rising oil prices,market_prices,market_prices,True,False,False,oil_price,,,0.296,0.268,0.0,0.732,positive
2011-03-22,fuel prices in nt highest since 2008,consumer_fuel,consumer_fuel,False,False,True,,,fuel_price_or_cost,0.0,0.0,0.0,1.0,neutral
2011-03-23,rising oil price gives virgin blues,market_prices,market_prices,True,False,False,oil_price,,,0.0,0.0,0.0,1.0,neutral
2011-03-24,company downplays shale oil plant impact,supply_geopolitics,supply_geopolitics,False,True,False,,shale_oil,,0.0,0.0,0.0,1.0,neutral
2011-03-24,qantas increases fares to counter oil price rise,market_prices,market_prices,True,False,False,oil_price,,,0.0,0.0,0.0,1.0,neutral
2011-03-30,qantas cuts staff flights to counter fuel price hit,consumer_fuel,consumer_fuel,False,False,True,,,fuel_price_or_cost,-0.296,0.0,0.216,0.784,negative
2011-03-31,sydney motorists warned of petrol price pain,consumer_fuel,consumer_fuel,False,False,True,,,fuel_price_or_cost,-0.6597,0.0,0.519,0.481,negative
2011-04-04,outback fuel price tipped to rise,consumer_fuel,consumer_fuel,False,False,True,,,fuel_price_or_cost,0.0,0.0,0.0,1.0,neutral
2011-04-05,australia slumps into deficit on oil imports,supply_geopolitics,supply_geopolitics,False,True,False,,oil_core_supply,,-0.4019,0.0,0.31,0.69,negative
2011-04-06,rebels cash in on libyan oil,supply_geopolitics,supply_geopolitics,False,True,False,,oil_geopolitical_event,,-0.2023,0.0,0.265,0.735,negative
2011-04-06,toowoomba has lowest fuel prices in australia,consumer_fuel,consumer_fuel,False,False,True,,,fuel_price_or_cost,-0.3818,0.0,0.302,0.698,negative
2011-04-08,diesel costs too high in wa,consumer_fuel,consumer_fuel,False,False,True,,,fuel_price_or_cost,0.0,0.0,0.0,1.0,neutral
2011-04-11,maps to reveal oil exploration sites,supply_geopolitics,supply_geopolitics,False,True,False,,oil_exploration_drilling,,0.2263,0.275,0.0,0.725,positive
2011-04-11,protesters disrupt oil exploration off nz coast,supply_geopolitics,supply_geopolitics,False,True,False,,oil_exploration_drilling,,0.0,0.216,0.216,0.568,neutral
2011-04-12,remote community runs low on fuel,supply_geopolitics,supply_geopolitics,False,True,False,,fuel_shortage_security,,-0.2732,0.0,0.296,0.704,negative
2011-04-13,crude oil slip boosts airline stocks,market_prices,market_prices,True,False,False,crude_oil,,,-0.34,0.23,0.37,0.4,negative
2011-04-13,refinery closure cuts national fuel security,supply_geopolitics,supply_geopolitics,False,True,False,,oil_refinery_operations,,0.0516,0.279,0.256,0.465,positive
2011-04-13,stocks dive on oil japan fears,market_prices,market_prices,True,False,False,oil_and_financial_market,,,-0.4215,0.0,0.359,0.641,negative
2011-04-18,petrol prices reach new high,consumer_fuel,consumer_fuel,False,False,True,,,fuel_price_or_cost,0.0258,0.216,0.0,0.784,neutral
2011-04-18,rising costs fuel citrus growers worries,consumer_fuel,consumer_fuel,False,False,True,,,reversed_fuel_price_or_cost,-0.4215,0.0,0.359,0.641,negative
2011-04-19,forster petrol prices the highest in the state,consumer_fuel,consumer_fuel,False,False,True,,,fuel_price_or_cost,0.0,0.0,0.0,1.0,neutral
2011-04-20,alice calls for ceiling in fuel prices,consumer_fuel,consumer_fuel,False,False,True,,,fuel_price_or_cost,0.0,0.0,0.0,1.0,neutral
2011-04-20,forster petrol prices part of a cycle,consumer_fuel,consumer_fuel,False,False,True,,,fuel_price_or_cost,0.0,0.0,0.0,1.0,neutral
2011-04-27,bp profit soars on back of oil prices,market_prices,market_prices,True,False,False,oil_price,,,0.4404,0.293,0.0,0.707,positive
2011-04-27,food petrol prices drive up inflation,consumer_fuel,consumer_fuel,False,False,True,,,fuel_price_or_cost,0.0,0.0,0.0,1.0,neutral
2011-04-28,us to buy oil from libyan rebels,supply_geopolitics,supply_geopolitics,False,True,False,,oil_geopolitical_event,,-0.2023,0.0,0.231,0.769,negative
2011-05-03,taxi drivers rev up fuel tax fight,consumer_fuel,consumer_fuel,False,False,True,,,fuel_price_or_cost,-0.3818,0.0,0.302,0.698,negative
2011-05-09,crude price drop could help fuel prices,market_prices,market_prices;consumer_fuel,True,False,True,crude_oil,,fuel_price_or_cost,-0.4767,0.216,0.464,0.32,negative
2011-05-09,disability transport hit by high fuel costs,consumer_fuel,consumer_fuel,False,False,True,,,fuel_price_or_cost,0.0,0.0,0.0,1.0,neutral
2011-05-09,petrol prices tipped to drop,consumer_fuel,consumer_fuel,False,False,True,,,fuel_price_or_cost,-0.2732,0.0,0.344,0.656,negative
2011-05-12,deadline looms to get oil exploration permit,supply_geopolitics,supply_geopolitics,False,True,False,,oil_exploration_drilling,,0.0772,0.224,0.188,0.588,positive
2011-05-16,petrol prices tipped to fall,consumer_fuel,consumer_fuel,False,False,True,,,fuel_price_or_cost,0.0,0.0,0.0,1.0,neutral
2011-05-18,carbon tax needs to leave out fuel oakeshott,consumer_fuel,consumer_fuel,False,False,True,,,reversed_fuel_price_or_cost,-0.0516,0.0,0.146,0.854,negative
2011-05-23,petrol price falls yet to reach motorists,consumer_fuel,consumer_fuel,False,False,True,,,fuel_price_or_cost,0.0258,0.155,0.0,0.845,neutral
2011-05-25,brisbane man accused of oil market scam,market_prices,market_prices,True,False,False,oil_market,,,-0.7096,0.0,0.541,0.459,negative
2011-05-30,service stations warn of rising petrol prices,consumer_fuel,consumer_fuel,False,False,True,,,fuel_price_or_cost,-0.1027,0.0,0.189,0.811,negative
2011-06-02,libya oil defect,supply_geopolitics,supply_geopolitics,False,True,False,,oil_geopolitical_country,,-0.34,0.0,0.545,0.455,negative
2011-06-02,regional fuel prices tipped to fall,consumer_fuel,consumer_fuel,False,False,True,,,fuel_price_or_cost,0.0,0.0,0.0,1.0,neutral
2011-06-06,servos told to explain fuel price discrepancy,consumer_fuel,consumer_fuel,False,False,True,,,fuel_price_or_cost,0.0,0.0,0.0,1.0,neutral
2011-06-24,oil price drops as supplies are boosted,market_prices,market_prices,True,False,False,oil_price,,,0.3612,0.294,0.0,0.706,positive
2011-07-03,pm rules out carbon tax on petrol,consumer_fuel,consumer_fuel,False,False,True,,,reversed_fuel_price_or_cost,0.0,0.0,0.0,1.0,neutral
2011-07-27,regional drivers still awaiting diesel price drop,consumer_fuel,consumer_fuel,False,False,True,,,fuel_price_or_cost,-0.2732,0.0,0.259,0.741,negative
2011-08-15,petrol prices to rise,consumer_fuel,consumer_fuel,False,False,True,,,fuel_price_or_cost,0.0,0.0,0.0,1.0,neutral
2011-08-25,oil companies lead market higher,market_prices,market_prices;supply_geopolitics,True,True,False,oil_and_financial_market,oil_industry_projects,,0.0,0.0,0.0,1.0,neutral
2011-09-03,russia disapproves of eu oil embargo,supply_geopolitics,supply_geopolitics,False,True,False,,oil_policy,,0.0,0.0,0.0,1.0,neutral
2011-09-07,petrol costs dent weekly budget,consumer_fuel,consumer_fuel,False,False,True,,,fuel_price_or_cost,0.0,0.0,0.0,1.0,neutral
2011-09-12,petrol price rise,consumer_fuel,consumer_fuel,False,False,True,,,fuel_price_or_cost,0.0,0.0,0.0,1.0,neutral
2011-09-23,canberra petrol prices rise,consumer_fuel,consumer_fuel,False,False,True,,,fuel_price_or_cost,0.0,0.0,0.0,1.0,neutral
2011-09-27,petrol prices heading up,consumer_fuel,consumer_fuel,False,False,True,,,fuel_price_or_cost,0.0,0.0,0.0,1.0,neutral
2011-09-27,petrol prices on the rise,consumer_fuel,consumer_fuel,False,False,True,,,fuel_price_or_cost,0.0,0.0,0.0,1.0,neutral
2011-09-30,petrol price discrimination claims,consumer_fuel,consumer_fuel,False,False,True,,,fuel_price_or_cost,0.0,0.0,0.0,1.0,neutral
2011-10-07,petrol prices hit 3 year high,consumer_fuel,consumer_fuel,False,False,True,,,fuel_price_or_cost,0.0,0.0,0.0,1.0,neutral
2011-10-21,gaddafi oil market,market_prices,market_prices,True,False,False,oil_market,,,0.0,0.0,0.0,1.0,neutral
2011-11-03,oil company set to drill near yambuk,supply_geopolitics,supply_geopolitics,False,True,False,,oil_industry_projects,,0.0,0.0,0.0,1.0,neutral
2011-11-09,accc to probe brisbanes soaring petrol prices,consumer_fuel,consumer_fuel,False,False,True,,,fuel_price_or_cost,0.0,0.0,0.0,1.0,neutral
2011-11-15,rising fares fuel fall in brisbane bus commuters,consumer_fuel,consumer_fuel,False,False,True,,,fuel_price_movement,0.0,0.0,0.0,1.0,neutral
2011-11-16,shale oil fracking,supply_geopolitics,supply_geopolitics,False,True,False,,shale_oil,,0.0,0.0,0.0,1.0,neutral
2011-11-19,wwf condemns petroleum exploration permits off wa coast,supply_geopolitics,supply_geopolitics,False,True,False,,petroleum_context,,-0.34,0.17,0.295,0.536,negative
2011-11-25,regional petrol prices fuel rip off fears,consumer_fuel,consumer_fuel,False,False,True,,,fuel_price_or_cost,-0.4215,0.0,0.318,0.682,negative
2011-12-05,oil firm awaits recycling plant nod,supply_geopolitics,supply_geopolitics,False,True,False,,oil_industry_projects,,0.0772,0.206,0.0,0.794,positive
2011-12-06,interest rates could fall but diesel price stays,consumer_fuel,consumer_fuel,False,False,True,,,fuel_price_or_cost,0.25,0.222,0.0,0.778,positive
2011-12-07,carbon tax toll on ferry fuel,consumer_fuel,consumer_fuel,False,False,True,,,reversed_fuel_price_or_cost,0.0,0.0,0.0,1.0,neutral
2011-12-16,scullion on fuel price warpath,consumer_fuel,consumer_fuel,False,False,True,,,fuel_price_or_cost,0.0,0.0,0.0,1.0,neutral
2011-12-19,petrol price hits four month low,consumer_fuel,consumer_fuel,False,False,True,,,fuel_price_or_cost,-0.2732,0.0,0.296,0.704,negative
2011-12-21,high petrol prices,consumer_fuel,consumer_fuel,False,False,True,,,fuel_price_or_cost,0.0,0.0,0.0,1.0,neutral
2011-12-21,new watchdogs to monitor oil industry,supply_geopolitics,supply_geopolitics,False,True,False,,oil_industry_projects,,0.0,0.0,0.0,1.0,neutral
2011-12-28,nrma warns of canberra petrol price hikes,consumer_fuel,consumer_fuel,False,False,True,,,fuel_price_or_cost,-0.1027,0.0,0.189,0.811,negative
2011-12-29,adelaide petrol price spike raa,consumer_fuel,consumer_fuel,False,False,True,,,fuel_price_or_cost,0.0,0.0,0.0,1.0,neutral
2012-01-02,price warning over nsw regular unleaded ban,consumer_fuel,consumer_fuel,False,False,True,,,reversed_fuel_price_or_cost,-0.7184,0.0,0.545,0.455,negative
2012-01-13,nigerian workers shut down oil production,supply_geopolitics,supply_geopolitics,False,True,False,,oil_core_supply,,0.0,0.0,0.0,1.0,neutral
2012-01-13,santos commits to new oil project off wa coast,supply_geopolitics,supply_geopolitics,False,True,False,,oil_industry_projects,,0.0258,0.121,0.0,0.879,neutral
2012-01-16,nigeria cuts petrol prices,consumer_fuel,consumer_fuel,False,False,True,,,fuel_price_or_cost,-0.296,0.0,0.423,0.577,negative
2012-01-17,fuel prices to rise,consumer_fuel,consumer_fuel,False,False,True,,,fuel_price_or_cost,0.0,0.0,0.0,1.0,neutral
2012-01-17,iran tension spark fuel price concerns,consumer_fuel,consumer_fuel,False,False,True,,,fuel_price_or_cost,-0.1027,0.232,0.28,0.488,negative
2012-01-20,iran tension spark fuel price concerns,consumer_fuel,consumer_fuel,False,False,True,,,fuel_price_or_cost,-0.1027,0.232,0.28,0.488,negative
2012-01-20,santos commits to new oil project off wa coast,supply_geopolitics,supply_geopolitics,False,True,False,,oil_industry_projects,,0.0258,0.121,0.0,0.879,neutral
2012-01-23,eu slaps ban on iran oil imports,supply_geopolitics,supply_geopolitics,False,True,False,,oil_core_supply,,-0.5574,0.0,0.375,0.625,negative
2012-01-24,australia to follow eu ban on iranian oil,supply_geopolitics,supply_geopolitics,False,True,False,,oil_policy,,-0.5574,0.0,0.34,0.66,negative
2012-01-25,petrol price fuels call for more competition,consumer_fuel,consumer_fuel,False,False,True,,,fuel_price_or_cost,0.0,0.0,0.0,1.0,neutral
2012-01-26,figures show rising fuel price,consumer_fuel,consumer_fuel,False,False,True,,,fuel_price_or_cost,0.0,0.0,0.0,1.0,neutral
2012-02-14,petrol price advocate alice springs council,consumer_fuel,consumer_fuel,False,False,True,,,fuel_price_or_cost,0.0,0.0,0.0,1.0,neutral
2012-02-20,act fuel prices,consumer_fuel,consumer_fuel,False,False,True,,,fuel_price_or_cost,0.0,0.0,0.0,1.0,neutral
2012-02-20,iran stops oil sales to uk france,supply_geopolitics,supply_geopolitics,False,True,False,,oil_geopolitical_country,,-0.1531,0.0,0.211,0.789,negative
2012-02-21,oil and gas exploration doubles,supply_geopolitics,supply_geopolitics,False,True,False,,oil_and_gas_industry,,0.2263,0.322,0.0,0.678,positive
2012-02-28,iran tensions send oil prices soaring,market_prices,market_prices;supply_geopolitics,True,True,False,oil_price,oil_geopolitical_event,,-0.4019,0.0,0.351,0.649,negative
2012-02-29,henderson on coastal oil exploration,supply_geopolitics,supply_geopolitics,False,True,False,,oil_exploration_drilling,,0.2263,0.322,0.0,0.678,positive
2012-02-29,kohler oil reserves shift global markets,market_prices,market_prices;supply_geopolitics,True,True,False,oil_and_financial_market,oil_core_supply,,0.0,0.0,0.0,1.0,neutral
2012-03-12,union calls for subsidies for oil refiners,supply_geopolitics,supply_geopolitics,False,True,False,,oil_policy,,0.0,0.0,0.0,1.0,neutral
2012-03-13,price hikes fuel obama disapproval,consumer_fuel,consumer_fuel,False,False,True,,,reversed_fuel_price_or_cost,0.0,0.0,0.0,1.0,neutral
2012-03-26,oil price more threatening than european,market_prices,market_prices,True,False,False,oil_price,,,-0.5709,0.0,0.425,0.575,negative
2012-03-30,cattlemen meet to talk live exports and fuel costs,consumer_fuel,consumer_fuel,False,False,True,,,fuel_price_or_cost,0.0,0.0,0.0,1.0,neutral
2012-03-30,qantas increases fuel surcharges,consumer_fuel,consumer_fuel,False,False,True,,,fuel_price_or_cost,0.0,0.0,0.0,1.0,neutral
2012-04-05,chamber mines fuel tax credits,consumer_fuel,consumer_fuel,False,False,True,,,fuel_price_or_cost,0.3612,0.385,0.0,0.615,positive
2012-04-10,petrol prices headed for record high,consumer_fuel,consumer_fuel,False,False,True,,,fuel_price_or_cost,0.0,0.0,0.0,1.0,neutral
2012-04-11,high fuel prices hampering cotton harvest,consumer_fuel,consumer_fuel,False,False,True,,,fuel_price_or_cost,0.0,0.0,0.0,1.0,neutral
2012-04-11,tax plans fuel farm fears,consumer_fuel,consumer_fuel,False,False,True,,,reversed_fuel_price_or_cost,-0.4215,0.0,0.412,0.588,negative
2012-04-15,dispute over oil escalates in south sudan,supply_geopolitics,supply_geopolitics,False,True,False,,oil_geopolitical_event,,-0.4019,0.0,0.31,0.69,negative
2012-05-03,accc to probe price fixing among fuel retailers,consumer_fuel,consumer_fuel,False,False,True,,,reversed_fuel_price_or_cost,0.0,0.0,0.0,1.0,neutral
2012-05-04,accc to probe petrol price fixing concerns,consumer_fuel,consumer_fuel,False,False,True,,,fuel_price_or_cost,0.0,0.0,0.0,1.0,neutral
2012-05-04,henderson on accc fuel price inquiry,consumer_fuel,consumer_fuel,False,False,True,,,fuel_price_or_cost,0.0,0.0,0.0,1.0,neutral
2012-05-04,motoring groups welcome petrol price fixing probe,consumer_fuel,consumer_fuel,False,False,True,,,fuel_price_or_cost,0.4588,0.333,0.0,0.667,positive
2012-05-07,new permits for oil and gas exploration,supply_geopolitics,supply_geopolitics,False,True,False,,oil_exploration_drilling,,0.2263,0.241,0.0,0.759,positive
2012-05-14,lng ferguson petroleum exploration acreage,supply_geopolitics,supply_geopolitics,False,True,False,,petroleum_context,,0.2263,0.322,0.0,0.678,positive
2012-05-16,regions fuel prices highest in state,consumer_fuel,consumer_fuel,False,False,True,,,fuel_price_or_cost,0.0,0.0,0.0,1.0,neutral
2012-05-17,fuel prices,consumer_fuel,consumer_fuel,False,False,True,,,fuel_price_or_cost,0.0,0.0,0.0,1.0,neutral
2012-05-24,motorists see little benefit from crude oil plunge,market_prices,market_prices,True,False,False,crude_oil,,,-0.1851,0.223,0.283,0.494,negative
2012-05-29,area opens for oil and gas exploration,supply_geopolitics,supply_geopolitics,False,True,False,,oil_and_gas_industry,,0.2263,0.241,0.0,0.759,positive
2012-05-29,canberra petrol price hike,consumer_fuel,consumer_fuel,False,False,True,,,fuel_price_or_cost,0.0,0.0,0.0,1.0,neutral
2012-06-07,shell to close clyde oil refinery,supply_geopolitics,supply_geopolitics,False,True,False,,oil_refinery_operations,,0.0,0.0,0.0,1.0,neutral
2012-06-15,country petrol price fuels anger,consumer_fuel,consumer_fuel,False,False,True,,,fuel_price_or_cost,-0.5719,0.0,0.481,0.519,negative
2012-06-15,petrol price fuels competition concerns,consumer_fuel,consumer_fuel,False,False,True,,,fuel_price_or_cost,0.0,0.0,0.0,1.0,neutral
2012-06-28,iran signs up 11 oil tankers under the tuvalu flag,supply_geopolitics,supply_geopolitics,False,True,False,,oil_geopolitical_country,,0.0,0.0,0.0,1.0,neutral
2012-06-28,regional drivers still awaiting cheaper fuel,consumer_fuel,consumer_fuel,False,False,True,,,fuel_price_level,0.0,0.0,0.0,1.0,neutral
2012-06-29,chief minister calls in accc over petrol prices,consumer_fuel,consumer_fuel,False,False,True,,,fuel_price_or_cost,0.0,0.0,0.0,1.0,neutral
2012-07-02,diesel shortage fuels calls for more competition,supply_geopolitics,supply_geopolitics,False,True,False,,fuel_shortage_security,,-0.25,0.0,0.25,0.75,negative
2012-07-03,regional petrol prices,consumer_fuel,consumer_fuel,False,False,True,,,fuel_price_or_cost,0.0,0.0,0.0,1.0,neutral
2012-07-05,petrol prices fuel call for accc probe,consumer_fuel,consumer_fuel,False,False,True,,,fuel_price_or_cost,0.0,0.0,0.0,1.0,neutral
2012-07-26,fears for fuel supply caltex refinery closure,supply_geopolitics,supply_geopolitics,False,True,False,,oil_refinery_operations,,-0.4215,0.0,0.318,0.682,negative
2012-08-08,mid west oil reserves open for exploration,supply_geopolitics,supply_geopolitics,False,True,False,,oil_core_supply,,0.2263,0.241,0.0,0.759,positive
2012-08-13,fears transport costs to fuel food price rise,consumer_fuel,consumer_fuel,False,False,True,,,reversed_fuel_price_or_cost,-0.4215,0.0,0.286,0.714,negative
2012-08-22,raa welcomes move on petrol price displays,consumer_fuel,consumer_fuel,False,False,True,,,fuel_price_or_cost,0.4019,0.31,0.0,0.69,positive
2012-08-27,country drivers warned of rising fuel prices,consumer_fuel,consumer_fuel,False,False,True,,,fuel_price_or_cost,-0.2732,0.0,0.259,0.741,negative
2012-08-27,geraldton drivers warned of fuel price rise,consumer_fuel,consumer_fuel,False,False,True,,,fuel_price_or_cost,-0.2732,0.0,0.259,0.741,negative
2012-08-28,drivers warned of fuel price rise,consumer_fuel,consumer_fuel,False,False,True,,,fuel_price_or_cost,-0.2732,0.0,0.296,0.704,negative
2012-08-30,oil company admits guilt in montara disaster,supply_geopolitics,supply_geopolitics,False,True,False,,oil_industry_projects,,-0.6124,0.177,0.5,0.323,negative
2012-09-02,new law bans display of discounted fuel prices,consumer_fuel,consumer_fuel,False,False,True,,,fuel_price_or_cost,0.0516,0.146,0.0,0.854,positive
2012-09-13,iran hiding oil off the coast of malaysia,supply_geopolitics,supply_geopolitics,False,True,False,,oil_geopolitical_country,,-0.296,0.0,0.239,0.761,negative
2012-09-27,greens to push ahead with low aromatic fuel bill,consumer_fuel,consumer_fuel,False,False,True,,,fuel_price_or_cost,-0.2732,0.0,0.208,0.792,negative
2012-10-04,price of crude oil drops sharply,market_prices,market_prices,True,False,False,crude_oil,,,-0.5719,0.0,0.425,0.575,negative
2012-10-09,queensland auctions oil and gas exploration rights,supply_geopolitics,supply_geopolitics,False,True,False,,oil_and_gas_industry,,0.2263,0.241,0.0,0.759,positive
2012-10-11,regional fuel prices similar to melbourne,consumer_fuel,consumer_fuel,False,False,True,,,fuel_price_or_cost,0.0,0.0,0.0,1.0,neutral
2012-10-19,bowser shock as petrol prices rise,consumer_fuel,consumer_fuel,False,False,True,,,fuel_price_or_cost,-0.3818,0.0,0.342,0.658,negative
2012-10-19,canberra petrol prices cause bowser shock,consumer_fuel,consumer_fuel,False,False,True,,,fuel_price_or_cost,-0.3818,0.0,0.342,0.658,negative
2012-10-19,retail discounts blamed for petrol price spike,consumer_fuel,consumer_fuel,False,False,True,,,fuel_price_or_cost,-0.4767,0.0,0.341,0.659,negative
2012-11-12,oil and gas industry denies environmental,supply_geopolitics,supply_geopolitics,False,True,False,,oil_and_gas_industry,,-0.4215,0.0,0.359,0.641,negative
2012-12-06,diesel shortage fears aired,supply_geopolitics,supply_geopolitics,False,True,False,,fuel_shortage_security,,-0.5859,0.0,0.706,0.294,negative
2012-12-06,diesel shortage hampers harvest,supply_geopolitics,supply_geopolitics,False,True,False,,fuel_shortage_security,,-0.25,0.0,0.4,0.6,negative
2012-12-06,global pressures blamed for petrol price record,consumer_fuel,consumer_fuel,False,False,True,,,fuel_price_or_cost,-0.6597,0.0,0.519,0.481,negative
2012-12-10,diesel crisis over after refinery boosts production,supply_geopolitics,supply_geopolitics,False,True,False,,oil_refinery_operations,,-0.4215,0.202,0.36,0.439,negative
2012-12-11,biodiesel answer to diesel shortage,supply_geopolitics,supply_geopolitics,False,True,False,,fuel_shortage_security,,-0.25,0.0,0.333,0.667,negative
2012-12-11,diesel shortage hits bee hive transport,supply_geopolitics,supply_geopolitics,False,True,False,,fuel_shortage_security,,-0.25,0.0,0.286,0.714,negative
2012-12-11,raa expects fuel supply to improve,supply_geopolitics,supply_geopolitics,False,True,False,,fuel_shortage_security,,0.4404,0.367,0.0,0.633,positive
2012-12-13,diesel shortage highlights vulnerability,supply_geopolitics,supply_geopolitics,False,True,False,,fuel_shortage_security,,-0.4404,0.0,0.661,0.339,negative
2012-12-17,lower petrol prices predicted for christmas,consumer_fuel,consumer_fuel,False,False,True,,,fuel_price_or_cost,-0.296,0.0,0.306,0.694,negative
2012-12-21,petrol prices rise ahead of holiday weekend,consumer_fuel,consumer_fuel,False,False,True,,,fuel_price_or_cost,0.4019,0.31,0.0,0.69,positive
2013-01-10,govt defers decision on ki oil exploration,supply_geopolitics,supply_geopolitics,False,True,False,,oil_exploration_drilling,,0.2263,0.241,0.0,0.759,positive
2013-01-24,very early days for shale oil in australia,supply_geopolitics,supply_geopolitics,False,True,False,,shale_oil,,0.0,0.0,0.0,1.0,neutral
2013-01-28,share prices rise after shale oil find,market_prices,market_prices;supply_geopolitics,True,True,False,oil_and_financial_market,shale_oil,,0.296,0.268,0.0,0.732,positive
2013-01-29,linc energys shale oil bonanza the find that might,supply_geopolitics,supply_geopolitics,False,True,False,,shale_oil,,0.0,0.0,0.0,1.0,neutral
2013-02-01,explosion rocks offices of mexican oil giant pemex,supply_geopolitics,supply_geopolitics,False,True,False,,oil_industry_projects,,0.0,0.0,0.0,1.0,neutral
2013-02-08,country petrol prices fuel raa anger,consumer_fuel,consumer_fuel,False,False,True,,,fuel_price_or_cost,-0.5719,0.0,0.425,0.575,negative
2013-02-11,global demand fuels soaring petrol prices,consumer_fuel,consumer_fuel,False,False,True,,,fuel_price_or_cost,-0.128,0.0,0.231,0.769,negative
2013-02-13,qld government approves commercial shale oil industry,supply_geopolitics,supply_geopolitics,False,True,False,,shale_oil,,0.4019,0.31,0.0,0.69,positive
2013-02-13,queensland moves to build shale oil industry,supply_geopolitics,supply_geopolitics,False,True,False,,shale_oil,,0.0,0.0,0.0,1.0,neutral
2013-02-15,shale oil potential to take time to develop,supply_geopolitics,supply_geopolitics,False,True,False,,shale_oil,,0.0,0.0,0.0,1.0,neutral
2013-02-19,petrol price spike wont last: commissioner,consumer_fuel,consumer_fuel,False,False,True,,,fuel_price_or_cost,0.0,0.0,0.0,1.0,neutral
2013-02-25,caltex boosts profit on rising fuel margins,consumer_fuel,consumer_fuel,False,False,True,,,fuel_price_level,0.6369,0.51,0.0,0.49,positive
2013-02-25,oil prices to drop as shale oil flows,market_prices,market_prices;supply_geopolitics,True,True,False,oil_price,shale_oil,,-0.2732,0.0,0.231,0.769,negative
2013-02-25,petrol price jumps to near year high,consumer_fuel,consumer_fuel,False,False,True,,,fuel_price_or_cost,0.0,0.0,0.0,1.0,neutral
2013-02-25,shale oil revolution,supply_geopolitics,supply_geopolitics,False,True,False,,shale_oil,,0.0,0.0,0.0,1.0,neutral
2013-02-26,fuel prices worry nt tourism industry,consumer_fuel,consumer_fuel,False,False,True,,,fuel_price_or_cost,-0.4404,0.0,0.367,0.633,negative
2013-02-27,nt fuel prices defy logic says aant,consumer_fuel,consumer_fuel,False,False,True,,,fuel_price_or_cost,0.0,0.0,0.0,1.0,neutral
2013-02-27,petrol excise change made australia less fuel efficient,consumer_fuel,consumer_fuel,False,False,True,,,fuel_price_or_cost,0.3657,0.265,0.0,0.735,positive
2013-03-04,oil and gas exploration grows while resources shrinks,supply_geopolitics,supply_geopolitics,False,True,False,,oil_and_gas_industry,,0.2263,0.213,0.0,0.787,positive
2013-03-15,indonesias president signals fuel subsidy reform,consumer_fuel,consumer_fuel,False,False,True,,,fuel_price_or_cost,0.0,0.0,0.0,1.0,neutral
2013-03-28,easter petrol prices fuel raa anger,consumer_fuel,consumer_fuel,False,False,True,,,fuel_price_or_cost,-0.5719,0.0,0.425,0.575,negative
2013-04-11,bids made for onshore petroleum exploration,supply_geopolitics,supply_geopolitics,False,True,False,,petroleum_context,,0.2263,0.275,0.0,0.725,positive
2013-04-22,motorists enjoy steep petrol price falls,consumer_fuel,consumer_fuel,False,False,True,,,fuel_price_or_cost,0.4939,0.39,0.0,0.61,positive
2013-04-23,petrol price plunge,consumer_fuel,consumer_fuel,False,False,True,,,fuel_price_or_cost,0.0,0.0,0.0,1.0,neutral
2013-05-02,communitys fears as shale oil production begins,supply_geopolitics,supply_geopolitics,False,True,False,,shale_oil,,-0.4215,0.0,0.318,0.682,negative
2013-05-02,residents demand answers after new shale oil plant,supply_geopolitics,supply_geopolitics,False,True,False,,shale_oil,,-0.128,0.0,0.176,0.824,negative
2013-05-06,indonesias fuel subsidy costing the country,consumer_fuel,consumer_fuel,False,False,True,,,fuel_price_or_cost,0.0,0.0,0.0,1.0,neutral
2013-05-10,calls for consistent petrol price displays,consumer_fuel,consumer_fuel,False,False,True,,,fuel_price_or_cost,0.0,0.0,0.0,1.0,neutral
2013-05-14,farming to take hell of a hit if fuel tax break,consumer_fuel,consumer_fuel,False,False,True,,,fuel_price_or_cost,-0.6808,0.0,0.338,0.662,negative
2013-05-16,britain pledges action as eu widens oil price probe,market_prices,market_prices,True,False,False,oil_price,,,0.0,0.0,0.0,1.0,neutral
2013-05-16,european commission raids offices in fuel price,consumer_fuel,consumer_fuel,False,False,True,,,fuel_price_or_cost,0.0,0.0,0.0,1.0,neutral
2013-05-19,afghanistan aiming for commercial oil production,supply_geopolitics,supply_geopolitics,False,True,False,,oil_core_supply,,0.0,0.0,0.0,1.0,neutral
2013-05-20,petrol prices set to surge on dollar decline,consumer_fuel,consumer_fuel,False,False,True,,,fuel_price_or_cost,0.0,0.0,0.0,1.0,neutral
2013-05-27,petrol prices jump with more rises likely,consumer_fuel,consumer_fuel,False,False,True,,,fuel_price_or_cost,0.0,0.0,0.0,1.0,neutral
2013-05-27,red tape limiting oil and gas industry productivity,supply_geopolitics,supply_geopolitics,False,True,False,,oil_and_gas_industry,,0.0,0.0,0.0,1.0,neutral
2013-06-12,calls to dump indonesias fuel subsidies,consumer_fuel,consumer_fuel,False,False,True,,,fuel_price_or_cost,-0.3818,0.0,0.342,0.658,negative
2013-06-14,indonesian vice president says action needed on fuel subsidy,consumer_fuel,consumer_fuel,False,False,True,,,fuel_price_or_cost,0.0,0.0,0.0,1.0,neutral
2013-06-17,accc asked to probe high fuel prices,consumer_fuel,consumer_fuel,False,False,True,,,fuel_price_or_cost,0.0,0.0,0.0,1.0,neutral
2013-06-18,indonesia mps seal fuel price hike after backing help for po,consumer_fuel,consumer_fuel,False,False,True,,,fuel_price_or_cost,-0.2023,0.247,0.234,0.519,negative
2013-06-18,oil price hits nine month peak,market_prices,market_prices,True,False,False,oil_price,,,0.0,0.0,0.0,1.0,neutral
2013-06-18,protests over indonesian fuel price rise,consumer_fuel,consumer_fuel,False,False,True,,,fuel_price_or_cost,-0.2263,0.0,0.275,0.725,negative
2013-06-21,fonterra oil drilling,supply_geopolitics,supply_geopolitics,False,True,False,,oil_exploration_drilling,,0.0,0.0,0.0,1.0,neutral
2013-06-22,indonesia fuel price hike,consumer_fuel,consumer_fuel,False,False,True,,,fuel_price_or_cost,0.0,0.0,0.0,1.0,neutral
2013-07-08,train carrying crude oil crashes in canadian twon,market_prices,market_prices,True,False,False,crude_oil,,,-0.5719,0.0,0.346,0.654,negative
2013-07-09,business under the pump as petrol prices skyrocket,consumer_fuel,consumer_fuel,False,False,True,,,fuel_price_or_cost,0.0,0.0,0.0,1.0,neutral
2013-07-10,canberra drivers feeling petrol price pain,consumer_fuel,consumer_fuel,False,False,True,,,fuel_price_or_cost,-0.4215,0.17,0.375,0.455,negative
2013-07-12,larissa lee arnhem mla fuel costs questioned,consumer_fuel,consumer_fuel,False,False,True,,,fuel_price_or_cost,-0.1027,0.0,0.189,0.811,negative
2013-07-15,mla's fuel bill sparks more questions,consumer_fuel,consumer_fuel,False,False,True,,,fuel_price_or_cost,0.0,0.0,0.0,1.0,neutral
2013-07-16,how will higher production of oil in the united,supply_geopolitics,supply_geopolitics,False,True,False,,oil_core_supply,,0.4215,0.259,0.0,0.741,positive
2013-07-18,aog petroleum exploration application nt environment centre rea,supply_geopolitics,supply_geopolitics,False,True,False,,petroleum_context,,0.2263,0.213,0.0,0.787,positive
2013-07-18,petrol pump price pain,consumer_fuel,consumer_fuel,False,False,True,,,pump_prices,-0.5106,0.0,0.524,0.476,negative
2013-07-22,adelaide petrol prices jump to five year high,consumer_fuel,consumer_fuel,False,False,True,,,fuel_price_or_cost,0.0,0.0,0.0,1.0,neutral
2013-07-25,perth petrol prices soar,consumer_fuel,consumer_fuel,False,False,True,,,fuel_price_or_cost,0.0,0.0,0.0,1.0,neutral
2013-07-26,regions warned of looming fuel price rise,consumer_fuel,consumer_fuel,False,False,True,,,fuel_price_or_cost,-0.3818,0.0,0.419,0.581,negative
2013-07-29,saudi arabia oil opec prince alwaleed,supply_geopolitics,supply_geopolitics,False,True,False,,opec,,0.0,0.0,0.0,1.0,neutral
2013-07-30,nt fuel price rises and shopper discount follow woolworths coles,consumer_fuel,consumer_fuel,False,False,True,,,fuel_price_or_cost,0.0,0.0,0.0,1.0,neutral
2013-07-31,petrol price rating scheme fuels call for more,consumer_fuel,consumer_fuel,False,False,True,,,fuel_price_or_cost,0.0,0.0,0.0,1.0,neutral
2013-08-09,conern over shale gas oil exploration,supply_geopolitics,supply_geopolitics,False,True,False,,oil_exploration_drilling,,0.2263,0.275,0.0,0.725,positive
2013-08-13,petrol price ratings fuel call for legitimate,consumer_fuel,consumer_fuel,False,False,True,,,fuel_price_or_cost,0.0,0.0,0.0,1.0,neutral
2013-08-14,fuel price rating another slug for coober pedy,consumer_fuel,consumer_fuel,False,False,True,,,fuel_price_or_cost,0.0,0.0,0.0,1.0,neutral
2013-08-22,objections to shale oil and gas exploration,supply_geopolitics,supply_geopolitics,False,True,False,,shale_oil,,0.2263,0.241,0.0,0.759,positive
2013-08-28,oil price petrol prices syria war,market_prices,market_prices;supply_geopolitics;consumer_fuel,True,True,True,oil_price,oil_geopolitical_event,fuel_price_or_cost,-0.5994,0.0,0.438,0.562,negative
2013-09-01,nsw cracks down on discount fuel prices at petrol stations,consumer_fuel,consumer_fuel,False,False,True,,,fuel_price_or_cost,0.0,0.0,0.0,1.0,neutral
2013-09-06,confusing petrol price displays fuel racq anger,consumer_fuel,consumer_fuel,False,False,True,,,fuel_price_or_cost,-0.6808,0.0,0.528,0.472,negative
2013-09-16,fuel prices,consumer_fuel,consumer_fuel,False,False,True,,,fuel_price_or_cost,0.0,0.0,0.0,1.0,neutral
2013-09-16,oil industry educates shoppers,supply_geopolitics,supply_geopolitics,False,True,False,,oil_industry_projects,,0.0,0.0,0.0,1.0,neutral
2013-09-17,syria tensions push crude prices lower,market_prices,market_prices,True,False,False,crude_oil,,,-0.8225,0.0,0.741,0.259,negative
2013-09-18,shale oil and gas debate in tasmania,supply_geopolitics,supply_geopolitics,False,True,False,,shale_oil,,0.0,0.0,0.0,1.0,neutral
2013-09-21,russia considers charging greenpeace activists over oil protest,supply_geopolitics,supply_geopolitics,False,True,False,,oil_geopolitical_country,,-0.25,0.0,0.222,0.778,negative
2013-09-24,easing tensions flow to oil supply,supply_geopolitics,supply_geopolitics,False,True,False,,oil_core_supply,,-0.1779,0.23,0.31,0.46,negative
2013-09-26,russia remands greenpeace activists over arctic oil protest,supply_geopolitics,supply_geopolitics,False,True,False,,oil_geopolitical_country,,-0.25,0.0,0.222,0.778,negative
2013-10-04,oil firm still mapping exploration wells,supply_geopolitics,supply_geopolitics,False,True,False,,oil_industry_projects,,0.4404,0.494,0.0,0.506,positive
2013-10-08,no fuel shortages reported in sa raa,supply_geopolitics,supply_geopolitics,False,True,False,,fuel_shortage_security,,-0.4215,0.0,0.432,0.568,negative
2013-10-08,racq flags petrol shortage after tanker fleet grounded,supply_geopolitics,supply_geopolitics,False,True,False,,fuel_shortage_security,,-0.25,0.0,0.222,0.778,negative
2013-10-17,oil deal for wyndham port,supply_geopolitics,supply_geopolitics,False,True,False,,oil_policy,,0.0,0.0,0.0,1.0,neutral
2013-10-17,petrol price signs fuel calls for regional drivers,consumer_fuel,consumer_fuel,False,False,True,,,fuel_price_or_cost,0.0,0.0,0.0,1.0,neutral
2013-10-22,oil price falls on questions over demand,market_prices,market_prices,True,False,False,oil_price,,,-0.128,0.0,0.2,0.8,negative
2013-10-28,petrol price gouging,consumer_fuel,consumer_fuel,False,False,True,,,fuel_price_or_cost,0.0,0.0,0.0,1.0,neutral
2013-10-28,petrol prices tipped to fall,consumer_fuel,consumer_fuel,False,False,True,,,fuel_price_or_cost,0.0,0.0,0.0,1.0,neutral
2013-10-28,qer dispelling shale oil myths,supply_geopolitics,supply_geopolitics,False,True,False,,shale_oil,,0.0,0.0,0.0,1.0,neutral
2013-10-29,blue energy drilling near roma fails to find significant oil,supply_geopolitics,supply_geopolitics,False,True,False,,oil_exploration_drilling,,0.0258,0.285,0.204,0.511,neutral
2013-11-18,coal mining shale oil gas minerals resources tasmania china,supply_geopolitics,supply_geopolitics,False,True,False,,shale_oil,,0.0,0.0,0.0,1.0,neutral
2013-11-18,mining coal shale oil gas,supply_geopolitics,supply_geopolitics,False,True,False,,shale_oil,,0.0,0.0,0.0,1.0,neutral
2013-11-26,oil prices drop,market_prices,market_prices,True,False,False,oil_price,,,-0.2732,0.0,0.512,0.488,negative
2013-11-26,project underway to improve deep sea oil and gas pipelines,supply_geopolitics,supply_geopolitics,False,True,False,,oil_and_gas_industry,,0.4404,0.244,0.0,0.756,positive
2013-12-03,raa worried country city fuel price divide growing,consumer_fuel,consumer_fuel,False,False,True,,,fuel_price_or_cost,-0.128,0.172,0.222,0.606,negative
2013-12-06,keith alone in raas fuel price fairness rating,consumer_fuel,consumer_fuel,False,False,True,,,fuel_price_or_cost,-0.25,0.0,0.222,0.778,negative
2013-12-12,petrol prices in territory highest retail margin in australia,consumer_fuel,consumer_fuel,False,False,True,,,fuel_price_or_cost,0.0,0.0,0.0,1.0,neutral
2013-12-16,oil and gas industry faces skills shortage,supply_geopolitics,supply_geopolitics,False,True,False,,oil_and_gas_industry,,-0.25,0.0,0.25,0.75,negative
2013-12-16,richard cottee central petroleum license,supply_geopolitics,supply_geopolitics,False,True,False,,petroleum_context,,0.0,0.0,0.0,1.0,neutral
2013-12-23,protest over oil and gas exploration plan off kangaroo island,supply_geopolitics,supply_geopolitics,False,True,False,,oil_and_gas_industry,,-0.0258,0.16,0.168,0.672,neutral
2013-12-29,saudi oil platform,supply_geopolitics,supply_geopolitics,False,True,False,,oil_geopolitical_country,,0.0,0.0,0.0,1.0,neutral
2013-12-30,end to misleading petrol prices,consumer_fuel,consumer_fuel,False,False,True,,,fuel_price_or_cost,-0.4019,0.0,0.403,0.597,negative
2014-01-01,gaza fuel shortage halts garbage collection,supply_geopolitics,supply_geopolitics,False,True,False,,fuel_shortage_security,,-0.25,0.0,0.286,0.714,negative
2014-01-07,nt fuel prices rise again 12c above national average,consumer_fuel,consumer_fuel,False,False,True,,,fuel_price_or_cost,0.0,0.0,0.0,1.0,neutral
2014-01-07,petrol price soars more pain at the pump ahead,consumer_fuel,consumer_fuel,False,False,True,,,fuel_price_or_cost,-0.5563,0.0,0.31,0.69,negative
2014-01-09,darwin fuel prices retailer ripoff claims fuel track,consumer_fuel,consumer_fuel,False,False,True,,,fuel_price_or_cost,0.0,0.0,0.0,1.0,neutral
2014-01-09,rising fuel prices,consumer_fuel,consumer_fuel,False,False,True,,,fuel_price_or_cost,0.0,0.0,0.0,1.0,neutral
2014-01-11,south sudan claims recapture of oil producing state from rebels,supply_geopolitics,supply_geopolitics,False,True,False,,oil_core_supply,,-0.2023,0.0,0.167,0.833,negative
2014-01-22,petrol prices unjustified racq,consumer_fuel,consumer_fuel,False,False,True,,,fuel_price_or_cost,0.0,0.0,0.0,1.0,neutral
2014-02-06,company gets green light to look for shale oil deposits in firs,supply_geopolitics,supply_geopolitics,False,True,False,,shale_oil,,0.0,0.0,0.0,1.0,neutral
2014-02-25,arid lands environment centre oil licence,supply_geopolitics,supply_geopolitics,False,True,False,,oil_exploration_drilling,,0.0,0.0,0.0,1.0,neutral
2014-02-25,central petroleum licence oil eis epa,supply_geopolitics,supply_geopolitics,False,True,False,,petroleum_context,,0.0,0.0,0.0,1.0,neutral
2014-02-25,oil licence central petroleum amadeus basin clc,supply_geopolitics,supply_geopolitics,False,True,False,,oil_exploration_drilling,,0.0,0.0,0.0,1.0,neutral
2014-03-13,submissions on petroleum exploration licence in lithgow area,supply_geopolitics,supply_geopolitics,False,True,False,,petroleum_context,,0.2263,0.213,0.0,0.787,positive
2014-03-17,us seals seize oil tanker,supply_geopolitics,supply_geopolitics,False,True,False,,strategic_oil_tanker,,0.0,0.0,0.0,1.0,neutral
2014-03-18,fuel price wadeye riots claim councillor andrew brown,consumer_fuel,consumer_fuel,False,False,True,,,fuel_price_or_cost,-0.5106,0.0,0.32,0.68,negative
2014-03-21,wadeye diesel fuel cost follow,consumer_fuel,consumer_fuel,False,False,True,,,fuel_price_or_cost,0.0,0.0,0.0,1.0,neutral
2014-03-26,petroleum exploration legal liability,supply_geopolitics,supply_geopolitics,False,True,False,,petroleum_context,,0.1531,0.548,0.29,0.161,positive
2014-04-02,parkinson treasury gst tax reform fuel excise,consumer_fuel,consumer_fuel,False,False,True,,,fuel_price_or_cost,0.2023,0.231,0.0,0.769,positive
2014-04-04,raa warns any fuel excise increase a threat to,consumer_fuel,consumer_fuel,False,False,True,,,fuel_price_or_cost,-0.3612,0.19,0.397,0.413,negative
2014-04-13,china's biggest oil company blamed for toxic water contami,supply_geopolitics,supply_geopolitics,False,True,False,,oil_industry_projects,,-0.4767,0.0,0.279,0.721,negative
2014-04-23,waste oil cuts,supply_geopolitics,supply_geopolitics,False,True,False,,oil_policy,,-0.6124,0.0,0.833,0.167,negative
2014-04-29,petrol price discrepancy fuels council probe,consumer_fuel,consumer_fuel,False,False,True,,,fuel_price_or_cost,0.0,0.0,0.0,1.0,neutral
2014-04-30,china iran us oil missiles,supply_geopolitics,supply_geopolitics,False,True,False,,oil_geopolitical_country,,0.0,0.0,0.0,1.0,neutral
2014-05-08,government mp speaks out against fuel tax rise,consumer_fuel,consumer_fuel,False,False,True,,,fuel_price_or_cost,0.0,0.0,0.0,1.0,neutral
2014-05-08,government poised to increase fuel excise tax,consumer_fuel,consumer_fuel,False,False,True,,,fuel_price_or_cost,0.5106,0.462,0.0,0.538,positive
2014-05-08,government poised to increase fuel tax,consumer_fuel,consumer_fuel,False,False,True,,,fuel_price_or_cost,0.5106,0.518,0.0,0.482,positive
2014-05-08,is increasing the fuel excise a brave step,consumer_fuel,consumer_fuel,False,False,True,,,fuel_price_or_cost,0.5267,0.362,0.0,0.638,positive
2014-05-09,budget opposition condemns increasing fuel excise,consumer_fuel,consumer_fuel,False,False,True,,,fuel_price_or_cost,-0.5106,0.0,0.398,0.602,negative
2014-05-09,fears fuel excise increase will hit tasmanians harder,consumer_fuel,consumer_fuel,False,False,True,,,fuel_price_or_cost,-0.128,0.207,0.252,0.541,negative
2014-05-09,fears higher fuel prices to put brakes on gold,consumer_fuel,consumer_fuel,False,False,True,,,fuel_price_or_cost,-0.4215,0.0,0.259,0.741,negative
2014-05-09,fuel excise angers nrma,consumer_fuel,consumer_fuel,False,False,True,,,fuel_price_or_cost,-0.5106,0.0,0.524,0.476,negative
2014-05-09,greens criticise increasing the fuel excise,consumer_fuel,consumer_fuel,False,False,True,,,fuel_price_or_cost,-0.4404,0.0,0.367,0.633,negative
2014-05-11,fuel excise to increase in line with inflation,consumer_fuel,consumer_fuel,False,False,True,,,fuel_price_or_cost,0.3182,0.247,0.0,0.753,positive
2014-05-14,fuel excise and cuts to indigenous programs will hurt regional,consumer_fuel,consumer_fuel,False,False,True,,,fuel_price_or_cost,-0.6808,0.0,0.412,0.588,negative
2014-05-14,hike in fuel excise will not affect livestock transport industry,consumer_fuel,consumer_fuel,False,False,True,,,fuel_price_or_cost,0.0,0.0,0.0,1.0,neutral
2014-05-20,oil key in spratly islands dispute south china sea,supply_geopolitics,supply_geopolitics,False,True,False,,oil_geopolitical_event,,-0.4019,0.0,0.252,0.748,negative
2014-05-23,residents prepare for lakes oil drilling fight,supply_geopolitics,supply_geopolitics,False,True,False,,oil_exploration_drilling,,-0.3818,0.0,0.302,0.698,negative
2014-05-31,thai oil tanker feared hijacked,supply_geopolitics,supply_geopolitics,False,True,False,,strategic_oil_tanker,,-0.4939,0.0,0.444,0.556,negative
2014-06-04,liberals boast of playing the nats over fuel excise,consumer_fuel,consumer_fuel,False,False,True,,,fuel_price_or_cost,0.2023,0.184,0.0,0.816,positive
2014-06-04,will abbotts fuel excise hike cost families 40c,consumer_fuel,consumer_fuel,False,False,True,,,fuel_price_or_cost,0.0,0.0,0.0,1.0,neutral
2014-06-04,will the fuel excise change cost families only 40c a week,consumer_fuel,consumer_fuel,False,False,True,,,fuel_price_or_cost,0.0,0.0,0.0,1.0,neutral
2014-06-05,hockey and joyce deny liberals duped nationals over fuel tax,consumer_fuel,consumer_fuel,False,False,True,,,fuel_price_or_cost,-0.6369,0.0,0.394,0.606,negative
2014-06-06,long weekend regional fuel prices tipped to be,consumer_fuel,consumer_fuel,False,False,True,,,fuel_price_or_cost,0.0,0.0,0.0,1.0,neutral
2014-06-13,fuel excise a carbon tax on steroids labor says,consumer_fuel,consumer_fuel,False,False,True,,,fuel_price_or_cost,0.0,0.0,0.0,1.0,neutral
2014-06-16,iraq is fueling oil fears,market_prices,market_prices;supply_geopolitics,True,True,False,oil_crisis_or_fears,oil_geopolitical_country,,-0.4215,0.0,0.412,0.588,negative
2014-06-17,european oil giant royal dutch shell sells stake,supply_geopolitics,supply_geopolitics,False,True,False,,oil_industry_projects,,0.0,0.0,0.0,1.0,neutral
2014-06-17,ian macdonald threatens to cross the floor on fuel excise,consumer_fuel,consumer_fuel,False,False,True,,,fuel_price_or_cost,-0.3818,0.0,0.224,0.776,negative
2014-06-17,investors nervous about oil supply,supply_geopolitics,supply_geopolitics,False,True,False,,oil_core_supply,,-0.2732,0.0,0.344,0.656,negative
2014-06-18,sunni militants hit iraq oil refinery,supply_geopolitics,supply_geopolitics,False,True,False,,oil_geopolitical_country,,0.0,0.0,0.0,1.0,neutral
2014-06-20,china sends four more oil rigs to south china sea amid tensions,supply_geopolitics,supply_geopolitics,False,True,False,,oil_geopolitical_event,,-0.4019,0.0,0.197,0.803,negative
2014-06-24,greens to vote against fuel excise,consumer_fuel,consumer_fuel,False,False,True,,,fuel_price_or_cost,0.0,0.0,0.0,1.0,neutral
2014-06-24,greens to vote against fuel excise increase,consumer_fuel,consumer_fuel,False,False,True,,,fuel_price_or_cost,0.3182,0.277,0.0,0.723,positive
2014-06-24,milne to block fuel excise,consumer_fuel,consumer_fuel,False,False,True,,,fuel_price_or_cost,-0.4404,0.0,0.42,0.58,negative
2014-06-30,nrma calls for fuel excise to pay for hunter roads,consumer_fuel,consumer_fuel,False,False,True,,,fuel_price_or_cost,-0.1027,0.0,0.135,0.865,negative
2014-07-02,investigation finds bus fire caused by fractured oil supply line,supply_geopolitics,supply_geopolitics,False,True,False,,oil_core_supply,,-0.34,0.0,0.211,0.789,negative
2014-07-15,fuel excise increase dumped,consumer_fuel,consumer_fuel,False,False,True,,,fuel_price_or_cost,-0.1027,0.329,0.386,0.286,negative
2014-07-19,indonesias next govt likely to cut fuel subsidies,consumer_fuel,consumer_fuel,False,False,True,,,fuel_price_or_cost,-0.2732,0.0,0.231,0.769,negative
2014-08-02,anchor developed for deep water use by oil and gas sector,supply_geopolitics,supply_geopolitics,False,True,False,,oil_and_gas_industry,,0.0,0.0,0.0,1.0,neutral
2014-08-11,american samoa has pacific best fuel prices,consumer_fuel,consumer_fuel,False,False,True,,,fuel_price_or_cost,0.6369,0.412,0.0,0.588,positive
2014-08-13,png pm referred to public prosecutor over oil search share p,market_prices,market_prices,True,False,False,oil_and_financial_market,,,0.296,0.196,0.0,0.804,positive
2014-08-14,bernardi says fuel excise furore a distraction,consumer_fuel,consumer_fuel,False,False,True,,,fuel_price_or_cost,-0.3818,0.0,0.342,0.658,negative
2014-08-14,hockey under pressure over petrol excise,consumer_fuel,consumer_fuel,False,False,True,,,fuel_price_or_cost,-0.296,0.0,0.306,0.694,negative
2014-08-14,nsw fuel excise vox pops,consumer_fuel,consumer_fuel,False,False,True,,,fuel_price_or_cost,0.0,0.0,0.0,1.0,neutral
2014-08-14,rural drivers unimpressed with joe hockeys comments on fuel tax,consumer_fuel,consumer_fuel,False,False,True,,,fuel_price_or_cost,-0.34,0.0,0.211,0.789,negative
2014-08-15,indonesia budget highlights fuel subsidy challenge,consumer_fuel,consumer_fuel,False,False,True,,,fuel_price_or_cost,0.0772,0.206,0.0,0.794,positive
2014-08-20,accc takes action over alleged petrol price sharing,consumer_fuel,consumer_fuel,False,False,True,,,fuel_price_or_cost,0.4215,0.286,0.0,0.714,positive
2014-08-22,greens say diesel excise a subsidy,consumer_fuel,consumer_fuel,False,False,True,,,fuel_price_or_cost,0.0,0.0,0.0,1.0,neutral
2014-08-22,minerals council on diesel excise rebate and greens,consumer_fuel,consumer_fuel,False,False,True,,,fuel_price_or_cost,0.0,0.0,0.0,1.0,neutral
2014-09-04,racq warns of looming fuel price rise,consumer_fuel,consumer_fuel,False,False,True,,,fuel_price_or_cost,-0.2263,0.0,0.367,0.633,negative
2014-09-11,raa petrol price warning,consumer_fuel,consumer_fuel,False,False,True,,,fuel_price_or_cost,-0.34,0.0,0.444,0.556,negative
2014-09-12,remarkable drop in oil demand slashes prices,supply_geopolitics,supply_geopolitics,False,True,False,,oil_core_supply,,0.0516,0.3,0.45,0.25,positive
2014-09-14,motoring body slams tasmania extravagant petrol prices,consumer_fuel,consumer_fuel,False,False,True,,,fuel_price_or_cost,0.0,0.0,0.0,1.0,neutral
2014-09-16,fuel price to rise as aussie dollar drops despite oil supply,supply_geopolitics,supply_geopolitics;consumer_fuel,False,True,True,,oil_core_supply,fuel_price_or_cost,0.0,0.0,0.0,1.0,neutral
2014-09-16,fuel prices to rise as australian dollar drops,consumer_fuel,consumer_fuel,False,False,True,,,fuel_price_or_cost,0.0,0.0,0.0,1.0,neutral
2014-09-23,disaster legislation could be used to reduce petrol prices,consumer_fuel,consumer_fuel,False,False,True,,,fuel_price_or_cost,-0.6249,0.0,0.339,0.661,negative
2014-09-25,fuel price summit to probe high prices in nt,consumer_fuel,consumer_fuel,False,False,True,,,fuel_price_or_cost,0.0,0.0,0.0,1.0,neutral
2014-10-07,petrol companies defend darwin high fuel prices,consumer_fuel,consumer_fuel,False,False,True,,,fuel_price_or_cost,0.0,0.0,0.0,1.0,neutral
2014-10-09,first salvo fired in nt petrol price war,consumer_fuel,consumer_fuel,False,False,True,,,fuel_price_or_cost,-0.8176,0.0,0.556,0.444,negative
2014-10-14,caltex australias sydney oil refinery is closed,supply_geopolitics,supply_geopolitics,False,True,False,,oil_refinery_operations,,0.0,0.0,0.0,1.0,neutral
2014-10-15,community welcomes petroleum exploration licence cancellation,supply_geopolitics,supply_geopolitics,False,True,False,,petroleum_context,,0.5574,0.535,0.0,0.465,positive
2014-10-17,indonesias widodo to hike fuel prices by around 50 pct,consumer_fuel,consumer_fuel,False,False,True,,,fuel_price_or_cost,0.0,0.0,0.0,1.0,neutral
2014-10-18,indonesian president elect set to raise fuel prices,consumer_fuel,consumer_fuel,False,False,True,,,fuel_price_or_cost,0.0,0.0,0.0,1.0,neutral
2014-10-23,price of crude oil slumped on global markets,market_prices,market_prices,True,False,False,crude_oil,,,-0.5719,0.0,0.346,0.654,negative
2014-10-28,fuel excise hike could be a win for rural roads,consumer_fuel,consumer_fuel,False,False,True,,,fuel_price_or_cost,0.5859,0.322,0.0,0.678,positive
2014-10-28,labor attacks abbott over fuel excise ambush,consumer_fuel,consumer_fuel,False,False,True,,,fuel_price_or_cost,-0.4404,0.0,0.326,0.674,negative
2014-10-28,tax on petrol to increase on november 10,consumer_fuel,consumer_fuel,False,False,True,,,reversed_fuel_price_or_cost,0.3182,0.247,0.0,0.753,positive
2014-10-29,denniss fuel tax indexation the pressure is on,consumer_fuel,consumer_fuel,False,False,True,,,fuel_price_or_cost,-0.296,0.0,0.239,0.761,negative
2014-10-29,nrn greens fuel excise,consumer_fuel,consumer_fuel,False,False,True,,,fuel_price_or_cost,0.0,0.0,0.0,1.0,neutral
2014-10-29,petrol tax plans fuel outback tourism fears,consumer_fuel,consumer_fuel,False,False,True,,,fuel_price_or_cost,-0.4215,0.0,0.318,0.682,negative
2014-10-31,fuel tax hike is modest and necessary far west mp,consumer_fuel,consumer_fuel,False,False,True,,,fuel_price_or_cost,0.0,0.0,0.0,1.0,neutral
2014-11-04,gold and oil prices drop against strong us dollar,market_prices,market_prices,True,False,False,oil_price,,,0.296,0.266,0.169,0.565,positive
2014-11-05,market ends lower after global slide in price of oil,market_prices,market_prices,True,False,False,oil_price,,,-0.296,0.0,0.196,0.804,negative
2014-11-05,oil price slide weighs on wall st ftse,market_prices,market_prices,True,False,False,oil_price,,,0.0,0.0,0.0,1.0,neutral
2014-11-05,the oil price is under the pump,market_prices,market_prices,True,False,False,oil_price,,,0.0,0.0,0.0,1.0,neutral
2014-11-10,cost of the fuel tax indexation exaggerated fact check,consumer_fuel,consumer_fuel,False,False,True,,,fuel_price_or_cost,-0.1027,0.0,0.149,0.851,negative
2014-11-10,fact check how much will the fuel tax hike leave,consumer_fuel,consumer_fuel,False,False,True,,,fuel_price_or_cost,-0.0516,0.0,0.118,0.882,negative
2014-11-10,no mandate for fuel tax rise shorten says,consumer_fuel,consumer_fuel,False,False,True,,,fuel_price_or_cost,-0.296,0.0,0.239,0.761,negative
2014-11-10,petrol price rise fuels fears for outback,consumer_fuel,consumer_fuel,False,False,True,,,fuel_price_or_cost,-0.4215,0.0,0.318,0.682,negative
2014-11-11,coal oil and gas companies receive 4 billion dollar in subsidie,supply_geopolitics,supply_geopolitics,False,True,False,,oil_and_gas_industry,,0.0,0.0,0.0,1.0,neutral
2014-11-11,nrma says fuel tax hike to hit hunter motorists hard,consumer_fuel,consumer_fuel,False,False,True,,,fuel_price_or_cost,-0.1027,0.0,0.135,0.865,negative
2014-11-14,indonesia leaves rates on hold amid concerns about fuel price r,consumer_fuel,consumer_fuel,False,False,True,,,fuel_price_or_cost,0.0,0.0,0.0,1.0,neutral
2014-11-14,weekly wrap clean coal technology and the fuel tax,consumer_fuel,consumer_fuel,False,False,True,,,fuel_price_or_cost,0.4019,0.252,0.0,0.748,positive
2014-11-27,crude oil prices plumb a fresh four year low,market_prices,market_prices,True,False,False,crude_oil,,,-0.5423,0.176,0.443,0.382,negative
2014-11-27,oil prices continue to languish as supply keeps flowing,market_prices,market_prices,True,False,False,oil_price,,,0.0,0.0,0.0,1.0,neutral
2014-11-27,wall st mixed despite disappointing data and falling oil prices,market_prices,market_prices,True,False,False,oil_price,,,0.2565,0.215,0.131,0.654,positive
2014-11-28,aud local share markets fall in battle over oil market,market_prices,market_prices,True,False,False,oil_market,,,-0.1027,0.172,0.203,0.625,negative
2014-11-28,australian dollar shares fall sharply after oil price plunge,market_prices,market_prices,True,False,False,oil_price,,,0.296,0.216,0.0,0.784,positive
2014-11-28,australian market abandon oil stocks as global,market_prices,market_prices,True,False,False,oil_market,,,-0.4404,0.0,0.326,0.674,negative
2014-11-28,oil price collapses opec nations against cutting production,market_prices,market_prices;supply_geopolitics,True,True,False,oil_price,opec,,-0.4019,0.0,0.381,0.619,negative
2014-12-01,inflation pressures ease on falling oil fuel prices,market_prices,market_prices;consumer_fuel,True,False,True,oil_and_financial_market,,fuel_price_or_cost,-0.1027,0.219,0.342,0.439,negative
2014-12-01,oil price slump a double edged sword,market_prices,market_prices,True,False,False,oil_price,,,0.0,0.0,0.0,1.0,neutral
2014-12-01,upside in oil price slump,market_prices,market_prices,True,False,False,oil_price,,,0.0,0.0,0.0,1.0,neutral
2014-12-02,oil price bounce helps lift australian shares,market_prices,market_prices,True,False,False,oil_price,,,0.5859,0.49,0.0,0.51,positive
2014-12-02,oil price weakness could escalate russian threat,market_prices,market_prices,True,False,False,oil_price,,,-0.7351,0.0,0.554,0.446,negative
2014-12-02,wall st slips despite oil price rebound,market_prices,market_prices,True,False,False,oil_price,,,0.0,0.0,0.0,1.0,neutral
2014-12-03,fuel price difference between metro and country areas questioned,consumer_fuel,consumer_fuel,False,False,True,,,fuel_price_or_cost,-0.1027,0.0,0.149,0.851,negative
2014-12-03,petrol prices to drop on oil fall but airfares to remain steady,market_prices,market_prices;consumer_fuel,True,False,True,oil_price_movement,,fuel_price_or_cost,-0.1406,0.0,0.124,0.876,negative
2014-12-03,wall st rises as energy stocks defy oil price falls,market_prices,market_prices,True,False,False,oil_price,,,0.2732,0.189,0.0,0.811,positive
2014-12-04,wall st rebounds on rising oil prices and energy stocks,market_prices,market_prices,True,False,False,oil_price,,,0.2732,0.189,0.0,0.811,positive
2014-12-05,petrol prices pack the hardest punch at upper hunter bowsers,consumer_fuel,consumer_fuel,False,False,True,,,fuel_price_or_cost,0.0,0.0,0.0,1.0,neutral
2014-12-09,oil price slide sparks share market sell off,market_prices,market_prices,True,False,False,oil_price,,,0.296,0.239,0.0,0.761,positive
2014-12-09,shares fall as oil hits fresh low,market_prices,market_prices,True,False,False,oil_price_movement,,,0.34,0.425,0.198,0.377,positive
2014-12-11,australian shares drop after sharp fall in oil,market_prices,market_prices,True,False,False,oil_and_financial_market,,,0.0258,0.214,0.204,0.583,neutral
2014-12-11,oil price drop claims first wa victim red fork energy,market_prices,market_prices,True,False,False,oil_price,,,-0.2732,0.158,0.316,0.526,negative
2014-12-11,price of petrol in canberra drops as competition increases,consumer_fuel,consumer_fuel,False,False,True,,,reversed_fuel_price_or_cost,0.0,0.0,0.0,1.0,neutral
2014-12-11,wall st drops sharply on oil price slide,market_prices,market_prices,True,False,False,oil_price,,,0.0,0.0,0.0,1.0,neutral
2014-12-12,lower oil price dragging down local energy companies,market_prices,market_prices,True,False,False,oil_price,,,-0.0258,0.204,0.214,0.583,neutral
2014-12-16,global oil price fall drives share market down,market_prices,market_prices,True,False,False,oil_price,,,0.296,0.239,0.0,0.761,positive
2014-12-16,wall st slips as crude oil slides further,market_prices,market_prices,True,False,False,crude_oil,,,-0.5719,0.0,0.346,0.654,negative
2014-12-17,acccs new powers to monitor petrol prices take effect,consumer_fuel,consumer_fuel,False,False,True,,,fuel_price_or_cost,0.0,0.0,0.0,1.0,neutral
2014-12-19,fuel prices sky high in canberra,consumer_fuel,consumer_fuel,False,False,True,,,fuel_price_or_cost,0.0,0.0,0.0,1.0,neutral
2014-12-19,marshall welcomes increased accc powers for petrol price monito,consumer_fuel,consumer_fuel,False,False,True,,,fuel_price_or_cost,0.5859,0.407,0.0,0.593,positive
2014-12-19,new accc powers could investigate canberra petrol prices,consumer_fuel,consumer_fuel,False,False,True,,,fuel_price_or_cost,0.0,0.0,0.0,1.0,neutral
2014-12-20,tasmania seeks accc probe into fuel prices,consumer_fuel,consumer_fuel,False,False,True,,,fuel_price_or_cost,0.0,0.0,0.0,1.0,neutral
2014-12-22,motorists get christmas bonus with steep fuel price falls,consumer_fuel,consumer_fuel,False,False,True,,,fuel_price_or_cost,0.5423,0.304,0.0,0.696,positive
2014-12-22,rural tch fuel prices,consumer_fuel,consumer_fuel,False,False,True,,,fuel_price_or_cost,0.0,0.0,0.0,1.0,neutral
2014-12-22,tas fuel prices,consumer_fuel,consumer_fuel,False,False,True,,,fuel_price_or_cost,0.0,0.0,0.0,1.0,neutral
2014-12-23,canberra petrol retailers should match lower sydney prices nrma,consumer_fuel,consumer_fuel,False,False,True,,,fuel_price_level,-0.296,0.0,0.216,0.784,negative
2014-12-24,criticism of sydney regional fuel price differences,consumer_fuel,consumer_fuel,False,False,True,,,fuel_price_or_cost,-0.4404,0.0,0.326,0.674,negative
2014-12-30,wall st stagnant as oil fall and greek shares tumble,market_prices,market_prices,True,False,False,oil_price_movement,,,0.296,0.196,0.0,0.804,positive
2015-01-05,petrol prices hit fresh four year low,consumer_fuel,consumer_fuel,False,False,True,,,fuel_price_or_cost,0.0516,0.245,0.223,0.532,positive
2015-01-07,weak crude prices,market_prices,market_prices,True,False,False,crude_oil,,,-0.765,0.0,0.868,0.132,negative
2015-01-08,job losses and write downs tipped for oil and gas industry,supply_geopolitics,supply_geopolitics,False,True,False,,oil_and_gas_industry,,-0.4019,0.0,0.213,0.787,negative
2015-01-15,santos speaks on oil price share price future,market_prices,market_prices,True,False,False,oil_price,,,0.296,0.239,0.0,0.761,positive
2015-01-15,woodside set to cut spending in response to falling oil prices,market_prices,market_prices;supply_geopolitics,True,True,False,oil_price,oil_policy,,-0.4019,0.0,0.291,0.709,negative
2015-01-16,accc regional petrol price probe fuels support,consumer_fuel,consumer_fuel,False,False,True,,,fuel_price_or_cost,0.4019,0.31,0.0,0.69,positive
2015-01-16,petrol prices,consumer_fuel,consumer_fuel,False,False,True,,,fuel_price_or_cost,0.0,0.0,0.0,1.0,neutral
2015-01-20,accc encouraged to investigate select tasmania fuel price,consumer_fuel,consumer_fuel,False,False,True,,,fuel_price_or_cost,0.3612,0.263,0.0,0.737,positive
2015-01-21,australian market rises petrol prices continue to,consumer_fuel,consumer_fuel,False,False,True,,,fuel_price_or_cost,0.0,0.0,0.0,1.0,neutral
2015-01-21,bhp billiton cuts oil rigs in the us,supply_geopolitics,supply_geopolitics,False,True,False,,oil_policy,,-0.296,0.0,0.239,0.761,negative
2015-01-21,bhp ramps up iron ore petroleum production despite price slumps,supply_geopolitics,supply_geopolitics,False,True,False,,petroleum_context,,0.0,0.0,0.0,1.0,neutral
2015-01-21,high oil price gives chinas environmentalists a boost,market_prices,market_prices,True,False,False,oil_price,,,0.4019,0.31,0.0,0.69,positive
2015-01-22,no bushfires cheaper petrol fuelling indigo shire,consumer_fuel,consumer_fuel,False,False,True,,,fuel_price_level,-0.296,0.0,0.268,0.732,negative
2015-01-22,nt fuel prices and businesses,consumer_fuel,consumer_fuel,False,False,True,,,fuel_price_or_cost,0.0,0.0,0.0,1.0,neutral
2015-01-22,virgin lowers us airfares as fuel prices plunge,consumer_fuel,consumer_fuel,False,False,True,,,fuel_price_or_cost,-0.128,0.0,0.176,0.824,negative
2015-01-25,petrol prices fall in perth,consumer_fuel,consumer_fuel,False,False,True,,,fuel_price_or_cost,0.0,0.0,0.0,1.0,neutral
2015-01-27,qantas lowers fuel surcharge for frequent flyer bookings,consumer_fuel,consumer_fuel,False,False,True,,,fuel_price_or_cost,-0.128,0.0,0.176,0.824,negative
2015-01-28,inflation to be pulled lower by plunging petrol prices,consumer_fuel,consumer_fuel,False,False,True,,,fuel_price_or_cost,-0.296,0.0,0.216,0.784,negative
2015-01-30,fuel price falls better than an interest rate cut fitch,consumer_fuel,consumer_fuel,False,False,True,,,fuel_price_or_cost,0.5859,0.393,0.14,0.467,positive
2015-01-31,islamic state seizes oil facility in northern iraq,supply_geopolitics,supply_geopolitics,False,True,False,,oil_geopolitical_country,,0.0,0.0,0.0,1.0,neutral
2015-02-02,petrol prices drag down inflation but electronics may be on the,consumer_fuel,consumer_fuel,False,False,True,,,fuel_price_or_cost,-0.1154,0.0,0.127,0.873,negative
2015-02-02,santos blames 'volatile oil prices' for imminent job cuts,market_prices,market_prices,True,False,False,oil_price,,,-0.5994,0.0,0.412,0.588,negative
2015-02-03,wall st closes higher after volatile session as oil prices boun,market_prices,market_prices,True,False,False,oil_price,,,0.0,0.0,0.0,1.0,neutral
2015-02-04,agricultural commodities surge on oil price recovery,market_prices,market_prices,True,False,False,oil_price,,,0.0,0.0,0.0,1.0,neutral
2015-02-04,oil prices have they hit bottom,market_prices,market_prices,True,False,False,oil_price,,,0.0,0.0,0.0,1.0,neutral
2015-02-04,us shares jump as oil prices surge,market_prices,market_prices,True,False,False,oil_price,,,0.296,0.268,0.0,0.732,positive
2015-02-05,australian mustard oil production,supply_geopolitics,supply_geopolitics,False,True,False,,oil_core_supply,,0.0,0.0,0.0,1.0,neutral
2015-02-05,oil price rout resumes leaving us markets mixed,market_prices,market_prices,True,False,False,oil_price,,,0.0,0.0,0.0,1.0,neutral
2015-02-06,wall st gains on oil price rebound,market_prices,market_prices,True,False,False,oil_price,,,0.34,0.286,0.0,0.714,positive
2015-02-09,petrol prices shell,consumer_fuel,consumer_fuel,False,False,True,,,fuel_price_or_cost,0.0,0.0,0.0,1.0,neutral
2015-02-11,resource and energy sector shares fall after oil price slips,market_prices,market_prices,True,False,False,oil_price,,,0.5106,0.35,0.0,0.65,positive
2015-02-16,fire breaks out at libyas largest oil field,supply_geopolitics,supply_geopolitics,False,True,False,,oil_infrastructure_disruption,,-0.34,0.0,0.255,0.745,negative
2015-02-20,wall street slides on crude oil price dip,market_prices,market_prices,True,False,False,crude_oil,,,-0.5719,0.0,0.346,0.654,negative
2015-02-24,cyclone marcia fuels fears of petrol price,consumer_fuel,consumer_fuel,False,False,True,,,fuel_price_or_cost,-0.4215,0.0,0.318,0.682,negative
2015-02-26,upper house inquiry into rural fuel prices,consumer_fuel,consumer_fuel,False,False,True,,,fuel_price_or_cost,0.0,0.0,0.0,1.0,neutral
2015-02-26,watchdog to investigate regional petrol prices,consumer_fuel,consumer_fuel,False,False,True,,,fuel_price_or_cost,0.0,0.0,0.0,1.0,neutral
2015-02-27,oil prices could remain low for three years: woodside,market_prices,market_prices,True,False,False,oil_price,,,-0.2732,0.0,0.208,0.792,negative
2015-02-27,tasmanian businesses want more scrutiny of petrol prices,consumer_fuel,consumer_fuel,False,False,True,,,fuel_price_or_cost,0.0772,0.157,0.0,0.843,positive
2015-03-02,nsw country hour petrol prices nrma,consumer_fuel,consumer_fuel,False,False,True,,,fuel_price_or_cost,0.0,0.0,0.0,1.0,neutral
2015-03-09,coalition air strike on islamic state oil refinery kills 30,supply_geopolitics,supply_geopolitics,False,True,False,,oil_refinery_operations,,-0.6124,0.0,0.385,0.615,negative
2015-03-10,accc consumer competition watchdog investigate darwin fuel price,consumer_fuel,consumer_fuel,False,False,True,,,fuel_price_or_cost,0.0,0.0,0.0,1.0,neutral
2015-03-10,accc to investigate high darwin petrol prices,consumer_fuel,consumer_fuel,False,False,True,,,fuel_price_or_cost,0.0,0.0,0.0,1.0,neutral
2015-03-16,oil price falls to six year low,market_prices,market_prices,True,False,False,oil_price,,,-0.2732,0.0,0.259,0.741,negative
2015-03-17,timor leste will not give up dispute over oil: gusmao,supply_geopolitics,supply_geopolitics,False,True,False,,oil_geopolitical_event,,0.3089,0.201,0.0,0.799,positive
2015-03-20,wall st gives back gains as oil prices fall,market_prices,market_prices,True,False,False,oil_price,,,0.34,0.231,0.0,0.769,positive
2015-03-24,woodside cuts 300 jobs falling oil prices,market_prices,market_prices;supply_geopolitics,True,True,False,oil_price,oil_policy,,-0.4215,0.0,0.432,0.568,negative
2015-03-27,oil jumps on saudi led airstrikes wall st eases,market_prices,market_prices;supply_geopolitics,True,True,False,oil_price_movement,oil_geopolitical_country,,0.3182,0.223,0.0,0.777,positive
2015-03-27,oil prices rise australian dollar falls against,market_prices,market_prices,True,False,False,oil_price,,,0.0,0.0,0.0,1.0,neutral
2015-04-01,share market loses ground after fall in oil and iron ore prices,market_prices,market_prices,True,False,False,oil_and_financial_market,,,-0.0258,0.152,0.159,0.69,neutral
2015-04-03,buru energy closer to oil production in kimberley native title,supply_geopolitics,supply_geopolitics,False,True,False,,oil_core_supply,,0.2732,0.189,0.0,0.811,positive
2015-04-08,australian oil reserves substandard,supply_geopolitics,supply_geopolitics,False,True,False,,oil_core_supply,,0.0,0.0,0.0,1.0,neutral
2015-04-10,firmer oil prices help sharemarket,market_prices,market_prices,True,False,False,oil_price,,,0.4019,0.403,0.0,0.597,positive
2015-04-10,rising global oil prices help lift us stocks,market_prices,market_prices,True,False,False,oil_price,,,0.4019,0.278,0.0,0.722,positive
2015-04-15,whyalla petrol price fuels praise from raa,consumer_fuel,consumer_fuel,False,False,True,,,fuel_price_or_cost,0.5574,0.375,0.0,0.625,positive
2015-04-16,wall st up on profit reports and oil price rise,market_prices,market_prices,True,False,False,oil_price,,,0.4404,0.244,0.0,0.756,positive
2015-04-24,oil prices climb to highest levels this year,market_prices,market_prices,True,False,False,oil_price,,,0.0,0.0,0.0,1.0,neutral
2015-04-26,cost of living northern territory fuel prices drop,consumer_fuel,consumer_fuel,False,False,True,,,fuel_price_or_cost,-0.2732,0.0,0.231,0.769,negative
2015-04-29,canberra petrol prices set to remain steady says nrma,consumer_fuel,consumer_fuel,False,False,True,,,fuel_price_or_cost,0.0,0.0,0.0,1.0,neutral
2015-05-07,greens to continue to oppose fuel excise spending on roads,consumer_fuel,consumer_fuel,False,False,True,,,fuel_price_or_cost,0.0,0.0,0.0,1.0,neutral
2015-05-08,accc to investigate launceston petrol prices,consumer_fuel,consumer_fuel,False,False,True,,,fuel_price_or_cost,0.0,0.0,0.0,1.0,neutral
2015-05-08,country petrol prices fuel call to fill up,consumer_fuel,consumer_fuel,False,False,True,,,fuel_price_or_cost,0.0,0.0,0.0,1.0,neutral
2015-05-11,petrol price gap between city and country closes accc,consumer_fuel,consumer_fuel,False,False,True,,,fuel_price_or_cost,0.0,0.0,0.0,1.0,neutral
2015-05-12,accc: big drop in central west petrol prices over last three,consumer_fuel,consumer_fuel,False,False,True,,,fuel_price_or_cost,-0.2732,0.0,0.174,0.826,negative
2015-05-12,canberra petrol prices drop but still expensive,consumer_fuel,consumer_fuel,False,False,True,,,fuel_price_or_cost,-0.1406,0.0,0.205,0.795,negative
2015-05-12,fall in alice springs fuel prices took too long accc chief says,consumer_fuel,consumer_fuel,False,False,True,,,fuel_price_or_cost,0.0,0.0,0.0,1.0,neutral
2015-05-12,qantas share price soars as fuel costs fall,consumer_fuel,consumer_fuel,False,False,True,,,fuel_price_or_cost,0.296,0.239,0.0,0.761,positive
2015-05-12,regional petrol price drops too slow: competition watchdog,consumer_fuel,consumer_fuel,False,False,True,,,fuel_price_or_cost,0.0,0.0,0.0,1.0,neutral
2015-05-16,protesters rally at glenelg against bp oil drilling in the bight,supply_geopolitics,supply_geopolitics,False,True,False,,oil_exploration_drilling,,-0.2263,0.0,0.16,0.84,negative
2015-05-18,no drop in petrol price since accc launched investigation,consumer_fuel,consumer_fuel,False,False,True,,,fuel_price_or_cost,-0.4215,0.127,0.364,0.508,negative
2015-06-12,road trips fuel rise in outback qld drive tourism,consumer_fuel,consumer_fuel,False,False,True,,,fuel_price_movement,0.0,0.0,0.0,1.0,neutral
2015-06-15,petrol prices face largest quarterly rise in 25 years,consumer_fuel,consumer_fuel,False,False,True,,,fuel_price_or_cost,0.0,0.0,0.0,1.0,neutral
2015-06-16,perth petrol price cycle overturned,consumer_fuel,consumer_fuel,False,False,True,,,fuel_price_or_cost,0.0,0.0,0.0,1.0,neutral
2015-06-23,labor bows to fuel excise increase,consumer_fuel,consumer_fuel,False,False,True,,,fuel_price_or_cost,0.3182,0.315,0.0,0.685,positive
2015-06-30,act government lower duty prices on fuel efficient cars,consumer_fuel,consumer_fuel,False,False,True,,,reversed_fuel_price_or_cost,0.1531,0.233,0.183,0.583,positive
2015-07-02,petrol prices driven to a new year high,consumer_fuel,consumer_fuel,False,False,True,,,fuel_price_or_cost,0.0,0.0,0.0,1.0,neutral
2015-07-02,sydney motorists warned to brace for 15 cent petrol price surge,consumer_fuel,consumer_fuel,False,False,True,,,fuel_price_or_cost,-0.2732,0.0,0.174,0.826,negative
2015-07-16,woodside revenue hit by sliding oil prices,market_prices,market_prices,True,False,False,oil_price,,,0.0,0.0,0.0,1.0,neutral
2015-07-17,santos cuts investment to offset weak oil prices,market_prices,market_prices;supply_geopolitics,True,True,False,oil_price,oil_policy,,-0.6249,0.0,0.459,0.541,negative
2015-07-31,shell braces for extended low oil prices with mass job cuts,market_prices,market_prices,True,False,False,oil_price,,,-0.5106,0.0,0.323,0.677,negative
2015-08-04,mp welcomes study into armidale fuel prices,consumer_fuel,consumer_fuel,False,False,True,,,fuel_price_or_cost,0.4019,0.31,0.0,0.69,positive
2015-08-11,darwin fuel prices drop below the national average,consumer_fuel,consumer_fuel,False,False,True,,,fuel_price_or_cost,-0.2732,0.0,0.231,0.769,negative
2015-08-11,south china sea tensions deter oil exploration,supply_geopolitics,supply_geopolitics,False,True,False,,oil_exploration_drilling,,-0.2023,0.198,0.281,0.521,negative
2015-08-13,oil demand at five year high glut keeps prices low,supply_geopolitics,supply_geopolitics,False,True,False,,oil_core_supply,,-0.3818,0.0,0.31,0.69,negative
2015-08-19,woodside profit slides 39 percent on oil price slump,market_prices,market_prices,True,False,False,oil_price,,,0.4404,0.266,0.0,0.734,positive
2015-08-20,falling global oil prices help drive local share market lower,market_prices,market_prices,True,False,False,oil_price,,,0.2732,0.333,0.259,0.408,positive
2015-08-20,qantas profit propelled by lower fuel prices,consumer_fuel,consumer_fuel,False,False,True,,,fuel_price_or_cost,0.1779,0.287,0.218,0.495,positive
2015-08-21,santos profit slumps 82pc on oil price drop,market_prices,market_prices,True,False,False,oil_price,,,0.2023,0.264,0.191,0.545,positive
2015-08-29,ract voices frustration at tas petrol price differences,consumer_fuel,consumer_fuel,False,False,True,,,fuel_price_or_cost,-0.4767,0.0,0.307,0.693,negative
2015-09-01,oil prices soar for third straight day over production talk,market_prices,market_prices,True,False,False,oil_price,,,0.2263,0.174,0.0,0.826,positive
2015-09-03,jason chesters oil gas market,market_prices,market_prices,True,False,False,oil_and_financial_market,,,0.0,0.0,0.0,1.0,neutral
2015-09-08,woodside makes 11.6 billion dollar all share bid for oil search,market_prices,market_prices,True,False,False,oil_and_financial_market,,,0.296,0.18,0.0,0.82,positive
2015-09-24,iran's untapped oil reserves pique interest of foreign investors,supply_geopolitics,supply_geopolitics,False,True,False,,oil_core_supply,,0.2263,0.248,0.174,0.579,positive
2015-10-13,oil price fall overseas leads to australian share,market_prices,market_prices,True,False,False,oil_price,,,0.296,0.239,0.0,0.761,positive
2015-10-13,oil prices and china data weigh on share market,market_prices,market_prices,True,False,False,oil_price,,,0.296,0.216,0.0,0.784,positive
2015-10-22,nepal faces critical fuel shortage due to blocked supply routes,supply_geopolitics,supply_geopolitics,False,True,False,,fuel_shortage_security,,-0.6597,0.0,0.478,0.522,negative
2015-10-25,low oil and gas prices to slash export earnings,supply_geopolitics,supply_geopolitics,False,True,False,,oil_and_gas_industry,,-0.4939,0.0,0.375,0.625,negative
2015-10-27,fall in oil price pulls down wall street stocks,market_prices,market_prices,True,False,False,oil_price,,,0.0,0.0,0.0,1.0,neutral
2015-11-13,video from the vault crude oil by the numbers,market_prices,market_prices,True,False,False,crude_oil,,,-0.5719,0.0,0.316,0.684,negative
2015-11-23,accc outlines steps to increase darwin petrol price transparency,consumer_fuel,consumer_fuel,False,False,True,,,fuel_price_or_cost,0.3182,0.223,0.0,0.777,positive
2015-12-02,eliminating fossil fuel subsidies a 'no brainer',consumer_fuel,consumer_fuel,False,False,True,,,fuel_price_or_cost,-0.296,0.0,0.306,0.694,negative
2015-12-03,crude oil price nears ten year low; iron ore falls,market_prices,market_prices,True,False,False,crude_oil,,,-0.7003,0.0,0.42,0.58,negative
2015-12-03,russia says it has proof turkey involved in is oil trade,supply_geopolitics,supply_geopolitics,False,True,False,,oil_geopolitical_country,,0.0,0.0,0.0,1.0,neutral
2015-12-07,opec incapable of behaving like a cartel,supply_geopolitics,supply_geopolitics,False,True,False,,opec,,-0.0258,0.275,0.286,0.44,neutral
2015-12-09,market closes down as falling oil price hits global markets,market_prices,market_prices,True,False,False,oil_price,,,-0.1531,0.0,0.151,0.849,negative
2015-12-11,atlassian nasdaq float slide in oil weighs on us stocks,market_prices,market_prices,True,False,False,oil_and_financial_market,,,0.0,0.0,0.0,1.0,neutral
2015-12-14,australian shares to fall as iron oil rout continues,market_prices,market_prices,True,False,False,oil_and_financial_market,,,0.296,0.216,0.0,0.784,positive
2015-12-15,petrol price gouging at highest level on record,consumer_fuel,consumer_fuel,False,False,True,,,fuel_price_or_cost,0.0,0.0,0.0,1.0,neutral
2015-12-16,coles express agrees to end petrol price sharing,consumer_fuel,consumer_fuel,False,False,True,,,fuel_price_or_cost,0.5574,0.434,0.0,0.566,positive
2015-12-16,global markets surged today after oil prices,market_prices,market_prices,True,False,False,oil_price,,,0.0,0.0,0.0,1.0,neutral
2015-12-16,lower oil prices fuel raa call for christmas petrol pump savings,market_prices,market_prices;consumer_fuel,True,False,True,oil_price,,reversed_fuel_price_or_cost,-0.296,0.0,0.18,0.82,negative
2015-12-18,racq backs labor push for accc fuel price investigation,consumer_fuel,consumer_fuel,False,False,True,,,fuel_price_or_cost,-0.0516,0.0,0.13,0.87,negative
2015-12-22,fuel retailers profit from falling oil price at motorists expen,market_prices,market_prices,True,False,False,oil_price,,,0.3182,0.232,0.128,0.64,positive
2015-12-22,wall st rallies late despite oil price plunge,market_prices,market_prices,True,False,False,oil_price,,,0.0,0.0,0.0,1.0,neutral
2015-12-23,petrol price info deal struck with accc,consumer_fuel,consumer_fuel,False,False,True,,,fuel_price_or_cost,-0.25,0.0,0.25,0.75,negative
2015-12-29,saudi to raise petrol prices by up to 50 percent,consumer_fuel,consumer_fuel,False,False,True,,,fuel_price_or_cost,0.0,0.0,0.0,1.0,neutral
2015-12-29,wall st falls on renewed oil price slide,market_prices,market_prices,True,False,False,oil_price,,,0.0,0.0,0.0,1.0,neutral
2015-12-31,wall st slips on renewed oil price slide,market_prices,market_prices,True,False,False,oil_price,,,0.0,0.0,0.0,1.0,neutral
2015-12-31,weaker oil prices undermine global markets,market_prices,market_prices,True,False,False,oil_price,,,-0.6249,0.0,0.56,0.44,negative
2016-01-05,diesel prices in nt the highest in australia,consumer_fuel,consumer_fuel,False,False,True,,,fuel_price_or_cost,0.0,0.0,0.0,1.0,neutral
2016-01-12,crude oil prices plunge to fresh 12 year low,market_prices,market_prices,True,False,False,crude_oil,,,-0.5423,0.163,0.411,0.426,negative
2016-01-12,wall st wobbles as crude oil prices plunge,market_prices,market_prices,True,False,False,crude_oil,,,-0.5719,0.0,0.346,0.654,negative
2016-01-13,oil prices dip below 30 dollars but stocks rally,market_prices,market_prices,True,False,False,oil_price,,,0.0,0.0,0.0,1.0,neutral
2016-01-13,oil prices slump rbs sell everything advice rejected,market_prices,market_prices,True,False,False,oil_price,,,-0.5106,0.0,0.32,0.68,negative
2016-01-14,low aussie dollar helping industry farming with oil drop,market_prices,market_prices,True,False,False,oil_price_movement,,,-0.25,0.177,0.339,0.484,negative
2016-01-15,bhp billiton reveals further shale oil write down,supply_geopolitics,supply_geopolitics,False,True,False,,shale_oil,,0.0,0.0,0.0,1.0,neutral
2016-01-15,wall st rises on relief rally as oil prices rebound,market_prices,market_prices,True,False,False,oil_price,,,0.4767,0.256,0.0,0.744,positive
2016-01-16,benefits of falling oil prices not fully passed on to motorists,market_prices,market_prices,True,False,False,oil_price,,,0.25,0.197,0.121,0.682,positive
2016-01-18,nt govt flags possibility of refinery amid high diesel prices,consumer_fuel,consumer_fuel,False,False,True,,,fuel_price_or_cost,0.0,0.0,0.0,1.0,neutral
2016-01-19,nt cattle station switches solar high cost diesel,consumer_fuel,consumer_fuel,False,False,True,,,reversed_fuel_price_or_cost,0.0,0.0,0.0,1.0,neutral
2016-01-19,price of petrol could drop below dollar a litre in queensland,consumer_fuel,consumer_fuel,False,False,True,,,reversed_fuel_price_or_cost,-0.2732,0.0,0.189,0.811,negative
2016-01-20,petrol prices drop below one dollar,consumer_fuel,consumer_fuel,False,False,True,,,fuel_price_or_cost,-0.2732,0.0,0.296,0.704,negative
2016-01-20,whats driving the new low petrol prices,consumer_fuel,consumer_fuel,False,False,True,,,fuel_price_or_cost,-0.2732,0.0,0.259,0.741,negative
2016-01-21,petrol prices set to fall further in the hunter,consumer_fuel,consumer_fuel,False,False,True,,,fuel_price_or_cost,0.0,0.0,0.0,1.0,neutral
2016-01-21,woodside flags billion dollar writedown on oil prices,market_prices,market_prices,True,False,False,oil_price,,,0.0,0.0,0.0,1.0,neutral
2016-01-22,market ends week with lift thanks to oil price recovery,market_prices,market_prices,True,False,False,oil_price,,,0.4404,0.244,0.0,0.756,positive
2016-01-22,oil price turnaround lifts global markets,market_prices,market_prices,True,False,False,oil_price,,,0.0,0.0,0.0,1.0,neutral
2016-01-22,santos flags write downs amid plunging oil price,market_prices,market_prices,True,False,False,oil_price,,,0.0,0.0,0.0,1.0,neutral
2016-01-25,price of oil picks up,market_prices,market_prices,True,False,False,oil_price,,,0.0,0.0,0.0,1.0,neutral
2016-01-26,wall st slides as energy shares sold off in oil rout,market_prices,market_prices,True,False,False,oil_and_financial_market,,,0.5106,0.323,0.0,0.677,positive
2016-01-27,wall st jumps on rising corporate profits oil prices,market_prices,market_prices,True,False,False,oil_price,,,0.4404,0.266,0.0,0.734,positive
2016-02-01,petrol prices have hit a one year low,consumer_fuel,consumer_fuel,False,False,True,,,fuel_price_or_cost,-0.2732,0.0,0.259,0.741,negative
2016-02-02,oil petrol prices explained,consumer_fuel,consumer_fuel,False,False,True,,,fuel_price_or_cost,0.0,0.0,0.0,1.0,neutral
2016-02-03,bp posts biggest loss amid oil price downturn,market_prices,market_prices,True,False,False,oil_price,,,-0.3182,0.0,0.247,0.753,negative
2016-02-03,us stocks resume sell off as oil price slumps,market_prices,market_prices,True,False,False,oil_price,,,0.0,0.0,0.0,1.0,neutral
2016-02-04,shell confirms job cuts as profit plunges on low oil prices,market_prices,market_prices;supply_geopolitics,True,True,False,oil_price,oil_policy,,-0.1027,0.191,0.283,0.526,negative
2016-02-15,petrol prices accc issues please explain to retailers,consumer_fuel,consumer_fuel,False,False,True,,,fuel_price_or_cost,0.3182,0.247,0.0,0.753,positive
2016-02-16,four oil producing nations agree to output freeze,supply_geopolitics,supply_geopolitics,False,True,False,,oil_core_supply,,0.4019,0.381,0.0,0.619,positive
2016-02-16,russia; saudi arabia to freeze oil output,supply_geopolitics,supply_geopolitics,False,True,False,,oil_core_supply,,0.0516,0.167,0.0,0.833,positive
2016-02-16,tech gurus clamour for petrol price data,consumer_fuel,consumer_fuel,False,False,True,,,fuel_price_or_cost,0.0,0.0,0.0,1.0,neutral
2016-02-17,woodside profit plunges 99 per cent on oil prices,market_prices,market_prices,True,False,False,oil_price,,,0.4404,0.266,0.0,0.734,positive
2016-02-18,venezuela increases petrol prices from 2c per litre to 85c,consumer_fuel,consumer_fuel,False,False,True,,,fuel_price_or_cost,0.0,0.0,0.0,1.0,neutral
2016-02-19,drop in oil prices sparks concern on global equity,market_prices,market_prices,True,False,False,oil_price,,,-0.2732,0.0,0.208,0.792,negative
2016-02-22,low oil prices are hitting global energy players,market_prices,market_prices,True,False,False,oil_price,,,0.0,0.206,0.206,0.588,neutral
2016-02-22,mining energy firms in trouble as oil price slides,market_prices,market_prices,True,False,False,oil_price,,,-0.1531,0.178,0.229,0.593,negative
2016-02-23,asx gives up early gains as oil price rise short lived,market_prices,market_prices,True,False,False,oil_price,,,0.34,0.194,0.0,0.806,positive
2016-02-23,oil and gas seismic survey impacts on wa pearling industry,supply_geopolitics,supply_geopolitics,False,True,False,,oil_and_gas_industry,,0.0,0.0,0.0,1.0,neutral
2016-02-23,petrol prices brisbane gold coast sunshine coast cairns hervey,consumer_fuel,consumer_fuel,False,False,True,,,fuel_price_or_cost,0.4939,0.286,0.0,0.714,positive
2016-02-23,qantas ceo alan joyce denies profit jump just fuel slump,consumer_fuel,consumer_fuel,False,False,True,,,fuel_price_movement,0.0258,0.212,0.204,0.584,neutral
2016-03-02,lower diesel prices should hold says economist,consumer_fuel,consumer_fuel,False,False,True,,,fuel_price_or_cost,-0.296,0.0,0.268,0.732,negative
2016-03-02,lower fuel prices should hold says economist,consumer_fuel,consumer_fuel,False,False,True,,,fuel_price_or_cost,-0.296,0.0,0.268,0.732,negative
2016-03-11,nsw govt proposes real time fuel price website,consumer_fuel,consumer_fuel,False,False,True,,,fuel_price_or_cost,0.0,0.0,0.0,1.0,neutral
2016-03-18,oil output rises even as us rig count falls,supply_geopolitics,supply_geopolitics,False,True,False,,oil_core_supply,,-0.128,0.0,0.158,0.842,negative
2016-03-22,miners face fresh cost squeeze as currency and oil rise,market_prices,market_prices,True,False,False,oil_price_movement,,,0.3182,0.204,0.0,0.796,positive
2016-04-05,share market suffers heavy losses amid oil prices drag,market_prices,market_prices,True,False,False,oil_price,,,-0.6705,0.148,0.517,0.336,negative
2016-04-06,wall st shares fall despite oil bounce,market_prices,market_prices,True,False,False,oil_and_financial_market,,,0.296,0.268,0.0,0.732,positive
2016-04-11,global oil prices jump as australian share market,market_prices,market_prices,True,False,False,oil_price,,,0.296,0.239,0.0,0.761,positive
2016-04-12,oil and gas companies say future is bright,supply_geopolitics,supply_geopolitics,False,True,False,,oil_and_gas_industry,,0.4404,0.293,0.0,0.707,positive
2016-04-12,oil and gas companies turn to artificial intelligence,supply_geopolitics,supply_geopolitics,False,True,False,,oil_and_gas_industry,,0.4767,0.307,0.0,0.693,positive
2016-04-12,oil prices rise despite worsening oversupply,market_prices,market_prices,True,False,False,oil_price,,,0.357,0.332,0.0,0.668,positive
2016-04-13,russian oil giant gazprom hopeful of opec supply freeze in doha,supply_geopolitics,supply_geopolitics,False,True,False,,opec,,0.5423,0.333,0.0,0.667,positive
2016-04-13,wall st us stocks jump on rising oil prices,market_prices,market_prices,True,False,False,oil_price,,,0.0,0.0,0.0,1.0,neutral
2016-04-15,oil production talks in doha look shaky,supply_geopolitics,supply_geopolitics,False,True,False,,oil_core_supply,,-0.2263,0.0,0.241,0.759,negative
2016-04-18,doha oil deal failure sparks crude price plunge,market_prices,market_prices;supply_geopolitics,True,True,False,crude_oil,oil_policy,,-0.7906,0.0,0.538,0.462,negative
2016-04-18,market dragged down by falling oil prices; dollar,market_prices,market_prices,True,False,False,oil_price,,,-0.2023,0.0,0.318,0.682,negative
2016-04-18,oil prices plunge after opec fails to cap output,market_prices,market_prices;supply_geopolitics,True,True,False,oil_price,opec,,-0.4215,0.0,0.259,0.741,negative
2016-04-18,oil stocks slide after opec fails to clinch a,market_prices,market_prices;supply_geopolitics,True,True,False,oil_market,opec,,-0.4215,0.0,0.286,0.714,negative
2016-04-19,share market rallies on back of higher commodity oil prices,market_prices,market_prices,True,False,False,oil_price,,,0.296,0.196,0.0,0.804,positive
2016-04-20,woodside sales drop 30pc savaged by oil price slump,market_prices,market_prices,True,False,False,oil_price,,,-0.6249,0.0,0.421,0.579,negative
2016-04-21,wall st us shares rise on oil prices economic data,market_prices,market_prices,True,False,False,oil_price,,,0.296,0.196,0.0,0.804,positive
2016-04-26,saudi arabia to sell part of aramco as part of shift from oil,supply_geopolitics,supply_geopolitics,False,True,False,,oil_geopolitical_country,,0.0,0.0,0.0,1.0,neutral
2016-04-26,wall st us stocks fall on declining oil prices,market_prices,market_prices,True,False,False,oil_price,,,0.0,0.0,0.0,1.0,neutral
2016-04-27,wall st stocks boosted by rising oil prices apple falls,market_prices,market_prices,True,False,False,oil_price,,,0.3612,0.217,0.0,0.783,positive
2016-04-29,stronger oil price boosts energy and resources sector,market_prices,market_prices,True,False,False,oil_price,,,0.7184,0.583,0.0,0.417,positive
2016-05-11,wall street us share rise on oil greece yen,market_prices,market_prices,True,False,False,oil_and_financial_market,,,0.296,0.216,0.0,0.784,positive
2016-05-12,saudi arabias visionary prince driving his country beyond oil,supply_geopolitics,supply_geopolitics,False,True,False,,oil_geopolitical_country,,0.5267,0.298,0.0,0.702,positive
2016-05-13,oil market may clear glut earlier than expected says iea,market_prices,market_prices,True,False,False,oil_market,,,0.3818,0.224,0.0,0.776,positive
2016-05-17,higher oil prices push australian share market up,market_prices,market_prices,True,False,False,oil_price,,,0.296,0.239,0.0,0.761,positive
2016-05-17,wall street higher on oil buffet apple stake,market_prices,market_prices,True,False,False,oil_and_financial_market,,,0.0,0.0,0.0,1.0,neutral
2016-05-26,share market ends higher as oil; mining; finance stocks rise,market_prices,market_prices,True,False,False,oil_and_financial_market,,,0.296,0.196,0.0,0.804,positive
2016-05-26,wall st us shares add to gains as oil prices keep rising,market_prices,market_prices,True,False,False,oil_price,,,0.5574,0.315,0.0,0.685,positive
2016-05-27,wall st us shares ease despite further oil gains,market_prices,market_prices,True,False,False,oil_price_movement,,,0.3948,0.369,0.16,0.471,positive
2016-05-30,national average price of unleaded petrol at four month high,consumer_fuel,consumer_fuel,False,False,True,,,reversed_fuel_price_or_cost,0.0,0.0,0.0,1.0,neutral
2016-06-06,petrol prices fall to lowest level in 17 years accc says,consumer_fuel,consumer_fuel,False,False,True,,,fuel_price_or_cost,-0.3818,0.0,0.206,0.794,negative
2016-06-08,increase in oil prices pushes wall street higher,market_prices,market_prices,True,False,False,oil_price,,,0.3182,0.247,0.0,0.753,positive
2016-07-08,wall st stocks held back by oil price fall,market_prices,market_prices,True,False,False,oil_price,,,0.0,0.0,0.0,1.0,neutral
2016-07-14,growing oil stocks and record middle east output threaten price,market_prices,market_prices;supply_geopolitics,True,True,False,oil_market,oil_geopolitical_country,,-0.2263,0.138,0.211,0.65,negative
2016-07-14,wall st continues record run despite oil fall,market_prices,market_prices,True,False,False,oil_price_movement,,,0.0,0.0,0.0,1.0,neutral
2016-07-20,accc petrol prices report launceston drivers pay more,consumer_fuel,consumer_fuel,False,False,True,,,fuel_price_or_cost,-0.1027,0.0,0.167,0.833,negative
2016-07-20,launceston businesses label petrol price unfair burden,consumer_fuel,consumer_fuel,False,False,True,,,fuel_price_or_cost,-0.7184,0.0,0.545,0.455,negative
2016-07-22,santos oil and gas production record eases price pain,supply_geopolitics,supply_geopolitics,False,True,False,,oil_and_gas_industry,,-0.25,0.183,0.262,0.556,negative
2016-07-26,wall st us shares drop on oil price slide,market_prices,market_prices,True,False,False,oil_price,,,0.0258,0.195,0.186,0.619,neutral
2016-08-02,wall street ends lower on oil fears,market_prices,market_prices,True,False,False,oil_crisis_or_fears,,,-0.6124,0.0,0.5,0.5,negative
2016-08-04,oil price rally sends wall st higher,market_prices,market_prices,True,False,False,oil_price,,,0.0,0.0,0.0,1.0,neutral
2016-08-09,wall st us shares edge lower despite oil rise,market_prices,market_prices,True,False,False,oil_price_movement,,,0.0,0.193,0.193,0.614,neutral
2016-08-11,motoring body demands action on high tasmanian petrol price,consumer_fuel,consumer_fuel,False,False,True,,,fuel_price_or_cost,0.0,0.0,0.0,1.0,neutral
2016-08-12,wall st shares jump on oil rebound,market_prices,market_prices,True,False,False,oil_price_movement,,,0.296,0.268,0.0,0.732,positive
2016-08-22,petrol prices still too high argues accc,consumer_fuel,consumer_fuel,False,False,True,,,fuel_price_or_cost,-0.3818,0.0,0.302,0.698,negative
2016-08-23,png oil company suffers 89 slide,supply_geopolitics,supply_geopolitics,False,True,False,,oil_industry_projects,,-0.4767,0.0,0.383,0.617,negative
2016-08-23,whales on increase in the bight as oil drilling looms,supply_geopolitics,supply_geopolitics,False,True,False,,oil_exploration_drilling,,0.1779,0.193,0.134,0.672,positive
2016-08-26,is the slide in us shale oil and gas production about to bottom,supply_geopolitics,supply_geopolitics,False,True,False,,shale_oil,,0.0,0.0,0.0,1.0,neutral
2016-09-01,us shares fall on oil price decline,market_prices,market_prices,True,False,False,oil_price,,,0.296,0.268,0.0,0.732,positive
2016-09-02,wall st us shares flat as oil prices weigh,market_prices,market_prices,True,False,False,oil_price,,,0.296,0.216,0.0,0.784,positive
2016-09-04,deal with russian oil giant helps near extinct whale recover,supply_geopolitics,supply_geopolitics,False,True,False,,oil_industry_projects,,0.3818,0.224,0.0,0.776,positive
2016-09-05,russia and saudi arabia agree to stabilise oil price,market_prices,market_prices;supply_geopolitics,True,True,False,oil_price,oil_geopolitical_country,,0.3612,0.238,0.0,0.762,positive
2016-09-09,saudi arabia russia oil deal,supply_geopolitics,supply_geopolitics,False,True,False,,oil_policy,,0.0,0.0,0.0,1.0,neutral
2016-09-14,energy investment down but oil and gas still dominate,supply_geopolitics,supply_geopolitics,False,True,False,,oil_and_gas_industry,,-0.0516,0.15,0.17,0.68,negative
2016-09-14,wall street falls as oil prices resume slide,market_prices,market_prices,True,False,False,oil_price,,,0.0,0.0,0.0,1.0,neutral
2016-09-15,wall street mixed as apple offsets oil weakness,market_prices,market_prices,True,False,False,oil_and_financial_market,,,-0.4215,0.0,0.286,0.714,negative
2016-09-17,sa drivers left in dark on petrol prices,consumer_fuel,consumer_fuel,False,False,True,,,fuel_price_or_cost,0.0,0.0,0.0,1.0,neutral
2016-09-21,oil demand continues while companies post huge write downs,supply_geopolitics,supply_geopolitics,False,True,False,,oil_core_supply,,0.2023,0.213,0.139,0.648,positive
2016-09-25,oil back on skids as markets pause,market_prices,market_prices,True,False,False,oil_and_financial_market,,,0.0,0.0,0.0,1.0,neutral
2016-09-26,stranger kind gesture pay tradie petrol bill,consumer_fuel,consumer_fuel,False,False,True,,,fuel_price_or_cost,0.4588,0.347,0.143,0.51,positive
2016-09-29,jump in oil price leads local market higher,market_prices,market_prices,True,False,False,oil_price,,,0.0,0.0,0.0,1.0,neutral
2016-09-29,sa weather fuel shortages eyre peninsula residents stranded,supply_geopolitics,supply_geopolitics,False,True,False,,fuel_shortage_security,,-0.1531,0.0,0.186,0.814,negative
2016-09-29,wall st rises on oil price surge as opec hints at deal,market_prices,market_prices;supply_geopolitics,True,True,False,oil_price,opec,,0.0,0.0,0.0,1.0,neutral
2016-10-02,finance week ahead rba meets deutsche bank oil global markets,market_prices,market_prices,True,False,False,oil_and_financial_market,,,0.0,0.0,0.0,1.0,neutral
2016-10-06,oil price jump fuels wall st rise,market_prices,market_prices,True,False,False,oil_price,,,0.0,0.0,0.0,1.0,neutral
2016-10-11,crude oil hits year high on russian commitment to cap,market_prices,market_prices,True,False,False,crude_oil,,,-0.2732,0.182,0.259,0.559,negative
2016-10-11,oil price sees share market rise,market_prices,market_prices,True,False,False,oil_price,,,0.296,0.306,0.0,0.694,positive
2016-10-12,oil price may remain in goldilocks range,market_prices,market_prices,True,False,False,oil_price,,,0.0,0.0,0.0,1.0,neutral
2016-10-20,oil price rise pushes wall st higher,market_prices,market_prices,True,False,False,oil_price,,,0.0,0.0,0.0,1.0,neutral
2016-10-21,oil price fall and weak earnings push us shares lower,market_prices,market_prices,True,False,False,oil_price,,,-0.4404,0.154,0.357,0.49,negative
2016-10-24,falling oil prices creating unprecedented crisis,market_prices,market_prices,True,False,False,oil_price,,,-0.5423,0.202,0.523,0.275,negative
2016-10-26,us shares fall as oil prices ease caterpillar stomped,market_prices,market_prices,True,False,False,oil_price,,,0.5719,0.402,0.0,0.598,positive
2016-11-02,gasoline pipeline blast could raise pump prices in southeast,consumer_fuel,consumer_fuel,False,False,True,,,pump_prices,0.0,0.0,0.0,1.0,neutral
2016-11-08,oil and gas exploration tenement declared over kimberley parks,supply_geopolitics,supply_geopolitics,False,True,False,,oil_and_gas_industry,,0.2263,0.192,0.0,0.808,positive
2016-11-22,australia government revenue oil and gas production,supply_geopolitics,supply_geopolitics,False,True,False,,oil_and_gas_industry,,0.0,0.0,0.0,1.0,neutral
2016-11-22,could the price of oil finally be on the rise,market_prices,market_prices,True,False,False,oil_price,,,0.0,0.0,0.0,1.0,neutral
2016-11-22,us markets post solid gains on rising oil price,market_prices,market_prices,True,False,False,oil_price,,,0.4588,0.364,0.0,0.636,positive
2016-11-25,fuel shortage at melbourne airport could force flight delay,supply_geopolitics,supply_geopolitics,False,True,False,,fuel_shortage_security,,-0.5106,0.0,0.381,0.619,negative
2016-11-25,oil companies gear up for eventual energy transition,supply_geopolitics,supply_geopolitics,False,True,False,,oil_industry_projects,,0.2732,0.231,0.0,0.769,positive
2016-11-27,week in finance oil at tipping point before opec meeting,supply_geopolitics,supply_geopolitics,False,True,False,,opec,,0.0,0.0,0.0,1.0,neutral
2016-11-28,petrol prices fall in five largest cities,consumer_fuel,consumer_fuel,False,False,True,,,fuel_price_or_cost,0.0,0.0,0.0,1.0,neutral
2016-11-29,melbounre airport fuel shortage cray fish rock lobster china,supply_geopolitics,supply_geopolitics,False,True,False,,fuel_shortage_security,,-0.25,0.0,0.2,0.8,negative
2016-11-29,melbourne airport fuel shortage hits cray fishers rock lobster,supply_geopolitics,supply_geopolitics,False,True,False,,fuel_shortage_security,,-0.25,0.0,0.2,0.8,negative
2016-11-30,commodity prices fall ahead of an opec meeting,supply_geopolitics,supply_geopolitics,False,True,False,,opec,,0.0,0.0,0.0,1.0,neutral
2016-12-01,oil surges as opec agrees to cut production,market_prices,market_prices;supply_geopolitics,True,True,False,oil_price_movement,opec,,-0.0772,0.182,0.212,0.606,negative
2016-12-01,opec get its cartel mojo back to stop its members going broke,supply_geopolitics,supply_geopolitics,False,True,False,,opec,,-0.6124,0.0,0.333,0.667,negative
2016-12-02,oil prices continue rise as opec; russia agree to cut production,market_prices,market_prices;supply_geopolitics,True,True,False,oil_price,opec,,0.1027,0.184,0.154,0.662,positive
2016-12-12,energy stocks after opec decision to cut oil output,market_prices,market_prices;supply_geopolitics,True,True,False,oil_and_financial_market,opec,,0.0,0.188,0.188,0.625,neutral
2016-12-12,motorists warned of pre christmas petrol price surge,consumer_fuel,consumer_fuel,False,False,True,,,fuel_price_or_cost,-0.2732,0.0,0.231,0.769,negative
2016-12-16,accc petrol prices to fall in lead up to christmas,consumer_fuel,consumer_fuel,False,False,True,,,fuel_price_or_cost,0.0,0.0,0.0,1.0,neutral
2017-01-10,petrol jumps 20 cents a litre in tasmania,consumer_fuel,consumer_fuel,False,False,True,,,fuel_price_movement,0.0,0.0,0.0,1.0,neutral
2017-01-12,canberra petrol prices inexplicable nrma says,consumer_fuel,consumer_fuel,False,False,True,,,fuel_price_or_cost,0.0,0.0,0.0,1.0,neutral
2017-02-08,rooftop solar growth could fuel big power price hikes uwa report,consumer_fuel,consumer_fuel,False,False,True,,,fuel_cost_proximity,0.3818,0.206,0.0,0.794,positive
2017-02-08,wall st edges back from records on oil price slide,market_prices,market_prices,True,False,False,oil_price,,,0.0,0.0,0.0,1.0,neutral
2017-02-15,origin wipes 1.9 billion off assets despite higher oil prices,market_prices,market_prices,True,False,False,oil_price,,,0.1779,0.159,0.0,0.841,positive
2017-02-23,qantas profit falls on rising fuel prices redundancy costs,consumer_fuel,consumer_fuel,False,False,True,,,fuel_price_or_cost,0.4404,0.266,0.0,0.734,positive
2017-02-24,wall street falls among technology stocks offset surge oil price,market_prices,market_prices,True,False,False,oil_price,,,0.0,0.0,0.0,1.0,neutral
2017-03-09,oil price fall hits australian market,market_prices,market_prices,True,False,False,oil_price,,,0.0,0.0,0.0,1.0,neutral
2017-03-15,wall street us stocks fall on continued oil rout,market_prices,market_prices,True,False,False,oil_and_financial_market,,,0.0,0.0,0.0,1.0,neutral
2017-03-17,south sudan govt buying arms with oil money,supply_geopolitics,supply_geopolitics,False,True,False,,oil_geopolitical_country,,0.0,0.0,0.0,1.0,neutral
2017-03-22,how oil prices are saving you money,market_prices,market_prices,True,False,False,oil_price,,,0.0,0.0,0.0,1.0,neutral
2017-04-07,market rattled by missile strikes as gold and oil surge,market_prices,market_prices,True,False,False,oil_price_movement,,,-0.3612,0.0,0.217,0.783,negative
2017-04-10,awb trevor flugge fined banned iraq food for oil scandal,supply_geopolitics,supply_geopolitics,False,True,False,,oil_geopolitical_country,,-0.7096,0.0,0.424,0.576,negative
2017-04-20,wall street slips and oil on the skids,market_prices,market_prices,True,False,False,oil_and_financial_market,,,0.0,0.0,0.0,1.0,neutral
2017-05-17,oil market getting back to balance says iea,market_prices,market_prices,True,False,False,oil_market,,,0.0,0.0,0.0,1.0,neutral
2017-05-18,more offshore areas opened up to gas oil exploration,supply_geopolitics,supply_geopolitics,False,True,False,,oil_exploration_drilling,,0.2263,0.192,0.0,0.808,positive
2017-05-25,opec meeting puts oil at the crossroads,supply_geopolitics,supply_geopolitics,False,True,False,,opec,,0.0,0.0,0.0,1.0,neutral
2017-05-26,oil prices slide despite extension of production,market_prices,market_prices,True,False,False,oil_price,,,0.0,0.0,0.0,1.0,neutral
2017-05-26,oil slides despite production cut extension,market_prices,market_prices,True,False,False,oil_price_movement,,,0.2057,0.266,0.0,0.734,positive
2017-05-29,australian oil prices to stay lower for longer,market_prices,market_prices,True,False,False,oil_price,,,-0.296,0.0,0.239,0.761,negative
2017-06-09,petrol prices in brisbane higher than sydney again,consumer_fuel,consumer_fuel,False,False,True,,,fuel_price_or_cost,0.0,0.0,0.0,1.0,neutral
2017-06-21,wall street oil plummets to seven month low,market_prices,market_prices,True,False,False,oil_and_financial_market,,,-0.2732,0.0,0.231,0.769,negative
2017-06-22,wall street oil banks drag down stocks,market_prices,market_prices,True,False,False,oil_and_financial_market,,,-0.2263,0.0,0.241,0.759,negative
2017-06-28,crude oil arrives in wyndham as buru energy restarts production,market_prices,market_prices,True,False,False,crude_oil,,,-0.3818,0.152,0.268,0.58,negative
2017-07-06,wall street mostly higher dragged down by plunge in oil price,market_prices,market_prices,True,False,False,oil_price,,,-0.0516,0.0,0.107,0.893,negative
2017-07-12,cost saving fuel emissions decision lags despite universal trend,consumer_fuel,consumer_fuel,False,False,True,,,reversed_fuel_price_or_cost,-0.3612,0.0,0.238,0.762,negative
2017-07-26,petrol prices may have bottomed out while margins stay high,consumer_fuel,consumer_fuel,False,False,True,,,fuel_price_or_cost,0.0,0.0,0.0,1.0,neutral
2017-08-05,discount prices to banned from queensland petrol station boards,consumer_fuel,consumer_fuel,False,False,True,,,reversed_fuel_price_or_cost,-0.4588,0.0,0.273,0.727,negative
2017-08-20,north korea receives constant oil supply from china on border,supply_geopolitics,supply_geopolitics,False,True,False,,oil_core_supply,,0.0,0.0,0.0,1.0,neutral
2017-08-23,bhp billion dollar shale oil blunder,supply_geopolitics,supply_geopolitics,False,True,False,,shale_oil,,0.0,0.0,0.0,1.0,neutral
2017-09-04,buru energy resumes crude oil exports from wyndham port,market_prices,market_prices;supply_geopolitics,True,True,False,crude_oil,oil_core_supply,,-0.3818,0.164,0.289,0.547,negative
2017-09-05,darwin fuel prices rising strongly compared to rest of australia,consumer_fuel,consumer_fuel,False,False,True,,,fuel_price_or_cost,0.2732,0.189,0.0,0.811,positive
2017-09-08,food and fuel shortages as highlands highway,supply_geopolitics,supply_geopolitics,False,True,False,,fuel_shortage_security,,-0.1531,0.0,0.211,0.789,negative
2017-09-17,fuel shortage causes flight cancellations in auckland,supply_geopolitics,supply_geopolitics,False,True,False,,fuel_shortage_security,,-0.25,0.0,0.25,0.75,negative
2017-09-23,china imposes limit on oil supply to north korea,supply_geopolitics,supply_geopolitics,False,True,False,,oil_core_supply,,-0.1027,0.0,0.149,0.851,negative
2017-10-01,oil at 100 dollars a barrel possible again futures market,market_prices,market_prices,True,False,False,oil_and_financial_market,,,0.0,0.0,0.0,1.0,neutral
2017-10-09,brisbane petrol prices high motorists dont shp around,consumer_fuel,consumer_fuel,False,False,True,,,fuel_price_or_cost,0.0,0.0,0.0,1.0,neutral
2017-10-13,chevron abandons oil drilling on great australian bight,supply_geopolitics,supply_geopolitics,False,True,False,,oil_exploration_drilling,,0.4215,0.331,0.185,0.484,positive
2017-10-25,surging power bills fuel the inflation numbers,consumer_fuel,consumer_fuel,False,False,True,,,reversed_fuel_price_or_cost,0.0,0.0,0.0,1.0,neutral
2017-10-30,petrol price jump in darwin referred to accc,consumer_fuel,consumer_fuel,False,False,True,,,fuel_price_or_cost,0.0,0.0,0.0,1.0,neutral
2017-10-30,petrol prices rise again,consumer_fuel,consumer_fuel,False,False,True,,,fuel_price_or_cost,0.0,0.0,0.0,1.0,neutral
2017-11-15,wall street lower oil prices asx to open negative,market_prices,market_prices,True,False,False,oil_price,,,-0.7096,0.0,0.457,0.543,negative
2017-11-16,australian employment figures wall st global markets slip on oil,market_prices,market_prices,True,False,False,oil_and_financial_market,,,0.0,0.0,0.0,1.0,neutral
2017-11-28,wall street lacking energy oil prices weigh on market,market_prices,market_prices,True,False,False,oil_price,,,0.2732,0.208,0.0,0.792,positive
2017-11-30,north korea united states asks china to cut oil supply,supply_geopolitics,supply_geopolitics,False,True,False,,oil_core_supply,,0.1779,0.217,0.163,0.62,positive
2017-12-04,venezuela to launch oil backed cryptocurrency,supply_geopolitics,supply_geopolitics,False,True,False,,oil_geopolitical_country,,0.0258,0.18,0.0,0.82,neutral
2017-12-07,wall street slips plunging oil price tech rebound,market_prices,market_prices,True,False,False,oil_price,,,0.0,0.0,0.0,1.0,neutral
2017-12-23,new un sanctions for north korea limits oil supplies,supply_geopolitics,supply_geopolitics,False,True,False,,oil_policy,,0.0,0.0,0.0,1.0,neutral
2017-12-27,why petrol expensive global oil deal opec reserve bank dilemma,supply_geopolitics,supply_geopolitics;consumer_fuel,False,True,True,,opec,fuel_price_level,-0.1779,0.0,0.159,0.841,negative
2017-12-29,china oil accusation shows un sanctions are hard to enforce,supply_geopolitics,supply_geopolitics,False,True,False,,oil_geopolitical_event,,-0.34,0.0,0.298,0.702,negative
2018-01-12,wall street soars new records oil prices delta airlines earnings,market_prices,market_prices,True,False,False,oil_price,,,0.0,0.0,0.0,1.0,neutral
2018-01-22,brisbane fuel prices skyrocket in few weeks,consumer_fuel,consumer_fuel,False,False,True,,,fuel_price_or_cost,0.0,0.0,0.0,1.0,neutral
2018-01-23,petrol price watch scheme needed in qld opposition says,consumer_fuel,consumer_fuel,False,False,True,,,fuel_price_or_cost,0.0,0.0,0.0,1.0,neutral
2018-02-06,electric vehicle resale price compared to petrol diesel hybrid,consumer_fuel,consumer_fuel,False,False,True,,,reversed_fuel_price_or_cost,0.0,0.0,0.0,1.0,neutral
2018-04-12,new zealand no longer issuing oil and gas exploration permits,supply_geopolitics,supply_geopolitics,False,True,False,,oil_and_gas_industry,,-0.0772,0.157,0.182,0.661,negative
2018-04-12,nz prime minister bans oil exploration,supply_geopolitics,supply_geopolitics,False,True,False,,oil_exploration_drilling,,0.2263,0.275,0.0,0.725,positive
2018-04-19,asx lift rally metal oil prices mining wall street slows down,market_prices,market_prices,True,False,False,oil_price,,,0.0,0.0,0.0,1.0,neutral
2018-05-01,wall street slips rising oil prices mcdonalds upbeat profit,market_prices,market_prices,True,False,False,oil_price,,,0.4404,0.266,0.0,0.734,positive
2018-05-10,wall street boost after trump pulls out iran deal oil surge amp,market_prices,market_prices;supply_geopolitics,True,True,False,oil_price_movement,oil_policy,,0.4019,0.197,0.0,0.803,positive
2018-05-13,drivers urged to shop around on petrol prices,consumer_fuel,consumer_fuel,False,False,True,,,fuel_price_or_cost,0.0,0.0,0.0,1.0,neutral
2018-05-15,australias oil supply plummets with drilling likely in bight,supply_geopolitics,supply_geopolitics,False,True,False,,oil_core_supply,,0.0,0.0,0.0,1.0,neutral
2018-05-15,oil price rise to torch tax cuts,market_prices,market_prices,True,False,False,oil_price,,,-0.296,0.0,0.268,0.732,negative
2018-05-15,wall street lifts on surging oil prices asx flat open,market_prices,market_prices,True,False,False,oil_price,,,0.0,0.0,0.0,1.0,neutral
2018-05-23,fact check jim molan fuel security,supply_geopolitics,supply_geopolitics,False,True,False,,fuel_shortage_security,,0.34,0.324,0.0,0.676,positive
2018-06-05,petrol prices hit four year high for australian motorists,consumer_fuel,consumer_fuel,False,False,True,,,fuel_price_or_cost,0.0,0.0,0.0,1.0,neutral
2018-06-27,wall street rebound surge oil price us push allies iran imports,market_prices,market_prices;supply_geopolitics,True,True,False,oil_price,oil_geopolitical_country,,0.0,0.0,0.0,1.0,neutral
2018-07-11,snp500 wall street 5 month high pepsi oil prices,market_prices,market_prices,True,False,False,oil_price,,,0.0,0.0,0.0,1.0,neutral
2018-07-24,iran will respond in kind if us blocks oil exports,supply_geopolitics,supply_geopolitics,False,True,False,,oil_core_supply,,0.3612,0.256,0.143,0.602,positive
2018-07-25,petrol prices and health costs nudge inflation higher,consumer_fuel,consumer_fuel,False,False,True,,,fuel_price_or_cost,0.0,0.0,0.0,1.0,neutral
2018-08-09,wall street falter us china trade tension sinking oil prices,market_prices,market_prices;supply_geopolitics,True,True,False,oil_price,oil_geopolitical_event,,-0.3182,0.0,0.204,0.796,negative
2018-08-13,australia still not meeting oil reserve obligations,supply_geopolitics,supply_geopolitics,False,True,False,,oil_core_supply,,0.0,0.0,0.0,1.0,neutral
2018-08-14,oil drilling bid for great australian bight not boring debate,supply_geopolitics,supply_geopolitics,False,True,False,,oil_exploration_drilling,,0.7237,0.431,0.0,0.569,positive
2018-08-21,bhp profit falls on flagged us shale oil write downs,supply_geopolitics,supply_geopolitics,False,True,False,,shale_oil,,0.4404,0.244,0.0,0.756,positive
2018-08-21,petrol prices climb 4 year high accc urges comparison apps,consumer_fuel,consumer_fuel,False,False,True,,,fuel_price_or_cost,0.0,0.0,0.0,1.0,neutral
2018-08-23,qantas profit soars even as fuel costs set to rise,consumer_fuel,consumer_fuel,False,False,True,,,fuel_price_or_cost,0.4404,0.244,0.0,0.756,positive
2018-08-28,changes required to fuel excise funding before electric car boom,consumer_fuel,consumer_fuel,False,False,True,,,fuel_price_or_cost,0.0,0.0,0.0,1.0,neutral
2018-08-28,zero emissions but zero fuel excise from electric,consumer_fuel,consumer_fuel,False,False,True,,,fuel_price_or_cost,0.0,0.0,0.0,1.0,neutral
2018-09-05,port lincoln votes no to oil drilling in bight,supply_geopolitics,supply_geopolitics,False,True,False,,oil_exploration_drilling,,-0.296,0.0,0.216,0.784,negative
2018-09-27,petrol prices nudge up as oil prices jump,market_prices,market_prices;consumer_fuel,True,False,True,oil_price,,fuel_price_or_cost,0.0,0.0,0.0,1.0,neutral
2018-10-02,perth average petrol price soars to record high,consumer_fuel,consumer_fuel,False,False,True,,,fuel_price_or_cost,0.0,0.0,0.0,1.0,neutral
2018-10-18,rising petrol prices may push up the cost of fresh food,consumer_fuel,consumer_fuel,False,False,True,,,fuel_price_or_cost,0.3182,0.187,0.0,0.813,positive
2018-10-19,saudi arabia: its not always about the oil,supply_geopolitics,supply_geopolitics,False,True,False,,oil_geopolitical_country,,0.0,0.0,0.0,1.0,neutral
2018-10-29,oil price rise hits households but lng exports offset the blow,market_prices,market_prices,True,False,False,oil_price,,,0.0,0.0,0.0,1.0,neutral
2018-11-05,iran will break us sanctions by selling oil,supply_geopolitics,supply_geopolitics,False,True,False,,oil_policy,,0.0,0.0,0.0,1.0,neutral
2018-11-05,petrol prices surge 20pc 2018 not much can be done,consumer_fuel,consumer_fuel,False,False,True,,,fuel_price_or_cost,0.0,0.0,0.0,1.0,neutral
2018-11-13,tasmanians paying 30c per litre over wholesale fuel price ract,consumer_fuel,consumer_fuel,False,False,True,,,fuel_price_or_cost,0.0,0.0,0.0,1.0,neutral
2018-11-14,wall street slips plummeting oil price,market_prices,market_prices,True,False,False,oil_price,,,0.0,0.0,0.0,1.0,neutral
2018-11-18,french road blocks protest fuel taxes,consumer_fuel,consumer_fuel,False,False,True,,,fuel_price_or_cost,-0.4404,0.0,0.494,0.506,negative
2018-11-21,dow jones tumbles apple oil plunge wall street sell off,market_prices,market_prices,True,False,False,oil_price_movement,,,0.0,0.0,0.0,1.0,neutral
2018-11-21,high fuel prices hurting fishos hip pockets,consumer_fuel,consumer_fuel,False,False,True,,,fuel_price_or_cost,-0.4019,0.0,0.31,0.69,negative
2018-11-21,oil price,market_prices,market_prices,True,False,False,oil_price,,,0.0,0.0,0.0,1.0,neutral
2018-11-21,oil price crash great news for motorists bad news for economy,market_prices,market_prices,True,False,False,oil_price,,,-0.2732,0.224,0.339,0.437,negative
2018-12-04,france to suspend fuel tax hikes after violent protests,consumer_fuel,consumer_fuel,False,False,True,,,fuel_price_or_cost,-0.7964,0.0,0.574,0.426,negative
2018-12-11,greenpeace protest oil drilling in great australian bight,supply_geopolitics,supply_geopolitics,False,True,False,,oil_exploration_drilling,,0.4767,0.339,0.165,0.496,positive
2018-12-15,australias great southern reef fears over oil drilling plans,supply_geopolitics,supply_geopolitics,False,True,False,,oil_exploration_drilling,,0.3182,0.295,0.201,0.504,positive
2018-12-19,wall street falls on plunging oil price trump rate hike tweet,market_prices,market_prices,True,False,False,oil_price,,,0.0,0.0,0.0,1.0,neutral
2018-12-20,petrol prices to fall further before christmas accc says,consumer_fuel,consumer_fuel,False,False,True,,,fuel_price_or_cost,0.0,0.0,0.0,1.0,neutral
2019-01-11,tasmania petrol price explainer,consumer_fuel,consumer_fuel,False,False,True,,,fuel_price_or_cost,0.0,0.0,0.0,1.0,neutral
2019-01-15,zimbabwe protests turn deadly after fuel price hike,consumer_fuel,consumer_fuel,False,False,True,,,fuel_price_or_cost,-0.2263,0.0,0.213,0.787,negative
2019-01-22,canberra petrol price gouging government opposition want answers,consumer_fuel,consumer_fuel,False,False,True,,,fuel_price_or_cost,0.0772,0.157,0.0,0.843,positive
2019-01-23,government accused of doing little to improve fuel security,supply_geopolitics,supply_geopolitics,False,True,False,,fuel_shortage_security,,0.4256,0.38,0.166,0.454,positive
2019-03-11,great australian bight norwegian mp against oil drilling,supply_geopolitics,supply_geopolitics,False,True,False,,oil_exploration_drilling,,0.6249,0.369,0.0,0.631,positive
2019-04-01,tax credits for oil and gas giants rise to 324 billion,supply_geopolitics,supply_geopolitics,False,True,False,,oil_policy,,0.3612,0.2,0.0,0.8,positive
2019-04-18,public conditioned to accept higher petrol prices raa warns,consumer_fuel,consumer_fuel,False,False,True,,,fuel_price_or_cost,0.296,0.236,0.127,0.636,positive
2019-04-23,oil six month high us iran oil wall street,market_prices,market_prices;supply_geopolitics,True,True,False,oil_and_financial_market,oil_geopolitical_country,,0.0,0.0,0.0,1.0,neutral
2019-05-13,saudi oil tankers targeted in sabotage attack saudi arabia says,supply_geopolitics,supply_geopolitics,False,True,False,,oil_geopolitical_country,,-0.7579,0.0,0.448,0.552,negative
2019-06-07,fuel prices falling as crude oil market affects petrol stations,market_prices,market_prices;consumer_fuel,True,False,True,crude_oil,,fuel_price_or_cost,-0.6486,0.0,0.398,0.602,negative
2019-06-07,uae says oil tanker attacks likely the work of a state actor,supply_geopolitics,supply_geopolitics,False,True,False,,strategic_oil_tanker,,-0.4404,0.0,0.225,0.775,negative
2019-06-11,equinor great australian bight drilling oil prices slump,market_prices,market_prices;supply_geopolitics,True,True,False,oil_price,oil_exploration_drilling,,0.6249,0.369,0.0,0.631,positive
2019-06-13,wall street weak inflation oil tumble fed rate cut,market_prices,market_prices,True,False,False,oil_and_financial_market,,,-0.6124,0.0,0.417,0.583,negative
2019-06-14,a flaming oil tanker in the gulf of oman,supply_geopolitics,supply_geopolitics,False,True,False,,strategic_oil_tanker,,0.0,0.0,0.0,1.0,neutral
2019-06-14,gulf attacks on oil tankers raise risks in iran crisis,supply_geopolitics,supply_geopolitics,False,True,False,,oil_geopolitical_country,,-0.8442,0.0,0.565,0.435,negative
2019-06-14,wall street rises after gulf tanker attacks boost oil price,market_prices,market_prices,True,False,False,oil_price,,,-0.0516,0.199,0.213,0.588,negative
2019-06-15,us president donald trump blames iran for oil tanker attacks,supply_geopolitics,supply_geopolitics,False,True,False,,strategic_oil_tanker,,-0.6808,0.0,0.412,0.588,negative
2019-06-16,oil tanker explosions prompt saudi call for decisive action,supply_geopolitics,supply_geopolitics,False,True,False,,oil_geopolitical_country,,0.2263,0.192,0.0,0.808,positive
2019-06-18,iran us conflict over oil tankers attack,supply_geopolitics,supply_geopolitics,False,True,False,,oil_geopolitical_event,,-0.6597,0.0,0.519,0.481,negative
2019-06-26,with middle east tensions why is oil not 100 dollars a barrel,supply_geopolitics,supply_geopolitics,False,True,False,,oil_geopolitical_event,,-0.4019,0.0,0.213,0.787,negative
2019-07-05,tehran fumes as britain seizes iranian oil tanker,supply_geopolitics,supply_geopolitics,False,True,False,,strategic_oil_tanker,,-0.0258,0.0,0.136,0.864,neutral
2019-07-06,iran could sieze uk oil tanker,supply_geopolitics,supply_geopolitics,False,True,False,,oil_geopolitical_country,,0.0,0.0,0.0,1.0,neutral
2019-07-19,iran seizes oil tanker in persian gulf,supply_geopolitics,supply_geopolitics,False,True,False,,strategic_oil_tanker,,0.0,0.0,0.0,1.0,neutral
2019-08-12,multi billion dollar oil project using fracking west kimberley,supply_geopolitics,supply_geopolitics,False,True,False,,oil_industry_projects,,0.0,0.0,0.0,1.0,neutral
2019-08-19,uk faces food and fuel shortages in no deal brexit,supply_geopolitics,supply_geopolitics,False,True,False,,fuel_shortage_security,,-0.4215,0.0,0.322,0.678,negative
2019-08-22,qantas profit falls on rising fuel costs falling dollar,consumer_fuel,consumer_fuel,False,False,True,,,fuel_price_or_cost,0.3182,0.252,0.139,0.609,positive
2019-09-14,drone attacks on saudi arabia biggest oil facilities fires,supply_geopolitics,supply_geopolitics,False,True,False,,oil_geopolitical_country,,-0.4404,0.0,0.266,0.734,negative
2019-09-15,us lays the blame for saudi oil drone attack,supply_geopolitics,supply_geopolitics,False,True,False,,oil_geopolitical_country,,-0.6705,0.0,0.44,0.56,negative
2019-09-16,oil prices expected to jump more than 10pc on saudi attack,market_prices,market_prices;supply_geopolitics,True,True,False,oil_price,oil_geopolitical_country,,-0.4767,0.0,0.237,0.763,negative
2019-09-17,trump says he does not want war after attack on saudi oil,supply_geopolitics,supply_geopolitics,False,True,False,,oil_geopolitical_event,,-0.0454,0.191,0.262,0.547,neutral
2019-09-17,wall street falls surging oil prices global markets,market_prices,market_prices,True,False,False,oil_price,,,0.0,0.0,0.0,1.0,neutral
2019-09-18,oil price spike adds another risk to fragile economy,market_prices,market_prices,True,False,False,oil_price,,,-0.2732,0.0,0.208,0.792,negative
2019-09-18,saudi oil us explainer how much does the us have,supply_geopolitics,supply_geopolitics,False,True,False,,oil_geopolitical_country,,0.0,0.0,0.0,1.0,neutral
2019-09-18,wall street lifts tumbling oil saudi arabia restore,market_prices,market_prices;supply_geopolitics,True,True,False,oil_and_financial_market,oil_geopolitical_country,,0.296,0.239,0.0,0.761,positive
2019-09-19,saudi arabia says iranian sponsorship of oil attack undeniable,supply_geopolitics,supply_geopolitics,False,True,False,,oil_geopolitical_country,,-0.4767,0.0,0.279,0.721,negative
2019-09-22,iran revolutionary guard us troops saudi arabia uae oil attack,supply_geopolitics,supply_geopolitics,False,True,False,,oil_geopolitical_country,,-0.4767,0.0,0.256,0.744,negative
2019-09-27,petrol prices stay high despite oil falling to pre attack level,consumer_fuel,consumer_fuel,False,False,True,,,fuel_price_or_cost,-0.3931,0.107,0.229,0.665,negative
2019-09-30,saudi warns escalation with iran would cause oil price surge,market_prices,market_prices;supply_geopolitics,True,True,False,oil_price,oil_geopolitical_country,,-0.1027,0.0,0.135,0.865,negative
2019-10-04,petrol prices soared to new heights across much of,consumer_fuel,consumer_fuel,False,False,True,,,fuel_price_or_cost,0.0,0.0,0.0,1.0,neutral
2019-10-25,us troops to protect north eastern syria oil fields,supply_geopolitics,supply_geopolitics,False,True,False,,oil_industry_projects,,0.3818,0.245,0.0,0.755,positive
2019-11-04,saudi arabian oil company aramco to go partially public,supply_geopolitics,supply_geopolitics,False,True,False,,oil_industry_projects,,0.0,0.0,0.0,1.0,neutral
2019-11-11,iran discovers new oil field with over 50 billion barrels,supply_geopolitics,supply_geopolitics,False,True,False,,oil_geopolitical_country,,0.0,0.0,0.0,1.0,neutral
2019-11-17,one killed in iran protests over fuel price hike,consumer_fuel,consumer_fuel,False,False,True,,,fuel_price_or_cost,-0.7506,0.0,0.478,0.522,negative
2019-11-17,protests over shock fuel price hikes in iran kills one,consumer_fuel,consumer_fuel,False,False,True,,,fuel_price_or_cost,-0.7906,0.0,0.533,0.467,negative
2019-11-20,iranian fuel price protests leave more than 100 dead,consumer_fuel,consumer_fuel,False,False,True,,,fuel_price_or_cost,-0.7693,0.0,0.561,0.439,negative
2020-03-09,the oil price plunge petrol prices in australia $1 litre,market_prices,market_prices;consumer_fuel,True,False,True,oil_price,,fuel_price_or_cost,0.0,0.0,0.0,1.0,neutral
2020-03-10,wall street takes dive coronavirus oil prices,market_prices,market_prices,True,False,False,oil_price,,,0.0,0.0,0.0,1.0,neutral
2020-03-11,saudi arabia and russia intensify oil price war,market_prices,market_prices;supply_geopolitics,True,True,False,oil_price,oil_geopolitical_event,,-0.5994,0.0,0.358,0.642,negative
2020-03-19,coronavirus retailers keep petrol price difference amid downturn,consumer_fuel,consumer_fuel,False,False,True,,,fuel_price_or_cost,0.0,0.0,0.0,1.0,neutral
2020-04-01,coronavirus petrol prices plummet,consumer_fuel,consumer_fuel,False,False,True,,,fuel_price_or_cost,0.0,0.0,0.0,1.0,neutral
2020-04-08,high regional wa fuel prices prompt inquiry call,consumer_fuel,consumer_fuel,False,False,True,,,fuel_price_or_cost,0.0,0.0,0.0,1.0,neutral
2020-04-17,regional fuel prices point of contention mount isa,consumer_fuel,consumer_fuel,False,False,True,,,fuel_price_or_cost,0.0,0.0,0.0,1.0,neutral
2020-04-21,accc asked to investigate south west petrol prices,consumer_fuel,consumer_fuel,False,False,True,,,fuel_price_or_cost,0.0,0.0,0.0,1.0,neutral
2020-04-21,coronavirus negative oil prices what it means at petrol pump,market_prices,market_prices;consumer_fuel,True,False,True,oil_price,,reversed_fuel_price_or_cost,-0.5719,0.0,0.291,0.709,negative
2020-04-21,dow jones wall street oil collapse asx drop,market_prices,market_prices,True,False,False,oil_and_financial_market,,,-0.6486,0.0,0.469,0.531,negative
2020-04-21,oil price in the us falls below zero for the first time ever,market_prices,market_prices,True,False,False,oil_price,,,0.0,0.0,0.0,1.0,neutral
2020-04-22,brent oil drops to near two decade low supply demand storage,market_prices,market_prices,True,False,False,brent_market_context,,,-0.3818,0.0,0.286,0.714,negative
2020-04-22,coronavirus oil price fuel security,market_prices,market_prices;supply_geopolitics;consumer_fuel,True,True,True,oil_price,fuel_shortage_security,reversed_fuel_price_or_cost,0.34,0.375,0.0,0.625,positive
2020-04-22,dow jones wall street oil asx fall coronavirus covid19,market_prices,market_prices,True,False,False,oil_and_financial_market,,,0.0,0.0,0.0,1.0,neutral
2020-04-23,asx slips energy stocks rally on oil price bounce,market_prices,market_prices,True,False,False,oil_price,,,0.2732,0.208,0.0,0.792,positive
2020-04-23,shares rally on oil price bounce,market_prices,market_prices,True,False,False,oil_price,,,0.296,0.306,0.0,0.694,positive
2020-04-24,petrol price gouge queensland regional centres amid cheap oil,consumer_fuel,consumer_fuel,False,False,True,,,fuel_price_or_cost,0.0,0.0,0.0,1.0,neutral
2020-04-26,why australian government crude oil purchase teaches economics,market_prices,market_prices,True,False,False,crude_oil,,,-0.5719,0.0,0.346,0.654,negative
2020-04-29,coronavirus petrol price gouging barr threatens intervention,consumer_fuel,consumer_fuel,False,False,True,,,fuel_price_or_cost,-0.3818,0.0,0.302,0.698,negative
2020-04-29,wall street falls asx rise volatile oil price,market_prices,market_prices,True,False,False,oil_price,,,0.0,0.0,0.0,1.0,neutral
2020-05-04,oil price slump fuel price fuel petrol,market_prices,market_prices;consumer_fuel,True,False,True,oil_price,,fuel_price_or_cost,0.0,0.0,0.0,1.0,neutral
2020-05-04,petrol prices fall across canberra after threat to cap profits,consumer_fuel,consumer_fuel,False,False,True,,,fuel_price_or_cost,-0.128,0.203,0.238,0.559,negative
2020-05-05,fuel prices vary dramatically but not all price gouging,consumer_fuel,consumer_fuel,False,False,True,,,fuel_price_or_cost,0.0,0.0,0.0,1.0,neutral
2020-05-05,why fuel prices vary dramatically,consumer_fuel,consumer_fuel,False,False,True,,,fuel_price_or_cost,0.0,0.0,0.0,1.0,neutral
2020-05-06,nt fuel prices accc chief minister threatens fuel giants,consumer_fuel,consumer_fuel,False,False,True,,,fuel_price_or_cost,-0.3818,0.0,0.245,0.755,negative
2020-05-06,will us oil industry collapse impact trumps election chances,supply_geopolitics,supply_geopolitics,False,True,False,,oil_industry_projects,,-0.34,0.15,0.267,0.583,negative
2020-05-18,tasmanian petrol prices still high,consumer_fuel,consumer_fuel,False,False,True,,,fuel_price_or_cost,0.0,0.0,0.0,1.0,neutral
2020-05-26,tasmania to get fuel price monitoring in coronavirus crisis,consumer_fuel,consumer_fuel,False,False,True,,,fuel_price_or_cost,-0.6249,0.0,0.339,0.661,negative
2020-07-07,pilbara petrol prices remain high,consumer_fuel,consumer_fuel,False,False,True,,,fuel_price_or_cost,0.0,0.0,0.0,1.0,neutral
2020-07-10,asx follows weak lead from wall st dow jones oil slump,market_prices,market_prices,True,False,False,oil_price_movement,,,-0.4404,0.0,0.225,0.775,negative
2020-07-17,petrol prices in toowoomba moving to price cycle,consumer_fuel,consumer_fuel,False,False,True,,,fuel_price_or_cost,0.0,0.0,0.0,1.0,neutral
2020-09-24,eucalyptus kochii oil demand in western australia wheatbelt,supply_geopolitics,supply_geopolitics,False,True,False,,oil_core_supply,,-0.128,0.0,0.176,0.824,negative
2021-01-06,why low fuel prices are likely to stay,consumer_fuel,consumer_fuel,False,False,True,,,fuel_price_or_cost,-0.2732,0.0,0.231,0.769,negative
2021-01-09,petrol oil ironore gold coronavirus china commodities markets,market_prices,market_prices,True,False,False,oil_and_financial_market,,,0.0,0.0,0.0,1.0,neutral
2021-01-28,biden pauses oil and gas leases cuts subsidies climate,supply_geopolitics,supply_geopolitics,False,True,False,,oil_and_gas_industry,,-0.296,0.0,0.216,0.784,negative
2021-02-10,exxon mobil to close melbourne altona fuel refinery,supply_geopolitics,supply_geopolitics,False,True,False,,oil_refinery_operations,,0.0,0.0,0.0,1.0,neutral
2021-02-11,australia loses another oil refinery risking fuel supply,supply_geopolitics,supply_geopolitics,False,True,False,,oil_refinery_operations,,-0.5574,0.0,0.434,0.566,negative
2021-02-11,fears for fuel security following altona refinery closure,supply_geopolitics,supply_geopolitics,False,True,False,,oil_refinery_operations,,-0.1027,0.214,0.25,0.536,negative
2021-03-04,petroleum industry environmental fund loses favour in wa,supply_geopolitics,supply_geopolitics,False,True,False,,petroleum_context,,0.1531,0.259,0.205,0.536,positive
2021-03-24,asx slip wall street oil price drop europe covid19,market_prices,market_prices,True,False,False,oil_price,,,-0.2732,0.0,0.208,0.792,negative
2021-07-08,petrol prices at the highest in 18 months,consumer_fuel,consumer_fuel,False,False,True,,,fuel_price_or_cost,0.0,0.0,0.0,1.0,neutral
2021-08-02,israel and iran response on an oil tanker off oman,supply_geopolitics,supply_geopolitics,False,True,False,,oil_geopolitical_country,,0.0,0.0,0.0,1.0,neutral
2021-09-28,driver shortage sparks uk fuel crisis,supply_geopolitics,supply_geopolitics,False,True,False,,fuel_shortage_security,,-0.7269,0.0,0.604,0.396,negative
2021-10-20,petrol prices soar to record highs across the country,consumer_fuel,consumer_fuel,False,False,True,,,fuel_price_or_cost,0.0,0.0,0.0,1.0,neutral
2021-10-27,fuel and housing costs push inflation higher,consumer_fuel,consumer_fuel,False,False,True,,,fuel_cost_proximity,0.0,0.0,0.0,1.0,neutral
2021-12-08,petrol prices across australia surge ahead of,consumer_fuel,consumer_fuel,False,False,True,,,fuel_price_or_cost,0.0,0.0,0.0,1.0,neutral
2021-12-09,when will petrol prices start to come down,consumer_fuel,consumer_fuel,False,False,True,,,fuel_price_or_cost,0.0,0.0,0.0,1.0,neutral
