date,headline_text,match_reason
2003-02-20,fuel price jumps in newcastle,fuel_prices
2003-02-20,oil prices hit new high,oil_market_phrase
2003-02-21,accc too timid in petrol price investigations,fuel_prices
2003-02-21,claim low oil inventory causing high petrol prices,fuel_prices
2003-02-21,petrol prices on the rise,fuel_prices
2003-02-22,oil price hikes may weigh on rates decision,oil_market_phrase
2003-02-22,petrol price hike compared to interest rate rise,fuel_prices
2003-02-23,opec pledges oil will flow despite war,opec
2003-02-26,fuel prices almost doubled in zimbabwe,fuel_prices
2003-02-26,king islanders resigned to high fuel prices,fuel_prices
2003-02-27,oil prices hit 12 year high,oil_market_phrase
2003-02-27,strong dollar should offset oil price ract protests,oil_market_phrase
2003-02-28,fuel prices tipped to jump further,fuel_prices
2003-02-28,oil price approaches usd 40 mark,oil_market_phrase
2003-02-28,oil prices contribute to massive caltex turnaround,oil_market_phrase
2003-03-03,qld petrol prices cheaper than nsw survey,fuel_prices
2003-03-04,petrol prices soar in north west victoria,fuel_prices
2003-03-13,major oil producers accused of boycotting oil forum,oil_market_phrase
2003-03-14,act residents slugged with petrol price hike,fuel_prices
2003-03-19,farmers benefiting from steadying crude oil market,crude_oil
2003-03-19,war tipped to send fuel price higher,fuel_prices
2003-03-20,oil supply will continue says opec,opec
2003-03-21,oil prices edging up on possibility of longer war,oil_market_phrase
2003-03-22,burning wells may not push oil price up,oil_market_phrase
2003-03-23,iraq war could push petrol prices down,fuel_prices
2003-03-24,oil jumps as war confidence slides,oil_price_movement
2003-03-25,petrol prices expected to drop,fuel_prices
2003-03-28,accc drops oil industry investigation,oil_market_phrase
2003-03-28,petrol prices fall in albany,fuel_prices
2003-03-29,analyst predicts lower petrol prices,fuel_prices
2003-03-31,oil firm considers cliff head production,oil_with_market_context
2003-03-31,racq hopes central qld fuel prices to fall soon,fuel_prices
2003-04-02,raa predicts drop in country fuel prices,fuel_prices
2003-04-08,port stanvac oil refinery to stop production,oil_market_phrase
2003-04-12,petroleum institute welcomes cwealth ethanol cap,petroleum
2003-04-12,rann condemns mobil for sa oil refinery closure,oil_market_phrase
2003-04-16,us shut down oil pipeline to syria,oil_market_phrase
2003-04-18,petrol prices no cause for alarm racq,fuel_prices
2003-04-21,ex general to head iraqs opec delegation,opec
2003-04-22,oil reduction to stop price slide expert,oil_with_market_context
2003-04-24,oil prices slump,oil_market_phrase
2003-04-25,opec cuts production to buoy oil prices,opec
2003-05-06,group says no evidence of fuel price fixing,fuel_prices
2003-05-06,shale oil production could meet aust needs spp,oil_market_phrase
2003-05-08,groups seeking more equitable fuel prices,fuel_prices
2003-05-09,oil slick tanker victims to receive payout,oil_with_market_context
2003-05-10,small business being pushed out of oil industry mta,oil_market_phrase
2003-05-16,orange council to probe fuel prices,fuel_prices
2003-05-22,fuel prices tipped to stabilise,fuel_prices
2003-05-22,iraq ready to resume oil sales once sanctions,oil_with_market_context
2003-05-25,iraq ramps up oil production,oil_market_phrase
2003-05-29,drivers enjoying lower fuel prices,fuel_prices
2003-06-04,lightning blamed for oil refinery fire,oil_market_phrase
2003-06-06,racq backs calls for regional fuel price probe,fuel_prices
2003-06-11,opec keeps oil output steady,opec
2003-06-12,competition lowering fuel prices ract,fuel_prices
2003-06-13,iraqi oil exports soon to be announced,oil_market_phrase
2003-06-14,gaddafi moves to privatise libyas oil industry,oil_market_phrase
2003-06-18,zimbabwe allows private oil imports to ease,oil_market_phrase
2003-06-19,iraqi oil exports to start on sunday official,oil_market_phrase
2003-06-21,confusion over resumption of iraq oil exports,oil_market_phrase
2003-06-22,explosion damages iraq oil pipeline,oil_market_phrase
2003-06-22,repairs delay iraq oil exports,oil_market_phrase
2003-06-26,pipeline attacks wont affect iraq oil exports,oil_market_phrase
2003-07-01,truck drivers criticise diesel price hike,fuel_prices
2003-07-04,farmers to feel fuel price rise impact,fuel_prices
2003-07-10,bendigo fuel price on the rise,fuel_prices
2003-07-19,oil industry welcomes ocean plan,oil_market_phrase
2003-08-07,tas petrol prices up almost 3 cents in july,fuel_prices
2003-08-09,oil prices slip,oil_market_phrase
2003-08-16,iraqs key oil pipeline to turkey hit by fire,oil_market_phrase
2003-08-17,fire still raging at iraqi oil export pipeline,oil_market_phrase
2003-08-17,sabotage halts iraqi oil exports,oil_market_phrase
2003-08-20,racv predicts petrol price spike wont last,fuel_prices
2003-08-21,high oil price pumps woodside profit,oil_market_phrase
2003-08-31,sheikh arrested over oil pipeline blasts,oil_market_phrase
2003-09-10,pipeline company fined for brisbane oil spill,oil_with_market_context
2003-09-15,iraq oil industry up and running,oil_market_phrase
2003-09-16,iraq to attend its first post war opec meeting,opec
2003-09-18,fire erupts at iraqi oil pipeline,oil_market_phrase
2003-09-19,warwick enjoys lowest fuel price,fuel_prices
2003-09-24,oil prices surge on opec cut,opec
2003-09-25,opec oil cut hits share market,opec
2003-09-25,petroleum exploration spending rises in wa,petroleum
2003-09-26,crude oil prices stay high after opec cut,crude_oil
2003-09-30,putin under kyoto pressure from oil companies wwf,oil_market_phrase
2003-10-05,us snipers to defend iraq oil pipeline,oil_market_phrase
2003-10-06,tasmania warns over high petrol prices,fuel_prices
2003-11-03,blast rips through oil pipeline in northern iraq,oil_market_phrase
2003-11-07,china petroleum group tours north qld,petroleum
2003-11-17,dollar should be reducing diesel prices seafood,fuel_prices
2003-11-18,pipeline explosion closes iraqi oil refinery,oil_market_phrase
2003-11-19,dollar offsets soaring oil prices,oil_market_phrase
2003-11-21,petrol price fixing charges against leahy dropped,fuel_prices
2003-12-03,mosaic oil boosts gas output,oil_with_market_context
2003-12-05,opec to maintain production ceiling,opec
2003-12-22,insurgents target iraqi oil pipelines,oil_market_phrase
2003-12-23,libya invites us oil companies back,oil_market_phrase
2004-01-08,saboteurs destroy kirkuk oil pipeline,oil_market_phrase
2004-01-09,oil company shares resume trade,oil_with_market_context
2004-01-14,high petrol prices fuel farm group frustration,fuel_prices
2004-01-19,hong kong group bids for oil and gas producer,oil_with_market_context
2004-01-21,oil tanker roll sparks road clean up,oil_market_phrase
2004-02-02,nrma questions petrol prices,fuel_prices
2004-02-03,nrma calls for fuel price investigation,fuel_prices
2004-02-11,opec slashes oil output,opec
2004-02-17,big oil reserves found in surat basin,oil_market_phrase
2004-02-17,leaky oil tanker banned from sydney,oil_market_phrase
2004-02-19,suspect oil tanker allowed to dock in sydney,oil_market_phrase
2004-02-28,supply concerns drive oil prices up,oil_market_phrase
2004-03-01,venezuelas chavez threatens us oil supplies,oil_market_phrase
2004-03-06,oil price hits post iraq war high,oil_market_phrase
2004-03-12,petroleum company to spend 13m on new exploration,petroleum
2004-03-17,oil price breaks post iraq war high,oil_market_phrase
2004-03-18,us oil surges to 13 year high,oil_price_movement
2004-03-19,oil prices ease from 13 year high,oil_market_phrase
2004-03-31,explosion rocks texan oil refinery,oil_market_phrase
2004-03-31,oil price jumps ahead of output cut,oil_market_phrase
2004-04-03,shell to investigate oil refinery blaze,oil_market_phrase
2004-04-07,petrol price hike expected for easter,fuel_prices
2004-04-10,oppn calls for reduced petrol prices,fuel_prices
2004-04-12,libs call for action on petrol prices,fuel_prices
2004-04-15,stuart petroleum gushes,petroleum
2004-04-28,education health and petrol prices expected to,fuel_prices
2004-05-01,brent oil price hits three year plus high,brent_market
2004-05-07,us markets down over iraq oil and job news,oil_with_market_context
2004-05-08,oil price hits usd 40,oil_market_phrase
2004-05-10,fears oil price hike could raise airfares,oil_market_phrase
2004-05-10,increasing fuel prices to impact on country,fuel_prices
2004-05-10,petrol prices set to increase,fuel_prices
2004-05-10,pipeline attack halts iraqi oil exports,oil_market_phrase
2004-05-12,crude oil breaks usd 40 barrier,crude_oil
2004-05-12,racq concerned over petrol prices,fuel_prices
2004-05-13,us oil price soars to record closing high,oil_market_phrase
2004-05-13,wall st steady despite oil price hike,oil_market_phrase
2004-05-14,oil prices surge to record closing high again,oil_market_phrase
2004-05-14,regional airlines threatened by fuel price hike,fuel_prices
2004-05-14,review into fuel price differences,fuel_prices
2004-05-15,attack fears cause record oil price,oil_market_phrase
2004-05-16,first sars now high oil prices threaten asian,oil_market_phrase
2004-05-16,govt not to blame for petrol price hike,fuel_prices
2004-05-16,special opec meeting may boost oil output,opec
2004-05-17,oil price hits all time high,oil_market_phrase
2004-05-17,racv tips further petrol price rises,fuel_prices
2004-05-18,fuel prices to hurt company profits,fuel_prices
2004-05-18,oil prices turn lower,oil_market_phrase
2004-05-19,petrol price hike makes lpg more attractive racv,fuel_prices
2004-05-21,crude oil prices fuel petrol price rise,crude_oil
2004-05-21,local market stronger as oil price dips,oil_market_phrase
2004-05-21,opec under pressure to boost supply,opec
2004-05-22,oil prices dip as saudis promise supply boost,oil_market_phrase
2004-05-23,opec opts against immediate boost to output,opec
2004-05-23,opec talks end no decision made,opec
2004-05-23,saudi arabia stands firm on opec proposal,opec
2004-05-24,oil price slides after opec talks,opec
2004-05-25,high petrol prices fuels call to shop around,fuel_prices
2004-05-25,oil price concerns push market down,oil_market_phrase
2004-05-26,falling oil price eases wall st fears,oil_market_phrase
2004-05-27,oil prices fall despite tight reserves report,oil_market_phrase
2004-05-28,oil price slides as dollar strengthens,oil_market_phrase
2004-05-28,oil prices slip,oil_market_phrase
2004-05-29,seven dead as fire sweeps through oil tanker,oil_market_phrase
2004-05-30,saudi attack pressures oil price,oil_market_phrase
2004-05-31,govt dismisses labor petrol price plan,fuel_prices
2004-05-31,oil market nervous after saudi unrest,oil_market_phrase
2004-06-01,mackay fears rising fuel prices,fuel_prices
2004-06-01,markets move slowly amid oil price speculation,oil_market_phrase
2004-06-01,oil surges after saudi hostage drama,oil_price_movement
2004-06-01,opec to boost oil production minister,opec
2004-06-01,rising petrol prices fuel tourism fears,fuel_prices
2004-06-01,sugar industry hopeful oil surge helps sales,oil_price_movement
2004-06-02,geraldton fuel prices reach near record,fuel_prices
2004-06-02,no fuel price respite in sight,fuel_prices
2004-06-02,oil interest rates help australian markets surge,oil_with_market_context
2004-06-02,surging oil price pushes us markets higher,oil_market_phrase
2004-06-02,treasurer warns of effect of high oil prices,oil_market_phrase
2004-06-03,markets weather high oil price,oil_market_phrase
2004-06-03,oil drops below usd 40,oil_price_movement
2004-06-03,opec agrees to increase oil output,opec
2004-06-03,opec expected to increase oil production,opec
2004-06-04,fuel price jumps in bendigo,fuel_prices
2004-06-05,intel jobs data lower oil boost us stocks,oil_with_market_context
2004-06-05,oil price slides as tensions ease,oil_market_phrase
2004-06-07,petroleum conference to focus on timor sea,petroleum
2004-06-08,oil tanker blocks princes highway,oil_market_phrase
2004-06-08,stable oil prices drive us market higher,oil_market_phrase
2004-06-09,oil producers monitor nigerian strike,oil_market_phrase
2004-06-09,second attack sabotages iraq oil pipelines,oil_market_phrase
2004-06-11,poverty no reason to cede oil reserves downer,oil_market_phrase
2004-06-16,iraqi oil security chief killed as exports halt,oil_with_market_context
2004-06-16,saudi arabia to bump up oil output capacity,oil_market_phrase
2004-06-19,iraq oil exports set to resume,oil_market_phrase
2004-06-21,iraq resumes some oil exports after 6 day halt,oil_market_phrase
2004-07-01,survey considers petroleum potential,petroleum
2004-07-03,iraq oil exports ruptured,oil_market_phrase
2004-07-06,clp in petrol price scare campaign mp,fuel_prices
2004-07-07,central vic fuel prices expected to drop,fuel_prices
2004-07-07,higher oil dampens markets,oil_with_market_context
2004-07-08,lower fuel prices wont last long racv,fuel_prices
2004-07-10,oil prices slip on opec output pledge,opec
2004-07-15,crude oil prices surge on us markets,crude_oil
2004-07-20,oil nears usd 42 a barrel,oil_with_market_context
2004-07-24,explosion leaves iraq oil pipeline ablaze,oil_market_phrase
2004-07-29,differing fuel prices highlights competition,fuel_prices
2004-07-29,oil price spike worries us investors,oil_market_phrase
2004-07-29,record oil prices as bailiff moves on yukos,oil_market_phrase
2004-07-30,oil price eases in volatile trade,oil_market_phrase
2004-07-30,oil prices hit fresh highs,oil_market_phrase
2004-07-30,petroleum firm reaches record profit,petroleum
2004-08-03,attack halts oil exports from northern iraq,oil_market_phrase
2004-08-03,markets remain stable as oil price rises,oil_market_phrase
2004-08-03,supply fears push oil to new high,oil_with_market_context
2004-08-04,oil price hits usd 44,oil_market_phrase
2004-08-04,us markets slide as oil hits new high,oil_with_market_context
2004-08-05,fuel prices tipped to rise further,fuel_prices
2004-08-05,markets focus on volatile oil prices,oil_market_phrase
2004-08-05,world oil prices dive,oil_market_phrase
2004-08-06,crude oil shoots higher,crude_oil
2004-08-06,wall street hit by oil price,oil_market_phrase
2004-08-07,oil prices yoyo on yukos woes,oil_market_phrase
2004-08-09,opec may raise oil quotas president,opec
2004-08-10,oil hits new high after iraq ceases production,oil_with_market_context
2004-08-11,lack of competition blamed for petrol price hike,fuel_prices
2004-08-11,oil market continues irrational exuberance,oil_market_phrase
2004-08-12,brent crude touches 42 mark,brent_market
2004-08-12,oil production fears trigger market volatility,oil_market_phrase
2004-08-12,saudi promise fails to cool oil prices,oil_market_phrase
2004-08-13,markets unsettled as oil price reaches new highs,oil_market_phrase
2004-08-13,oil price breaks new record on iraq fears,oil_market_phrase
2004-08-13,oil prices soar,oil_market_phrase
2004-08-13,petrol prices fuel mp concerns,fuel_prices
2004-08-14,brent ny oil prices soar,oil_market_phrase
2004-08-14,iraq shuts down main oil pipeline,oil_market_phrase
2004-08-14,oil price surges higher,oil_market_phrase
2004-08-16,oil nears usd 47 a barrel,oil_with_market_context
2004-08-16,oil price falls from record highs,oil_market_phrase
2004-08-16,petrol prices fail to dampen outback tourism,fuel_prices
2004-08-18,fuel price rise no surprise,fuel_prices
2004-08-18,oil prices bubble to record high,oil_market_phrase
2004-08-19,competition helps keep horsham fuel prices down,fuel_prices
2004-08-20,oil price forces qantas fare rise,oil_market_phrase
2004-08-21,oil price drops below 48 a barrel,oil_market_phrase
2004-08-21,us market gains as oil prices retreat,oil_market_phrase
2004-08-21,vic motorists warned of record petrol prices,fuel_prices
2004-08-22,oil exports from southern iraq back to normal,oil_market_phrase
2004-08-22,oil prices will fall says bhp,oil_market_phrase
2004-08-22,rural economies hit by high oil price,oil_market_phrase
2004-08-23,drivers tipped to feel higher petrol prices,fuel_prices
2004-08-23,investor confidence returns as oil price eases,oil_market_phrase
2004-08-23,livestock transporters bow to fuel price pressure,fuel_prices
2004-08-24,fuel prices cripple flying doctors,fuel_prices
2004-08-24,oil price drops after iraqi production resumes,oil_market_phrase
2004-08-25,business group airs fuel price fears,fuel_prices
2004-08-25,oil price fall lifts markets aust dollar falls,oil_market_phrase
2004-08-26,costello warns oil price threatens growth,oil_market_phrase
2004-08-26,harradine blasts petrol price rip off,fuel_prices
2004-08-26,lower oil price fuels wall st rally,oil_market_phrase
2004-08-26,oil prices slide,oil_market_phrase
2004-08-27,oil prices fall despite iraq pipeline attacks,oil_market_phrase
2004-08-28,oil prices ease as fears of supply disruption fade,oil_market_phrase
2004-08-28,oil prices firm after week of decline,oil_market_phrase
2004-08-29,high oil prices here to stay analyst says,oil_market_phrase
2004-08-31,iraqi oil pipeline attacked,oil_market_phrase
2004-09-02,fuel prices continue climb,fuel_prices
2004-09-02,oil price rise impacts on us share prices,oil_market_phrase
2004-09-02,supply worries prompt jump in oil price,oil_market_phrase
2004-09-03,oil prices may increase cost of country petrol,oil_market_phrase
2004-09-03,oil prices will push interest rates up wa greens,oil_market_phrase
2004-09-03,racq calls for fuel price reductions,fuel_prices
2004-09-03,wall st investors relieved as oil prices wind back,oil_market_phrase
2004-09-04,saboteurs attack oil pipeline,oil_market_phrase
2004-09-05,production boost needed to cap oil prices iea,oil_market_phrase
2004-09-09,us urges oil sanctions against sudan,oil_market_phrase
2004-09-10,sudan oil sanctions divide un,oil_market_phrase
2004-09-11,falling oil prices boost us stocks,oil_market_phrase
2004-09-16,drones to guard australian oil reserves,oil_market_phrase
2004-09-16,opec oil pledge fails to satisfy markets,opec
2004-09-17,russian oil tanker explodes six people missing,oil_market_phrase
2004-09-20,oil prices rise as yukos slows exports,oil_market_phrase
2004-09-21,oil price dampens wall st trading,oil_market_phrase
2004-09-23,news corp oil price depresses market,oil_market_phrase
2004-09-23,rising oil price unnerves us markets,oil_market_phrase
2004-09-24,dollar climbs as oil price creeps towards record,oil_market_phrase
2004-09-24,king island fuel prices climb,fuel_prices
2004-09-24,rising oil price sparks stock sell off,oil_market_phrase
2004-09-27,oil price nears record high,oil_market_phrase
2004-09-27,security fears boost oil prices,oil_market_phrase
2004-09-28,oil price breaks usd 50 mark,oil_market_phrase
2004-09-28,oil price hits usd 50 a barrel,oil_market_phrase
2004-09-28,oil price spike may hurt economic growth,oil_market_phrase
2004-09-28,record oil prices hit us markets,oil_market_phrase
2004-09-28,saudi arabia to hike oil production capacity,oil_market_phrase
2004-09-28,unrest forces oil prices higher,oil_market_phrase
2004-09-29,wa warned of fuel price rises,fuel_prices
2004-09-30,oil prices ease on positive news from us nigeria,oil_market_phrase
2004-10-01,oil price climbs back over usd 50,oil_market_phrase
2004-10-02,oil prices hold above usd 50,oil_market_phrase
2004-10-03,oil prices threaten global recovery imf,oil_market_phrase
2004-10-05,modest gains on wall st as oil price slips,oil_market_phrase
2004-10-05,oil surges to record high,oil_price_movement
2004-10-06,oil prices higher on supply worries,oil_market_phrase
2004-10-06,oil prices to keep interest rate down,oil_market_phrase
2004-10-06,oil supply fears weigh heavy on market,oil_market_phrase
2004-10-07,fuel price prompts power rethink in outback,fuel_prices
2004-10-07,markets optimistic despite rocketing oil price,oil_market_phrase
2004-10-07,oil price hits usd 52,oil_market_phrase
2004-10-08,oil price helps push aussie dollar up,oil_market_phrase
2004-10-08,oil price rise hits cattle operator,oil_market_phrase
2004-10-08,strike pushes oil prices to new record,oil_market_phrase
2004-10-11,brent crude hits usd 50 record,brent_market
2004-10-11,govt urged to stop rising fuel prices,fuel_prices
2004-10-11,oil prices set to ease us treasury says,oil_market_phrase
2004-10-12,high oil price slowing fuel demand growth iea,oil_market_phrase
2004-10-12,oil price nears usd 54,oil_market_phrase
2004-10-12,oil prices hold steady at usd 54,oil_market_phrase
2004-10-13,markets continue to focus on oil prices,oil_market_phrase
2004-10-13,regional link assessing oil price impact,oil_market_phrase
2004-10-14,airline considers response to rising oil prices,oil_market_phrase
2004-10-14,oil prices increase amid supply fears,oil_market_phrase
2004-10-14,rising oil price may boost air travel cost,oil_market_phrase
2004-10-15,markets hit by oil price hike,oil_market_phrase
2004-10-15,oil price fails to dampen all ords,oil_market_phrase
2004-10-18,fuel price offers mixed outlook for qld drivers,fuel_prices
2004-10-18,oil prices surge over usd 55,oil_market_phrase
2004-10-19,oil price dip boosts us markets,oil_market_phrase
2004-10-19,perth fuel prices remain competitive despite rises,fuel_prices
2004-10-20,conference hears oil price tipped to stabilise,oil_market_phrase
2004-10-20,trucking industry feels pinch of oil prices,oil_market_phrase
2004-10-21,oil price rises tipped to cut economic growth,oil_market_phrase
2004-10-21,record petrol prices prompt hold off call,fuel_prices
2004-10-23,oil prices surge higher,oil_market_phrase
2004-10-25,fuel prices spark outback tourism fears,fuel_prices
2004-10-25,motorists warned of fuel price hike,fuel_prices
2004-10-26,brisbane refinery steps toward green oil,oil_with_market_context
2004-10-26,oil price pushes perth petrol to record highs,oil_market_phrase
2004-10-27,oil price yet to hit inflation costello,oil_market_phrase
2004-10-27,petrol prices expected to weigh on inflation,fuel_prices
2004-10-28,oil prices plunge in wild trading,oil_market_phrase
2004-10-28,plunging oil price good news for inflation,oil_market_phrase
2004-10-29,beach petroleum posts 14m quarterly revenue,petroleum
2004-10-29,chinese rates rise saps crude oil price,crude_oil
2004-11-01,cars oil push trade deficit above 2b,oil_with_market_context
2004-11-02,oil traders tip kerry win driving prices lower,oil_with_market_context
2004-11-02,sabotage threatens weakened oil supplies,oil_market_phrase
2004-11-03,vote speculation pulls oil price below usd 50,oil_market_phrase
2004-11-04,oil well boosts daily production,oil_with_market_context
2004-11-05,oil price slide resumes,oil_market_phrase
2004-11-05,us stocks rise as oil price falls,oil_market_phrase
2004-11-06,russian oil production to hit 460 million tonnes,oil_market_phrase
2004-11-09,oil price fluctuation to continue says bhp chief,oil_market_phrase
2004-11-10,grey nomads unfazed by petrol prices,fuel_prices
2004-11-10,lrp phase out to fuel price rise for older cars,fuel_prices
2004-11-10,oil price drop yet to reach adelaide bowsers,oil_market_phrase
2004-11-10,racq hopes drivers to feel easing oil price,oil_market_phrase
2004-11-12,oil price loses usd 1 in renewed decline,oil_market_phrase
2004-11-12,woodside energy pioneers search for bight oil,oil_with_market_context
2004-11-13,oil price eases despite us cold snap,oil_market_phrase
2004-11-16,insurgents attack iraq oil pipeline,oil_market_phrase
2004-11-17,insurgents attack iraqi oil pipeline,oil_market_phrase
2004-11-17,saboteurs behind cuts to iraq oil exports,oil_market_phrase
2004-11-19,racq questions high petrol prices,fuel_prices
2004-11-20,oil prices jump on supply worries,oil_market_phrase
2004-11-20,us stocks drop on oil currency movements,oil_with_market_context
2004-11-24,oil prices surge again,oil_market_phrase
2004-11-27,oil prices stabilise but supply fears remain,oil_market_phrase
2004-11-30,despite fall oil price remains quite expensive,oil_market_phrase
2004-12-01,oecd tips limited oil price drop,oil_market_phrase
2004-12-02,stocks rise on back of oil price slump,oil_market_phrase
2004-12-03,no quick relief from fuel prices,fuel_prices
2004-12-03,oil prices tumble as supply fears fade,oil_market_phrase
2004-12-07,oil prices rebound on fears of opec output cut,opec
2004-12-08,energy stocks fall after oil price drop,oil_market_phrase
2004-12-09,fears holiday season to fuel petrol price rise,fuel_prices
2004-12-10,tas petrol prices queried in wake of new market,fuel_prices
2004-12-11,oil price drops as traders brush off opec cut,opec
2004-12-11,opec reassures market of surplus cuts,opec
2004-12-11,opec to cut excess oil supply,opec
2004-12-13,ract asks members to act on petrol prices,fuel_prices
2004-12-15,fresh oil reserves found in bass strait,oil_market_phrase
2004-12-15,petrol prices must come down martin says,fuel_prices
2004-12-16,oil price wall street shares climb,oil_market_phrase
2004-12-16,production ramps up after timor sea oil leak,oil_with_market_context
2004-12-17,e timor cabinet passes landmark petroleum law,petroleum
2004-12-18,ract steps up petrol price push,fuel_prices
2004-12-18,wall street slips as oil price leaps,oil_market_phrase
2004-12-21,fuel prices set to climb further,fuel_prices
2004-12-23,oil companies slammed over lack of lrp info,oil_market_phrase
2004-12-28,crude oil prices plunge,crude_oil
2004-12-29,racv praises lower petrol prices over christmas,fuel_prices
2004-12-30,oil price jumps after riyadh car bombs,oil_market_phrase
2004-12-31,baghdad oil refinery set alight,oil_market_phrase
2005-01-02,insurgent war crippling iraqi oil industry,oil_market_phrase
2005-01-06,oil price retreats,oil_market_phrase
2005-01-06,oil prices fall,oil_market_phrase
2005-01-07,supply fears spark oil price rise,oil_market_phrase
2005-01-08,oil prices steady after sharp rise,oil_market_phrase
2005-01-10,oil companies blamed for high regional petrol,oil_market_phrase
2005-01-11,hunter mp hits out at higher country petrol prices,fuel_prices
2005-01-12,accc asked to probe mt gambier fuel prices,fuel_prices
2005-01-12,oil price bubbles higher,oil_market_phrase
2005-01-13,oil prices on the rise,oil_market_phrase
2005-01-13,racq angered by toowoombas high fuel prices,fuel_prices
2005-01-14,stocks lose ground as oil price jumps,oil_market_phrase
2005-01-15,oil prices rise on supply worries,oil_market_phrase
2005-01-18,china asia predicted to increase oil demand,oil_market_phrase
2005-01-19,islanders look to coconuts as oil prices rise,oil_market_phrase
2005-01-19,woodside benefits from oil price hikes,oil_market_phrase
2005-01-20,accc keeps close eye on wagga fuel prices,fuel_prices
2005-01-29,opec expected to maintain production levels,opec
2005-01-30,inquiry to probe high nt petrol prices,fuel_prices
2005-01-30,opec charts no change in oil output limits,opec
2005-01-30,opec keeps output steady,opec
2005-01-31,petrol price inquiry a stunt opposition says,fuel_prices
2005-02-02,cheaper fuel prices predicted to dry up,fuel_prices
2005-02-03,conflicting reasons given for high fuel prices,fuel_prices
2005-02-08,egypt cleans up tanker crash oil slick,oil_with_market_context
2005-02-14,us soldier killed in iraq oil pipeline ablaze,oil_market_phrase
2005-02-16,woodside petroleum doubles net profit,petroleum
2005-02-17,east timor moves toward independent oil industry,oil_market_phrase
2005-02-21,us oil exports will stop if bush kills me chavez,oil_market_phrase
2005-02-23,high oil price fuels santos profit jump,oil_market_phrase
2005-02-23,oil surge pushes dollar to 12 month high,oil_price_movement
2005-02-23,us markets knocked down by oil price,oil_market_phrase
2005-03-01,fuel price hikes spark indonesian protests,fuel_prices
2005-03-02,indonesian students protest fuel price rise,fuel_prices
2005-03-04,wall st rallies despite oil price hit,oil_market_phrase
2005-03-07,drivers face higher petrol price,fuel_prices
2005-03-07,oil price rises concern opec,opec
2005-03-10,bush urges oil production in wildlife reserve,oil_market_phrase
2005-03-10,oil price hits new highs,oil_market_phrase
2005-03-10,oil worries hit us stocks,oil_with_market_context
2005-03-11,iea predicts higher than expected oil demand,oil_market_phrase
2005-03-16,opec boosts production,opec
2005-03-17,oil prices hit record as markets ignore opec,opec
2005-03-17,petrol price hike tipped after oil surge,oil_price_movement
2005-03-17,record high oil prices hit us stocks,oil_market_phrase
2005-03-18,arc energy up beat about oil search,oil_with_market_context
2005-03-18,drivers warned of rising regional fuel prices,fuel_prices
2005-03-18,oil high predicted to help lift cotton prices,oil_with_market_context
2005-03-19,oil prices hover near record high,oil_market_phrase
2005-03-20,imf sees two years of high oil prices,oil_market_phrase
2005-03-21,higher diesel fuel prices predicted,fuel_prices
2005-03-21,oil fuels record high on stock market,oil_with_market_context
2005-03-21,oil prices tipped to boost stocks,oil_market_phrase
2005-03-21,racq airs northern fuel price concerns,fuel_prices
2005-03-22,climbing fuel price may curb easter getaways,fuel_prices
2005-03-23,tourism industry not expecting petrol prices to,fuel_prices
2005-03-24,oil prices dip before blast triggers rise,oil_market_phrase
2005-03-29,oil prices ease as us dollar firms,oil_market_phrase
2005-03-29,us stocks higher as oil falls,oil_price_movement
2005-04-01,mp wants diesel prices displayed,fuel_prices
2005-04-01,oil price surge boosts market,oil_market_phrase
2005-04-02,crude oil hits new high,crude_oil
2005-04-04,oil prices hit new high,oil_market_phrase
2005-04-05,doubling of petrol price unlikely auto group says,fuel_prices
2005-04-05,pm sees petrol prices as rates factor,fuel_prices
2005-04-07,aerial search on for far west petroleum,petroleum
2005-04-08,fears rising fuel prices may curb air travel,fuel_prices
2005-04-09,costello hopes timor sea reserves will cut oil,oil_with_market_context
2005-04-09,falling oil price fails to sustain dow jones rally,oil_market_phrase
2005-04-10,fear blamed for high oil prices,oil_market_phrase
2005-04-10,melbourne petrol prices hit record high,fuel_prices
2005-04-10,opec considers us50 oil price ceiling,opec
2005-04-10,petrol prices hit record highs,fuel_prices
2005-04-11,fuel prices may delay crop planting,fuel_prices
2005-04-11,fuel prices tipped to stay high,fuel_prices
2005-04-11,petroleum association wont speculate on fuel prices,petroleum
2005-04-12,fuel price prompts rex to seek review of industry,fuel_prices
2005-04-13,bass strait oil production tipped to halve,oil_market_phrase
2005-04-13,conference told oil reserves may be healthy,oil_market_phrase
2005-04-13,regional wa warned high fuel price will continue,fuel_prices
2005-04-17,labor to review petrol price policies,fuel_prices
2005-04-19,accc asked to probe regional fuel prices,fuel_prices
2005-04-25,oil prices rise on comments from saudi arabia,oil_market_phrase
2005-04-26,oil prices fall on saudi arabian comments,oil_market_phrase
2005-04-27,oil prices fall ahead of us inventories data,oil_market_phrase
2005-04-28,oil prices continue fall as supply worries ease,oil_market_phrase
2005-04-30,oil drops below us50,oil_price_movement
2005-05-05,oil prices tipped to stay put until 2006,oil_market_phrase
2005-05-08,iraqs new oil minister wants to boost crude exports,oil_with_market_context
2005-05-11,high oil prices lead to slow demand growth iea,oil_market_phrase
2005-05-11,oil price hedge fund fears hit us stocks,oil_market_phrase
2005-05-17,us stocks rally as oil drops,oil_price_movement
2005-05-18,high petrol prices fuel tough april for coast,fuel_prices
2005-05-19,oil prices reach three month low,oil_market_phrase
2005-05-20,anderson fears for oil reserves,oil_market_phrase
2005-05-22,violence mars azerbaijan oil pipeline protest,oil_market_phrase
2005-05-30,inquiry finds nt fuel prices are reasonable,fuel_prices
2005-06-02,supply fears boost oil prices 5pc,oil_market_phrase
2005-06-03,refinery stockpile news pushes oil price down,oil_market_phrase
2005-06-04,weak job figures high oil prices hit us stocks,oil_market_phrase
2005-06-14,world oil prices on the rise,oil_market_phrase
2005-06-16,grim outlook for fuel prices,fuel_prices
2005-06-16,surging oil demand pushes fuel prices up,oil_market_phrase
2005-06-16,tanker raided at iraq oil terminal,oil_with_market_context
2005-06-18,us stocks resist oil price pressure,oil_market_phrase
2005-06-20,diesel prices push to record highs,fuel_prices
2005-06-20,racv predicts fuel price rise,fuel_prices
2005-06-20,strong commodities demand pushes up oil price,oil_market_phrase
2005-06-21,drivers warned of looming fuel price rise,fuel_prices
2005-06-21,oil price hits us markets,oil_market_phrase
2005-06-21,oil price tipped to continue to rise,oil_market_phrase
2005-06-21,south australians to face higher fuel prices,fuel_prices
2005-06-22,senate allows us to sue opec for oil price fixing,opec
2005-06-22,us markets mixed after oil price jitters,oil_market_phrase
2005-06-24,soaring oil price produces asx slump,oil_market_phrase
2005-06-24,stocks dip as oil hits us60 a barrel,oil_with_market_context
2005-06-25,high oil prices prompt fuel levy reform call,oil_market_phrase
2005-06-25,high petrol price good news for mortgages analyst,fuel_prices
2005-06-25,oil price hits us market,oil_market_phrase
2005-06-25,oil price nears us60,oil_market_phrase
2005-06-25,petrol prices cancel out govt tax relief says labor,fuel_prices
2005-06-25,pm concerned about rising world oil prices impact,oil_market_phrase
2005-06-25,us stocks fall on concern over rising oil prices,oil_market_phrase
2005-06-26,beazley seeks tax cuts to offset petrol price,fuel_prices
2005-06-27,central bankers expect oil price to remain high,oil_market_phrase
2005-06-27,oil jumps above us60,oil_price_movement
2005-06-28,high oil price hits us shares,oil_market_phrase
2005-06-28,rising fuel prices linked to higher freight rates,fuel_prices
2005-06-29,higher fuel prices forecast for regional drivers,fuel_prices
2005-06-29,stocks rally following oil price drop,oil_market_phrase
2005-07-04,petrol prices fuel inflation rate rise,fuel_prices
2005-07-06,tropical storms push oil price higher,oil_market_phrase
2005-07-07,high oil price drags us stocks lower,oil_market_phrase
2005-07-07,oil price scales record high in asia,oil_market_phrase
2005-07-07,soaring oil prices push markets down,oil_market_phrase
2005-07-07,storms push oil prices to record highs,oil_market_phrase
2005-07-12,high petrol prices not justified says fuelwatch,fuel_prices
2005-07-12,record oil prices hit live cattle trade,oil_market_phrase
2005-07-13,hurricane concerns push up oil prices,oil_market_phrase
2005-07-16,petrol prices up as refinery remains shut,fuel_prices
2005-07-17,power problems fixed at oil refinery,oil_market_phrase
2005-07-18,diesel prices predicted to climb further,fuel_prices
2005-07-18,racv forecasts record high fuel prices,fuel_prices
2005-07-20,eight killed in yemen riots over fuel price rise,fuel_prices
2005-07-20,higher oil price hits live cattle exporters,oil_market_phrase
2005-07-21,woodside projects boosts oil production,oil_market_phrase
2005-07-22,39 killed in yemen clashes over fuel price hikes,fuel_prices
2005-07-22,new petroleum exploration permits for carnarvon,petroleum
2005-07-23,dow jones closes up as crude price jumps,crude_oil
2005-07-25,higher petrol price may boost bus ticket prices,fuel_prices
2005-07-25,oil price rises yet to hit consumer goods,oil_market_phrase
2005-07-30,high oil prices put us stocks off,oil_market_phrase
2005-08-01,higher oil prices affect ravensthorpe roads,oil_market_phrase
2005-08-02,surging oil price hits dow,oil_market_phrase
2005-08-04,chinese oil producer eyes woodside santos report,oil_market_phrase
2005-08-04,rising oil prices to hit rural businesses,oil_market_phrase
2005-08-08,motorists buy smaller cars as petrol prices rise,fuel_prices
2005-08-08,oil prices hit record highs,oil_market_phrase
2005-08-08,us oil boss hopes for aust timor energy deal,oil_with_market_context
2005-08-09,sa govt urged to act on fuel prices,fuel_prices
2005-08-12,oil price breaks through us66 a barrel,oil_market_phrase
2005-08-13,us stocks take a hit on record oil,oil_with_market_context
2005-08-15,high oil prices fail to boost wool market,oil_market_phrase
2005-08-15,higher fuel prices drive demand for gas conversion,fuel_prices
2005-08-15,regional drivers warned of rising fuel prices,fuel_prices
2005-08-16,higher fuel prices prompts gas switch,fuel_prices
2005-08-17,court overturns ballarat petrol price fixing ruling,fuel_prices
2005-08-17,tas govt urged to offset rising petrol price costs,fuel_prices
2005-08-18,fuel prices cutting into airline profits,fuel_prices
2005-08-19,analyst expects oil price downturn,oil_market_phrase
2005-08-23,mergers help us stocks fend off oil fears,oil_with_market_context
2005-08-24,higher fuel prices may put brakes on self drive,fuel_prices
2005-08-25,oil gas prices push santos to record profit,oil_with_market_context
2005-08-27,oil prices slide as hurricane fears ease,oil_market_phrase
2005-08-27,rising fuel prices hit business hard,fuel_prices
2005-08-29,rising oil prices shake asx,oil_market_phrase
2005-08-29,us oil surges to record on hurricane fears,oil_price_movement
2005-08-30,market recovers as oil prices drop,oil_market_phrase
2005-08-30,opec chief concerned by oil price rise,opec
2005-08-30,record fuel prices to influence homebuyers,fuel_prices
2005-08-30,us considers using emergency oil reserves,oil_market_phrase
2005-08-31,costello warns over high oil price,oil_market_phrase
2005-08-31,forbes delegates mull over rising oil prices,oil_market_phrase
2005-08-31,market higher despite surging oil prices,oil_market_phrase
2005-08-31,oil price hits high after hurricane katrina,oil_market_phrase
2005-08-31,petroleum group welcomes govts exploration plan,petroleum
2005-08-31,us stocks fall as oil price rises,oil_market_phrase
2005-08-31,us to release oil from strategic petroleum reserve,petroleum
2005-09-01,bus service to use rising fuel prices in ad,fuel_prices
2005-09-01,emergency oil release helps ease prices,oil_with_market_context
2005-09-01,gulf country petrol prices alarm locals,fuel_prices
2005-09-01,joyce backs ethanol blend petrol as fuel price,fuel_prices
2005-09-01,petrol prices set to stay high for some time,fuel_prices
2005-09-02,fuel price climbs to 134 a litre,fuel_prices
2005-09-02,rising petrol prices pressure rural patients,fuel_prices
2005-09-03,european aid promises suppress oil price,oil_market_phrase
2005-09-04,service stations seek petrol price cap,fuel_prices
2005-09-05,business encouraged to budget for fuel price rises,fuel_prices
2005-09-05,costello to push indonesia for lower oil prices,oil_market_phrase
2005-09-05,fears fuel price hike will hit charities,fuel_prices
2005-09-05,high fuel prices force changes to helicopter,fuel_prices
2005-09-06,no end in sight to high petrol prices,fuel_prices
2005-09-07,graziers to bear brunt of higher fuel prices,fuel_prices
2005-09-07,nationals want gst revenue to cut petrol price,fuel_prices
2005-09-07,outback businesses lament petrol prices,fuel_prices
2005-09-07,perth petrol prices reach new highs,fuel_prices
2005-09-08,accc confident fuel prices will fall,fuel_prices
2005-09-08,drivers switch to lpg as petrol prices soar,fuel_prices
2005-09-08,falling oil prices boost markets,oil_market_phrase
2005-09-08,fuel prices will stay high economist says,fuel_prices
2005-09-08,inquiry wouldnt bring petrol price down pm,fuel_prices
2005-09-08,oil prices dominate apec finance ministers meeting,oil_market_phrase
2005-09-09,fuel prices putting communities at risk says,fuel_prices
2005-09-09,high fuel prices could wipe out farmers profits,fuel_prices
2005-09-10,drought hit farmers feeling fuel price pinch,fuel_prices
2005-09-11,petrol price tipped to peak at 145,fuel_prices
2005-09-11,rising petrol prices sound death knell for road,fuel_prices
2005-09-12,caltex defends high petrol prices,fuel_prices
2005-09-12,caltex says its not sorry for high petrol prices,fuel_prices
2005-09-12,high fuel prices impacting on regional aged care,fuel_prices
2005-09-12,national party promises to slash nz petrol prices,fuel_prices
2005-09-12,rising fuel prices may cut floriade attendances,fuel_prices
2005-09-13,farmers feeling impact of rising fuel prices,fuel_prices
2005-09-13,fuel price to be considered in taxi fares review,fuel_prices
2005-09-13,mining up but nab warns of oil price effects,oil_market_phrase
2005-09-13,racv predicts easing fuel price,fuel_prices
2005-09-14,petrol price tops list of aussie woes,fuel_prices
2005-09-14,petrol prices drive drop in confidence,fuel_prices
2005-09-14,thousands of nigerians protest fuel prices,fuel_prices
2005-09-14,tourism industry hopes for fuel price relief,fuel_prices
2005-09-15,oil price soars wall street slides,oil_market_phrase
2005-09-16,employers should offset petrol price hikes union,fuel_prices
2005-09-16,high fuel price worries tourism industry,fuel_prices
2005-09-16,market on the rise as oil price drops,oil_market_phrase
2005-09-17,upgrades oil prices bolster us market,oil_market_phrase
2005-09-18,opec wants to stabilise oil prices president says,opec
2005-09-19,accc must investigate petrol price hikes beazley,fuel_prices
2005-09-19,charity feels pinch as fuel prices rise,fuel_prices
2005-09-19,fuel prices prompt call for taxi fare hike,fuel_prices
2005-09-19,oil price rise affects sugar prices,oil_market_phrase
2005-09-19,wa govt under pressure to offer fuel price relief,fuel_prices
2005-09-20,bendigo families feeling higher fuel price,fuel_prices
2005-09-20,fuel excise to increase petrol price burden,fuel_prices
2005-09-20,mp urges accc to probe rising fuel prices,fuel_prices
2005-09-20,oil price surge depresses us market,oil_market_phrase
2005-09-20,opec to hold back spare oil capacity,opec
2005-09-20,rising petrol price fuels tourism concerns,fuel_prices
2005-09-21,excise decision wont cut petrol prices rac,fuel_prices
2005-09-21,fuel prices bite into 4wd car sales,fuel_prices
2005-09-21,higher petrol price fuels fishing concerns,fuel_prices
2005-09-21,no magic solution to fuel prices pm,fuel_prices
2005-09-21,opec suspends quota system,opec
2005-09-22,call for accc to regulate fuel prices as summit,fuel_prices
2005-09-22,pm flags fuel price discussion with oil groups,fuel_prices
2005-09-22,rising fuel price may boost air ticket costs,fuel_prices
2005-09-22,summit urges watchdog to monitor fuel prices,fuel_prices
2005-09-22,wimmera mallee drivers feel rising fuel price,fuel_prices
2005-09-23,bendigo drivers feel cost of rising fuel price,fuel_prices
2005-09-23,farmers cut deliveries as fuel price rises,fuel_prices
2005-09-23,fuel prices blamed for bega valley tourism slump,fuel_prices
2005-09-23,oil companies need to be investigated minister,oil_market_phrase
2005-09-23,petrol prices could force rates up,fuel_prices
2005-09-23,pm admits petrol prices could affect inflation,fuel_prices
2005-09-23,trucking firms suffer as fuel prices rise,fuel_prices
2005-09-24,oil prices slide as gulf production halts,oil_market_phrase
2005-09-25,mp calls for petrol price rise warnings,fuel_prices
2005-09-26,accc to educate motorists about petrol prices,fuel_prices
2005-09-26,keeping petrol prices low not our job accc,fuel_prices
2005-09-26,oil price falls after rita passes,oil_market_phrase
2005-09-26,retailers likely to feel higher fuel prices impact,fuel_prices
2005-09-27,bundaberg yet to feel fuel price drop,fuel_prices
2005-09-27,oil prices forecast to hit virgin blue profit,oil_market_phrase
2005-09-27,oil prices will ease costello,oil_market_phrase
2005-09-28,drivers urged to protest high fuel prices,fuel_prices
2005-09-28,fuel price fails to discourage albany visitors,fuel_prices
2005-09-28,shell boss blames fuel prices on global pressures,fuel_prices
2005-09-28,world oil prices to blame,oil_market_phrase
2005-09-29,exporters suffering soaring diesel prices,fuel_prices
2005-09-29,high petrol prices prompt rise in fuel thefts,fuel_prices
2005-09-30,consumers ignore fuel price hikes,fuel_prices
2005-09-30,fuel price drops as accc launches snapshot,fuel_prices
2005-09-30,retail sales defy petrol price pressure,fuel_prices
2005-09-30,warning shots fired on fuel price protesters,fuel_prices
2005-10-01,fuel prices eat into queenslanders spending,fuel_prices
2005-10-01,hundreds rally in indonesia against fuel price hike,fuel_prices
2005-10-04,indonesias fuel price rise hits cattle demand,fuel_prices
2005-10-05,drivers warned no fuel price respite soon,fuel_prices
2005-10-05,fuel price committee to inspect ethanol plant,fuel_prices
2005-10-05,greens seek inquiry into oil supply,oil_market_phrase
2005-10-05,sa govt urged to offer fuel price respite,fuel_prices
2005-10-07,crude oil drops on cooler us demand,crude_oil
2005-10-07,howard sees no inflation threat from fuel prices,fuel_prices
2005-10-10,higher fuel price takes toll on uralla tourism,fuel_prices
2005-10-11,rba spells out oil price risks,oil_market_phrase
2005-10-12,authorities urged to explain fuel price disparity,fuel_prices
2005-10-12,regional fuel price worries racq,fuel_prices
2005-10-12,retail price of oil should reflect wholesale cost,oil_with_market_context
2005-10-13,public urged to have say on fuel prices,fuel_prices
2005-10-15,g20 vows to combat oil economy risks,oil_with_market_context
2005-10-16,g20 countries call for stable oil prices,oil_market_phrase
2005-10-17,rising fuel prices costing region thousands,fuel_prices
2005-10-18,greenspan tips moderate oil price toll,oil_market_phrase
2005-10-18,oil prices make businesses nervous nab,oil_market_phrase
2005-10-18,rising petrol price fuels call for business costs,fuel_prices
2005-10-26,fuel prices drive up inflation,fuel_prices
2005-10-26,oil gold price jumps as weather worries hit markets,oil_with_market_context
2005-10-31,abare forecast talks down oil price impact,oil_market_phrase
2005-11-01,oil prices slide on forecasts of warming us weather,oil_market_phrase
2005-11-01,petrol price hike fuels indonesian inflation,fuel_prices
2005-11-03,petrol price disparity between city and country,fuel_prices
2005-11-03,regional petrol price gap hits all time high,fuel_prices
2005-11-03,residents to voice fuel price concerns at public,fuel_prices
2005-11-04,city country fuel price divide reaches new high,fuel_prices
2005-11-04,oil firms asked to explain city rural price,oil_with_market_context
2005-11-08,oil price fall boosts us market,oil_market_phrase
2005-11-09,fuel price expected to drop further,fuel_prices
2005-11-10,local takes petrol prices to accc fair trading,fuel_prices
2005-11-17,oil gold prices drive market,oil_with_market_context
2005-11-19,stocks boosted as crude oil price drops,crude_oil
2005-11-20,no production cuts on opec agenda,opec
2005-11-22,oil monitoring body warns demand outstripping,oil_with_market_context
2005-11-24,mp highlights fuel price disparity,fuel_prices
2005-11-29,mp happy with publics fuel price probe input,fuel_prices
2005-12-05,oil production better than expected,oil_market_phrase
2005-12-06,fuel price takes toll on volunteers,fuel_prices
2005-12-10,opec to maintain production quota,opec
2005-12-12,petrol price gap widens between town and country,fuel_prices
2005-12-20,govts asked for fuel price please explain,fuel_prices
2005-12-21,8 killed as gunmen attack nigerian oil pipeline,oil_market_phrase
2005-12-21,native title agreement paves way for petroleum,petroleum
2005-12-26,fuel price rises hurt poor suburbs most,fuel_prices
2005-12-28,falling oil price depresses us stocks,oil_market_phrase
2005-12-30,death threats close iraqi oil refinery,oil_market_phrase
2006-01-03,no end in sight for high petrol prices,fuel_prices
2006-01-06,diesel prices predicted to rise,fuel_prices
2006-01-06,petrol prices set to drop as demand picks up after,fuel_prices
2006-01-13,iran oil jitters strain markets,oil_with_market_context
2006-01-18,motorists to feel pinch as oil prices climb,oil_market_phrase
2006-01-18,oil price hike concerns market,oil_market_phrase
2006-01-19,oil price japanese internet scandal hits markets,oil_market_phrase
2006-01-19,partnership to tap tas oil reserves,oil_market_phrase
2006-01-22,iranian tensions may hit opec,opec
2006-01-29,iraq to boost oil exports,oil_market_phrase
2006-01-31,fuel price weather blamed for hike in fresh food,fuel_prices
2006-02-01,oil prices show slight fall amid iranian comments,oil_market_phrase
2006-02-02,positive boeing profits oil prices make for strong,oil_market_phrase
2006-02-04,oil tanker refloated off alaska,oil_market_phrase
2006-02-07,high oil prices make markets nervous,oil_market_phrase
2006-02-07,oil wheat scandal drag market down,oil_with_market_context
2006-02-07,regional fuel prices tipped to fall,fuel_prices
2006-02-08,consumer confidence overcomes fuel prices,fuel_prices
2006-02-08,oil price drop hit gold prices,oil_market_phrase
2006-02-09,website to allow drivers to compare fuel prices,fuel_prices
2006-02-10,new darwin refinery to reduce oil reliance,oil_with_market_context
2006-02-10,racv calls for more fuel price equality,fuel_prices
2006-02-11,wall street lifted by crude oil retreat,crude_oil
2006-02-14,local petroleum production surges,petroleum
2006-02-14,refinery closure increased fuel prices report,fuel_prices
2006-02-16,job cuts fuel prices hit qantas bottom line,fuel_prices
2006-02-17,market slips despite higher oil gold,oil_with_market_context
2006-02-22,petrol price soars in coober pedy,fuel_prices
2006-02-22,regional drivers still feeling high fuel prices,fuel_prices
2006-02-23,oil price fuels record santos profit,oil_market_phrase
2006-02-24,interest rates outweigh petrol price for homeowners,fuel_prices
2006-02-25,saudi attack drives up oil price,oil_market_phrase
2006-02-25,saudis claim oil refinery attack foiled,oil_market_phrase
2006-02-27,mp to raise fuel price disparity concerns,fuel_prices
2006-02-27,oil price surge company results boost market,oil_market_phrase
2006-03-02,consumers shrug off petrol price hikes,fuel_prices
2006-03-03,hunter residents feel high fuel prices impact,fuel_prices
2006-03-14,mergers oil price influence foreign markets,oil_market_phrase
2006-03-14,us extends oil sanctions against iran,oil_market_phrase
2006-03-29,fuel prices take toll on central west tourism,fuel_prices
2006-03-29,motorists warned of petrol price hike,fuel_prices
2006-03-30,fuel prices set to rise,fuel_prices
2006-03-30,petrol price hike expected says ract,fuel_prices
2006-03-30,regional fuel prices tipped to rise,fuel_prices
2006-04-01,oil shares pull down us stocks,oil_with_market_context
2006-04-03,drivers warned of rising fuel prices,fuel_prices
2006-04-04,farmers told grain prices may be linked to oil,oil_with_market_context
2006-04-07,easter travellers face high petrol price,fuel_prices
2006-04-07,petrol prices to be investigated by accc,fuel_prices
2006-04-07,pm sets watchdog on easter petrol price hike,fuel_prices
2006-04-07,rising world oil prices to blame for high petrol,oil_market_phrase
2006-04-08,accc rejects expanding petrol price regulation,fuel_prices
2006-04-08,extra regulation wont lower petrol prices accc,fuel_prices
2006-04-08,reinstate accc powers over petrol prices nrma says,fuel_prices
2006-04-11,fuel prices more worrying than child abuse,fuel_prices
2006-04-11,high petrol price deterring outback visitors,fuel_prices
2006-04-11,oil prices boost us market,oil_market_phrase
2006-04-11,petrol prices head higher,fuel_prices
2006-04-12,accc blamed for petrol price hike,fuel_prices
2006-04-12,accc steers clear of petrol price debate,fuel_prices
2006-04-12,consumers unfazed by petrol price hikes,fuel_prices
2006-04-12,costello fears oil prices will push inflation up,oil_market_phrase
2006-04-12,high oil prices drive market down,oil_market_phrase
2006-04-13,fuel price tipped to hurt bega valley tourism,fuel_prices
2006-04-14,oil to blame for petrol price hikes costello,fuel_prices
2006-04-18,global oil prices continue rising,oil_market_phrase
2006-04-18,oil price hike to push petrol inflation up,oil_market_phrase
2006-04-18,petrol prices expected to rise,fuel_prices
2006-04-19,competition seen as keeping fuel prices lower,fuel_prices
2006-04-19,cotton farmers feeling diesel price pinch,fuel_prices
2006-04-19,market hits record high despite soaring oil prices,oil_market_phrase
2006-04-19,oil price rise felt at bowser,oil_market_phrase
2006-04-19,petrol prices fail to deter tourists,fuel_prices
2006-04-20,high fuel price boosts demand for lpg conversions,fuel_prices
2006-04-20,howard powerless to lower petrol prices,fuel_prices
2006-04-20,latrobe valley fuel price hits 141 a litre,fuel_prices
2006-04-20,no sign of petrol prices dropping,fuel_prices
2006-04-20,oil price concerns pull market back,oil_market_phrase
2006-04-21,fashion brand braces for soaring oil prices,oil_market_phrase
2006-04-21,oil price rise to affect key tourism areas,oil_market_phrase
2006-04-21,raa to monitor regional fuel prices,fuel_prices
2006-04-22,oil price hits 75 barrel,oil_market_phrase
2006-04-22,petrol prices tipped to soar,fuel_prices
2006-04-24,regional victoria feeling high fuel prices impact,fuel_prices
2006-04-25,falling oil price hits energy stocks,oil_market_phrase
2006-04-25,truckies promise another fuel price protest,fuel_prices
2006-04-26,bush announces petrol price inquiry,fuel_prices
2006-04-26,melbourne fuel prices hit new high,fuel_prices
2006-04-26,rising fuel prices force qantas air fares up,fuel_prices
2006-04-27,average fuel price heads for record,fuel_prices
2006-04-27,call for rego relief to offset fuel prices,fuel_prices
2006-04-27,community groups feel pinch as petrol prices climb,fuel_prices
2006-04-27,govt faces political pressure over petrol prices,fuel_prices
2006-04-28,fears fuel price may climb to 2 a litre,fuel_prices
2006-04-28,fed chief warns of oil prices impact,oil_market_phrase
2006-04-29,use gst to ease petrol prices liberals,fuel_prices
2006-04-30,costello cautioned against fuel price predictions,fuel_prices
2006-04-30,costello warns of higher petrol prices,fuel_prices
2006-04-30,motorists warned of potential petrol price rise,fuel_prices
2006-04-30,petrol prices hit domestic tourism,fuel_prices
2006-05-01,high petrol prices here to stay,fuel_prices
2006-05-01,oil and gold lift market,oil_with_market_context
2006-05-02,canola growers may benefit from high oil price,oil_market_phrase
2006-05-02,farmer confidence falls as oil prices rise,oil_market_phrase
2006-05-02,oil prices fed comments boost us dollar,oil_market_phrase
2006-05-03,govt offers diesel price rise assurance,fuel_prices
2006-05-08,oil industry looks to boost local production,oil_market_phrase
2006-05-08,oil price seen above usd 100 a barrel,oil_market_phrase
2006-05-08,petrol prices force showmen to change circuit,fuel_prices
2006-05-10,fuel price cuts virgin blue profit,fuel_prices
2006-05-11,govt releases new areas for petroleum exploration,petroleum
2006-05-18,mp warns of looming higher fuel prices,fuel_prices
2006-05-22,petrol prices blamed for 4wd sales decrease,fuel_prices
2006-05-25,metal oil forces market down,oil_with_market_context
2006-05-30,oil to help riverland citrus exports,oil_with_market_context
2006-05-30,travellers undeterred by fuel prices,fuel_prices
2006-05-31,fuel price pressure on qld charities,fuel_prices
2006-06-05,iran may curb oil supplies amid nuclear row,oil_market_phrase
2006-06-05,iran may disrupt oil supply over nuclear row,oil_market_phrase
2006-06-05,oil metal prices boost asx,oil_with_market_context
2006-06-08,accc to monitor petrol prices,fuel_prices
2006-06-08,concerns raised over petrol prices,fuel_prices
2006-06-08,fuel price expected to cut long weekend visitor,fuel_prices
2006-06-08,fuel prices more urgent than nuclear power say,fuel_prices
2006-06-08,howard orders holiday petrol price monitoring,fuel_prices
2006-06-08,oil falls on rising us fuel inventory,oil_price_movement
2006-06-08,petrol prices continues to rise in tas,fuel_prices
2006-06-09,petrol price rises show need for ethanol senator,fuel_prices
2006-06-12,higher fuel price not stopping visitors to,fuel_prices
2006-06-12,oil prices to stay high for now bp boss says,oil_market_phrase
2006-06-13,broken hill endures long weekend fuel price spike,fuel_prices
2006-06-18,nrma applauds scrutiny of fuel price differences,fuel_prices
2006-06-18,nrma welcomes fuel price scrutiny plan,fuel_prices
2006-06-22,skyrocketing fuel prices prompt qantas review,fuel_prices
2006-06-23,lower petrol prices not expected from senate,fuel_prices
2006-06-23,petrol price inquiry should look at oil companies,oil_market_phrase
2006-06-25,howards fuel price monitoring questioned,fuel_prices
2006-06-25,pm dismisses ministers outburst over fuel prices,fuel_prices
2006-06-27,public may get chance to air petrol price views,fuel_prices
2006-06-29,artificial waves may squeeze more oil from reserves,oil_with_market_context
2006-07-03,north coast fuel prices rise again,fuel_prices
2006-07-04,high petrol prices prompt fuel theft spike,fuel_prices
2006-07-05,higher petrol prices fuel rail return,fuel_prices
2006-07-06,missile launch raises oil prices,oil_market_phrase
2006-07-06,regional drivers urged to wait for fuel price drop,fuel_prices
2006-07-07,motorists warned of petrol price squeeze,fuel_prices
2006-07-07,nrma says oil companies exploiting north korea missile,oil_market_phrase
2006-07-07,raa wants fuel price disparity explanation,fuel_prices
2006-07-10,oil production limit reached expert,oil_market_phrase
2006-07-10,sa opposition calls for detail on oil refinery,oil_market_phrase
2006-07-13,fuel prices changing rural lifestyles,fuel_prices
2006-07-14,figures highlight regional fuel price struggle,fuel_prices
2006-07-14,high petrol price fuels downturn in kimberley,fuel_prices
2006-07-14,oil prices soar,oil_market_phrase
2006-07-14,petrol prices keep economy in check pm,fuel_prices
2006-07-15,mid east conflict to raise petrol prices,fuel_prices
2006-07-17,petrol prices lift nz inflation rate,fuel_prices
2006-07-17,truss dismisses fears oil prices will soar past,oil_market_phrase
2006-07-21,higher fuel price forces up chopper fees,fuel_prices
2006-07-22,accc asked to probe ethanol fuel prices,fuel_prices
2006-07-23,nrma backs accc watch on ethanol fuel prices,fuel_prices
2006-07-24,fuel prices force taxi fare increase,fuel_prices
2006-07-24,opec wants to avoid high oil prices,opec
2006-07-25,cliff head oil production wells completed,oil_market_phrase
2006-07-25,victoria renews petrol price inquiry call,fuel_prices
2006-07-27,costello cant see any relief in petrol prices,fuel_prices
2006-07-31,high petrol price hits south west tourism,fuel_prices
2006-08-01,howard admits petrol price threat,fuel_prices
2006-08-03,no petrol price relief in sight pm,fuel_prices
2006-08-03,petrol price inquiry begins,fuel_prices
2006-08-03,petrol price similarities are collusion joyce,fuel_prices
2006-08-03,petrol price similarities not necessarily,fuel_prices
2006-08-03,supermarkets keep fuel prices down accc,fuel_prices
2006-08-06,era of low petrol prices gone howard,fuel_prices
2006-08-06,pm flags end of low petrol prices,fuel_prices
2006-08-06,pm to face backbencher anger over petrol prices,fuel_prices
2006-08-07,no oil price drop on horizon economist,oil_market_phrase
2006-08-08,banks oil firms lift market,oil_with_market_context
2006-08-08,govt considers petrol price relief,fuel_prices
2006-08-08,howard under pressure over petrol prices,fuel_prices
2006-08-08,pipeline leak pushes oil prices higher,oil_market_phrase
2006-08-08,regional areas brace for petrol price hike,fuel_prices
2006-08-09,petrol price hits 265 in torres strait,fuel_prices
2006-08-09,petrol price hits electricity costs,fuel_prices
2006-08-10,perth rail feels fuel price pressure,fuel_prices
2006-08-11,senate hears oil price drop could cause problems,oil_market_phrase
2006-08-14,fuel prices hurting govt poll,fuel_prices
2006-08-15,middle east cease fire lowers oil price,oil_market_phrase
2006-08-15,tanker spills 4500 tonnes of crude oil into indian,crude_oil
2006-08-17,rising fuel prices prompt droving revival,fuel_prices
2006-08-18,nt tas may miss out on fuel price relief,fuel_prices
2006-08-20,nepalese protest fuel price hikes,fuel_prices
2006-08-21,petrol prices force motoring innovation expert,fuel_prices
2006-08-21,push for national approach on fuel price,fuel_prices
2006-08-22,oil price tipped to boost wool market,oil_market_phrase
2006-08-22,tanker still spilling oil coastguard says,oil_with_market_context
2006-08-25,world economy can absorb oil price rises macfarlane,oil_market_phrase
2006-08-29,us stocks rally as oil price drops 26pc,oil_market_phrase
2006-08-30,falling oil commodities prices affect asx,oil_with_market_context
2006-08-31,fuel price increases hit flight centre profits,fuel_prices
2006-09-15,watchdog hits out at pace of regional fuel price,fuel_prices
2006-09-17,oil prices fall as demand forecasts lowered,oil_market_phrase
2006-09-18,rising prices renew interest in nt oil reserves,oil_market_phrase
2006-09-19,experts predict petrol price drop,fuel_prices
2006-09-19,fuel prices changing outback tourism says mayor,fuel_prices
2006-09-19,petroleum exploration permits criticised,petroleum
2006-09-19,racq questions wide bay petrol price disparity,fuel_prices
2006-09-20,regional motorists hit with higher petrol prices,fuel_prices
2006-09-23,oil company denies fate of port stanvac refinery,oil_with_market_context
2006-09-24,fuel price hike in perth unjustified,fuel_prices
2006-09-26,plectrum petroleum cautious about south coast,petroleum
2006-09-26,raa calls for lower mt gambier petrol prices,fuel_prices
2006-09-28,nrma accuses oil companies of unfair practice,oil_market_phrase
2006-10-19,drought petrol prices strain kangaroo harvest,fuel_prices
2006-10-20,opec agrees to surprise 12m bpd cut in oil output,opec
2006-10-20,opec cuts oil production,opec
2006-10-21,oil price falls to 2006 low,oil_market_phrase
2006-11-14,regional drivers enjoy lower fuel price,fuel_prices
2006-11-25,albany to host petrol price meeting,fuel_prices
2006-11-30,petrol price fall boosts retail spending,fuel_prices
2006-12-01,big fuel price changes not expected,fuel_prices
2006-12-08,report on petrol prices,fuel_prices
2007-01-03,approaching cyclone causes gas and oil producer,oil_market_phrase
2007-01-09,japanese oil tanker collides with us sub,oil_market_phrase
2007-01-10,oil price drags us stocks down,oil_market_phrase
2007-01-12,petrol prices not reflecting oil plunge says,oil_price_movement
2007-01-15,concern oil price fall not passed on,oil_market_phrase
2007-01-15,fuel price competition welcomed in alice springs,fuel_prices
2007-01-16,accc demands drop in petrol prices,fuel_prices
2007-01-16,accc demands lower petrol prices,fuel_prices
2007-01-16,caltex denies petrol prices too high,fuel_prices
2007-01-16,nrma joins petrol price attack on oil companies,oil_market_phrase
2007-01-16,oil companies pressed on fuel prices,oil_market_phrase
2007-01-16,oil companies under pricing pressure,oil_market_phrase
2007-01-16,racq wants answers on petrol price disparity,fuel_prices
2007-01-16,racv urges accc to be patient on fuel price change,fuel_prices
2007-01-17,oil price drop fails to boost markets,oil_market_phrase
2007-01-17,regional fuel price set to drop,fuel_prices
2007-01-18,accc urged to get tougher on oil companies,oil_market_phrase
2007-01-18,petrol prices impacting trucking industry union,fuel_prices
2007-01-19,adelaide petrol prices predicted to fall,fuel_prices
2007-01-19,far north fuel prices remain high while south east,fuel_prices
2007-01-19,further drop in petrol prices forecast,fuel_prices
2007-01-19,govt welcomes petrol price falls,fuel_prices
2007-01-19,motoring industry questions fuel price drop,fuel_prices
2007-01-19,oil price drops below us50,oil_market_phrase
2007-01-22,interest in nt oil surges govt,oil_price_movement
2007-01-23,accc urged to investigate diesel prices,fuel_prices
2007-01-23,stirling urges accc to act on nt petrol prices,fuel_prices
2007-01-24,accc stays out of nt petrol price debate,fuel_prices
2007-01-25,mps urged to help cut high wagga fuel prices,fuel_prices
2007-01-25,oil companies collaborating on petrol prices nrma,oil_market_phrase
2007-01-25,regional fuel price hard to reduce stoner,fuel_prices
2007-01-29,racv understands delay in fuel price drop,fuel_prices
2007-01-30,airfares jump despite oil price drop,oil_market_phrase
2007-02-01,petrol price rise ripping off canberrans,fuel_prices
2007-02-23,rising oil prices spark inflation jitters,oil_market_phrase
2007-02-27,petrol prices expected to rise,fuel_prices
2007-03-08,petrol price hike prompts probe call,fuel_prices
2007-03-08,regions warned of looming fuel price rise,fuel_prices
2007-03-13,fuel price rises in port hedland after cyclone,fuel_prices
2007-03-16,russia set to build crucial oil pipeline,oil_market_phrase
2007-03-19,regional drivers warned of fuel price rise,fuel_prices
2007-03-21,mp demands accc look at petrol price gouging,fuel_prices
2007-03-22,opposition renews call for petrol price monitoring,fuel_prices
2007-03-23,accc to investigate mackay region petrol prices,fuel_prices
2007-03-28,caltex predicts petrol price gouging claims,fuel_prices
2007-03-28,rumours to blame for spike in oil futures,oil_market_phrase
2007-03-30,watchdog to monitor petrol prices,fuel_prices
2007-04-04,petrol price spike could be last straw for truck,fuel_prices
2007-04-05,holiday fuel price spikes hurt small businesses,fuel_prices
2007-04-05,oil companies accused of easter rip off,oil_market_phrase
2007-04-07,nrma welcomes steady canberra fuel prices,fuel_prices
2007-04-14,canberra fuel prices soar,fuel_prices
2007-04-19,rockhampton feels impact of rising fuel price,fuel_prices
2007-04-26,petrol price skyrockets in tasmania,fuel_prices
2007-05-01,electric cars wont kill off oil industry,oil_market_phrase
2007-05-03,supermarket chains to blame for high petrol prices,fuel_prices
2007-05-11,regional drivers warned of looming fuel price rise,fuel_prices
2007-05-18,falling oil production blamed for fuel prices,oil_market_phrase
2007-05-21,global supply problems lift petrol prices,fuel_prices
2007-05-23,farmers feel impact of rising fuel prices,fuel_prices
2007-05-25,motorists dont want fuel price regulation says accc,fuel_prices
2007-05-28,firms announce major oil pipeline,oil_market_phrase
2007-05-30,gippsland fuel prices reach near record high,fuel_prices
2007-05-31,long weekend petrol prices up early nrma,fuel_prices
2007-06-01,power petrol prices to rise if emissions drop task,fuel_prices
2007-06-08,local petrol prices in line with global pricing bp,fuel_prices
2007-06-08,oil companies face extra monitoring on petrol,oil_market_phrase
2007-06-08,petrol price too high state and federal watchdogs,fuel_prices
2007-06-11,overseas oil price drop should have local effect,oil_market_phrase
2007-06-12,call for better petrol price monitoring,fuel_prices
2007-06-12,send petrol price fixers to jail govt told,fuel_prices
2007-06-13,us warns oil firms against trading with iran,oil_with_market_context
2007-06-15,costello announces petrol price inquiry,fuel_prices
2007-06-15,howard announces petrol price inquiry,fuel_prices
2007-06-15,petrol price inquiry an election stunt swan,fuel_prices
2007-06-15,pm announces petrol price inquiry,fuel_prices
2007-06-18,acting on petrol prices,fuel_prices
2007-06-19,accc dumps petrol price fixing appeal,fuel_prices
2007-06-19,accc rues petrol price fixing dismissal,fuel_prices
2007-06-23,petrol prices blamed for taxi fare hike,fuel_prices
2007-06-25,jail time no silver bullet to stop petrol price,fuel_prices
2007-06-25,nigerians back at work after fuel price promise,fuel_prices
2007-06-25,petrol prices predicted to get cheaper,fuel_prices
2007-07-08,aust troops not in iraq for petrol prices costello,fuel_prices
2007-07-09,petrol prices drop to 10 week low,fuel_prices
2007-07-13,iea predicts easier 2008 oil market,oil_market_phrase
2007-07-19,woodside petroleum reports quarter sales increase,petroleum
2007-07-22,christo plans oil barrel pyramid,oil_with_market_context
2007-07-25,cost of living jumps as petrol prices rise,fuel_prices
2007-07-28,homes evacuated after oil pipeline leaks,oil_market_phrase
2007-07-28,oil pipeline leak forces evacuations,oil_market_phrase
2007-07-30,ipswich oil pipeline disaster waiting to happen,oil_market_phrase
2007-07-30,senator in gippsland to lobby for fuel prices,fuel_prices
2007-08-02,permits awarded for basin petroleum exploration,petroleum
2007-08-08,watchdog supports riverina fuel price hearing,fuel_prices
2007-08-09,tas liberals accused of inaction on petrol prices,fuel_prices
2007-08-14,gibbons backs inquiry into petrol prices,fuel_prices
2007-08-14,petrol prices lowest for two years,fuel_prices
2007-08-20,fuel price hearing to sit in wagga,fuel_prices
2007-08-21,qld launches inquiry into petrol prices,fuel_prices
2007-08-24,profit boost for stuart petroleum,petroleum
2007-08-26,junta arrests burmese fuel price activist,fuel_prices
2007-08-27,drivers group hopes for petrol price transparency,fuel_prices
2007-09-03,oil companies are ripping consumers off nrma,oil_market_phrase
2007-09-04,caltex admits trying to push petrol price up,fuel_prices
2007-09-04,caltex tried to lift petrol prices boss,fuel_prices
2007-09-07,coles rejects allegations of petrol price,fuel_prices
2007-09-07,community urged to attend accc fuel price hearing,fuel_prices
2007-09-08,bush backs austrian troops at opec,opec
2007-09-13,motorists insulated from oil price spike fueltrac,oil_market_phrase
2007-09-13,onshore oil drilling could lead to economic boom,oil_with_market_context
2007-09-13,petrol prices likely to rise,fuel_prices
2007-09-13,strong oil stocks drive market gains,oil_market_phrase
2007-09-14,central qld fuel price rise under investigation,fuel_prices
2007-09-14,mcgauran reveals high latrobe valley fuel prices,fuel_prices
2007-09-14,record oil prices to put pressure on inflation,oil_market_phrase
2007-09-21,accc moves fuel price probe to ballarat,fuel_prices
2007-09-24,qld opposition backs bligh on petrol price cap,fuel_prices
2007-09-25,servo assoc rejects petrol price capping,fuel_prices
2007-09-26,concern over petrol price,fuel_prices
2007-09-28,accc inquiry scrutinises diesel prices,fuel_prices
2007-09-28,fears oil companies fixing diesel prices,oil_market_phrase
2007-10-01,steady petrol price predicted,fuel_prices
2007-10-02,fair dinkum fuel prices,fuel_prices
2007-10-03,motorists suspicious of petrol price fluctuations,fuel_prices
2007-10-14,ecuador back in opec next month,opec
2007-10-15,fuel price probe sits in cairns,fuel_prices
2007-10-15,opposition criticises oil pipeline shutdown,oil_market_phrase
2007-10-16,inquiry told small independents setting fuel price,fuel_prices
2007-10-16,middle east tensions push up world oil prices,oil_market_phrase
2007-10-16,turkey iraq tensions push up world oil prices,oil_market_phrase
2007-10-17,international tensions put pressure on oil markets,oil_market_phrase
2007-10-19,oil price weighs on local market,oil_market_phrase
2007-10-24,oil prices may raise virgin blue fuel surcharge,oil_market_phrase
2007-10-25,peak oil economic crisis waiting to happen,oil_with_market_context
2007-10-27,oil price soars on global uncertainty,oil_market_phrase
2007-10-27,oil prices reach new highs,oil_market_phrase
2007-10-29,fuel prices at 3 month high,fuel_prices
2007-10-29,oil metal prices push market to record high,oil_with_market_context
2007-10-30,oil price pushes into record ground,oil_market_phrase
2007-10-31,regional drivers warned of looming fuel price rise,fuel_prices
2007-11-01,oil prices continue to climb,oil_market_phrase
2007-11-08,oil price rise adds to us recession fears,oil_market_phrase
2007-11-11,1300 tonnes of oil spill from russian tanker,oil_with_market_context
2007-11-12,storm smashes russian oil tanker,oil_market_phrase
2007-11-17,oil prices lower than real value ahmadinejad,oil_market_phrase
2007-11-18,indonesia proposes opec oil for forests fund,opec
2007-11-18,opec summit starts with usd 200 oil warning,opec
2007-11-19,oil demand sends petrol price to 5 month high,oil_market_phrase
2007-11-20,higher dollar keeping fuel price in check,fuel_prices
2007-11-25,oil prices to keep rising as demand grows,oil_market_phrase
2007-11-28,base metals oil pull market lower,oil_with_market_context
2007-11-28,rural fuel prices jump,fuel_prices
2007-11-28,saudi minister sees mismatch in oil prices,oil_market_phrase
2007-12-01,chavez threatens to cut oil exports to us,oil_market_phrase
2007-12-01,election blamed for high petrol prices,fuel_prices
2007-12-01,election suppressed petrol prices nrma,fuel_prices
2007-12-02,motorists warned of another petrol price rise,fuel_prices
2007-12-04,record high diesel prices worry companies,fuel_prices
2007-12-07,tanker spills 15000 tonnes of oil near south korea,oil_with_market_context
2007-12-09,workers stop oil tanker leak south korea,oil_market_phrase
2007-12-18,accc finds no sign of petrol price fixing,fuel_prices
2007-12-18,accc report rules out petrol price fixing,fuel_prices
2007-12-18,no evidence of petrol price fixing accc,fuel_prices
2007-12-18,petrol price fixing,fuel_prices
2007-12-18,watching market best way to find low petrol price,fuel_prices
2007-12-22,accc puts oil companies on notice,oil_market_phrase
2007-12-22,chavez proposes oil for bananas trade deal,oil_with_market_context
2007-12-23,nrma accc criticise greedy petrol price hike,fuel_prices
2007-12-23,petrol prices too high accc nrma,fuel_prices
2007-12-26,accc continues attack on oil companies,oil_market_phrase
2007-12-26,accc demands petrol price cuts,fuel_prices
2007-12-27,outrage over petrol price cuts,fuel_prices
2007-12-28,oil metal boost aust market,oil_with_market_context
2008-01-03,international demand driving fuel prices higher,fuel_prices
2008-01-03,local market dips as oil price surges,oil_market_phrase
2008-01-03,market hit by oil price surge,oil_market_phrase
2008-01-03,motorists getting caught out on petrol prices,fuel_prices
2008-01-03,no relief from diesel price hikes racq,fuel_prices
2008-01-03,ract predicts petrol price rise in 10 days,fuel_prices
2008-01-03,soaring oil prices wont make financial difference,oil_market_phrase
2008-01-04,govt working to ease petrol price pain swan,fuel_prices
2008-01-04,oil metal boost local market,oil_with_market_context
2008-01-04,oil price hike sign of things to come,oil_market_phrase
2008-01-04,oil price hype motoring group,oil_market_phrase
2008-01-04,transport costs dont justify higher fuel prices,fuel_prices
2008-01-05,oil prices slide after usd 100 spike,oil_market_phrase
2008-01-07,petrol price incentives,fuel_prices
2008-01-08,petrol prices encouraging holidayers overseas,fuel_prices
2008-01-08,us oil prices push petrol prices closer to 150 a,oil_market_phrase
2008-01-09,petrol prices set to hit 150 this week,fuel_prices
2008-01-15,bush appeals to oil producers over very high prices,oil_market_phrase
2008-01-16,bush oil price begging is pathetic clinton,oil_market_phrase
2008-01-20,us saudi agree on need for oil market stability,oil_market_phrase
2008-01-24,oil companies accused of keeping regional fuel,oil_market_phrase
2008-01-25,accc urged to probe diesel price,fuel_prices
2008-01-25,diesel prices too high raa,fuel_prices
2008-01-27,massive crude oil deposit found in argentina,crude_oil
2008-01-28,oil giants deny price gouging,oil_with_market_context
2008-02-01,oil output unchanged as opec rejects consumer calls,opec
2008-02-07,south west search expands for gas petroleum,petroleum
2008-02-08,static fuel prices puzzle raa,fuel_prices
2008-02-08,tas petrol price predicted to fall within days,fuel_prices
2008-02-21,raa plays down fuel price concerns,fuel_prices
2008-02-22,petrol price database close to illegal accc,fuel_prices
2008-02-24,iran says it will back opec output cut,opec
2008-02-28,mount gambier petrol prices below cost fuel,fuel_prices
2008-03-05,opec ministers agree on steady output,opec
2008-03-06,oil gold prices soar on inflation fears,oil_with_market_context
2008-03-06,oil price hits new record high,oil_market_phrase
2008-03-07,nz oil exports outstrip lamb,oil_market_phrase
2008-03-08,capsized tanker oil hits vietnam beaches 4 bodies,oil_with_market_context
2008-03-08,oil price eases after usd 106 record,oil_market_phrase
2008-03-11,nrma to track sydney petrol prices,fuel_prices
2008-03-11,us fuel prices push public transport numbers to 50,fuel_prices
2008-03-12,petrol theft oil companies dragging heels,oil_market_phrase
2008-03-12,s korea battles to contain oil leak after tanker,oil_with_market_context
2008-03-13,rising oil price to hit motorists,oil_market_phrase
2008-03-15,keep petrol prices fair over easter warns accc,fuel_prices
2008-03-20,caltexs richard beattie discusses the petrol price,fuel_prices
2008-03-20,qld to watch petrol prices over easter bligh,fuel_prices
2008-03-20,tas petrol prices stable,fuel_prices
2008-03-25,oil falls below usd 100,oil_price_movement
2008-03-27,iraqi oil export pipe sabotaged,oil_market_phrase
2008-03-30,nrma backs national fuel price watch system,fuel_prices
2008-04-01,gold oil price dip takes shine off asx,oil_market_phrase
2008-04-03,new car sales surviving petrol prices rates rises,fuel_prices
2008-04-06,opec chief rejects calls for output hike,opec
2008-04-08,petrol price set to jump sharply,fuel_prices
2008-04-09,brisbane fuel prices hit record high,fuel_prices
2008-04-09,country fuel prices tipped to jump,fuel_prices
2008-04-10,brisbane fuel prices hit record average fueltrac,fuel_prices
2008-04-10,record oil prices to hit bowsers,oil_market_phrase
2008-04-15,local market higher on oil price,oil_market_phrase
2008-04-15,nsw govt welcomes fed fuel price checks,fuel_prices
2008-04-16,airlines steel themselves for fuel price turbulence,fuel_prices
2008-04-17,fuel watchdog demands diesel price explanation,fuel_prices
2008-04-19,oil hits record usd 117 a barrel,oil_with_market_context
2008-04-23,rising petrol prices will hit country hard vcoss,fuel_prices
2008-04-24,caltex may reduce oil production,oil_market_phrase
2008-04-25,expect oil prices to rise caltex ceo,oil_market_phrase
2008-04-25,oil rises to usd 118 on nigeria output cut,oil_price_movement
2008-04-26,british oil and gas pipeline set to close over,oil_with_market_context
2008-04-26,oil climbs as us stocks stage late comeback,oil_price_movement
2008-04-27,bp shutting down major british oil pipeline,oil_market_phrase
2008-04-27,strike hits key british oil refinery,oil_market_phrase
2008-04-28,british refinery strike pushes oil price to new,oil_market_phrase
2008-04-28,high diesel price prompts farm thefts,fuel_prices
2008-04-29,anti hoon laws petrol prices reducing speeding,fuel_prices
2008-04-29,british oil refinery workers end strike,oil_market_phrase
2008-04-29,petrol prices threaten grey nomads territory travel,fuel_prices
2008-05-06,us oil price hits new high,oil_market_phrase
2008-05-07,fixed price for oil,oil_with_market_context
2008-05-08,accc needs to take more action on fuel prices nrma,fuel_prices
2008-05-10,oil climbs above 126 to fresh high,oil_price_movement
2008-05-10,us stocks slump amid record oil price,oil_market_phrase
2008-05-13,agency predicts global oil demand will ease,oil_market_phrase
2008-05-14,bike makers ride high on surging oil prices,oil_market_phrase
2008-05-14,we werent consulted on budget changes petroleum,petroleum
2008-05-15,new oil tax wont push up petrol prices govt,fuel_prices
2008-05-16,oil price jumps to new record,oil_market_phrase
2008-05-16,record fuel prices in tasmania,fuel_prices
2008-05-17,price of oil soars again,oil_with_market_context
2008-05-17,saudi oil output boost doesnt solve problem bush,oil_market_phrase
2008-05-18,oil fuel prices add to airline turbulence,fuel_prices
2008-05-21,diesel prices soar,fuel_prices
2008-05-21,fuel watch scheme could cut rising fuel prices,fuel_prices
2008-05-21,record petrol price for adelaide,fuel_prices
2008-05-22,diesel prices heading up racv,fuel_prices
2008-05-22,local market falls as oil price rises,oil_market_phrase
2008-05-22,oil price hikes scare global markets,oil_market_phrase
2008-05-22,perth fuel prices to hit 160 within a week,fuel_prices
2008-05-22,record petrol prices highlight need for fuelwatch,fuel_prices
2008-05-24,fuel prices putting truckies lives at risk union,fuel_prices
2008-05-24,indonesia lifts petrol price by 30pc,fuel_prices
2008-05-24,oil spike weak housing hurts stocks ahead of,oil_with_market_context
2008-05-25,petrol prices threatening rural dialysis patients,fuel_prices
2008-05-26,diesel prices rising faster than unleaded accc,fuel_prices
2008-05-26,indonesian govt stands by fuel price hike,fuel_prices
2008-05-27,oppn takes aim at pm over petrol prices,fuel_prices
2008-05-27,rudd wont make irresponsible fuel price guarantee,fuel_prices
2008-05-28,indonesia to withdraw from opec,opec
2008-05-28,petrol price hikes hurting kidney patients,fuel_prices
2008-05-29,fuel prices tipped to improve nt mining prospects,fuel_prices
2008-05-29,market lifts as oil price surges again,oil_market_phrase
2008-05-29,rising fuel prices hurting transport workers health,fuel_prices
2008-05-30,diesel price skyrockets,fuel_prices
2008-05-30,indonesias poor crippled by soaring fuel prices,fuel_prices
2008-05-31,fuel prices threaten livelihoods across europe,fuel_prices
2008-06-02,coalition pushes to keep focus on fuel prices,fuel_prices
2008-06-02,fears rising fuel price affecting torres strait,fuel_prices
2008-06-03,fuel price blamed for mortgage issues,fuel_prices
2008-06-04,petrol prices to be catalyst for green cars,fuel_prices
2008-06-06,oil price surge pushes energy stocks up,oil_market_phrase
2008-06-07,fuel prices keep qlders inside on long weekend,fuel_prices
2008-06-07,fuelwatch will keep long weekend fuel prices down,fuel_prices
2008-06-07,oil hits usd 139 a barrel,oil_with_market_context
2008-06-07,oil price makes record jump ahead of energy talks,oil_market_phrase
2008-06-07,oil surges as us woes mount,oil_price_movement
2008-06-07,oil surges to record high,oil_price_movement
2008-06-07,petrol prices set to soar,fuel_prices
2008-06-07,world powers voice serious concern over oil price,oil_market_phrase
2008-06-08,boost oil supply to ease fuel prices rudd,oil_market_phrase
2008-06-08,g8 asian powers urge oil production hike,oil_market_phrase
2008-06-08,indonesian students stitch lips in fuel price,fuel_prices
2008-06-09,fuel prices hitting hip pockets tourism body,fuel_prices
2008-06-09,g8 to focus on petrol prices,fuel_prices
2008-06-09,natural gas ignored despite rising petrol prices,fuel_prices
2008-06-09,oil price hike will help fuel mining boom,oil_market_phrase
2008-06-09,oil surge puts pressure on rudd,oil_price_movement
2008-06-09,rudd repeats opec oil supply calls,opec
2008-06-10,aust market hurting after oil price rise,oil_market_phrase
2008-06-10,higher fuel prices may boost ballarat tourism,fuel_prices
2008-06-10,speculators not opec causing oil price spike,opec
2008-06-10,world grapples with sky high oil prices,oil_market_phrase
2008-06-11,bendigo tourism surviving amidst high fuel prices,fuel_prices
2008-06-11,melbourne petrol prices soar,fuel_prices
2008-06-12,escalating fuel prices could ground air fiji,fuel_prices
2008-06-12,motorists continue to feel bite of high fuel prices,fuel_prices
2008-06-14,petrol prices rates cause retail slowdown,fuel_prices
2008-06-14,saudi arabia to increase oil production,oil_market_phrase
2008-06-14,steep oil prices may stunt growth g8,oil_market_phrase
2008-06-15,saudis willing to act to bring oil prices down un,oil_market_phrase
2008-06-16,australia going to opec meeting rudd,opec
2008-06-16,ferguson to attend opec summit,opec
2008-06-16,financial sector and oil price weigh on market,oil_market_phrase
2008-06-16,hong kong proposes new oil futures market,oil_market_phrase
2008-06-16,oil price drops as saudis pledge more production,oil_market_phrase
2008-06-17,qantas cost cuts nothing to do with oil price union,oil_market_phrase
2008-06-18,melbourne petrol price climbs past 170,fuel_prices
2008-06-18,oil imports fall as drivers change road behaviour,oil_market_phrase
2008-06-18,record petrol prices in adelaide,fuel_prices
2008-06-19,greens label fuel price debate populist nonsense,fuel_prices
2008-06-19,high petrol prices damage regional tourism,fuel_prices
2008-06-19,more canberrans catching buses as petrol prices,fuel_prices
2008-06-19,motorists playing poker with petrol prices,fuel_prices
2008-06-19,shell halts production at nigerian oil field after,oil_with_market_context
2008-06-19,soaring petrol prices spark oil hunt down under,fuel_prices
2008-06-20,iraq oil fields set to replenish world supply,oil_with_market_context
2008-06-22,aust in middle east mission to lower petrol prices,fuel_prices
2008-06-22,ferguson will have to clean up opec mess bishop,opec
2008-06-22,oil price under review,oil_market_phrase
2008-06-22,opec divided on saudi summit and production boost,opec
2008-06-22,some opec states may lift output at jeddah oil meet,opec
2008-06-23,tasmanian petroleum wells could be worth billions,petroleum
2008-06-24,fuel prices a bigger problem than sep 11 or sars,fuel_prices
2008-06-24,indonesian police protesters clash over fuel price,fuel_prices
2008-06-24,oil prices wont fall opec president,opec
2008-06-25,fuel price spikes killing truck industry union,fuel_prices
2008-06-25,fuel prices could rise under carbon trading scheme,fuel_prices
2008-06-26,high fuel prices blamed for taxi fare increases,fuel_prices
2008-06-27,oil jumps to record usd 142,oil_price_movement
2008-06-28,oil surge continues,oil_price_movement
2008-06-28,oil surge continues global stocks fall,oil_price_movement
2008-06-30,oil hits record usd 143 a barrel,oil_with_market_context
2008-07-03,extra onshore petroleum licence area up for grabs,petroleum
2008-07-08,darwin hotels still full despite petrol prices,fuel_prices
2008-07-09,adelaide petrol prices rise,fuel_prices
2008-07-09,local market buoyed by oil prices,oil_market_phrase
2008-07-11,garnaut rules out emissions trading petrol price,fuel_prices
2008-07-11,grey nomad numbers dwindle as fuel prices rise,fuel_prices
2008-07-11,high oil prices may be good for film industry,oil_market_phrase
2008-07-11,petrol price hikes will have severe consequences,fuel_prices
2008-07-12,oil hits record high as supply fears intensify,oil_with_market_context
2008-07-12,oil surges to fresh high,oil_price_movement
2008-07-16,diesel prices continue to climb,fuel_prices
2008-07-18,qantas blames oil prices for jobs cut,oil_market_phrase
2008-07-19,fueltrac predicts fuel price cuts,fuel_prices
2008-07-21,commsec tips 10c fall in petrol price,fuel_prices
2008-07-21,fuel prices put pressure on south coast fishermen,fuel_prices
2008-07-23,market up 1pc after oil price slumps,oil_market_phrase
2008-07-24,arctic holds 90 billion barrels of oil scientists,oil_with_market_context
2008-07-24,oil search png sign agreement on gas reserves,oil_with_market_context
2008-07-24,oil slump drags miners lower,oil_price_movement
2008-07-27,safer pipeline lets iraq oil exports flow us,oil_market_phrase
2008-07-28,fuel prices not slowing upper hunter tourism,fuel_prices
2008-07-28,racv calls for lower rural petrol prices,fuel_prices
2008-07-28,racv demands country fuel price drop,fuel_prices
2008-07-30,market rises on oil price fall,oil_market_phrase
2008-07-30,petrol prices hurt regional tourism committee,fuel_prices
2008-07-31,energy stocks rise on strong oil prices,oil_market_phrase
2008-07-31,fueltrac predicts drop in diesel prices,fuel_prices
2008-08-04,national petrol prices fall,fuel_prices
2008-08-04,questions will be asked if fuel prices dont drop,fuel_prices
2008-08-05,fuelling anger over petrol prices,fuel_prices
2008-08-05,road trip dream dying as petrol prices soar,fuel_prices
2008-08-07,high fuel prices keeping some farmers away from,fuel_prices
2008-08-07,nrma wants fairer country fuel price,fuel_prices
2008-08-08,anger over lack of interest in fuel price hearing,fuel_prices
2008-08-08,falling dollar to cancel oil price drop raa,oil_market_phrase
2008-08-09,drop in oil price pushes us shares up,oil_market_phrase
2008-08-10,oil prices risk new rises on supply shocks,oil_market_phrase
2008-08-11,fears georgia unrest could fuel oil price hike,oil_market_phrase
2008-08-11,ract backs fuel price watchdog,fuel_prices
2008-08-14,fiji fuel prices to drop after government move,fuel_prices
2008-08-23,concern over petrol prices,fuel_prices
2008-08-25,green light for sandalwood oil producer sale,oil_market_phrase
2008-08-26,woolworths profit up despite fuel price subsidy,fuel_prices
2008-09-09,oil falls as opec expected to maintain targets,opec
2008-09-09,oil market fairly well balanced saudi oil minister,oil_market_phrase
2008-09-10,opec announces oil production cut,opec
2008-09-10,opec production cut boosts oil prices,opec
2008-09-16,oil companies ripping off motorists,oil_market_phrase
2008-09-16,oil price drops below usd 100,oil_market_phrase
2008-09-17,expect fuel prices to keep falling at the pump,fuel_prices
2008-09-17,fuel prices to keep falling raa,fuel_prices
2008-09-17,motorists unhappy as petrol prices stay high,fuel_prices
2008-09-23,motorists to feel pain of surging oil prices,oil_market_phrase
2008-09-23,oil price to hit consumers raa,oil_market_phrase
2008-09-23,the raas matthew hanton says increased crude oil,crude_oil
2008-10-04,ract scratching its head over diesel prices,fuel_prices
2008-10-09,lower dollar blamed for slowing fuel price falls,fuel_prices
2008-10-18,drivers ripped off as oil price falls expert,oil_market_phrase
2008-10-20,emissions trading will jeopardise oil and gas,oil_with_market_context
2008-10-23,petrol prices to drop further,fuel_prices
2008-10-24,oil prices on the way up,oil_market_phrase
2008-10-24,opec holds oil production crisis talks,opec
2008-10-24,opec slashes output to halt free falling prices,opec
2008-10-25,opec leaders cut oil production,opec
2008-10-25,us criticises opec production cut,opec
2008-10-28,petrol prices set to fall racv,fuel_prices
2008-10-30,petrol prices expected to drop in two weeks,fuel_prices
2008-10-31,oil prices tumble on us economic gloom,oil_market_phrase
2008-10-31,racv wants wholesale fuel price drops passed on,fuel_prices
2008-11-01,oil prices rebound on wall st rally,oil_market_phrase
2008-11-03,racv wants fuel price drop passed on,fuel_prices
2008-11-04,further falls expected for petrol prices,fuel_prices
2008-11-04,petrol prices to keep dropping,fuel_prices
2008-11-04,sa petrol prices drop,fuel_prices
2008-11-06,city fuel price drop not reaching regions,fuel_prices
2008-11-11,petrol prices at unexpected low,fuel_prices
2008-11-13,soaring apy fuel price tipped to fall,fuel_prices
2008-11-18,hijacked oil tanker off somali coast,oil_market_phrase
2008-11-20,pirates demand 40m ransom for oil tanker,oil_market_phrase
2008-11-25,regional fuel price drop to take time fuelwatch,fuel_prices
2008-11-26,country drivers told not to expect city fuel prices,fuel_prices
2008-11-27,servo group considers newcastle sydney fuel price,fuel_prices
2008-11-29,opec may defer third output cut ministers say,opec
2008-11-29,us75 a fair price for oil saudi arabia,oil_with_market_context
2008-11-30,recession will dampen oil prices opec,opec
2008-12-02,darwin petrol prices too high expert,fuel_prices
2008-12-02,supermarkets on notice to explain petrol prices,fuel_prices
2008-12-03,enjoy lower petrol prices while you can,fuel_prices
2008-12-08,fuel prices to fall,fuel_prices
2008-12-09,falling fuel prices not helping qld truckies,fuel_prices
2008-12-10,hope for fuel price drop to boost mackay tourism,fuel_prices
2008-12-12,fire crews control oil refinery blaze,oil_market_phrase
2008-12-17,farmer fury over diesel price,fuel_prices
2008-12-17,opec to make record cut in production,opec
2008-12-17,queues form as petrol price drops below 1 a litre,fuel_prices
2008-12-18,analysts skeptical of opec oil cut,opec
2008-12-19,joyce xenophon call for fuel price scrutiny,fuel_prices
2008-12-20,oil price falls further on weak demand outlook,oil_market_phrase
2008-12-23,fuel prices tipped to rise for christmas,fuel_prices
2008-12-23,servos warned not to cash in on holiday fuel prices,fuel_prices
2008-12-30,aust stocks close higher boosted by oil and gold,oil_with_market_context
2008-12-30,gaza violence driving oil prices up,oil_market_phrase
2009-01-14,sydney servos slash fuel prices to 50c a litre,fuel_prices
2009-01-20,oil falls towards us34 on gas deal gaza ceasefire,oil_price_movement
2009-01-21,raa expects further regional fuel price rise,fuel_prices
2009-01-22,petrol price hike passed on to consumers racq,fuel_prices
2009-01-27,racq not surprised by petrol price jump,fuel_prices
2009-01-28,petrol prices fuel inflation fall,fuel_prices
2009-01-28,santos oil reserves pass 134 million barrels,oil_market_phrase
2009-02-14,oil price climbs towards us36,oil_market_phrase
2009-02-16,petrol prices at 2 month high,fuel_prices
2009-02-16,research aims to prolong oil reserves,oil_market_phrase
2009-03-02,diesel prices drop below unleaded,fuel_prices
2009-03-02,petrol prices spike inflation gauge,fuel_prices
2009-03-15,opec faces vital output meet algeria calls for,opec
2009-03-16,fuel prices likely to keep falling economists,fuel_prices
2009-03-24,fears nano will drive up oil price fuel pollution,oil_market_phrase
2009-03-24,no reason to investigate petrol price gap accc,fuel_prices
2009-04-17,import prices lower on petroleum price dip,petroleum
2009-04-28,swine flu fears could drive petrol prices lower,fuel_prices
2009-04-30,accc urged to probe rockhampton fuel prices,fuel_prices
2009-05-01,stuart petroleum begins diesel storage planning,petroleum
2009-05-05,beach petroleum in 50m takeover bid,petroleum
2009-05-09,chavez tightens stranglehold on oil industry,oil_market_phrase
2009-05-18,petrol price jump ahead raa,fuel_prices
2009-06-01,bight a new frontier for petroleum exploration,petroleum
2009-06-02,fuel price hike,fuel_prices
2009-06-02,worker shortage threatens oil industry,oil_market_phrase
2009-06-05,world oil supply has peaked expert,oil_market_phrase
2009-06-07,petrol prices set to rise,fuel_prices
2009-06-11,oil demand drops for first time in decade,oil_market_phrase
2009-06-24,xenophon joyce combine on petrol price competition,fuel_prices
2009-06-27,lack of competition behind canberra petrol price,fuel_prices
2009-07-01,no excuse for excessive petrol price rises fraser,fuel_prices
2009-07-02,fair trading investigates petrol price profiteering,fuel_prices
2009-07-13,supermarket giants in petrol price war,fuel_prices
2009-08-17,petrol prices hit 9 month high,fuel_prices
2009-09-03,caltex deal may push petrol prices up,fuel_prices
2009-09-21,wa mining petroleum sectors growing,petroleum
2009-09-29,premium petrol prices to be probed,fuel_prices
2009-10-03,ferguson approves offshore petroleum exploration,petroleum
2009-10-05,rudd hints at broome oil industry future,oil_market_phrase
2009-10-20,economist warns petrol prices will rise,fuel_prices
2009-10-23,profit increase for beach petroleum,petroleum
2009-11-05,fishermen demand new rules on oil drilling,oil_with_market_context
2009-11-06,oil companies forced to co operate with spill,oil_market_phrase
2009-11-16,petroleum firm explores tree plantation options,petroleum
2009-11-25,ract issues petrol price please explain,fuel_prices
2009-12-02,accc to probe petrol price cycle,fuel_prices
2009-12-03,finance reporter sue lannin talks petrol prices,fuel_prices
2009-12-15,raa says fuel prices should ease,fuel_prices
2009-12-18,big firms coordinating petrol prices,fuel_prices
2009-12-19,nigerian oil pipeline attack breaks truce,oil_market_phrase
2009-12-24,christmas petrol price hike,fuel_prices
2009-12-24,fuel prices set to rise accc,fuel_prices
2009-12-24,petrol prices set to rise,fuel_prices
2009-12-29,dispute threatens european oil supply,oil_market_phrase
2009-12-31,fuel prices soar,fuel_prices
2010-01-04,higher petrol prices on the way,fuel_prices
2010-01-13,motorists hit with petrol price rise,fuel_prices
2010-02-08,falling dollar to drive petrol prices higher,fuel_prices
2010-02-17,apache oil production underway,oil_market_phrase
2010-02-18,racq wants an investigation into petrol prices,fuel_prices
2010-03-15,petrol prices to keep rising,fuel_prices
2010-04-25,accc concerned over petrol price service,fuel_prices
2010-05-04,more queries over petrol prices,fuel_prices
2010-05-10,petrol price relief on the way,fuel_prices
2010-05-19,big variation in kimberley fuel prices,fuel_prices
2010-05-26,bp owned alaska oil pipeline shut after spill,oil_market_phrase
2010-05-28,shire unsure of petroleum search impact,petroleum
2010-06-03,lobster fishers fear petroleum exploration impact,petroleum
2010-06-08,obama warns of tough economic times after oil spill,oil_with_market_context
2010-06-09,govt asked to reveal petroleum exploration studies,petroleum
2010-06-12,bp needs more tankers to capture oil,oil_with_market_context
2010-06-18,tanker caught illegally siphoning oil,oil_with_market_context
2010-07-06,millions strike over fuel price hike,fuel_prices
2010-07-19,oil spews from exploded china pipeline,oil_with_market_context
2010-07-21,petroleum exploration submissions under review,petroleum
2010-07-21,the head of mines and petroleum richard sellers,petroleum
2010-07-27,oil refinery evacuation,oil_market_phrase
2010-08-06,oil tanker blast a terrorist attack,oil_market_phrase
2010-08-09,oil gas producers work on spill contingencies,oil_with_market_context
2010-08-27,fate of biofuel depends on oil price stability,oil_market_phrase
2010-09-09,petrol prices blatantly unjust ract,fuel_prices
2010-09-10,bartlett under the pump to curb petrol prices,fuel_prices
2010-09-13,petrol prices near 11 month low,fuel_prices
2010-09-20,raa keeps close eye on rural fuel prices,fuel_prices
2010-10-18,petrol prices tipped to rise despite strong dollar,fuel_prices
2010-10-22,french police break oil refinery blockade,oil_market_phrase
2010-10-29,mango shortage tipped to fuel price hike,fuel_prices
2010-11-09,petrol price likely to rise racq,fuel_prices
2010-11-22,alice has 2nd highest fuel prices in country,fuel_prices
2010-12-01,big oil gas supply base opens,oil_with_market_context
2010-12-20,dollar offers protection from soaring petrol prices,fuel_prices
2010-12-23,victorian petrol prices set to soar,fuel_prices
2010-12-29,local competition keeping petrol prices down,fuel_prices
2011-01-07,pakistan pm reverses petrol price hike,fuel_prices
2011-01-18,rural fuel prices on the rise,fuel_prices
2011-01-24,sick man lifted from oil tanker,oil_market_phrase
2011-02-01,egypt chaos pushes oil prices up,oil_market_phrase
2011-02-01,egypt unrest to send petrol prices up,fuel_prices
2011-02-03,oil prices push up qantas airfares,oil_market_phrase
2011-02-16,brisbane scores most expensive fuel prices in,fuel_prices
2011-02-22,fear of contagion drives oil price surge,oil_market_phrase
2011-02-23,gaddafi orders forces to sabotage oil production,oil_market_phrase
2011-02-24,oil prices drive fourth straight share slide,oil_market_phrase
2011-02-24,share market slides on rising oil prices,oil_market_phrase
2011-02-25,fuel prices expected to jump 20 cents,fuel_prices
2011-02-27,bombing shuts down iraqs largest oil refinery,oil_market_phrase
2011-02-27,consumers told to brace for petrol price spike,fuel_prices
2011-03-07,market hits five week low on oil concerns,oil_with_market_context
2011-03-07,petrol prices at 29 month high,fuel_prices
2011-03-10,film on gulf oil spill in pipeline,oil_with_market_context
2011-03-15,canberra fuel price tops 150,fuel_prices
2011-03-21,share market down on rising oil prices,oil_market_phrase
2011-03-22,fuel prices in nt highest since 2008,fuel_prices
2011-03-23,rising oil price gives virgin blues,oil_market_phrase
2011-03-24,qantas increases fares to counter oil price rise,oil_market_phrase
2011-03-30,qantas cuts staff flights to counter fuel price hit,fuel_prices
2011-03-31,sydney motorists warned of petrol price pain,fuel_prices
2011-04-04,outback fuel price tipped to rise,fuel_prices
2011-04-05,australia slumps into deficit on oil imports,oil_market_phrase
2011-04-06,toowoomba has lowest fuel prices in australia,fuel_prices
2011-04-13,crude oil slip boosts airline stocks,crude_oil
2011-04-13,stocks dive on oil japan fears,oil_with_market_context
2011-04-18,petrol prices reach new high,fuel_prices
2011-04-19,forster petrol prices the highest in the state,fuel_prices
2011-04-20,alice calls for ceiling in fuel prices,fuel_prices
2011-04-20,forster petrol prices part of a cycle,fuel_prices
2011-04-27,bp profit soars on back of oil prices,oil_market_phrase
2011-04-27,food petrol prices drive up inflation,fuel_prices
2011-05-09,crude price drop could help fuel prices,crude_oil
2011-05-09,petrol prices tipped to drop,fuel_prices
2011-05-16,petrol prices tipped to fall,fuel_prices
2011-05-23,petrol price falls yet to reach motorists,fuel_prices
2011-05-25,brisbane man accused of oil market scam,oil_market_phrase
2011-05-30,service stations warn of rising petrol prices,fuel_prices
2011-06-02,regional fuel prices tipped to fall,fuel_prices
2011-06-06,servos told to explain fuel price discrepancy,fuel_prices
2011-06-24,oil price drops as supplies are boosted,oil_market_phrase
2011-07-27,regional drivers still awaiting diesel price drop,fuel_prices
2011-08-15,petrol prices to rise,fuel_prices
2011-08-25,oil companies lead market higher,oil_market_phrase
2011-08-29,huge fire at chinese oil refinery,oil_market_phrase
2011-09-12,petrol price rise,fuel_prices
2011-09-23,canberra petrol prices rise,fuel_prices
2011-09-27,petrol prices heading up,fuel_prices
2011-09-27,petrol prices on the rise,fuel_prices
2011-09-30,petrol price discrimination claims,fuel_prices
2011-10-07,petrol prices hit 3 year high,fuel_prices
2011-10-21,gaddafi oil market,oil_market_phrase
2011-10-23,oil spill in vic after tanker rollover,oil_with_market_context
2011-11-09,accc to probe brisbanes soaring petrol prices,fuel_prices
2011-11-19,wwf condemns petroleum exploration permits off wa coast,petroleum
2011-11-25,regional petrol prices fuel rip off fears,fuel_prices
2011-11-28,consultation pledged in petroleum search,petroleum
2011-11-30,major organic oil producer collapses,oil_market_phrase
2011-12-06,interest rates could fall but diesel price stays,fuel_prices
2011-12-16,scullion on fuel price warpath,fuel_prices
2011-12-19,petrol price hits four month low,fuel_prices
2011-12-21,high petrol prices,fuel_prices
2011-12-21,new watchdogs to monitor oil industry,oil_market_phrase
2011-12-21,petroleum regulatory bodies based in perth,petroleum
2011-12-22,morocco shaping up as an oil producer,oil_market_phrase
2011-12-28,nrma warns of canberra petrol price hikes,fuel_prices
2011-12-29,adelaide petrol price spike raa,fuel_prices
2012-01-13,central petroleum oil discovery,petroleum
2012-01-13,nigerian workers shut down oil production,oil_market_phrase
2012-01-16,nigeria cuts petrol prices,fuel_prices
2012-01-17,fuel prices to rise,fuel_prices
2012-01-17,iran tension spark fuel price concerns,fuel_prices
2012-01-20,iran tension spark fuel price concerns,fuel_prices
2012-01-23,eu slaps ban on iran oil imports,oil_market_phrase
2012-01-25,petrol price fuels call for more competition,fuel_prices
2012-01-26,figures show rising fuel price,fuel_prices
2012-01-28,oil from stricken tanker washing up in flying fish cove,oil_with_market_context
2012-02-08,oil spills from shell refinery,oil_with_market_context
2012-02-14,petrol price advocate alice springs council,fuel_prices
2012-02-20,act fuel prices,fuel_prices
2012-02-22,woodside petroleum profits dip,petroleum
2012-02-28,iran tensions send oil prices soaring,oil_market_phrase
2012-02-29,kohler oil reserves shift global markets,oil_market_phrase
2012-03-14,oil mallee industry aims to supply fuel to airlines,oil_with_market_context
2012-03-26,oil price more threatening than european,oil_market_phrase
2012-04-10,petrol prices headed for record high,fuel_prices
2012-04-11,high fuel prices hampering cotton harvest,fuel_prices
2012-05-04,accc to probe petrol price fixing concerns,fuel_prices
2012-05-04,henderson on accc fuel price inquiry,fuel_prices
2012-05-04,motoring groups welcome petrol price fixing probe,fuel_prices
2012-05-14,lng ferguson petroleum exploration acreage,petroleum
2012-05-16,regions fuel prices highest in state,fuel_prices
2012-05-17,fuel prices,fuel_prices
2012-05-24,motorists see little benefit from crude oil plunge,crude_oil
2012-05-29,canberra petrol price hike,fuel_prices
2012-06-07,shell to close clyde oil refinery,oil_market_phrase
2012-06-15,country petrol price fuels anger,fuel_prices
2012-06-15,petrol price fuels competition concerns,fuel_prices
2012-06-15,petroleum group laments margaret river no go plan,petroleum
2012-06-20,simpson desert recreate journey beach petroleum marg sprigg,petroleum
2012-06-28,iran signs up 11 oil tankers under the tuvalu flag,oil_market_phrase
2012-06-29,chief minister calls in accc over petrol prices,fuel_prices
2012-07-03,regional petrol prices,fuel_prices
2012-07-05,petrol prices fuel call for accc probe,fuel_prices
2012-07-26,lightning blamed for deadly oil tanker fire,oil_market_phrase
2012-07-26,malaysian oil tanker fire,oil_market_phrase
2012-08-01,petroleum search,petroleum
2012-08-08,mid west oil reserves open for exploration,oil_market_phrase
2012-08-12,us destroyer collides with oil tanker,oil_market_phrase
2012-08-22,raa welcomes move on petrol price displays,fuel_prices
2012-08-27,country drivers warned of rising fuel prices,fuel_prices
2012-08-27,geraldton drivers warned of fuel price rise,fuel_prices
2012-08-28,drivers warned of fuel price rise,fuel_prices
2012-09-02,new law bans display of discounted fuel prices,fuel_prices
2012-09-14,50 dead after afghan bus and oil tanker collide,oil_market_phrase
2012-09-18,mp demands petroleum bill investigation,petroleum
2012-10-04,price of crude oil drops sharply,crude_oil
2012-10-11,regional fuel prices similar to melbourne,fuel_prices
2012-10-19,bowser shock as petrol prices rise,fuel_prices
2012-10-19,canberra petrol prices cause bowser shock,fuel_prices
2012-10-19,retail discounts blamed for petrol price spike,fuel_prices
2012-10-29,petroleum firm downplays oil search impact,petroleum
2012-11-30,petroleum firms ex managing director launches,petroleum
2012-12-06,global pressures blamed for petrol price record,fuel_prices
2012-12-17,lower petrol prices predicted for christmas,fuel_prices
2012-12-21,petrol prices rise ahead of holiday weekend,fuel_prices
2013-01-10,chief executive of bight petroleum ian macdougall,petroleum
2013-01-28,share prices rise after shale oil find,oil_with_market_context
2013-02-07,woman dies after oil tanker collision,oil_market_phrase
2013-02-08,country petrol prices fuel raa anger,fuel_prices
2013-02-11,global demand fuels soaring petrol prices,fuel_prices
2013-02-11,more oil for biodiesel producer,oil_with_market_context
2013-02-13,qld government approves commercial shale oil industry,oil_market_phrase
2013-02-13,queensland moves to build shale oil industry,oil_market_phrase
2013-02-19,petrol price spike wont last: commissioner,fuel_prices
2013-02-25,oil prices to drop as shale oil flows,oil_market_phrase
2013-02-25,petrol price jumps to near year high,fuel_prices
2013-02-26,cooper energy searches for oil near penola,oil_with_market_context
2013-02-26,fuel prices worry nt tourism industry,fuel_prices
2013-02-27,nt fuel prices defy logic says aant,fuel_prices
2013-03-01,bight petroleum to submit revised exploration bid,petroleum
2013-03-28,easter petrol prices fuel raa anger,fuel_prices
2013-03-28,surprise development for central petroleum,petroleum
2013-04-05,coalition mps at odds on petroleum tax extension,petroleum
2013-04-11,bids made for onshore petroleum exploration,petroleum
2013-04-22,motorists enjoy steep petrol price falls,fuel_prices
2013-04-23,petrol price plunge,fuel_prices
2013-04-23,shares in woodside petroleum soar,petroleum
2013-05-02,communitys fears as shale oil production begins,oil_market_phrase
2013-05-02,residents demand answers after new shale oil plant,oil_with_market_context
2013-05-10,calls for consistent petrol price displays,fuel_prices
2013-05-16,britain pledges action as eu widens oil price probe,oil_market_phrase
2013-05-16,european commission raids offices in fuel price,fuel_prices
2013-05-19,afghanistan aiming for commercial oil production,oil_market_phrase
2013-05-20,petrol prices set to surge on dollar decline,fuel_prices
2013-05-27,petrol prices jump with more rises likely,fuel_prices
2013-05-31,petroleum firm questions seismic survey scrutiny,petroleum
2013-06-17,accc asked to probe high fuel prices,fuel_prices
2013-06-18,indonesia mps seal fuel price hike after backing help for po,fuel_prices
2013-06-18,oil price hits nine month peak,oil_market_phrase
2013-06-18,protests over indonesian fuel price rise,fuel_prices
2013-06-22,indonesia fuel price hike,fuel_prices
2013-07-01,oil tanker blaze kills 31 in uganda capital,oil_market_phrase
2013-07-02,central petroleum oil,petroleum
2013-07-02,oil central petroleum,petroleum
2013-07-08,train carrying crude oil crashes in canadian twon,crude_oil
2013-07-09,business under the pump as petrol prices skyrocket,fuel_prices
2013-07-10,canberra drivers feeling petrol price pain,fuel_prices
2013-07-16,how will higher production of oil in the united,oil_with_market_context
2013-07-18,aog petroleum exploration application nt environment centre rea,petroleum
2013-07-22,adelaide petrol prices jump to five year high,fuel_prices
2013-07-22,riverina oil and bio energy future,oil_with_market_context
2013-07-25,perth petrol prices soar,fuel_prices
2013-07-26,regions warned of looming fuel price rise,fuel_prices
2013-07-29,saudi arabia oil opec prince alwaleed,opec
2013-07-30,nt fuel price rises and shopper discount follow woolworths coles,fuel_prices
2013-07-31,petrol price rating scheme fuels call for more,fuel_prices
2013-08-13,petrol price ratings fuel call for legitimate,fuel_prices
2013-08-14,fuel price rating another slug for coober pedy,fuel_prices
2013-08-28,oil price petrol prices syria war,oil_market_phrase
2013-09-01,nsw cracks down on discount fuel prices at petrol stations,fuel_prices
2013-09-06,confusing petrol price displays fuel racq anger,fuel_prices
2013-09-16,fuel prices,fuel_prices
2013-09-16,oil industry educates shoppers,oil_market_phrase
2013-09-17,syria tensions push crude prices lower,crude_oil
2013-09-24,easing tensions flow to oil supply,oil_market_phrase
2013-10-02,energy firm keen to undertake surat basin oil,oil_with_market_context
2013-10-17,petrol price signs fuel calls for regional drivers,fuel_prices
2013-10-22,oil price falls on questions over demand,oil_market_phrase
2013-10-28,petrol price gouging,fuel_prices
2013-10-28,petrol prices tipped to fall,fuel_prices
2013-10-29,blue energy drilling near roma fails to find significant oil,oil_with_market_context
2013-11-26,oil prices drop,oil_market_phrase
2013-11-26,project underway to improve deep sea oil and gas pipelines,oil_with_market_context
2013-12-03,raa worried country city fuel price divide growing,fuel_prices
2013-12-06,keith alone in raas fuel price fairness rating,fuel_prices
2013-12-12,petrol prices in territory highest retail margin in australia,fuel_prices
2013-12-16,richard cottee central petroleum license,petroleum
2013-12-30,end to misleading petrol prices,fuel_prices
2014-01-07,nt fuel prices rise again 12c above national average,fuel_prices
2014-01-07,petrol price soars more pain at the pump ahead,fuel_prices
2014-01-09,darwin fuel prices retailer ripoff claims fuel track,fuel_prices
2014-01-09,rising fuel prices,fuel_prices
2014-01-22,petrol prices unjustified racq,fuel_prices
2014-02-04,demand for clove oil grows in mouldy north,oil_with_market_context
2014-02-04,mould grows demand for clove oil,oil_with_market_context
2014-02-19,central petroleum dingo gas sale,petroleum
2014-02-19,central petroleum gas fields,petroleum
2014-02-25,central petroleum licence oil eis epa,petroleum
2014-02-25,oil licence central petroleum amadeus basin clc,petroleum
2014-03-05,lithgow petroleum,petroleum
2014-03-13,submissions on petroleum exploration licence in lithgow area,petroleum
2014-03-17,us seals seize oil tanker,oil_market_phrase
2014-03-18,fuel price wadeye riots claim councillor andrew brown,fuel_prices
2014-03-26,petroleum exploration legal liability,petroleum
2014-04-07,more land released for outback qld more gas petroleum exploratio,petroleum
2014-04-29,petrol price discrepancy fuels council probe,fuel_prices
2014-05-09,fears higher fuel prices to put brakes on gold,fuel_prices
2014-05-12,central petroleum sod turning,petroleum
2014-05-16,energy agency predicts oil shortage unless supply boosted,oil_with_market_context
2014-05-29,oil tanker listing off japan after huge explosion,oil_market_phrase
2014-05-31,thai oil tanker feared hijacked,oil_market_phrase
2014-06-06,long weekend regional fuel prices tipped to be,fuel_prices
2014-06-11,bight petroleum to explore for oil and gas off sa,petroleum
2014-06-17,appea petroleum northern territory,petroleum
2014-06-17,investors nervous about oil supply,oil_market_phrase
2014-06-18,sunni militants hit iraq oil refinery,oil_market_phrase
2014-06-19,staff evacuated from embattled baiji oil refinery,oil_market_phrase
2014-07-02,investigation finds bus fire caused by fractured oil supply line,oil_market_phrase
2014-07-30,lakes oil signs dow chemical gas supply agreement,oil_with_market_context
2014-08-11,american samoa has pacific best fuel prices,fuel_prices
2014-08-18,new oil discovery by carnarvon petroleum,petroleum
2014-08-20,accc takes action over alleged petrol price sharing,fuel_prices
2014-09-03,impact of mining tax and petroleum tax,petroleum
2014-09-03,mining tax and petroleum tax,petroleum
2014-09-04,racq warns of looming fuel price rise,fuel_prices
2014-09-11,raa petrol price warning,fuel_prices
2014-09-12,remarkable drop in oil demand slashes prices,oil_market_phrase
2014-09-14,motoring body slams tasmania extravagant petrol prices,fuel_prices
2014-09-16,fuel price to rise as aussie dollar drops despite oil supply,oil_market_phrase
2014-09-16,fuel prices to rise as australian dollar drops,fuel_prices
2014-09-23,disaster legislation could be used to reduce petrol prices,fuel_prices
2014-09-25,fuel price summit to probe high prices in nt,fuel_prices
2014-09-29,us led air strikes on is oil refineries 'not a real target',oil_market_phrase
2014-10-07,petrol companies defend darwin high fuel prices,fuel_prices
2014-10-09,first salvo fired in nt petrol price war,fuel_prices
2014-10-14,caltex australias sydney oil refinery is closed,oil_market_phrase
2014-10-15,community welcomes petroleum exploration licence cancellation,petroleum
2014-10-15,iea slashes oil forecasts amid staggering surge in supply,oil_with_market_context
2014-10-17,indonesias widodo to hike fuel prices by around 50 pct,fuel_prices
2014-10-18,indonesian president elect set to raise fuel prices,fuel_prices
2014-10-23,price of crude oil slumped on global markets,crude_oil
2014-11-04,al qaeda threatens to target australias overseas oil supplies,oil_market_phrase
2014-11-04,gold and oil prices drop against strong us dollar,oil_market_phrase
2014-11-05,market ends lower after global slide in price of oil,oil_with_market_context
2014-11-05,oil price slide weighs on wall st ftse,oil_market_phrase
2014-11-05,the oil price is under the pump,oil_market_phrase
2014-11-06,us reassumes role as major global oil producer,oil_market_phrase
2014-11-10,petrol price rise fuels fears for outback,fuel_prices
2014-11-14,indonesia leaves rates on hold amid concerns about fuel price r,fuel_prices
2014-11-15,iraqi forces break seige of baiji oil refinery,oil_market_phrase
2014-11-27,crude oil prices plumb a fresh four year low,crude_oil
2014-11-27,oil prices continue to languish as supply keeps flowing,oil_market_phrase
2014-11-27,wall st mixed despite disappointing data and falling oil prices,oil_market_phrase
2014-11-28,aud local share markets fall in battle over oil market,oil_market_phrase
2014-11-28,australian dollar shares fall sharply after oil price plunge,oil_market_phrase
2014-11-28,australian market abandon oil stocks as global,oil_market_phrase
2014-11-28,oil price collapses opec nations against cutting production,opec
2014-12-01,inflation pressures ease on falling oil fuel prices,fuel_prices
2014-12-01,oil price slump a double edged sword,oil_market_phrase
2014-12-01,upside in oil price slump,oil_market_phrase
2014-12-02,oil price bounce helps lift australian shares,oil_market_phrase
2014-12-02,oil price weakness could escalate russian threat,oil_market_phrase
2014-12-02,wall st slips despite oil price rebound,oil_market_phrase
2014-12-03,fuel price difference between metro and country areas questioned,fuel_prices
2014-12-03,petrol prices to drop on oil fall but airfares to remain steady,oil_price_movement
2014-12-03,wall st rises as energy stocks defy oil price falls,oil_market_phrase
2014-12-04,wall st rebounds on rising oil prices and energy stocks,oil_market_phrase
2014-12-05,petrol prices pack the hardest punch at upper hunter bowsers,fuel_prices
2014-12-09,oil price slide sparks share market sell off,oil_market_phrase
2014-12-11,oil price drop claims first wa victim red fork energy,oil_market_phrase
2014-12-11,wall st drops sharply on oil price slide,oil_market_phrase
2014-12-12,lower oil price dragging down local energy companies,oil_market_phrase
2014-12-16,global oil price fall drives share market down,oil_market_phrase
2014-12-16,wall st slips as crude oil slides further,crude_oil
2014-12-17,acccs new powers to monitor petrol prices take effect,fuel_prices
2014-12-17,russian economy heading for crisis as oil rouble plunge,oil_with_market_context
2014-12-19,fuel prices sky high in canberra,fuel_prices
2014-12-19,marshall welcomes increased accc powers for petrol price monito,fuel_prices
2014-12-19,new accc powers could investigate canberra petrol prices,fuel_prices
2014-12-20,tasmania seeks accc probe into fuel prices,fuel_prices
2014-12-22,motorists get christmas bonus with steep fuel price falls,fuel_prices
2014-12-22,rural tch fuel prices,fuel_prices
2014-12-22,tas fuel prices,fuel_prices
2014-12-23,low oil and gas prices pushing png towards crisis,oil_with_market_context
2014-12-24,criticism of sydney regional fuel price differences,fuel_prices
2014-12-30,wall st stagnant as oil fall and greek shares tumble,oil_price_movement
2015-01-05,petrol prices hit fresh four year low,fuel_prices
2015-01-07,weak crude prices,crude_oil
2015-01-15,santos speaks on oil price share price future,oil_market_phrase
2015-01-15,woodside set to cut spending in response to falling oil prices,oil_market_phrase
2015-01-16,accc regional petrol price probe fuels support,fuel_prices
2015-01-16,petrol prices,fuel_prices
2015-01-20,accc encouraged to investigate select tasmania fuel price,fuel_prices
2015-01-21,australian market rises petrol prices continue to,fuel_prices
2015-01-21,bhp ramps up iron ore petroleum production despite price slumps,petroleum
2015-01-21,high oil price gives chinas environmentalists a boost,oil_market_phrase
2015-01-22,nt fuel prices and businesses,fuel_prices
2015-01-22,virgin lowers us airfares as fuel prices plunge,fuel_prices
2015-01-25,petrol prices fall in perth,fuel_prices
2015-01-28,inflation to be pulled lower by plunging petrol prices,fuel_prices
2015-01-30,fuel price falls better than an interest rate cut fitch,fuel_prices
2015-02-02,petrol prices drag down inflation but electronics may be on the,fuel_prices
2015-02-02,santos blames 'volatile oil prices' for imminent job cuts,oil_market_phrase
2015-02-03,wall st closes higher after volatile session as oil prices boun,oil_market_phrase
2015-02-04,agricultural commodities surge on oil price recovery,oil_market_phrase
2015-02-04,oil prices have they hit bottom,oil_market_phrase
2015-02-04,us shares jump as oil prices surge,oil_market_phrase
2015-02-05,australian mustard oil production,oil_market_phrase
2015-02-05,oil price rout resumes leaving us markets mixed,oil_market_phrase
2015-02-06,wall st gains on oil price rebound,oil_market_phrase
2015-02-09,petrol prices shell,fuel_prices
2015-02-11,resource and energy sector shares fall after oil price slips,oil_market_phrase
2015-02-17,train hauling crude oil derails in west virginia causing fire,crude_oil
2015-02-18,woodside petroleum posts 38pc profit rise,petroleum
2015-02-20,wall street slides on crude oil price dip,crude_oil
2015-02-24,cyclone marcia fuels fears of petrol price,fuel_prices
2015-02-25,stokes energy oil gas investments,oil_with_market_context
2015-02-25,stokes energy oil gas investments chris jamieson,oil_with_market_context
2015-02-26,upper house inquiry into rural fuel prices,fuel_prices
2015-02-26,watchdog to investigate regional petrol prices,fuel_prices
2015-02-27,oil prices could remain low for three years: woodside,oil_market_phrase
2015-02-27,tasmanian businesses want more scrutiny of petrol prices,fuel_prices
2015-03-02,nsw country hour petrol prices nrma,fuel_prices
2015-03-09,coalition air strike on islamic state oil refinery kills 30,oil_market_phrase
2015-03-10,accc consumer competition watchdog investigate darwin fuel price,fuel_prices
2015-03-10,accc to investigate high darwin petrol prices,fuel_prices
2015-03-16,oil price falls to six year low,oil_market_phrase
2015-03-20,wall st gives back gains as oil prices fall,oil_market_phrase
2015-03-24,woodside cuts 300 jobs falling oil prices,oil_market_phrase
2015-03-27,oil jumps on saudi led airstrikes wall st eases,oil_price_movement
2015-03-27,oil prices rise australian dollar falls against,oil_market_phrase
2015-04-01,share market loses ground after fall in oil and iron ore prices,oil_with_market_context
2015-04-02,gas pipeline central petroleum nt,petroleum
2015-04-03,buru energy closer to oil production in kimberley native title,oil_market_phrase
2015-04-08,australian oil reserves substandard,oil_market_phrase
2015-04-09,apache energy sells wa oil and gas assets,oil_with_market_context
2015-04-10,firmer oil prices help sharemarket,oil_market_phrase
2015-04-10,rising global oil prices help lift us stocks,oil_market_phrase
2015-04-15,whyalla petrol price fuels praise from raa,fuel_prices
2015-04-16,wall st up on profit reports and oil price rise,oil_market_phrase
2015-04-19,iraqi forces retake baiji oil refinery from islamic state,oil_market_phrase
2015-04-20,environmentalists demand answers from bp potential oil spill,oil_with_market_context
2015-04-24,oil prices climb to highest levels this year,oil_market_phrase
2015-04-26,cost of living northern territory fuel prices drop,fuel_prices
2015-04-29,canberra petrol prices set to remain steady says nrma,fuel_prices
2015-05-08,accc to investigate launceston petrol prices,fuel_prices
2015-05-08,country petrol prices fuel call to fill up,fuel_prices
2015-05-11,petrol price gap between city and country closes accc,fuel_prices
2015-05-12,accc: big drop in central west petrol prices over last three,fuel_prices
2015-05-12,canberra petrol prices drop but still expensive,fuel_prices
2015-05-12,fall in alice springs fuel prices took too long accc chief says,fuel_prices
2015-05-12,regional petrol price drops too slow: competition watchdog,fuel_prices
2015-05-18,no drop in petrol price since accc launched investigation,fuel_prices
2015-05-19,plans for oil refinery in gladstone,oil_market_phrase
2015-05-29,broome future servicing offshore petroleum,petroleum
2015-06-15,petrol prices face largest quarterly rise in 25 years,fuel_prices
2015-06-16,perth petrol price cycle overturned,fuel_prices
2015-07-02,petrol prices driven to a new year high,fuel_prices
2015-07-02,sydney motorists warned to brace for 15 cent petrol price surge,fuel_prices
2015-07-03,australian oil tanker crew refuse to leave devonport after bein,oil_market_phrase
2015-07-05,standoff devonport oil tanker crew and ship owner continues,oil_market_phrase
2015-07-06,devonport oil tanker standoff heads to industrial relations,oil_market_phrase
2015-07-06,protesters march through devonport support oil tanker workers,oil_market_phrase
2015-07-07,fair work order oil tanker crew to stop industrial action,oil_market_phrase
2015-07-10,alexander spirit oil tanker crew ordered to sail,oil_market_phrase
2015-07-16,woodside revenue hit by sliding oil prices,oil_market_phrase
2015-07-17,santos cuts investment to offset weak oil prices,oil_market_phrase
2015-07-31,shell braces for extended low oil prices with mass job cuts,oil_market_phrase
2015-08-04,mp welcomes study into armidale fuel prices,fuel_prices
2015-08-11,darwin fuel prices drop below the national average,fuel_prices
2015-08-13,oil demand at five year high glut keeps prices low,oil_market_phrase
2015-08-19,woodside profit slides 39 percent on oil price slump,oil_market_phrase
2015-08-20,falling global oil prices help drive local share market lower,oil_market_phrase
2015-08-20,qantas profit propelled by lower fuel prices,fuel_prices
2015-08-21,santos profit slumps 82pc on oil price drop,oil_market_phrase
2015-08-26,woodside petroleum establises artificial intelligence unit,petroleum
2015-08-29,ract voices frustration at tas petrol price differences,fuel_prices
2015-08-30,franchisees battle service station giant united petroleum,petroleum
2015-09-01,oil prices soar for third straight day over production talk,oil_market_phrase
2015-09-03,jason chesters oil gas market,oil_with_market_context
2015-09-03,united petroleum franchisees complain of wage abuse,petroleum
2015-09-08,woodside petroleum set to add to growing portfolio,petroleum
2015-09-12,united petroleum sacked general manager for racial abuse,petroleum
2015-09-17,85 killed in south sudan oil tanker blast,oil_market_phrase
2015-09-24,iran's untapped oil reserves pique interest of foreign investors,oil_market_phrase
2015-10-13,oil price fall overseas leads to australian share,oil_market_phrase
2015-10-13,oil prices and china data weigh on share market,oil_market_phrase
2015-10-23,port stanvac oil refinery foreshore to be opened to public,oil_market_phrase
2015-10-25,low oil and gas prices to slash export earnings,oil_with_market_context
2015-10-27,fall in oil price pulls down wall street stocks,oil_market_phrase
2015-11-13,video from the vault crude oil by the numbers,crude_oil
2015-11-20,oil energy and the problem of carbon,oil_with_market_context
2015-11-23,accc outlines steps to increase darwin petrol price transparency,fuel_prices
2015-12-03,crude oil price nears ten year low; iron ore falls,crude_oil
2015-12-03,russia says it has proof turkey involved in is oil trade,oil_with_market_context
2015-12-04,turkey has proof russian involvement in islamic state oil trade,oil_with_market_context
2015-12-07,opec incapable of behaving like a cartel,opec
2015-12-08,plunge in oil; iron ore prices lead losses for,oil_with_market_context
2015-12-09,market closes down as falling oil price hits global markets,oil_market_phrase
2015-12-11,atlassian nasdaq float slide in oil weighs on us stocks,oil_with_market_context
2015-12-12,oversupply of oil meets a slowdown in demand iea says,oil_with_market_context
2015-12-15,petrol price gouging at highest level on record,fuel_prices
2015-12-16,coles express agrees to end petrol price sharing,fuel_prices
2015-12-16,global markets surged today after oil prices,oil_market_phrase
2015-12-16,lower oil prices fuel raa call for christmas petrol pump savings,oil_market_phrase
2015-12-18,racq backs labor push for accc fuel price investigation,fuel_prices
2015-12-22,fuel retailers profit from falling oil price at motorists expen,oil_market_phrase
2015-12-22,wall st rallies late despite oil price plunge,oil_market_phrase
2015-12-23,petrol price info deal struck with accc,fuel_prices
2015-12-29,saudi to raise petrol prices by up to 50 percent,fuel_prices
2015-12-29,wall st falls on renewed oil price slide,oil_market_phrase
2015-12-31,wall st slips on renewed oil price slide,oil_market_phrase
2015-12-31,weaker oil prices undermine global markets,oil_market_phrase
2016-01-05,diesel prices in nt the highest in australia,fuel_prices
2016-01-12,crude oil prices plunge to fresh 12 year low,crude_oil
2016-01-12,wall st wobbles as crude oil prices plunge,crude_oil
2016-01-13,oil prices dip below 30 dollars but stocks rally,oil_market_phrase
2016-01-13,oil prices slump rbs sell everything advice rejected,oil_market_phrase
2016-01-14,low aussie dollar helping industry farming with oil drop,oil_price_movement
2016-01-15,wall st rises on relief rally as oil prices rebound,oil_market_phrase
2016-01-16,benefits of falling oil prices not fully passed on to motorists,oil_market_phrase
2016-01-18,nt govt flags possibility of refinery amid high diesel prices,fuel_prices
2016-01-20,petrol prices drop below one dollar,fuel_prices
2016-01-20,whats driving the new low petrol prices,fuel_prices
2016-01-21,petrol prices set to fall further in the hunter,fuel_prices
2016-01-21,woodside flags billion dollar writedown on oil prices,oil_market_phrase
2016-01-22,market ends week with lift thanks to oil price recovery,oil_market_phrase
2016-01-22,oil price turnaround lifts global markets,oil_market_phrase
2016-01-22,santos flags write downs amid plunging oil price,oil_market_phrase
2016-01-25,price of oil picks up,oil_with_market_context
2016-01-26,wall st slides as energy shares sold off in oil rout,oil_with_market_context
2016-01-27,wall st jumps on rising corporate profits oil prices,oil_market_phrase
2016-02-01,petrol prices have hit a one year low,fuel_prices
2016-02-02,oil petrol prices explained,fuel_prices
2016-02-03,bp posts biggest loss amid oil price downturn,oil_market_phrase
2016-02-03,us stocks resume sell off as oil price slumps,oil_market_phrase
2016-02-04,shell confirms job cuts as profit plunges on low oil prices,oil_market_phrase
2016-02-11,urgent laws to fix petroleum lease blunder,petroleum
2016-02-15,petrol prices accc issues please explain to retailers,fuel_prices
2016-02-16,four oil producing nations agree to output freeze,oil_with_market_context
2016-02-16,investors cheer a bounce in oil iron ore prices,oil_with_market_context
2016-02-16,russia; saudi arabia to freeze oil output,oil_market_phrase
2016-02-16,tech gurus clamour for petrol price data,fuel_prices
2016-02-17,woodside petroleum profit falls 99 per cent,petroleum
2016-02-17,woodside profit plunges 99 per cent on oil prices,oil_market_phrase
2016-02-18,venezuela increases petrol prices from 2c per litre to 85c,fuel_prices
2016-02-19,drop in oil prices sparks concern on global equity,oil_market_phrase
2016-02-21,clyde oil refinery demolition,oil_market_phrase
2016-02-22,low oil prices are hitting global energy players,oil_market_phrase
2016-02-22,mining energy firms in trouble as oil price slides,oil_market_phrase
2016-02-23,asx gives up early gains as oil price rise short lived,oil_market_phrase
2016-02-23,petrol prices brisbane gold coast sunshine coast cairns hervey,fuel_prices
2016-03-02,lower diesel prices should hold says economist,fuel_prices
2016-03-02,lower fuel prices should hold says economist,fuel_prices
2016-03-11,nsw govt proposes real time fuel price website,fuel_prices
2016-03-18,oil output rises even as us rig count falls,oil_market_phrase
2016-03-22,miners face fresh cost squeeze as currency and oil rise,oil_price_movement
2016-04-05,share market suffers heavy losses amid oil prices drag,oil_market_phrase
2016-04-11,global oil prices jump as australian share market,oil_market_phrase
2016-04-12,oil prices rise despite worsening oversupply,oil_market_phrase
2016-04-13,russian oil giant gazprom hopeful of opec supply freeze in doha,opec
2016-04-13,wall st us stocks jump on rising oil prices,oil_market_phrase
2016-04-15,oil production talks in doha look shaky,oil_market_phrase
2016-04-18,doha oil deal failure sparks crude price plunge,crude_oil
2016-04-18,market dragged down by falling oil prices; dollar,oil_market_phrase
2016-04-18,oil prices plunge after opec fails to cap output,opec
2016-04-18,oil producers fail to agree to freeze output,oil_market_phrase
2016-04-18,oil stocks slide after opec fails to clinch a,opec
2016-04-19,share market rallies on back of higher commodity oil prices,oil_market_phrase
2016-04-20,woodside sales drop 30pc savaged by oil price slump,oil_market_phrase
2016-04-21,wall st us shares rise on oil prices economic data,oil_market_phrase
2016-04-21,woodside petroleum facing first strike against remuneration,petroleum
2016-04-21,woodside rocky year oil and gas price plunge,oil_with_market_context
2016-04-26,wall st us stocks fall on declining oil prices,oil_market_phrase
2016-04-27,wall st stocks boosted by rising oil prices apple falls,oil_market_phrase
2016-04-29,melbourne family loses court battle against united petroleum,petroleum
2016-04-29,stronger oil price boosts energy and resources sector,oil_market_phrase
2016-05-13,oil market may clear glut earlier than expected says iea,oil_market_phrase
2016-05-17,higher oil prices push australian share market up,oil_market_phrase
2016-05-26,share market ends higher as oil; mining; finance stocks rise,oil_with_market_context
2016-05-26,wall st us shares add to gains as oil prices keep rising,oil_market_phrase
2016-05-27,changes to nt petroleum act ahead fracking changes,petroleum
2016-05-27,wall st us shares ease despite further oil gains,oil_price_movement
2016-06-06,petrol prices fall to lowest level in 17 years accc says,fuel_prices
2016-06-08,increase in oil prices pushes wall street higher,oil_market_phrase
2016-07-08,wall st stocks held back by oil price fall,oil_market_phrase
2016-07-14,growing oil stocks and record middle east output threaten price,oil_market_phrase
2016-07-14,wall st continues record run despite oil fall,oil_price_movement
2016-07-20,accc petrol prices report launceston drivers pay more,fuel_prices
2016-07-20,launceston businesses label petrol price unfair burden,fuel_prices
2016-07-22,santos oil and gas production record eases price pain,oil_with_market_context
2016-07-26,wall st us shares drop on oil price slide,oil_market_phrase
2016-08-04,oil price rally sends wall st higher,oil_market_phrase
2016-08-09,wall st us shares edge lower despite oil rise,oil_price_movement
2016-08-11,motoring body demands action on high tasmanian petrol price,fuel_prices
2016-08-12,wall st shares jump on oil rebound,oil_price_movement
2016-08-22,petrol prices still too high argues accc,fuel_prices
2016-08-26,is the slide in us shale oil and gas production about to bottom,oil_with_market_context
2016-08-31,fair work ombudsman finds staff underpaid at united petroleum,petroleum
2016-09-01,us shares fall on oil price decline,oil_market_phrase
2016-09-02,wall st us shares flat as oil prices weigh,oil_market_phrase
2016-09-05,russia and saudi arabia agree to stabilise oil price,oil_market_phrase
2016-09-14,energy investment down but oil and gas still dominate,oil_with_market_context
2016-09-14,wall street falls as oil prices resume slide,oil_market_phrase
2016-09-17,sa drivers left in dark on petrol prices,fuel_prices
2016-09-21,oil demand continues while companies post huge write downs,oil_market_phrase
2016-09-24,native americans protest oil pipeline,oil_market_phrase
2016-09-25,oil back on skids as markets pause,oil_with_market_context
2016-09-29,jump in oil price leads local market higher,oil_market_phrase
2016-09-29,wall st rises on oil price surge as opec hints at deal,opec
2016-10-02,finance week ahead rba meets deutsche bank oil global markets,oil_with_market_context
2016-10-06,oil price jump fuels wall st rise,oil_market_phrase
2016-10-11,crude oil hits year high on russian commitment to cap,crude_oil
2016-10-11,oil price sees share market rise,oil_market_phrase
2016-10-12,oil price may remain in goldilocks range,oil_market_phrase
2016-10-20,oil price rise pushes wall st higher,oil_market_phrase
2016-10-21,carnarvon petroleum results,petroleum
2016-10-21,oil price fall and weak earnings push us shares lower,oil_market_phrase
2016-10-24,falling oil prices creating unprecedented crisis,oil_market_phrase
2016-10-26,us shares fall as oil prices ease caterpillar stomped,oil_market_phrase
2016-10-27,doctor defiant after sanction over cannabis oil injections,oil_with_market_context
2016-11-15,oil washes up fraser island identified from trading ship qld,oil_with_market_context
2016-11-22,australia government revenue oil and gas production,oil_with_market_context
2016-11-22,could the price of oil finally be on the rise,oil_with_market_context
2016-11-22,us markets post solid gains on rising oil price,oil_market_phrase
2016-11-25,oil companies gear up for eventual energy transition,oil_market_phrase
2016-11-25,wood mackenzie finds most oil majors factor in carbon price,oil_with_market_context
2016-11-27,week in finance oil at tipping point before opec meeting,opec
2016-11-28,petrol prices fall in five largest cities,fuel_prices
2016-11-30,commodity prices fall ahead of an opec meeting,opec
2016-12-01,oil surges as opec agrees to cut production,opec
2016-12-01,opec get its cartel mojo back to stop its members going broke,opec
2016-12-02,oil prices continue rise as opec; russia agree to cut production,opec
2016-12-06,origin energy spin off oil gas assets,oil_with_market_context
2016-12-11,kenya oil tanker accident kills more than 30 people,oil_market_phrase
2016-12-12,energy stocks after opec decision to cut oil output,opec
2016-12-12,motorists warned of pre christmas petrol price surge,fuel_prices
2016-12-15,central petroleum awaiting another takeover bid from macquarie,petroleum
2016-12-16,accc petrol prices to fall in lead up to christmas,fuel_prices
2017-01-11,woodside petroleum interview,petroleum
2017-01-12,canberra petrol prices inexplicable nrma says,fuel_prices
2017-02-02,humanoid robot used in woodside petroleum wa oil gas projects,petroleum
2017-02-08,army to allow completion of dakota access oil pipeline,oil_market_phrase
2017-02-08,wall st edges back from records on oil price slide,oil_market_phrase
2017-02-15,origin wipes 1.9 billion off assets despite higher oil prices,oil_market_phrase
2017-02-16,cannabis oil producer speaks out,oil_market_phrase
2017-02-20,oil gas producers in government sights over prrt tax,oil_with_market_context
2017-02-23,qantas profit falls on rising fuel prices redundancy costs,fuel_prices
2017-02-24,wall street falls among technology stocks offset surge oil price,oil_market_phrase
2017-03-09,oil price fall hits australian market,oil_market_phrase
2017-03-13,petroleum lease over kimberley national parks fails to attract,petroleum
2017-03-15,oil plumbs three month low as saudis reveal surprise production,oil_with_market_context
2017-03-15,wall street us stocks fall on continued oil rout,oil_with_market_context
2017-03-22,how oil prices are saving you money,oil_market_phrase
2017-04-06,konebada petroleum park operation accused of,petroleum
2017-04-06,united petroleum audit expanded to company director,petroleum
2017-04-07,market rattled by missile strikes as gold and oil surge,oil_price_movement
2017-05-17,mercury filter made from petroleum waste products adelaide,petroleum
2017-05-17,oil market getting back to balance says iea,oil_market_phrase
2017-05-25,opec meeting puts oil at the crossroads,opec
2017-05-26,oil prices slide despite extension of production,oil_market_phrase
2017-05-26,oil slides despite production cut extension,oil_price_movement
2017-05-29,australian oil prices to stay lower for longer,oil_market_phrase
2017-06-09,petrol prices in brisbane higher than sydney again,fuel_prices
2017-06-22,wall street oil banks drag down stocks,oil_with_market_context
2017-06-25,pakistan more than 120 people dead after oil tanker ignites fire,oil_market_phrase
2017-06-28,crude oil arrives in wyndham as buru energy restarts production,crude_oil
2017-07-05,mining oil gas job numbers rising commodity prices,oil_with_market_context
2017-07-06,wall street mostly higher dragged down by plunge in oil price,oil_market_phrase
2017-07-26,petrol prices may have bottomed out while margins stay high,fuel_prices
2017-08-20,north korea receives constant oil supply from china on border,oil_market_phrase
2017-09-04,buru energy resumes crude oil exports from wyndham port,crude_oil
2017-09-05,darwin fuel prices rising strongly compared to rest of australia,fuel_prices
2017-09-23,china imposes limit on oil supply to north korea,oil_market_phrase
2017-10-01,oil at 100 dollars a barrel possible again futures market,oil_with_market_context
2017-10-09,brisbane petrol prices high motorists dont shp around,fuel_prices
2017-10-30,petrol price jump in darwin referred to accc,fuel_prices
2017-10-30,petrol prices rise again,fuel_prices
2017-11-15,wall street lower oil prices asx to open negative,oil_market_phrase
2017-11-16,australian employment figures wall st global markets slip on oil,oil_with_market_context
2017-11-28,wall street lacking energy oil prices weigh on market,oil_market_phrase
2017-11-30,north korea united states asks china to cut oil supply,oil_market_phrase
2017-12-07,wall street slips plunging oil price tech rebound,oil_market_phrase
2017-12-23,new un sanctions for north korea limits oil supplies,oil_market_phrase
2017-12-27,why petrol expensive global oil deal opec reserve bank dilemma,opec
2017-12-29,china oil accusation shows un sanctions are hard to enforce,oil_with_market_context
2018-01-08,32 missing oil tanker on fire after collision off china,oil_market_phrase
2018-01-08,iranian oil tanker ablaze as rescuers search for missing,oil_market_phrase
2018-01-08,iranian oil tanker crew member body found as rescuers fight fire,oil_market_phrase
2018-01-10,iranian oil tanker could burn for a month,oil_market_phrase
2018-01-12,wall street soars new records oil prices delta airlines earnings,oil_market_phrase
2018-01-13,two more bodies found on iranian oil tanker,oil_market_phrase
2018-01-14,iranian oil tanker sinks after explosion,oil_market_phrase
2018-01-15,east china sea slick fire from sunken iran oil tanker burns out,oil_market_phrase
2018-01-15,oil tanker explodes; sinks,oil_market_phrase
2018-01-22,brisbane fuel prices skyrocket in few weeks,fuel_prices
2018-01-23,petrol price watch scheme needed in qld opposition says,fuel_prices
2018-03-02,coober pedy fears for water supply amid oil gas drilling,oil_with_market_context
2018-03-02,jenny hallam facing more drugs charges over cannabis oil supply,oil_market_phrase
2018-04-19,asx lift rally metal oil prices mining wall street slows down,oil_market_phrase
2018-05-01,wall street slips rising oil prices mcdonalds upbeat profit,oil_market_phrase
2018-05-10,wall street boost after trump pulls out iran deal oil surge amp,oil_price_movement
2018-05-13,drivers urged to shop around on petrol prices,fuel_prices
2018-05-15,australias oil supply plummets with drilling likely in bight,oil_market_phrase
2018-05-15,oil price rise to torch tax cuts,oil_market_phrase
2018-05-15,wall street lifts on surging oil prices asx flat open,oil_market_phrase
2018-06-05,petrol prices hit four year high for australian motorists,fuel_prices
2018-06-27,wall street rebound surge oil price us push allies iran imports,oil_market_phrase
2018-07-11,snp500 wall street 5 month high pepsi oil prices,oil_market_phrase
2018-07-24,iran will respond in kind if us blocks oil exports,oil_market_phrase
2018-07-25,petrol prices and health costs nudge inflation higher,fuel_prices
2018-08-09,wall street falter us china trade tension sinking oil prices,oil_market_phrase
2018-08-13,australia still not meeting oil reserve obligations,oil_market_phrase
2018-08-15,results wrap seek iag woodside petroleum profit csl,petroleum
2018-08-21,petrol prices climb 4 year high accc urges comparison apps,fuel_prices
2018-09-27,petrol prices nudge up as oil prices jump,oil_market_phrase
2018-10-02,perth average petrol price soars to record high,fuel_prices
2018-10-18,rising petrol prices may push up the cost of fresh food,fuel_prices
2018-10-29,oil price rise hits households but lng exports offset the blow,oil_market_phrase
2018-11-05,iran will break us sanctions by selling oil,oil_with_market_context
2018-11-05,petrol prices surge 20pc 2018 not much can be done,fuel_prices
2018-11-13,tasmanians paying 30c per litre over wholesale fuel price ract,fuel_prices
2018-11-14,wall street slips plummeting oil price,oil_market_phrase
2018-11-21,dow jones tumbles apple oil plunge wall street sell off,oil_price_movement
2018-11-21,high fuel prices hurting fishos hip pockets,fuel_prices
2018-11-21,oil price,oil_market_phrase
2018-11-21,oil price crash great news for motorists bad news for economy,oil_market_phrase
2018-12-19,wall street falls on plunging oil price trump rate hike tweet,oil_market_phrase
2018-12-20,petrol prices to fall further before christmas accc says,fuel_prices
2019-01-08,oil tanker aulac fortune explodes off hong kong,oil_market_phrase
2019-01-11,tasmania petrol price explainer,fuel_prices
2019-01-15,zimbabwe protests turn deadly after fuel price hike,fuel_prices
2019-01-22,canberra petrol price gouging government opposition want answers,fuel_prices
2019-02-08,outback oil canavan best chance for national production,oil_with_market_context
2019-04-18,public conditioned to accept higher petrol prices raa warns,fuel_prices
2019-05-13,saudi oil tankers targeted in sabotage attack saudi arabia says,oil_market_phrase
2019-06-07,fuel prices falling as crude oil market affects petrol stations,crude_oil
2019-06-07,uae says oil tanker attacks likely the work of a state actor,oil_market_phrase
2019-06-11,equinor great australian bight drilling oil prices slump,oil_market_phrase
2019-06-13,oil tankers struck in suspected attacks in gulf of oman,oil_market_phrase
2019-06-14,a flaming oil tanker in the gulf of oman,oil_market_phrase
2019-06-14,gulf attacks on oil tankers raise risks in iran crisis,oil_market_phrase
2019-06-14,wall street rises after gulf tanker attacks boost oil price,oil_market_phrase
2019-06-15,us president donald trump blames iran for oil tanker attacks,oil_market_phrase
2019-06-16,oil tanker explosions prompt saudi call for decisive action,oil_market_phrase
2019-06-18,iran us conflict over oil tankers attack,oil_market_phrase
2019-06-26,with middle east tensions why is oil not 100 dollars a barrel,oil_with_market_context
2019-07-05,tehran fumes as britain seizes iranian oil tanker,oil_market_phrase
2019-07-06,iran could sieze uk oil tanker,oil_market_phrase
2019-07-19,iran seizes oil tanker in persian gulf,oil_market_phrase
2019-09-16,energy minister says theres no immediate threat to aus oil,oil_with_market_context
2019-09-16,oil prices expected to jump more than 10pc on saudi attack,oil_market_phrase
2019-09-17,wall street falls surging oil prices global markets,oil_market_phrase
2019-09-18,oil price spike adds another risk to fragile economy,oil_market_phrase
2019-09-27,petrol prices stay high despite oil falling to pre attack level,fuel_prices
2019-09-29,fireball captured on dashcam as fire spreads across oil tankers,oil_market_phrase
2019-09-29,injured sailors were rescued from oil tankers on fire,oil_market_phrase
2019-09-29,oil tanker in south korean port explodes,oil_market_phrase
2019-09-30,saudi warns escalation with iran would cause oil price surge,oil_market_phrase
2019-10-04,australias enthusiasm for medicinal oil takes flight as producer,oil_with_market_context
2019-10-04,petrol prices soared to new heights across much of,fuel_prices
2019-11-04,australian super fund ifm splurges $15 billion us oil pipeline,oil_market_phrase
2019-11-11,iran discovers new oil field with over 50 billion barrels,oil_with_market_context
2019-11-17,one killed in iran protests over fuel price hike,fuel_prices
2019-11-17,protests over shock fuel price hikes in iran kills one,fuel_prices
2019-11-20,iranian fuel price protests leave more than 100 dead,fuel_prices
2020-03-09,the oil price plunge petrol prices in australia $1 litre,oil_market_phrase
2020-03-10,wall street takes dive coronavirus oil prices,oil_market_phrase
2020-03-11,saudi arabia and russia intensify oil price war,oil_market_phrase
2020-03-19,coronavirus retailers keep petrol price difference amid downturn,fuel_prices
2020-04-01,coronavirus petrol prices plummet,fuel_prices
2020-04-08,high regional wa fuel prices prompt inquiry call,fuel_prices
2020-04-13,coronavirus forces oil cartel to slash supply,oil_with_market_context
2020-04-17,regional fuel prices point of contention mount isa,fuel_prices
2020-04-21,accc asked to investigate south west petrol prices,fuel_prices
2020-04-21,coronavirus negative oil prices what it means at petrol pump,oil_market_phrase
2020-04-21,oil price in the us falls below zero for the first time ever,oil_market_phrase
2020-04-22,brent oil drops to near two decade low supply demand storage,brent_market
2020-04-22,coronavirus oil price fuel security,oil_market_phrase
2020-04-23,asx slips energy stocks rally on oil price bounce,oil_market_phrase
2020-04-23,shares rally on oil price bounce,oil_market_phrase
2020-04-24,petrol price gouge queensland regional centres amid cheap oil,fuel_prices
2020-04-26,why australian government crude oil purchase teaches economics,crude_oil
2020-04-29,coronavirus petrol price gouging barr threatens intervention,fuel_prices
2020-04-29,wall street falls asx rise volatile oil price,oil_market_phrase
2020-05-04,oil price slump fuel price fuel petrol,oil_market_phrase
2020-05-04,petrol prices fall across canberra after threat to cap profits,fuel_prices
2020-05-05,fuel prices vary dramatically but not all price gouging,fuel_prices
2020-05-05,why fuel prices vary dramatically,fuel_prices
2020-05-06,nt fuel prices accc chief minister threatens fuel giants,fuel_prices
2020-05-06,will us oil industry collapse impact trumps election chances,oil_market_phrase
2020-05-18,tasmanian petrol prices still high,fuel_prices
2020-05-26,tasmania to get fuel price monitoring in coronavirus crisis,fuel_prices
2020-06-07,safflower oil new biofuel to replace petroleum,petroleum
2020-07-07,pilbara petrol prices remain high,fuel_prices
2020-07-10,asx follows weak lead from wall st dow jones oil slump,oil_price_movement
2020-07-16,oil tanker yemen risks spilling disaster as exxon valzez un says,oil_market_phrase
2020-07-17,petrol prices in toowoomba moving to price cycle,fuel_prices
2020-08-11,mauritius oil spill ship tanker cracks in hull,oil_with_market_context
2020-08-25,theia energy fracking oil and gas decision native title holders,oil_with_market_context
2020-09-24,eucalyptus kochii oil demand in western australia wheatbelt,oil_market_phrase
2020-12-07,geelong oil refinery viva energy lng gas terminal,oil_market_phrase
2020-12-14,asx200 opens higher as oil refineries receive 1 cent subsidy,oil_market_phrase
2021-01-06,why low fuel prices are likely to stay,fuel_prices
2021-01-09,petrol oil ironore gold coronavirus china commodities markets,oil_with_market_context
2021-02-11,australia loses another oil refinery risking fuel supply,oil_market_phrase
2021-02-13,bight petroleum knocked back great australian bight,petroleum
2021-02-23,ampol boss refuses to rule out lytton oil refinery,oil_market_phrase
2021-02-24,geelongs viva energy records 95 million loss for oil refinery,oil_market_phrase
2021-03-04,petroleum industry environmental fund loses favour in wa,petroleum
2021-03-24,asx slip wall street oil price drop europe covid19,oil_market_phrase
2021-05-18,government announces multi billion dollar oil refinery rescue,oil_market_phrase
2021-07-08,petrol prices at the highest in 18 months,fuel_prices
2021-08-02,israel and iran response on an oil tanker off oman,oil_market_phrase
2021-10-20,petrol prices soar to record highs across the country,fuel_prices
2021-12-08,petrol prices across australia surge ahead of,fuel_prices
2021-12-09,when will petrol prices start to come down,fuel_prices
